{"M_G1_M M_G1H1_M": [[0.0023532298718201023, 0.08569476943099417, 0.01017009805638552]], "M_G1_M M_G1H2_M": [[-0.180508892611432, 0.07691835328359213, 0.009128529085544209]], "M_G1C3_M M_G1C3H1_M": [[-0.2697153373260093, 0.03386328517992413, 0.0040188325737721695]], "M_G1C3_M M_G1C3H2_M": [[-0.26575369387376735, 0.02774519895192683, 0.0032927493219086085]], "M_G1C4_M M_G1C4H1_M": [[-0.2405911778468234, 0.03387882334880301, 0.004020676615154907]], "M_G1C4_M M_G1C4H2_M": [[-0.2339440410163476, 0.03224032025514107, 0.0038262220733097196]], "M_G1C5_M M_G1C5H1_M": [[-0.2564896954829327, 0.03323747284202319, 0.0039445623133629445]], "M_G1C5_M M_G1C5H2_M": [[-0.2544663384467721, 0.03224630289407782, 0.0038269320819254928]], "M_G1C6_M M_G1C6H1_M": [[-0.24633428388294876, 0.035467866057966216, 0.004209261289287063]], "M_G1C6_M M_G1C6H2_M": [[-0.2468472548714078, 0.032915273138019306, 0.003906324243464215]], "M_G1C7_M M_G1C7H1_M": [[-0.2533454382579899, 0.0343259826580114, 0.004073744661800822]], "M_G1C7_M M_G1C7H2_M": [[-0.25296357505194655, 0.03319404431999344, 0.003939408296024207]], "M_G1C8_M M_G1C8H1_M": [[-0.24243947268467225, 0.034586460271560295, 0.004104657667213816]], "M_G1C8_M M_G1C8H2_M": [[-0.24539556648048005, 0.032739591747117436, 0.003885474698223382]], "M_G1C9_M M_G1C9H1_M": [[-0.2422498819506377, 0.0319979379283177, 0.0037974565833352866]], "M_G1C9_M M_G1C9H2_M": [[-0.24324514986307827, 0.032734654158269906, 0.0038848887142353874]], "M_G1C10_M M_G1C10H1_M": [[-0.22957594097228226, 0.03308797227110102, 0.00392681985981695]], "M_G1C10_M M_G1C10H2_M": [[-0.22836672973112027, 0.03382603960826102, 0.004014412337642297]], "M_G1C11_M M_G1C11H1_M": [[-0.22075789697148965, 0.03218452568068813, 0.0038196004755509712]], "M_G1C11_M M_G1C11H2_M": [[-0.22186342740366094, 0.0317515803097121, 0.0037682193130235426]], "M_G1C12_M M_G1C12H1_M": [[-0.20212878928367772, 0.03362361615652148, 0.003990389093671019]], "M_G1C12_M M_G1C12H2_M": [[-0.20544354493559563, 0.031648803701980935, 0.0037560219737288697]], "M_G1C13_M M_G1C13H1_M": [[-0.19109748608495838, 0.030005295701715125, 0.0035609734587478373]], "M_G1C13_M M_G1C13H2_M": [[-0.19282071733793976, 0.030088051472162067, 0.0035707947617954505]], "M_G1C14_M M_G1C14H1_M": [[-0.16869522062550668, 0.027310180152888983, 0.003241122088741845]], "M_G1C14_M M_G1C14H2_M": [[-0.16799620522794267, 0.02805782701144771, 0.00332985144659622]], "M_G1C15_M M_G1C15H1_M": [[-0.14580875790679937, 0.02427582422489564, 0.0028810102927644163]], "M_G1C15_M M_G1C15H2_M": [[-0.14449080609796683, 0.023380194948391914, 0.0027747186529748107]], "M_G1C16_M M_G1C16H1_M": [[-0.10626170189507528, 0.018357394197463895, 0.002178621872578442]], "M_G1C16_M M_G1C16H2_M": [[-0.10826563633843536, 0.020213907460501425, 0.002398949461455098]], "M_G1C17_M M_G1C17H1_M": [[-0.03415869232814807, 0.010017142195942257, 0.0011888160625663968]], "M_G1C17_M M_G1C17H2_M": [[-0.03395880017133306, 0.00836123233031379, 0.0009922957169513854]], "M_G1C17_M M_G1C17H3_M": [[-0.0346428021236365, 0.00884676892347057, 0.0010499183092654253]], "M_G2_M M_G2H1_M": [[-0.23073937249274915, 0.08205503395631654, 0.009738140926183027]], "M_G2C3_M M_G2C3H1_M": [[-0.24052131874380134, 0.03665887449323532, 0.004350607985860217]], "M_G2C3_M M_G2C3H2_M": [[-0.22225059164822905, 0.04365558725381379, 0.0051809650230507575]], "M_G2C4_M M_G2C4H1_M": [[-0.24080740656057703, 0.03108046603303029, 0.003688572701611742]], "M_G2C4_M M_G2C4H2_M": [[-0.251718892845424, 0.025257853514390447, 0.002997555727622574]], "M_G2C5_M M_G2C5H1_M": [[-0.24287895612134092, 0.03151490554503262, 0.0037401311860556473]], "M_G2C5_M M_G2C5H2_M": [[-0.2443624055717467, 0.028890810442175004, 0.0034287083923128744]], "M_G2C6_M M_G2C6H1_M": [[-0.259007866364298, 0.02873657014368829, 0.0034104034365930367]], "M_G2C6_M M_G2C6H2_M": [[-0.2580618338707574, 0.02887647814888572, 0.0034270074620333167]], "M_G2C7_M M_G2C7H1_M": [[-0.25490840147602367, 0.030360496656672578, 0.003603128056579482]], "M_G2C7_M M_G2C7H2_M": [[-0.2565112776529316, 0.03117182898673667, 0.0036994154893814565]], "M_G2C8_M M_G2C8H1_M": [[-0.25906041961760073, 0.03067472949928722, 0.0036404206339811992]], "M_G2C8_M M_G2C8H2_M": [[-0.2577253845363664, 0.02962451047413529, 0.003515782566367545]], "M_G2C9_M M_G2C9H1_M": [[-0.24967373258211525, 0.030571136193685382, 0.0036281263704812062]], "M_G2C9_M M_G2C9H2_M": [[-0.24939138674807484, 0.029870386806349923, 0.003544962718493176]], "M_G2C10_M M_G2C10H1_M": [[-0.2463431363302411, 0.029999954190026518, 0.003560339537937931]], "M_G2C10_M M_G2C10H2_M": [[-0.24523585488856975, 0.031668220636531914, 0.003758326339907215]], "M_G2C11_M M_G2C11H1_M": [[-0.23187032647725708, 0.029278251432840227, 0.0034746891784482683]], "M_G2C11_M M_G2C11H2_M": [[-0.23139157811414723, 0.03080139057979613, 0.0036554525386966984]], "M_G2C12_M M_G2C12H1_M": [[-0.22585750661264642, 0.027211932801801186, 0.003229462273318132]], "M_G2C12_M M_G2C12H2_M": [[-0.2247938340411912, 0.028795080993213356, 0.0034173473968952053]], "M_G2C13_M M_G2C13H1_M": [[-0.20729519954193523, 0.02806624935498752, 0.0033308509948794256]], "M_G2C13_M M_G2C13H2_M": [[-0.20850035871580985, 0.027932098704758754, 0.0033149302417667973]], "M_G2C14_M M_G2C14H1_M": [[-0.19333017762980187, 0.0258650510149687, 0.0030696168132813163]], "M_G2C14_M M_G2C14H2_M": [[-0.19175425291751436, 0.02536617759395375, 0.00301041143069922]], "M_G2C15_M M_G2C15H1_M": [[-0.16210431655512098, 0.022762996049153984, 0.0027014706196675097]], "M_G2C15_M M_G2C15H2_M": [[-0.16228965977896095, 0.02232663899372774, 0.002649684564687175]], "M_G2C16_M M_G2C16H1_M": [[-0.12952314037578297, 0.017037901974040766, 0.0020220269556896426]], "M_G2C16_M M_G2C16H2_M": [[-0.13010144186426104, 0.016224057166986928, 0.0019254413467268616]], "M_G2C17_M M_G2C17H1_M": [[-0.03032012492242962, 0.008518359183968462, 0.0010109432437440929]], "M_G2C17_M M_G2C17H2_M": [[-0.03047848133522018, 0.008217845153817651, 0.0009752787898428034]], "M_G2C17_M M_G2C17H3_M": [[-0.031113414484701302, 0.009531013072511385, 0.0011311231498462354]], "M_G3_M M_G3H1_M": [[-0.2302143643472937, 0.06588957020642455, 0.007819653338726085]], "M_G3_M M_G3H2_M": [[-0.2441254945176205, 0.05648015087988164, 0.006702960711626496]], "M_G3C4_M M_G3C4H1_M": [[0.06608871697626983, 0.04535908607380178, 0.005383133138482419]], "M_G3C4_M M_G3C4H2_M": [[0.05256737412180644, 0.038056230703325686, 0.0045164436578700685]], "M_G3C5_M M_G3C5H1_M": [[-0.0002690239809459504, 0.03251161745978035, 0.003858419127948236]], "M_G3C5_M M_G3C5H2_M": [[0.008524892476361533, 0.034996525045172255, 0.004153323402413225]], "M_G3N6C1_M M_G3N6C1H1_M": [[0.01038871785066396, 0.01981581573290408, 0.0023517046653959753]], "M_G3N6C1_M M_G3N6C1H2_M": [[0.013996920585422583, 0.018744111398472537, 0.0022245167606849544]], "M_G3N6C1_M M_G3N6C1H3_M": [[0.013402338156238858, 0.021144912736786568, 0.002509439460012789]], "M_G3N6C2_M M_G3N6C2H1_M": [[0.009460864965477603, 0.019657379846510347, 0.0023329017849987982]], "M_G3N6C2_M M_G3N6C2H2_M": [[0.006411967660499396, 0.017043567032622456, 0.0020226992744513768]], "M_G3N6C2_M M_G3N6C2H3_M": [[0.009742481643417995, 0.019598947729001122, 0.0023259671684678607]], "M_G3N6C3_M M_G3N6C3H1_M": [[0.011206651187534382, 0.016647345326882515, 0.0019756764091563325]], "M_G3N6C3_M M_G3N6C3H2_M": [[0.014000674913982864, 0.019986314588287136, 0.0023719391568271407]], "M_G3N6C3_M M_G3N6C3H3_M": [[0.006866649347760551, 0.01892350912154314, 0.002245807353411148]]}