{"headgroup": 0.00038113062087860583, "tails": 0.0, "total": 0.00038113062087860583}