{"-25.225372314453125": [-6.367018327905147e-11, -2.5578230551962352e-11, 0.0], "-23.707048477168126": [-5.579371734601213e-10, -3.646128112932625e-12, 0.0], "-22.188724639883127": [-5.036457597638731e-09, -4.36339398881152e-12, 0.0], "-20.67040080259813": [-3.053905917639416e-08, -1.0581983886910516e-12, 0.0], "-19.152076965313128": [-1.1736948458642409e-07, -4.496226908910926e-12, 0.0], "-17.633753128028133": [-2.7839179334155305e-07, -3.854227705645376e-12, 0.0], "-16.115429290743133": [-4.248480200930154e-07, -2.7583959806476525e-12, 0.0], "-14.597105453458134": [-4.551180595973092e-07, -5.005393192077067e-12, 0.0], "-13.078781616173135": [-4.065801931676457e-07, -1.112655102033124e-11, 0.0], "-11.560457778888136": [-3.727959930632487e-07, -4.633923459338092e-11, 0.0], "-10.042133941603137": [-3.6322724768788946e-07, -2.237995508740816e-10, 0.0], "-8.523810104318137": [-3.441829986306966e-07, -9.660997280246834e-10, 0.0], "-7.005486267033142": [-2.8415253622960787e-07, -3.755774113968422e-09, 0.0], "-5.4871624297481425": [-1.473140411787022e-07, -1.089168647126654e-08, 0.0], "-3.9688385924631433": [1.3387242747701225e-07, -2.6765322639113826e-08, 0.0], "-2.450514755178144": [5.678988524864429e-07, -5.601429988448494e-08, 0.0], "-0.9321909178931449": [1.0067599515227427e-06, -1.0207130981022883e-07, 0.0], "0.5861329193918543": [1.21905888749495e-06, -1.6069120221074755e-07, 0.0], "2.1044567566768535": [1.1412541831341903e-06, -2.2157179227067023e-07, 0.0], "3.6227805939618527": [9.163549951031846e-07, -2.8179298089855203e-07, 0.0], "5.141104431246852": [6.983934548946013e-07, -3.3566466425429015e-07, 0.0], "6.6594282685318476": [4.3150917611251854e-07, -3.755188783234377e-07, 0.0], "8.17775210581685": [1.3527919204564431e-07, -4.143763586504174e-07, 0.0], "9.696075943101846": [-3.2316150923296145e-08, -4.578277666517957e-07, 0.0], "11.214399780386842": [-5.9342919525580425e-08, -5.143792704523133e-07, 0.0], "12.732723617671844": [-3.129138608625776e-08, -5.588980006939491e-07, 0.0], "14.25104745495684": [-9.157721092602451e-09, -5.798334306247161e-07, 0.0], "15.769371292241843": [-1.4206590834300895e-09, -5.873228620917235e-07, 0.0], "17.28769512952684": [-1.335371099855496e-10, -5.87007354565242e-07, 0.0], "18.80601896681184": [-1.1474340454589104e-11, -5.868987784034149e-07, 0.0], "20.324342804096837": [0.0, -5.853781991444346e-07, 0.0], "21.84266664138184": [0.0, -5.885769550718806e-07, 0.0], "23.360990478666835": [0.0, -5.872123782705647e-07, 0.0], "24.87931431595183": [0.0, -5.874779506652765e-07, 0.0], "26.397638153236834": [0.0, -5.872137722986418e-07, 0.0], "27.91596199052183": [0.0, -5.862957226868411e-07, 0.0], "29.434285827806832": [0.0, -5.875245450411332e-07, 0.0], "30.952609665091828": [0.0, -5.866542711092386e-07, 0.0], "32.47093350237683": [0.0, -5.863624059289757e-07, 0.0], "33.989257339661826": [0.0, -5.870984423881163e-07, 0.0], "35.50758117694683": [0.0, -5.868049460578664e-07, 0.0], "37.025905014231824": [0.0, -5.86722505291324e-07, 0.0], "38.54422885151682": [0.0, -5.875576065649324e-07, 0.0], "40.062552688801816": [0.0, -5.856777959022864e-07, 0.0], "41.580876526086826": [0.0, -5.87180908668784e-07, 0.0], "43.09920036337182": [0.0, -5.867199652005876e-07, 0.0], "44.61752420065682": [0.0, -5.874741803152615e-07, 0.0], "46.13584803794181": [0.0, -5.86356343294174e-07, 0.0], "47.65417187522681": [0.0, -5.884307803367438e-07, 0.0], "49.17249571251182": [0.0, -5.858050069441178e-07, 0.0]}