{"-21.326278686523438": [-1.011209923115295e-09, -3.2084606307769306e-12, 0.0], "-20.177483184783014": [-3.834892707896768e-09, 0.0, 0.0], "-19.02868768304259": [-1.3372640020998211e-08, 0.0, 0.0], "-17.879892181302164": [-3.818754891199066e-08, -3.477938823879608e-13, 0.0], "-16.73109667956174": [-8.627203654773852e-08, -1.7107577083067763e-12, 0.0], "-15.582301177821318": [-1.543852390117534e-07, 1.30970012945966e-12, 0.0], "-14.433505676080893": [-2.2781113408776252e-07, -1.6574940118476208e-12, 0.0], "-13.284710174340468": [-2.8007395287814154e-07, -1.2564364330005044e-12, 0.0], "-12.135914672600045": [-3.062524947766641e-07, 4.5432127530627186e-13, 0.0], "-10.987119170859621": [-3.162392223253398e-07, 9.086425506125437e-13, 0.0], "-9.838323669119196": [-3.1884236609785133e-07, -1.226983414407624e-11, 0.0], "-8.689528167378771": [-3.2688033952374237e-07, -2.965320884186047e-11, 0.0], "-7.540732665638348": [-3.3179338604484567e-07, -2.665527522827473e-10, 0.0], "-6.391937163897925": [-3.0018411286355514e-07, -1.3969611857329148e-09, 0.0], "-5.243141662157498": [-2.0780665153306293e-07, -5.485657438500212e-09, 0.0], "-4.094346160417075": [-1.9348761989645112e-08, -1.7672446934681383e-08, 0.0], "-2.945550658676652": [2.808006962942456e-07, -4.57869472556879e-08, 0.0], "-1.7967551569362286": [6.086758425538392e-07, -9.522361868685598e-08, 0.0], "-0.6479596551958053": [8.392990411697331e-07, -1.6337124732858045e-07, 0.0], "0.5008358465446214": [9.118202011289262e-07, -2.3665074848903392e-07, 0.0], "1.6496313482850447": [8.694007418461545e-07, -2.9849608611479384e-07, 0.0], "2.798426850025468": [7.789913781623205e-07, -3.4678556833980364e-07, 0.0], "3.9472223517658946": [6.557775362228361e-07, -3.7876955929926874e-07, 0.0], "5.096017853506318": [4.794319733022559e-07, -3.9792658913437667e-07, 0.0], "6.244813355246741": [2.757335511284761e-07, -4.171409388318437e-07, 0.0], "7.393608856987164": [9.30711306994205e-08, -4.366495246364421e-07, 0.0], "8.542404358727588": [-1.1460316461042408e-08, -4.697019402081516e-07, 0.0], "9.691199860468014": [-4.711798288098393e-08, -5.061143904463692e-07, 0.0], "10.839995362208441": [-4.0396191505579287e-08, -5.397730732722162e-07, 0.0], "11.988790863948864": [-2.2598590457079298e-08, -5.667797096963802e-07, 0.0], "13.137586365689288": [-1.0219399850444416e-08, -5.779671636883526e-07, 0.0], "14.28638186742971": [-3.3065561097134e-09, -5.846836722529809e-07, 0.0], "15.435177369170134": [-8.365223771387041e-10, -5.884968611330387e-07, 0.0], "16.583972870910557": [-2.2859424358495202e-10, -5.852162329331251e-07, 0.0], "17.73276837265098": [-2.7387470499684795e-11, -5.877213234314098e-07, 0.0], "18.881563874391404": [-6.198449828619697e-12, -5.871877891089489e-07, 0.0], "20.030359376131827": [-8.553788541533881e-13, -5.87089302728646e-07, 0.0], "21.179154877872257": [0.0, -5.856329559067675e-07, 0.0], "22.32795037961268": [0.0, -5.881729036575907e-07, 0.0], "23.476745881353104": [0.0, -5.865869529463017e-07, 0.0], "24.625541383093527": [0.0, -5.855062289340469e-07, 0.0], "25.77433688483395": [0.0, -5.883600707070927e-07, 0.0], "26.923132386574373": [0.0, -5.855473719798517e-07, 0.0], "28.071927888314796": [0.0, -5.891539728736252e-07, 0.0], "29.220723390055227": [0.0, -5.856555557383135e-07, 0.0], "30.36951889179565": [0.0, -5.864955941964993e-07, 0.0], "31.518314393536073": [0.0, -5.88571447686491e-07, 0.0], "32.667109895276496": [0.0, -5.855952066160632e-07, 0.0], "33.81590539701692": [0.0, -5.882422141710766e-07, 0.0], "34.96470089875734": [0.0, -5.85927212100629e-07, 0.0]}