{"POPC": 0.30165425747960484, "POPS": 0.31710567470082257}