{"M_G1_M M_G1H1_M": [[-0.1698724508956731, 0.027873219917121102, 0.003628784146539006]], "M_G1_M M_G1H2_M": [[-0.03874749643989905, 0.02280907360703196, 0.0029694884533809428]], "M_G1C3_M M_G1C3H1_M": [[-0.23637165245255787, 0.013217028201257674, 0.001720710507924574]], "M_G1C3_M M_G1C3H2_M": [[-0.20895786499218932, 0.016018969994540718, 0.0020854922586237504]], "M_G1C4_M M_G1C4H1_M": [[-0.18460375978361293, 0.012323309513168937, 0.0016043582451990908]], "M_G1C4_M M_G1C4H2_M": [[-0.1737219597039248, 0.013041346936725335, 0.0016978387554153747]], "M_G1C5_M M_G1C5H1_M": [[-0.21582508877394194, 0.011215941063454716, 0.001460191152676273]], "M_G1C5_M M_G1C5H2_M": [[-0.21306904773653115, 0.011454476384236837, 0.001491245806319359]], "M_G1C6_M M_G1C6H1_M": [[-0.21776822228818907, 0.011676765293194188, 0.001520185357299632]], "M_G1C6_M M_G1C6H2_M": [[-0.21473298752174808, 0.01167015210812124, 0.0015193243939368702]], "M_G1C7_M M_G1C7H1_M": [[-0.22966288664097884, 0.012328987664348026, 0.0016050974775174808]], "M_G1C7_M M_G1C7H2_M": [[-0.2281132220448884, 0.011527874701174681, 0.0015008014532693222]], "M_G1C8_M M_G1C8H1_M": [[-0.22083701712783307, 0.011226378228538407, 0.001461549955832246]], "M_G1C8_M M_G1C8H2_M": [[-0.22062033991356372, 0.012129502344133193, 0.0015791267009220508]], "M_G1C9_M M_G1C9H1_M": [[-0.21944779762066402, 0.011813293334415989, 0.001537959794304643]], "M_G1C9_M M_G1C9H2_M": [[-0.21966760023447993, 0.011601723684408032, 0.001510415771973513]], "M_G1C10_M M_G1C10H1_M": [[-0.20336509847476822, 0.012044503284230222, 0.0015680607658788892]], "M_G1C10_M M_G1C10H2_M": [[-0.20394590391412867, 0.010871979384744575, 0.0014154111563058638]], "M_G1C11_M M_G1C11H1_M": [[-0.1942734660150765, 0.011060962995836202, 0.0014400147268271062]], "M_G1C11_M M_G1C11H2_M": [[-0.19389723996647257, 0.01105501166321832, 0.0014392399293146996]], "M_G1C12_M M_G1C12H1_M": [[-0.1735079338509072, 0.010846475316755587, 0.0014120908094687964]], "M_G1C12_M M_G1C12H2_M": [[-0.1732037351749175, 0.00967030586679195, 0.001258966589649116]], "M_G1C13_M M_G1C13H1_M": [[-0.1594402166283954, 0.009281290321758026, 0.0012083210794865378]], "M_G1C13_M M_G1C13H2_M": [[-0.15935317896576962, 0.008891107413320887, 0.0011575235915537762]], "M_G1C14_M M_G1C14H1_M": [[-0.13719996723622147, 0.007736013159613854, 0.0010071431285834502]], "M_G1C14_M M_G1C14H2_M": [[-0.13677668642166146, 0.007831158632200592, 0.0010195300140442734]], "M_G1C15_M M_G1C15H1_M": [[-0.1185130573224093, 0.006945310893193122, 0.0009042024616080657]], "M_G1C15_M M_G1C15H2_M": [[-0.11874116274565229, 0.0070304514816188985, 0.0009152868220954841]], "M_G1C16_M M_G1C16H1_M": [[-0.0898300936813795, 0.005589609447167359, 0.0007277051667348435]], "M_G1C16_M M_G1C16H2_M": [[-0.0897693819516881, 0.0058091846060325395, 0.0007562914175459427]], "M_G1C17_M M_G1C17H1_M": [[-0.033286972390464235, 0.003667580084179677, 0.00047747825709431045]], "M_G1C17_M M_G1C17H2_M": [[-0.03309772328284815, 0.004257493076406672, 0.0005542783871257822]], "M_G1C17_M M_G1C17H3_M": [[-0.03392566819105518, 0.004059477263090334, 0.000528498924033146]], "M_G2_M M_G2H1_M": [[-0.18208047654747547, 0.026800423504006524, 0.003489117949811485]], "M_G2C3_M M_G2C3H1_M": [[-0.08948564549648366, 0.015464859594379104, 0.0020133532290635614]], "M_G2C3_M M_G2C3H2_M": [[-0.11564841383843562, 0.017747888504385037, 0.002310578276594971]], "M_G2C4_M M_G2C4H1_M": [[-0.20795656102696816, 0.01368707587477521, 0.001781905502648892]], "M_G2C4_M M_G2C4H2_M": [[-0.21006129101756194, 0.0131361013772398, 0.0017101747328365502]], "M_G2C5_M M_G2C5H1_M": [[-0.2083214939790533, 0.012959716619603868, 0.0016872113933263117]], "M_G2C5_M M_G2C5H2_M": [[-0.2097839243249181, 0.011779236844974299, 0.0015335260170323997]], "M_G2C6_M M_G2C6H1_M": [[-0.22046545324174407, 0.014460143885684496, 0.0018825503851032834]], "M_G2C6_M M_G2C6H2_M": [[-0.21981711160564502, 0.01253347409865035, 0.0016317193437096521]], "M_G2C7_M M_G2C7H1_M": [[-0.1993349475154586, 0.012920254087844871, 0.0016820738092920616]], "M_G2C7_M M_G2C7H2_M": [[-0.1984348119019303, 0.01288570595895406, 0.0016775760260153419]], "M_G2C8_M M_G2C8H1_M": [[-0.19064158124945496, 0.012209959284039895, 0.001589601302309354]], "M_G2C8_M M_G2C8H2_M": [[-0.19047673601824774, 0.012734268512689797, 0.0016578605498044803]], "M_G2C9_M M_G2C9H1_M": [[-0.11485829423910528, 0.011687959746561243, 0.0015216427509925144]], "M_G2C9_M M_G2C9H2_M": [[-0.11606122465285992, 0.011866189817789226, 0.0015448463298697202]], "M_G2C10_M M_G2C10H1_M": [[-0.07379691349732286, 0.01350904936610761, 0.0017587284253597387]], "M_G2C11_M M_G2C11H1_M": [[-0.059646557382450255, 0.011209604727165954, 0.0014593662319552308]], "M_G2C12_M M_G2C12H1_M": [[-0.08854374019234604, 0.009196244885130864, 0.0011972491067081589]], "M_G2C12_M M_G2C12H2_M": [[-0.08568721835605597, 0.009646881834477814, 0.0012559170403913592]], "M_G2C13_M M_G2C13H1_M": [[-0.12982849169820995, 0.007616742022363628, 0.0009916153491133987]], "M_G2C13_M M_G2C13H2_M": [[-0.13031197875425915, 0.00954259979733403, 0.0012423406755407479]], "M_G2C14_M M_G2C14H1_M": [[-0.13440502020143055, 0.00742493085703492, 0.0009666436623852916]], "M_G2C14_M M_G2C14H2_M": [[-0.13387672712050383, 0.008932937043821605, 0.0011629693455953948]], "M_G2C15_M M_G2C15H1_M": [[-0.13720701742980806, 0.008272488129139154, 0.0010769862206344196]], "M_G2C15_M M_G2C15H2_M": [[-0.1371687365613682, 0.008034526393513538, 0.001046006241418214]], "M_G2C16_M M_G2C16H1_M": [[-0.12211927788401232, 0.006588800781555498, 0.0008577887984203115]], "M_G2C16_M M_G2C16H2_M": [[-0.12327675016294352, 0.007720317426050701, 0.001005099718123818]], "M_G2C17_M M_G2C17H1_M": [[-0.11061803196640484, 0.005950815491177015, 0.0007747301882441521]], "M_G2C17_M M_G2C17H2_M": [[-0.11147091907780739, 0.0068932929458322585, 0.000897430301689697]], "M_G2C18_M M_G2C18H1_M": [[-0.08590598396784886, 0.004805179323343638, 0.0006255810631736804]], "M_G2C18_M M_G2C18H2_M": [[-0.08540358532449502, 0.005236295851695749, 0.0006817076545056752]], "M_G2C19_M M_G2C19H1_M": [[-0.03254245788103167, 0.0041873065603950975, 0.0005451408810406972]], "M_G2C19_M M_G2C19H2_M": [[-0.032389782353883866, 0.0034671025032779047, 0.00045137829916063875]], "M_G2C19_M M_G2C19H3_M": [[-0.03250009406894704, 0.0035914197572376773, 0.00046756302706978803]], "M_G3_M M_G3H1_M": [[-0.20540292378378894, 0.020537334489087695, 0.002673733211583242]], "M_G3_M M_G3H2_M": [[-0.23032700333738634, 0.016067483653945936, 0.00209180819910941]], "M_G3C4_M M_G3C4H1_M": [[0.04854681773942609, 0.014946520096647308, 0.0019458711743355114]], "M_G3C4_M M_G3C4H2_M": [[0.04816245732910981, 0.01447945096422283, 0.0018850639526324104]], "M_G3C5_M M_G3C5H1_M": [[-0.0678587309465218, 0.010245849529593797, 0.001333895992331203]], "M_G3C5_M M_G3C5H2_M": [[-0.06798476116723505, 0.010559321949788746, 0.0013747066253389066]], "M_G3N6C1_M M_G3N6C1H1_M": [[0.004239753366963193, 0.006638435024073192, 0.0008642506264010482]], "M_G3N6C1_M M_G3N6C1H2_M": [[0.0051457668480232605, 0.006573854804948107, 0.0008558429980022504]], "M_G3N6C1_M M_G3N6C1H3_M": [[0.004499252209237127, 0.007563283485125701, 0.0009846556403677652]], "M_G3N6C2_M M_G3N6C2H1_M": [[0.00508255647567656, 0.005180376364904365, 0.0006744275574176984]], "M_G3N6C2_M M_G3N6C2H2_M": [[0.005988272837316165, 0.007014161412014254, 0.0009131660356738536]], "M_G3N6C2_M M_G3N6C2H3_M": [[0.006628216689852738, 0.006626805417364919, 0.0008627365805685629]], "M_G3N6C3_M M_G3N6C3H1_M": [[0.005349772512564641, 0.006663662301743778, 0.0008675349382079926]], "M_G3N6C3_M M_G3N6C3H2_M": [[0.005401560172201439, 0.007119311158148431, 0.0009268553666129722]], "M_G3N6C3_M M_G3N6C3H3_M": [[0.005330390889881318, 0.007346699441316386, 0.0009564587995684075]]}