{
    "M_G01_M M_G01H1_M": [
        [0.0656399, 0.0171443, 0.002232]
    ],
    "M_G01_M M_G01H2_M": [
        [0.100289, 0.0155057, 0.00201867]
    ],
    "M_G02_M M_G02H1_M": [
        [0.118311, 0.0248101, 0.00323]
    ],
    "M_G03_M M_G03H1_M": [
        [0.0500183, 0.0193299, 0.00251654]
    ],
    "M_G03_M M_G03H2_M": [
        [0.115754, 0.0187175, 0.00243682]
    ],
    "M_G13_M M_G13H1_M": [
        [-0.231205, 0.0226721, 0.00295165]
    ],
    "M_G13_M M_G13H2_M": [
        [-0.206735, 0.0320806, 0.00417654]
    ],
    "M_G12_M M_G12H1_M": [
        [-0.170964, 0.033413, 0.00435001]
    ],
    "M_G11_M M_G11H1_M": [
        [-0.0346252, 0.0302097, 0.00393297]
    ],
    "M_G11_M M_G11H2_M": [
        [-0.162308, 0.0301816, 0.00392931]
    ],
    "M_G23_M M_G23H1_M": [
        [-0.207258, 0.0286037, 0.00372388]
    ],
    "M_G23_M M_G23H2_M": [
        [-0.235182, 0.0175452, 0.00228419]
    ],
    "M_G22_M M_G22H1_M": [
        [-0.174486, 0.031523, 0.00410395]
    ],
    "M_G21_M M_G21H1_M": [
        [-0.165883, 0.0302437, 0.00393739]
    ],
    "M_G21_M M_G21H2_M": [
        [-0.0356487, 0.0244512, 0.00318327]
    ],
    "M_G22C3_M M_G22C3H1_M": [
        [-0.0748938, 0.0212728, 0.00276949]
    ],
    "M_G22C3_M M_G22C3H2_M": [
        [-0.100521, 0.0175383, 0.0022833]
    ],
    "M_G22C4_M M_G22C4H1_M": [
        [-0.196135, 0.0145288, 0.00189149]
    ],
    "M_G22C4_M M_G22C4H2_M": [
        [-0.199026, 0.0144861, 0.00188593]
    ],
    "M_G22C5_M M_G22C5H1_M": [
        [-0.198032, 0.0136404, 0.00177582]
    ],
    "M_G22C5_M M_G22C5H2_M": [
        [-0.202141, 0.0127995, 0.00166636]
    ],
    "M_G22C6_M M_G22C6H1_M": [
        [-0.21135, 0.0128588, 0.00167407]
    ],
    "M_G22C6_M M_G22C6H2_M": [
        [-0.211767, 0.0129793, 0.00168975]
    ],
    "M_G22C7_M M_G22C7H1_M": [
        [-0.190918, 0.0130613, 0.00170043]
    ],
    "M_G22C7_M M_G22C7H2_M": [
        [-0.190577, 0.012964, 0.00168777]
    ],
    "M_G22C8_M M_G22C8H1_M": [
        [-0.182145, 0.0130461, 0.00169846]
    ],
    "M_G22C8_M M_G22C8H2_M": [
        [-0.181748, 0.0115274, 0.00150075]
    ],
    "M_G22C9_M M_G22C9H1_M": [
        [-0.105374, 0.012214, 0.00159012]
    ],
    "M_G22C9_M M_G22C9H2_M": [
        [-0.10738, 0.0111217, 0.00144792]
    ],
    "M_G22C10_M M_G22C10H1_M": [
        [-0.0682955, 0.0135654, 0.00176607]
    ],
    "M_G22C11_M M_G22C11H1_M": [
        [-0.0552044, 0.0117407, 0.00152851]
    ],
    "M_G22C12_M M_G22C12H1_M": [
        [-0.0802111, 0.0119132, 0.00155097]
    ],
    "M_G22C12_M M_G22C12H2_M": [
        [-0.0803696, 0.0108374, 0.00141091]
    ],
    "M_G22C13_M M_G22C13H1_M": [
        [-0.122608, 0.0106032, 0.00138042]
    ],
    "M_G22C13_M M_G22C13H2_M": [
        [-0.122621, 0.0106908, 0.00139183]
    ],
    "M_G22C14_M M_G22C14H1_M": [
        [-0.126157, 0.00955364, 0.00124378]
    ],
    "M_G22C14_M M_G22C14H2_M": [
        [-0.125485, 0.00926287, 0.00120592]
    ],
    "M_G22C15_M M_G22C15H1_M": [
        [-0.129131, 0.00879594, 0.00114513]
    ],
    "M_G22C15_M M_G22C15H2_M": [
        [-0.128454, 0.00846159, 0.00110161]
    ],
    "M_G22C16_M M_G22C16H1_M": [
        [-0.113636, 0.00722622, 0.000940773]
    ],
    "M_G22C16_M M_G22C16H2_M": [
        [-0.113861, 0.00613511, 0.000798724]
    ],
    "M_G22C17_M M_G22C17H1_M": [
        [-0.102007, 0.00604081, 0.000786446]
    ],
    "M_G22C17_M M_G22C17H2_M": [
        [-0.102304, 0.00522418, 0.00068013]
    ],
    "M_G22C18_M M_G22C18H1_M": [
        [-0.0769422, 0.00478262, 0.000622644]
    ],
    "M_G22C18_M M_G22C18H2_M": [
        [-0.0780977, 0.00449967, 0.000585807]
    ],
    "M_G22C19_M M_G22C19H1_M": [
        [-0.0251921, 0.00344715, 0.000448781]
    ],
    "M_G22C19_M M_G22C19H2_M": [
        [-0.026258, 0.00294803, 0.000383801]
    ],
    "M_G22C19_M M_G22C19H3_M": [
        [-0.0260843, 0.00318526, 0.000414685]
    ],
    "M_G21C3_M M_G21C3H1_M": [
        [-0.22859, 0.0167686, 0.00218308]
    ],
    "M_G21C3_M M_G21C3H2_M": [
        [-0.198129, 0.0160519, 0.00208978]
    ],
    "M_G21C4_M M_G21C4H1_M": [
        [-0.177075, 0.0109984, 0.00143187]
    ],
    "M_G21C4_M M_G21C4H2_M": [
        [-0.164783, 0.0120366, 0.00156703]
    ],
    "M_G21C5_M M_G21C5H1_M": [
        [-0.196962, 0.0107564, 0.00140037]
    ],
    "M_G21C5_M M_G21C5H2_M": [
        [-0.195299, 0.0093145, 0.00121264]
    ],
    "M_G21C6_M M_G21C6H1_M": [
        [-0.198144, 0.00955429, 0.00124386]
    ],
    "M_G21C6_M M_G21C6H2_M": [
        [-0.195292, 0.0095824, 0.00124752]
    ],
    "M_G21C7_M M_G21C7H1_M": [
        [-0.194495, 0.00943039, 0.00122773]
    ],
    "M_G21C7_M M_G21C7H2_M": [
        [-0.192319, 0.00945749, 0.00123126]
    ],
    "M_G21C8_M M_G21C8H1_M": [
        [-0.174725, 0.00852276, 0.00110957]
    ],
    "M_G21C8_M M_G21C8H2_M": [
        [-0.173282, 0.00895307, 0.00116559]
    ],
    "M_G21C9_M M_G21C9H1_M": [
        [-0.12889, 0.00924745, 0.00120392]
    ],
    "M_G21C9_M M_G21C9H2_M": [
        [-0.128813, 0.00844126, 0.00109896]
    ],
    "M_G21C10_M M_G21C10H1_M": [
        [-0.0943889, 0.0103448, 0.00134678]
    ],
    "M_G21C11_M M_G21C11H1_M": [
        [-0.0816214, 0.00886582, 0.00115423]
    ],
    "M_G21C12_M M_G21C12H1_M": [
        [-0.073353, 0.00922453, 0.00120093]
    ],
    "M_G21C12_M M_G21C12H2_M": [
        [-0.0735244, 0.00762476, 0.000992659]
    ],
    "M_G21C13_M M_G21C13H1_M": [
        [-0.113276, 0.00770182, 0.00100269]
    ],
    "M_G21C13_M M_G21C13H2_M": [
        [-0.113247, 0.00715122, 0.00093101]
    ],
    "M_G21C14_M M_G21C14H1_M": [
        [-0.112748, 0.00777448, 0.00101215]
    ],
    "M_G21C14_M M_G21C14H2_M": [
        [-0.112911, 0.00739992, 0.000963387]
    ],
    "M_G21C15_M M_G21C15H1_M": [
        [-0.116409, 0.00799786, 0.00104123]
    ],
    "M_G21C15_M M_G21C15H2_M": [
        [-0.116726, 0.0076149, 0.000991376]
    ],
    "M_G21C16_M M_G21C16H1_M": [
        [-0.0996534, 0.00737076, 0.000959591]
    ],
    "M_G21C16_M M_G21C16H2_M": [
        [-0.100628, 0.00759263, 0.000988476]
    ],
    "M_G21C17_M M_G21C17H1_M": [
        [-0.0914563, 0.00697427, 0.000907972]
    ],
    "M_G21C17_M M_G21C17H2_M": [
        [-0.0914099, 0.00614881, 0.000800507]
    ],
    "M_G21C18_M M_G21C18H1_M": [
        [-0.0682171, 0.00575303, 0.000748981]
    ],
    "M_G21C18_M M_G21C18H2_M": [
        [-0.0676974, 0.00525118, 0.000683646]
    ],
    "M_G21C19_M M_G21C19H1_M": [
        [-0.0245622, 0.00327928, 0.000426926]
    ],
    "M_G21C19_M M_G21C19H2_M": [
        [-0.0254533, 0.00305279, 0.00039744]
    ],
    "M_G21C19_M M_G21C19H3_M": [
        [-0.0247974, 0.00352098, 0.000458392]
    ],
    "M_G12C3_M M_G12C3H1_M": [
        [-0.0736402, 0.0217686, 0.00283403]
    ],
    "M_G12C3_M M_G12C3H2_M": [
        [-0.0992688, 0.0190513, 0.00248027]
    ],
    "M_G12C4_M M_G12C4H1_M": [
        [-0.194155, 0.0151862, 0.00197708]
    ],
    "M_G12C4_M M_G12C4H2_M": [
        [-0.195852, 0.0147182, 0.00191615]
    ],
    "M_G12C5_M M_G12C5H1_M": [
        [-0.196846, 0.0138225, 0.00179954]
    ],
    "M_G12C5_M M_G12C5H2_M": [
        [-0.197639, 0.0128001, 0.00166643]
    ],
    "M_G12C6_M M_G12C6H1_M": [
        [-0.210143, 0.0140941, 0.0018349]
    ],
    "M_G12C6_M M_G12C6H2_M": [
        [-0.207902, 0.0124445, 0.00162014]
    ],
    "M_G12C7_M M_G12C7H1_M": [
        [-0.188737, 0.012389, 0.00161291]
    ],
    "M_G12C7_M M_G12C7H2_M": [
        [-0.187505, 0.0121716, 0.0015846]
    ],
    "M_G12C8_M M_G12C8H1_M": [
        [-0.181185, 0.011608, 0.00151123]
    ],
    "M_G12C8_M M_G12C8H2_M": [
        [-0.179551, 0.0108284, 0.00140974]
    ],
    "M_G12C9_M M_G12C9H1_M": [
        [-0.106418, 0.0108604, 0.00141391]
    ],
    "M_G12C9_M M_G12C9H2_M": [
        [-0.105525, 0.00970728, 0.00126378]
    ],
    "M_G12C10_M M_G12C10H1_M": [
        [-0.0644243, 0.0129244, 0.00168261]
    ],
    "M_G12C11_M M_G12C11H1_M": [
        [-0.054421, 0.00964384, 0.00125552]
    ],