{"-27.104103088378906": [-1.5589257749593898e-09, -2.9541192524598056e-12, 0.0], "-25.45175749251686": [-8.264806993770167e-09, -1.5351379454218813e-12, 0.0], "-23.799411896654817": [-3.450284695824784e-08, 9.52057870822184e-13, 0.0], "-22.147066300792773": [-1.0191380112066081e-07, 3.8718879461319185e-14, 0.0], "-20.49472070493073": [-2.0801636910635236e-07, -1.5351379454218813e-12, 0.0], "-18.842375109068687": [-3.212228339541694e-07, -1.82667798272173e-12, 0.0], "-17.190029513206643": [-3.867521166921712e-07, -1.439489188108538e-12, 0.0], "-15.5376839173446": [-3.9895723363428775e-07, -3.519660987167913e-11, 0.0], "-13.885338321482555": [-3.9243082787495063e-07, -1.0840055776305177e-10, 0.0], "-12.23299272562051": [-3.776684308275664e-07, -7.095766225564156e-10, 0.0], "-10.580647129758468": [-3.325874165233568e-07, -3.0343398488121964e-09, 0.0], "-8.928301533896423": [-2.53267084157666e-07, -7.985371692256523e-09, 0.0], "-7.275955938034379": [-1.2630252256577923e-07, -1.7076189377582222e-08, 0.0], "-5.623610342172334": [8.275892373022859e-08, -3.013196010146431e-08, 0.0], "-3.9712647463102932": [3.685182323265051e-07, -4.958666468190363e-08, 0.0], "-2.3189191504482487": [6.590800683087448e-07, -7.726917905428338e-08, 0.0], "-0.6665735545862042": [8.722830547727947e-07, -1.1523525242819081e-07, 0.0], "0.9857720412758404": [9.425698463243575e-07, -1.620375223938805e-07, 0.0], "2.638117637137885": [8.923982330537989e-07, -2.167276858274585e-07, 0.0], "4.290463232999926": [7.678401169222323e-07, -2.745674914719391e-07, 0.0], "5.9428088288619705": [5.90356232248736e-07, -3.2584030183074105e-07, 0.0], "7.595154424724015": [3.965039796737173e-07, -3.740489028580461e-07, 0.0], "9.24750002058606": [2.1688370552100154e-07, -4.2643148932595743e-07, 0.0], "10.899845616448104": [9.82112001546223e-08, -4.778227412292198e-07, 0.0], "12.552191212310149": [4.442207147595324e-08, -5.190942602724782e-07, 0.0], "14.204536808172193": [6.5389939889278645e-09, -5.458807088675037e-07, 0.0], "15.856882404034238": [-1.0729497461327373e-08, -5.635515316395652e-07, 0.0], "17.509227999896275": [-9.848090061108673e-09, -5.771087681260975e-07, 0.0], "19.16157359575832": [-3.6618619782593545e-09, -5.844347118556634e-07, 0.0], "20.813919191620364": [-7.919707261761947e-10, -5.859927026353088e-07, 0.0], "22.46626478748241": [-9.369082889177003e-11, -5.878609258116297e-07, 0.0], "24.118610383344453": [-1.865396862183049e-12, -5.856799087222569e-07, 0.0], "25.770955979206498": [0.0, -5.871468801116301e-07, 0.0], "27.423301575068542": [0.0, -5.869397093329915e-07, 0.0], "29.075647170930587": [0.0, -5.868882209342708e-07, 0.0], "30.72799276679263": [0.0, -5.862410719423246e-07, 0.0], "32.380338362654676": [0.0, -5.877751879390165e-07, 0.0], "34.03268395851672": [0.0, -5.866056779504931e-07, 0.0], "35.68502955437876": [0.0, -5.883151990024243e-07, 0.0], "37.3373751502408": [0.0, -5.861396086265064e-07, 0.0], "38.98972074610285": [0.0, -5.866349272748533e-07, 0.0], "40.64206634196489": [0.0, -5.865515341913308e-07, 0.0], "42.294411937826936": [0.0, -5.872808407079816e-07, 0.0], "43.94675753368898": [0.0, -5.867310101429931e-07, 0.0], "45.599103129551025": [0.0, -5.874332036002372e-07, 0.0], "47.25144872541307": [0.0, -5.863723392796703e-07, 0.0], "48.903794321275114": [0.0, -5.868151262523699e-07, 0.0], "50.55613991713716": [0.0, -5.861928359294778e-07, 0.0], "52.208485512999204": [0.0, -5.870608364254966e-07, 0.0], "53.86083110886125": [0.0, -5.8698762689946e-07, 0.0]}