{
    "10.1039/B508190D": {
        "M_G1_M M_G1H1_M": [-0.186692, 0.0319277, 0.00226329, -0.157, 0.02, 0.0585326],
        "M_G1_M M_G1H2_M": [-0.0442714, 0.0263072, 0.00186487, 0, 0.02, 0.0151757],
        "M_G1C3_M M_G1C3H1_M": [-0.142247, 0.0232221, 0.00164617, -0.216, 0.02, 0.00415661],
        "M_G1C3_M M_G1C3H2_M": [-0.155678, 0.0244176, 0.00173092, -0.216, 0.02, 0.00679741],
        "M_G1C4_M M_G1C4H1_M": [-0.175225, 0.0135553, 0.00096091, -0.211, 0.02, 0.0138821],
        "M_G1C4_M M_G1C4H2_M": [-0.164346, 0.0129579, 0.000918564, -0.211, 0.02, 0.00657894],
        "M_G1C5_M M_G1C5H1_M": [-0.199948, 0.0116094, 0.000822969, -0.22, 0.02, 0.473458],
        "M_G1C5_M M_G1C5H2_M": [-0.198782, 0.0111354, 0.000789368, -0.22, 0.02, 0.177001],
        "M_G1C6_M M_G1C6H1_M": [-0.194941, 0.0119083, 0.000844155, -0.223, 0.02, 0.0276309],
        "M_G1C6_M M_G1C6H2_M": [-0.193508, 0.0116963, 0.000829129, -0.223, 0.02, 0.0224006],
        "M_G1C7_M M_G1C7H1_M": [-0.203712, 0.0111874, 0.000793052, -0.217, 0.02, 0.95498],
        "M_G1C7_M M_G1C7H2_M": [-0.202089, 0.0114363, 0.000810698, -0.217, 0.02, 0.942327],
        "M_G1C8_M M_G1C8H1_M": [-0.186903, 0.0111399, 0.000789688, -0.217, 0.02, 0.0198265],
        "M_G1C8_M M_G1C8H2_M": [-0.186906, 0.0111668, 0.000791592, -0.217, 0.02, 0.0198818],
        "M_G1C9_M M_G1C9H1_M": [-0.18366, 0.0107851, 0.000764532, -0.199, 0.02, 0.941352],
        "M_G1C9_M M_G1C9H2_M": [-0.183276, 0.0111221, 0.000788424, -0.199, 0.02, 0.934939],
        "M_G1C10_M M_G1C10H1_M": [-0.163259, 0.0102977, 0.000729987, -0.185, 0.02, 0.120802],
        "M_G1C10_M M_G1C10H2_M": [-0.162876, 0.0107083, 0.000759091, -0.185, 0.02, 0.103503],
        "M_G1C11_M M_G1C11H1_M": [-0.153778, 0.00972479, 0.000689372, -0.182, 0.02, 0.0220759],
        "M_G1C11_M M_G1C11H2_M": [-0.153739, 0.0098416, 0.000697652, -0.182, 0.02, 0.0222161],
        "M_G1C12_M M_G1C12H1_M": [-0.129621, 0.00865466, 0.000613513, -0.164, 0.02, 0.00998178],
        "M_G1C12_M M_G1C12H2_M": [-0.129417, 0.00891372, 0.000631877, -0.164, 0.02, 0.0100986],
        "M_G1C13_M M_G1C13H1_M": [-0.112806, 0.00724003, 0.000513232, -0.136, 0.02, 0.0469317],
        "M_G1C13_M M_G1C13H2_M": [-0.113138, 0.00764196, 0.000541724, -0.136, 0.02, 0.05552],
        "M_G1C14_M M_G1C14H1_M": [-0.0798462, 0.00540874, 0.000383415, -0.102, 0.02, 0.0531818],
        "M_G1C14_M M_G1C14H2_M": [-0.0796639, 0.00565714, 0.000401024, -0.102, 0.02, 0.0510989],
        "M_G1C15_M M_G1C15H1_M": [-0.0266054, 0.00308826, 0.000218921, -0.026, 0.02, 0.993025],
        "M_G1C15_M M_G1C15H2_M": [-0.026529, 0.00315736, 0.000223819, -0.026, 0.02, 0.992871],
        "M_G1C15_M M_G1C15H3_M": [-0.0268877, 0.00328845, 0.000233112, -0.026, 0.02, 0.992566],
        "M_G2_M M_G2H1_M": [-0.205235, 0.0289665, 0.00205338, -0.204, 0.02, 0.934622],
        "M_G2C3_M M_G2C3H1_M": [-0.0800424, 0.0175628, 0.00124499, -0.128, 0.02, 0.00833462],
        "M_G2C3_M M_G2C3H2_M": [-0.117788, 0.0157609, 0.00111726, -0.128, 0.02, 0.952058],
        "M_G2C4_M M_G2C4H1_M": [-0.207111, 0.012539, 0.000888865, -0.218, 0.02, 0.959886],
        "M_G2C4_M M_G2C4H2_M": [-0.212118, 0.0109914, 0.000779159, -0.218, 0.02, 0.972871],
        "M_G2C5_M M_G2C5H1_M": [-0.210071, 0.0107629, 0.000762964, -0.22, 0.02, 0.967819],
        "M_G2C5_M M_G2C5H2_M": [-0.212988, 0.0109461, 0.000775949, -0.22, 0.02, 0.971865],
        "M_G2C6_M M_G2C6H1_M": [-0.220206, 0.0102105, 0.000723803, -0.223, 0.02, 0.976513],
        "M_G2C6_M M_G2C6H2_M": [-0.218913, 0.0103034, 0.000730385, -0.223, 0.02, 0.975751],
        "M_G2C7_M M_G2C7H1_M": [-0.212783, 0.0101451, 0.000719165, -0.217, 0.02, 0.976056],
        "M_G2C7_M M_G2C7H2_M": [-0.211759, 0.0101592, 0.000720169, -0.217, 0.02, 0.975401],
        "M_G2C8_M M_G2C8H1_M": [-0.209756, 0.0103882, 0.000736403, -0.217, 0.02, 0.973043],
        "M_G2C8_M M_G2C8H2_M": [-0.208951, 0.0102847, 0.000729064, -0.217, 0.02, 0.972334],
        "M_G2C9_M M_G2C9H1_M": [-0.195467, 0.0103123, 0.000731019, -0.199, 0.02, 0.975994],
        "M_G2C9_M M_G2C9H2_M": [-0.19486, 0.0101051, 0.000716334, -0.199, 0.02, 0.97619],
        "M_G2C10_M M_G2C10H1_M": [-0.185468, 0.010173, 0.000721142, -0.185, 0.02, 0.977043],
        "M_G2C10_M M_G2C10H2_M": [-0.185909, 0.00994841, 0.000705224, -0.185, 0.02, 0.977515],
        "M_G2C11_M M_G2C11H1_M": [-0.167372, 0.0095468, 0.000676755, -0.182, 0.02, 0.953889],
        "M_G2C11_M M_G2C11H2_M": [-0.166355, 0.0100269, 0.00071079, -0.182, 0.02, 0.942155],
        "M_G2C12_M M_G2C12H1_M": [-0.152399, 0.00848625, 0.000601574, -0.164, 0.02, 0.97118],
        "M_G2C12_M M_G2C12H2_M": [-0.151806, 0.00911516, 0.000646157, -0.164, 0.02, 0.967325],
        "M_G2C13_M M_G2C13H1_M": [-0.126296, 0.00756971, 0.000536603, -0.153, 0.02, 0.0217681],
        "M_G2C13_M M_G2C13H2_M": [-0.126184, 0.00831145, 0.000589183, -0.153, 0.02, 0.0234412],
        "M_G2C14_M M_G2C14H1_M": [-0.0991132, 0.00627011, 0.000444476, -0.12, 0.02, 0.144438],
        "M_G2C14_M M_G2C14H2_M": [-0.0987143, 0.00656661, 0.000465495, -0.12, 0.02, 0.106985],
        "M_G2C15_M M_G2C15H1_M": [-0.022712, 0.00298098, 0.000211316, -0.026, 0.02, 0.993087],
        "M_G2C15_M M_G2C15H2_M": [-0.0230494, 0.0033474, 0.000237291, -0.026, 0.02, 0.992279],
        "M_G2C15_M M_G2C15H3_M": [-0.0234315, 0.00295422, 0.000209419, -0.026, 0.02, 0.993222],
        "M_G3_M M_G3H1_M": [-0.241044, 0.0232531, 0.00164837, -0.228, 0.02, 0.910069],
        "M_G3_M M_G3H2_M": [-0.257375, 0.0176456, 0.00125086, -0.228, 0.02, 0.0341601],
        "M_G3C4_M M_G3C4H1_M": [0.0489742, 0.0169546, 0.00120188, 0.062, 0.02, 0.9341],
        "M_G3C4_M M_G3C4H2_M": [0.0435847, 0.0204483, 0.00144954, 0.062, 0.02, 0.752165],
        "M_G3C5_M M_G3C5H1_M": [-0.0423771, 0.017681, 0.00125337, -0.025, 0.02, 0.847435],
        "M_G3C5_M M_G3C5H2_M": [-0.0425262, 0.0189443, 0.00134293, -0.025, 0.02, 0.830306],
        "M_G3N6C1_M M_G3N6C1H1_M": [0.00810246, 0.00923027, 0.000654317, 0, 0.02, 0.975102],
        "M_G3N6C1_M M_G3N6C1H2_M": [0.00877401, 0.00934027, 0.000662114, 0, 0.02, 0.973924],
        "M_G3N6C1_M M_G3N6C1H3_M": [0.00860971, 0.00920898, 0.000652807, 0, 0.02, 0.974515],
        "M_G3N6C2_M M_G3N6C2H1_M": [0.00807531, 0.00886478, 0.000628408, 0, 0.02, 0.976118],
        "M_G3N6C2_M M_G3N6C2H2_M": [0.00646801, 0.00937544, 0.000664607, 0, 0.02, 0.976388],
        "M_G3N6C2_M M_G3N6C2H3_M": [0.00843791, 0.00890367, 0.000631165, 0, 0.02, 0.975577],
        "M_G3N6C3_M M_G3N6C3H1_M": [0.00726439, 0.00919993, 0.000652166, 0, 0.02, 0.976102],
        "M_G3N6C3_M M_G3N6C3H2_M": [0.00808326, 0.00905136, 0.000641634, 0, 0.02, 0.975606],
        "M_G3N6C3_M M_G3N6C3H3_M": [0.00701082, 0.00934201, 0.000662238, 0, 0.02, 0.975983]
    }
}