{"headgroup": 0.7831044996812595, "tails": 0.5503245794493399, "total": 0.6279178861933131}