{"M_G1_M M_G1H1_M": [[-0.2430931408760254, 0.02956148871785738, 0.00891312421104157]], "M_G1_M M_G1H2_M": [[-0.02084842003038441, 0.035483506102247424, 0.010698679635221902]], "M_G1C3_M M_G1C3H1_M": [[-0.2424613055099802, 0.013783409740966413, 0.004155854403865028]], "M_G1C3_M M_G1C3H2_M": [[-0.2473204676151977, 0.013398532024198762, 0.004039809405984394]], "M_G1C4_M M_G1C4H1_M": [[-0.17100608119334582, 0.013868545956484974, 0.004181523938678292]], "M_G1C4_M M_G1C4H2_M": [[-0.1701032271563742, 0.012786216020151725, 0.0038551891842976884]], "M_G1C5_M M_G1C5H1_M": [[-0.21104280328562672, 0.012655868812843602, 0.0038158880225602596]], "M_G1C5_M M_G1C5H2_M": [[-0.20669795559576917, 0.015514183588559398, 0.004677702353812818]], "M_G1C6_M M_G1C6H1_M": [[-0.21464341621694996, 0.014483093838760674, 0.004366817096970655]], "M_G1C6_M M_G1C6H2_M": [[-0.21306127134954814, 0.014377934953061361, 0.0043351104999491555]], "M_G1C7_M M_G1C7H1_M": [[-0.2291802312556249, 0.012867574033119583, 0.003879719548179802]], "M_G1C7_M M_G1C7H2_M": [[-0.22808876133638475, 0.014497574016290237, 0.004371183034767318]], "M_G1C8_M M_G1C8H1_M": [[-0.21874228243561566, 0.01462773618857078, 0.004410428406344787]], "M_G1C8_M M_G1C8H2_M": [[-0.2199449655563831, 0.012955660621756418, 0.0039062786539589625]], "M_G1C9_M M_G1C9H1_M": [[-0.21958493081000263, 0.012522015819717316, 0.003775529826626995]], "M_G1C9_M M_G1C9H2_M": [[-0.21847361513763694, 0.012290966416932367, 0.0037058658105294157]], "M_G1C10_M M_G1C10H1_M": [[-0.20214560464220632, 0.011562055008489981, 0.0034860907516918805]], "M_G1C10_M M_G1C10H2_M": [[-0.20175213661127067, 0.012229345099847218, 0.00368728628436042]], "M_G1C11_M M_G1C11H1_M": [[-0.19451971446224428, 0.01099095105958069, 0.00331389643216257]], "M_G1C11_M M_G1C11H2_M": [[-0.1957828022910529, 0.00950065256066421, 0.002864554527932039]], "M_G1C12_M M_G1C12H1_M": [[-0.17429739881323944, 0.010055230037545024, 0.0030317659286589168]], "M_G1C12_M M_G1C12H2_M": [[-0.1744010701406854, 0.00782329237873222, 0.0023588114041365226]], "M_G1C13_M M_G1C13H1_M": [[-0.1614898567318822, 0.009988634836676127, 0.0030116867201025097]], "M_G1C13_M M_G1C13H2_M": [[-0.16202163453961538, 0.007431313711892794, 0.002240625389251968]], "M_G1C14_M M_G1C14H1_M": [[-0.13724095643573622, 0.008490271925759135, 0.0025599133041664755]], "M_G1C14_M M_G1C14H2_M": [[-0.13681245237835313, 0.007505100254344573, 0.002262872868878348]], "M_G1C15_M M_G1C15H1_M": [[-0.11884175353720934, 0.006924406985711377, 0.002087787260665497]], "M_G1C15_M M_G1C15H2_M": [[-0.11816849306938625, 0.007497914323373171, 0.0022607062291691176]], "M_G1C16_M M_G1C16H1_M": [[-0.08645016678064438, 0.005923064351492441, 0.0017858710966391054]], "M_G1C16_M M_G1C16H2_M": [[-0.08534000927924, 0.005270823316415573, 0.0015892130251642868]], "M_G1C17_M M_G1C17H1_M": [[-0.02824615832401231, 0.002747640164025472, 0.000828444680271187]], "M_G1C17_M M_G1C17H2_M": [[-0.02807861750117882, 0.002293250973406591, 0.0006914411844460865]], "M_G1C17_M M_G1C17H3_M": [[-0.027013669971276046, 0.00260711985423657, 0.0007860762127262514]], "M_G2_M M_G2H1_M": [[-0.21654811409630967, 0.047729379056810205, 0.014390949255280597]], "M_G2C3_M M_G2C3H1_M": [[-0.09330512858322176, 0.021095287466138896, 0.006360468488169983]], "M_G2C3_M M_G2C3H2_M": [[-0.10889256375131147, 0.018830748189204233, 0.005677684205932256]], "M_G2C4_M M_G2C4H1_M": [[-0.1564209733432932, 0.015719773773640318, 0.004739690126948557]], "M_G2C4_M M_G2C4H2_M": [[-0.1551273819689413, 0.0138353445427402, 0.004171513335778222]], "M_G2C5_M M_G2C5H1_M": [[-0.1792725023326188, 0.016160965455223664, 0.004872714424079276]], "M_G2C5_M M_G2C5H2_M": [[-0.17802294251207715, 0.014798305747908653, 0.004461857063524786]], "M_G2C6_M M_G2C6H1_M": [[-0.1912650179742613, 0.015658577860053823, 0.004721238864760429]], "M_G2C6_M M_G2C6H2_M": [[-0.19492624671499936, 0.016074524345598626, 0.004846651448889437]], "M_G2C7_M M_G2C7H1_M": [[-0.17465704514041078, 0.013471982796831834, 0.0040619556472012664]], "M_G2C7_M M_G2C7H2_M": [[-0.17761614457715644, 0.014669280771046718, 0.004422954569267029]], "M_G2C8_M M_G2C8H1_M": [[-0.17054143357975582, 0.013933731020834722, 0.004201177975076772]], "M_G2C8_M M_G2C8H2_M": [[-0.17334605368422984, 0.01222816432690558, 0.0036869302679231456]], "M_G2C9_M M_G2C9H1_M": [[-0.12278617100472079, 0.0119186508013298, 0.0035936084286617882]], "M_G2C9_M M_G2C9H2_M": [[-0.12480482655603979, 0.009509342373087079, 0.002867174604959787]], "M_G2C10_M M_G2C10H1_M": [[-0.10160496344897803, 0.010476510522267786, 0.003158786774052049]], "M_G2C11_M M_G2C11H1_M": [[-0.007388718930399326, 0.01012559972061373, 0.003052983186418473]], "M_G2C12_M M_G2C12H1_M": [[-0.05869168007728976, 0.01348014300451094, 0.004064416042390628]], "M_G2C12_M M_G2C12H2_M": [[-0.06057897714894291, 0.009350261574344, 0.002819209939434256]], "M_G2C13_M M_G2C13H1_M": [[-0.11138757654613246, 0.014015437502920839, 0.004225813406351276]], "M_G2C13_M M_G2C13H2_M": [[-0.11549422066616118, 0.011831522526419811, 0.003567338265342936]], "M_G2C14_M M_G2C14H1_M": [[-0.11887928173717006, 0.010653901098688419, 0.0032122720452640585]], "M_G2C14_M M_G2C14H2_M": [[-0.12157025842133656, 0.009937529500472699, 0.002996277881468715]], "M_G2C15_M M_G2C15H1_M": [[-0.1280303986438346, 0.009275519081145307, 0.002796674229812824]], "M_G2C15_M M_G2C15H2_M": [[-0.13086738647540047, 0.008603952798652606, 0.0025941893770053594]], "M_G2C16_M M_G2C16H1_M": [[-0.11861831478382234, 0.008351693970190567, 0.0025181304784541586]], "M_G2C16_M M_G2C16H2_M": [[-0.11993823121181858, 0.008035232093025375, 0.0024227136323624787]], "M_G2C17_M M_G2C17H1_M": [[-0.10858918452204103, 0.007430745136921825, 0.002240453957447978]], "M_G2C17_M M_G2C17H2_M": [[-0.10914880385608812, 0.007025128930064685, 0.0021181560695359494]], "M_G2C18_M M_G2C18H1_M": [[-0.08533636657251827, 0.005789645907523839, 0.0017456439222066592]], "M_G2C18_M M_G2C18H2_M": [[-0.08288490837939093, 0.006397091720868913, 0.0019287957261464657]], "M_G2C19_M M_G2C19H1_M": [[-0.025436970929174976, 0.002943175047424716, 0.0008874006658767495]], "M_G2C19_M M_G2C19H2_M": [[-0.02622339709615375, 0.0031723666593537875, 0.0009565045369554287]], "M_G2C19_M M_G2C19H3_M": [[-0.02634693390117578, 0.002563745506756495, 0.0007729983548973508]], "M_G3_M M_G3H1_M": [[-0.16002377019187936, 0.04048298828027531, 0.012206080228911655]], "M_G3_M M_G3H2_M": [[-0.1952427068015193, 0.029251640520620053, 0.008819701464477546]], "M_G3C4_M M_G3C4H1_M": [[0.08281294749048976, 0.036654737756928554, 0.011051819266236848]], "M_G3C4_M M_G3C4H2_M": [[0.033573141298510946, 0.019392433876859363, 0.00584703881284724]], "M_G3C5_M M_G3C5H1_M": [[-0.0173055252067301, 0.020333169823567882, 0.006130681373031961]]}