{"M_G1_M M_G1H1_M": [[-0.24711476284518177, 0.08561330290872318, 0.008604460691250829]], "M_G1_M M_G1H2_M": [[0.03391054870834069, 0.07862552520076416, 0.007902162607138413]], "M_G1C3_M M_G1C3H1_M": [[-0.24716333943523755, 0.03633672489848493, 0.003651978260564831]], "M_G1C3_M M_G1C3H2_M": [[-0.23323645405286356, 0.039041687880469675, 0.00392383726914193]], "M_G1C4_M M_G1C4H1_M": [[-0.19906390164511492, 0.03425724120838033, 0.0034429822860878416]], "M_G1C4_M M_G1C4H2_M": [[-0.19000377083206169, 0.03599314156215007, 0.003617446835993885]], "M_G1C5_M M_G1C5H1_M": [[-0.22990295252100182, 0.03458949267315411, 0.003476374814715133]], "M_G1C5_M M_G1C5H2_M": [[-0.2270993625027554, 0.03428586125185702, 0.0034458587086846856]], "M_G1C6_M M_G1C6H1_M": [[-0.21233514685885982, 0.03884452247588036, 0.003904021400394616]], "M_G1C6_M M_G1C6H2_M": [[-0.20968471457788035, 0.03769263580326174, 0.003788252433907133]], "M_G1C7_M M_G1C7H1_M": [[-0.2250702227107762, 0.03847103372516377, 0.0038664843685902064]], "M_G1C7_M M_G1C7H2_M": [[-0.22218073257376234, 0.03481485094895476, 0.0034990241736312603]], "M_G1C8_M M_G1C8H1_M": [[-0.21067789764636788, 0.0410267215946379, 0.004123340663872281]], "M_G1C8_M M_G1C8H2_M": [[-0.20978197383155797, 0.039060810589376965, 0.003925759173700132]], "M_G1C9_M M_G1C9H1_M": [[-0.2100757559970939, 0.03942853537759985, 0.00396271690547735]], "M_G1C9_M M_G1C9H2_M": [[-0.20998260379172493, 0.040152965679267814, 0.004035524890246945]], "M_G1C10_M M_G1C10H1_M": [[-0.19082146062098918, 0.03724070239099526, 0.003742831416976439]], "M_G1C10_M M_G1C10H2_M": [[-0.19168328178638763, 0.03900290701048271, 0.003919939645057375]], "M_G1C11_M M_G1C11H1_M": [[-0.1860771927446864, 0.03232184894590976, 0.0032484680449735414]], "M_G1C11_M M_G1C11H2_M": [[-0.1836072769512886, 0.03677751580617178, 0.0036962794136496026]], "M_G1C12_M M_G1C12H1_M": [[-0.16222844845851514, 0.032484969367245986, 0.0032648622641619335]], "M_G1C12_M M_G1C12H2_M": [[-0.16129348833225834, 0.03349003764568195, 0.0033658754268364958]], "M_G1C13_M M_G1C13H1_M": [[-0.15008608605310214, 0.030038624758487186, 0.003018995380066124]], "M_G1C13_M M_G1C13H2_M": [[-0.15051186280428916, 0.028886142835463636, 0.0029031665886619915]], "M_G1C14_M M_G1C14H1_M": [[-0.12597691810354908, 0.026167689776417574, 0.0026299517763271538]], "M_G1C14_M M_G1C14H2_M": [[-0.12631896754831454, 0.025615867772815458, 0.002574491578235931]], "M_G1C15_M M_G1C15H1_M": [[-0.1101220145483325, 0.022175623224855737, 0.0022287339917920453]], "M_G1C15_M M_G1C15H2_M": [[-0.10923501467000958, 0.02101111609790487, 0.002111696621919597]], "M_G1C16_M M_G1C16H1_M": [[-0.07785281323509245, 0.017167385431696044, 0.0017253871547984617]], "M_G1C16_M M_G1C16H2_M": [[-0.07535397473996837, 0.016869924433207305, 0.0016954911995938672]], "M_G1C17_M M_G1C17H1_M": [[-0.025154137259108027, 0.008195517220465843, 0.0008236804722176241]], "M_G1C17_M M_G1C17H2_M": [[-0.02520959957103213, 0.007652392976588951, 0.0007690944318695899]], "M_G1C17_M M_G1C17H3_M": [[-0.02568385579122107, 0.0077060175674405745, 0.0007744839060329583]], "M_G2_M M_G2H1_M": [[-0.23348039160759287, 0.08513318005105804, 0.00855620652845845]], "M_G2C3_M M_G2C3H1_M": [[-0.24716333943523755, 0.03633672489848493, 0.003651978260564831]], "M_G2C3_M M_G2C3H2_M": [[-0.23323645405286356, 0.039041687880469675, 0.00392383726914193]], "M_G2C4_M M_G2C4H1_M": [[-0.19906390164511492, 0.03425724120838033, 0.0034429822860878416]], "M_G2C4_M M_G2C4H2_M": [[-0.19000377083206169, 0.03599314156215007, 0.003617446835993885]], "M_G2C5_M M_G2C5H1_M": [[-0.22990295252100182, 0.03458949267315411, 0.003476374814715133]], "M_G2C5_M M_G2C5H2_M": [[-0.2270993625027554, 0.03428586125185702, 0.0034458587086846856]], "M_G2C6_M M_G2C6H1_M": [[-0.21233514685885982, 0.03884452247588036, 0.003904021400394616]], "M_G2C6_M M_G2C6H2_M": [[-0.20968471457788035, 0.03769263580326174, 0.003788252433907133]], "M_G2C7_M M_G2C7H1_M": [[-0.2250702227107762, 0.03847103372516377, 0.0038664843685902064]], "M_G2C7_M M_G2C7H2_M": [[-0.22218073257376234, 0.03481485094895476, 0.0034990241736312603]], "M_G2C8_M M_G2C8H1_M": [[-0.21067789764636788, 0.0410267215946379, 0.004123340663872281]], "M_G2C8_M M_G2C8H2_M": [[-0.20978197383155797, 0.039060810589376965, 0.003925759173700132]], "M_G2C9_M M_G2C9H1_M": [[-0.2100757559970939, 0.03942853537759985, 0.00396271690547735]], "M_G2C9_M M_G2C9H2_M": [[-0.20998260379172493, 0.040152965679267814, 0.004035524890246945]], "M_G2C10_M M_G2C10H1_M": [[-0.19082146062098918, 0.03724070239099526, 0.003742831416976439]], "M_G2C11_M M_G2C11H1_M": [[-0.1860771927446864, 0.03232184894590976, 0.0032484680449735414]], "M_G2C12_M M_G2C12H1_M": [[-0.16222844845851514, 0.032484969367245986, 0.0032648622641619335]], "M_G2C12_M M_G2C12H2_M": [[-0.16129348833225834, 0.03349003764568195, 0.0033658754268364958]], "M_G2C13_M M_G2C13H1_M": [[-0.15008608605310214, 0.030038624758487186, 0.003018995380066124]], "M_G2C13_M M_G2C13H2_M": [[-0.15051186280428916, 0.028886142835463636, 0.0029031665886619915]], "M_G2C14_M M_G2C14H1_M": [[-0.12597691810354908, 0.026167689776417574, 0.0026299517763271538]], "M_G2C14_M M_G2C14H2_M": [[-0.12631896754831454, 0.025615867772815458, 0.002574491578235931]], "M_G2C15_M M_G2C15H1_M": [[-0.1101220145483325, 0.022175623224855737, 0.0022287339917920453]], "M_G2C15_M M_G2C15H2_M": [[-0.10923501467000958, 0.02101111609790487, 0.002111696621919597]], "M_G2C16_M M_G2C16H1_M": [[-0.07785281323509245, 0.017167385431696044, 0.0017253871547984617]], "M_G2C16_M M_G2C16H2_M": [[-0.07535397473996837, 0.016869924433207305, 0.0016954911995938672]], "M_G2C17_M M_G2C17H1_M": [[-0.025154137259108027, 0.008195517220465843, 0.0008236804722176241]], "M_G2C17_M M_G2C17H2_M": [[-0.02520959957103213, 0.007652392976588951, 0.0007690944318695899]], "M_G2C18_M M_G2C18H1_M": [[-0.0701865677722229, 0.018875763310098756, 0.0018970855918531647]], "M_G2C18_M M_G2C18H2_M": [[-0.06949145485242869, 0.017386626616708516, 0.0017474217229584393]], "M_G2C19_M M_G2C19H1_M": [[-0.02333388920888594, 0.007699823470549279, 0.0007738613758722451]], "M_G2C19_M M_G2C19H2_M": [[-0.022130134503079848, 0.00853988774080649, 0.0008582910117579083]], "M_G2C19_M M_G2C19H3_M": [[-0.021703443920307045, 0.007808576037513689, 0.0007847914201028192]], "M_G3_M M_G3H1_M": [[-0.14767645329909407, 0.08959160760332086, 0.009004295357120221]], "M_G3_M M_G3H2_M": [[-0.22195648370195944, 0.060065049950504275, 0.006036764657569026]], "M_G3C4_M M_G3C4H1_M": [[0.028574929149952123, 0.03110089337939116, 0.0031257573934632982]], "M_G3C4_M M_G3C4H2_M": [[0.03435567213795888, 0.03545189139724549, 0.0035630491476694465]], "M_G3C5_M M_G3C5H1_M": [[-0.01796348805561775, 0.02569068469706563, 0.0025820109620452113]], "M_G3C5_M M_G3C5H2_M": [[-0.014900664444092177, 0.023126373604909066, 0.002324288000274612]], "M_G3N6C1_M M_G3N6C1H1_M": [[0.012623071558854771, 0.00926819008498524, 0.0009314881514420657]], "M_G3N6C1_M M_G3N6C1H2_M": [[0.012020201162492054, 0.010924404535433318, 0.0010979439667299729]], "M_G3N6C1_M M_G3N6C1H3_M": [[0.01244215444349079, 0.010936339342297931, 0.001099143459951648]], "M_G3N6C2_M M_G3N6C2H1_M": [[0.013583915182858649, 0.009158263499593141, 0.0009204401139199277]], "M_G3N6C2_M M_G3N6C2H2_M": [[0.012915169152330928, 0.010844428247040976, 0.001089906047314135]], "M_G3N6C2_M M_G3N6C2H3_M": [[0.014481017063977761, 0.008403377365192245, 0.0008445712027911527]], "M_G3N6C3_M M_G3N6C3H1_M": [[0.011753873594164885, 0.008761106024748111, 0.0008805242858367162]], "M_G3N6C3_M M_G3N6C3H2_M": [[0.012154204745228856, 0.010794706509846649, 0.001084908824702067]], "M_G3N6C3_M M_G3N6C3H3_M": [[0.012526241980559289, 0.00984443318946737, 0.0009894027625207563]]}