{"POPC": 0.038957650628792126, "CER": 0.018862271276833903}