{"POPC": 1.4474536010989352, "POPG": 1.6863009750654288}