{"M_G1_M M_G1H1_M": [[-0.2737913039415235, 0.05348598394391924, 0.002863039080230313]], "M_G1_M M_G1H2_M": [[0.021077630515985178, 0.06669052904510327, 0.0035698621743140407]], "M_G1C3_M M_G1C3H1_M": [[-0.25701498386976335, 0.03605437961241365, 0.0019299466931753972]], "M_G1C3_M M_G1C3H2_M": [[-0.24885988105233722, 0.03652177419018902, 0.001954965751317091]], "M_G1C4_M M_G1C4H1_M": [[-0.19003269574362247, 0.029597482224753478, 0.0015843169001946553]], "M_G1C4_M M_G1C4H2_M": [[-0.18134843322980776, 0.030864314051764825, 0.0016521288531843581]], "M_G1C5_M M_G1C5H1_M": [[-0.2154547539262214, 0.030575290497239112, 0.0016366577770126674]], "M_G1C5_M M_G1C5H2_M": [[-0.21190175563489025, 0.029925395722567118, 0.0016018697073031463]], "M_G1C6_M M_G1C6H1_M": [[-0.1994665328923611, 0.02936660914535971, 0.0015719585475920269]], "M_G1C6_M M_G1C6H2_M": [[-0.1989778707369691, 0.029307474337136593, 0.00156879313388061]], "M_G1C7_M M_G1C7H1_M": [[-0.2107238393820231, 0.028971844195869696, 0.001550827264318261]], "M_G1C7_M M_G1C7H2_M": [[-0.21046986621440988, 0.028892038701750413, 0.0015465553741587721]], "M_G1C8_M M_G1C8H1_M": [[-0.1952766037988679, 0.029150445500087684, 0.0015603875729458885]], "M_G1C8_M M_G1C8H2_M": [[-0.1942389218892001, 0.02902516324117054, 0.0015536813673778017]], "M_G1C9_M M_G1C9H1_M": [[-0.1951233382231518, 0.028616846209537396, 0.001531824657778609]], "M_G1C9_M M_G1C9H2_M": [[-0.19467359984702257, 0.029442208535454706, 0.0015760052901650063]], "M_G1C10_M M_G1C10H1_M": [[-0.17568203639194233, 0.02836463353833591, 0.0015183240230153734]], "M_G1C10_M M_G1C10H2_M": [[-0.17516711784437106, 0.029403184939768668, 0.0015739164049793587]], "M_G1C11_M M_G1C11H1_M": [[-0.16925002081051546, 0.027050508997564896, 0.001447980549097757]], "M_G1C11_M M_G1C11H2_M": [[-0.1690513836039276, 0.02837209322527264, 0.0015187233309022494]], "M_G1C12_M M_G1C12H1_M": [[-0.1490582347613102, 0.025071380681694348, 0.001342040239220145]], "M_G1C12_M M_G1C12H2_M": [[-0.14812326190604297, 0.026880189544296454, 0.001438863557787617]], "M_G1C13_M M_G1C13H1_M": [[-0.13824731774433677, 0.02324162796772167, 0.0012440958219919972]], "M_G1C13_M M_G1C13H2_M": [[-0.13824763056146983, 0.024024227162350996, 0.0012859873964412927]], "M_G1C14_M M_G1C14H1_M": [[-0.11617124122065994, 0.020476297649173334, 0.0010960710837717754]], "M_G1C14_M M_G1C14H2_M": [[-0.11617292791933362, 0.02048647822874397, 0.0010966160377021488]], "M_G1C15_M M_G1C15H1_M": [[-0.10063728177587913, 0.017859115513962114, 0.000955976535991801]], "M_G1C15_M M_G1C15H2_M": [[-0.10128855969800835, 0.01725211808374066, 0.0009234847084852609]], "M_G1C16_M M_G1C16H1_M": [[-0.07321864026442418, 0.013551977468224816, 0.0007254207223075571]], "M_G1C16_M M_G1C16H2_M": [[-0.07313076384548702, 0.013150301415855763, 0.0007039194961782773]], "M_G1C17_M M_G1C17H1_M": [[-0.024611898863636152, 0.00683492556615759, 0.0003658651774433555]], "M_G1C17_M M_G1C17H2_M": [[-0.024598768585171, 0.00687005921984701, 0.0003677458388078273]], "M_G1C17_M M_G1C17H3_M": [[-0.024572395319514422, 0.006973632267978481, 0.0003732899769650293]], "M_G2_M M_G2H1_M": [[-0.24884205566880205, 0.06127961353104688, 0.003280222507353606]], "M_G2C3_M M_G2C3H1_M": [[-0.1399789700683185, 0.03685169111584268, 0.0019726257994591664]], "M_G2C3_M M_G2C3H2_M": [[-0.12078741079459199, 0.04441932546937937, 0.002377711979079355]], "M_G2C4_M M_G2C4H1_M": [[-0.1893035354978401, 0.03116340730914323, 0.0016681389481917831]], "M_G2C4_M M_G2C4H2_M": [[-0.1733579465074168, 0.03443714463874859, 0.0018433780897750532]], "M_G2C5_M M_G2C5H1_M": [[-0.18294221085121393, 0.0320844033047481, 0.0017174387335508249]], "M_G2C5_M M_G2C5H2_M": [[-0.1783982481377836, 0.0323591198325043, 0.0017321439721377386]], "M_G2C6_M M_G2C6H1_M": [[-0.18995688035722932, 0.03162334400027484, 0.0016927587948140743]], "M_G2C6_M M_G2C6H2_M": [[-0.1892449720098803, 0.03107413312464833, 0.0016633602106568696]], "M_G2C7_M M_G2C7H1_M": [[-0.16432658923904273, 0.03009046527216501, 0.0016107056777127085]], "M_G2C7_M M_G2C7H2_M": [[-0.16468554135001137, 0.030217355341318586, 0.0016174979473895779]], "M_G2C8_M M_G2C8H1_M": [[-0.160301746066471, 0.02807126799923114, 0.001502620525737835]], "M_G2C8_M M_G2C8H2_M": [[-0.1588865242168422, 0.029113664149477508, 0.0015584187123873728]], "M_G2C9_M M_G2C9H1_M": [[-0.11303895051483782, 0.024702604573512504, 0.0013223001067269877]], "M_G2C9_M M_G2C9H2_M": [[-0.11073680252950274, 0.024163387464615767, 0.0012934364766380496]], "M_G2C10_M M_G2C10H1_M": [[-0.087493758556726, 0.02707560624175119, 0.0014493239737786378]], "M_G2C11_M M_G2C11H1_M": [[0.01520967312580352, 0.029525303810015446, 0.0015804532782341667]], "M_G2C12_M M_G2C12H1_M": [[-0.04340378505134475, 0.02515573032632979, 0.001346555372179988]], "M_G2C12_M M_G2C12H2_M": [[-0.044656842354398874, 0.024796044831704386, 0.0013273018490741167]], "M_G2C13_M M_G2C13H1_M": [[-0.08911778451710858, 0.02474309504501181, 0.0013244675119747067]], "M_G2C13_M M_G2C13H2_M": [[-0.08854289824312098, 0.02426470605726404, 0.0012988599365600004]], "M_G2C14_M M_G2C14H1_M": [[-0.09590547506921211, 0.02361324697665143, 0.001263988131473261]], "M_G2C14_M M_G2C14H2_M": [[-0.09556739542805458, 0.022755950165473653, 0.0012180980852822374]], "M_G2C15_M M_G2C15H1_M": [[-0.10509463037094664, 0.02261832813223395, 0.001210731346738563]], "M_G2C15_M M_G2C15H2_M": [[-0.1038058006340919, 0.022519537270928116, 0.001205443193173233]], "M_G2C16_M M_G2C16H1_M": [[-0.09687343609853266, 0.02042118295980316, 0.0010931208620888946]], "M_G2C16_M M_G2C16H2_M": [[-0.09655399140053703, 0.020029363008650845, 0.0010721472209619177]], "M_G2C17_M M_G2C17H1_M": [[-0.08826896128497065, 0.017126312753788193, 0.0009167505035665883]], "M_G2C17_M M_G2C17H2_M": [[-0.0883344525371241, 0.017646692354996846, 0.0009446057849871786]], "M_G2C18_M M_G2C18H1_M": [[-0.06824498069672798, 0.01333457277295451, 0.0007137833157780806]], "M_G2C18_M M_G2C18H2_M": [[-0.06867096359977999, 0.013990035194763713, 0.0007488694148060017]], "M_G2C19_M M_G2C19H1_M": [[-0.02036679440653714, 0.006429839030438233, 0.00034418139232582503]], "M_G2C19_M M_G2C19H2_M": [[-0.02052501563494434, 0.006390652177745029, 0.0003420837681929399]], "M_G2C19_M M_G2C19H3_M": [[-0.021139625395248055, 0.006234337130960367, 0.00033371641557506965]], "M_G3_M M_G3H1_M": [[-0.18268411802702597, 0.07093798752673272, 0.0037972234141729062]], "M_G3_M M_G3H2_M": [[-0.25483497393017734, 0.05615801498369329, 0.0030060696225586133]], "M_G3C4_M M_G3C4H1_M": [[0.16460569935066843, 0.06035417806469435, 0.0032306850825737504]], "M_G3C4_M M_G3C4H2_M": [[0.1599395876960608, 0.0571515690096637, 0.003059253350236803]], "M_G3C5_M M_G3C5H1_M": [[-0.005217289412727123, 0.03462033495005837, 0.0018531840423204784]], "M_G3C5_M M_G3C5H2_M": [[-0.0014627498682179205, 0.031030321372965936, 0.001661015021356967]], "M_G3N6C1_M M_G3N6C1H1_M": [[0.012693621666059168, 0.010645167714522596, 0.0005698227635531635]], "M_G3N6C1_M M_G3N6C1H2_M": [[0.013258763089889025, 0.011162313350133329, 0.000597504934764158]], "M_G3N6C1_M M_G3N6C1H3_M": [[0.012994975686917393, 0.011218686929890602, 0.000600522543304496]], "M_G3N6C2_M M_G3N6C2H1_M": [[0.013066708305195953, 0.010740631510884177, 0.000574932823415144]], "M_G3N6C2_M M_G3N6C2H2_M": [[0.013212705155194585, 0.01147863697414387, 0.0006144373501515583]], "M_G3N6C2_M M_G3N6C2H3_M": [[0.01235801587565486, 0.010542257602753175, 0.0005643141115658382]], "M_G3N6C3_M M_G3N6C3H1_M": [[0.013471033563007644, 0.010756526277364242, 0.0005757836507580844]], "M_G3N6C3_M M_G3N6C3H2_M": [[0.014245359395900508, 0.010698929152351162, 0.0005727005473417903]], "M_G3N6C3_M M_G3N6C3H3_M": [[0.013900622012442186, 0.010688211015509161, 0.000572126818630394]]}