{"headgroup": NaN, "tail": 0.23551560792811294, "total": 0.23551560792811294}