{"headgroup": NaN, "tail": 0.23551560792811302, "total": 0.23551560792811302}