{"headgroup": 49.46332251814888, "sn-1": 300.0, "sn-2": 300.0, "total": 216.48777417271629}