{"headgroup": 0.17652190771654458, "tails": 0.195783279971985, "total": 0.20898912321418095}