{"headgroup": 0.02525053557320879, "sn-1": 0.8154162029924629, "sn-2": 0.5047948193931143, "total": 0.448487185986262}