{"headgroup": 0.022192853531140515, "tails": 0.5801708594467868, "total": 0.39417819080823807}