{"M_C3_M M_C3H3_M": [[-0.35659187711740165, 0.010317794231166551, 0.0014739706044523645]], "M_C4_M M_C4H41_M": [[-0.3085391493412931, 0.01171222417326136, 0.0016731748818944801]], "M_C4_M M_C4H42_M": [[-0.18489449658974572, 0.016820910690346403, 0.0024029872414780577]], "M_C6_M M_C6H6_M": [[-0.04449806722845512, 0.018541382305712787, 0.0026487689008161124]], "M_C7_M M_C7H71_M": [[-0.2573133511377458, 0.010738331332441245, 0.001534047333205892]], "M_C7_M M_C7H72_M": [[-0.3210131931012708, 0.011532335260218332, 0.001647476465745476]], "M_C8_M M_C8H8_M": [[-0.3892601095374394, 0.00999587170628728, 0.0014279816723267544]], "M_C14_M M_C14H14_M": [[-0.38676472599332085, 0.00950119645866599, 0.0013573137798094273]], "M_C15_M M_C15H151_M": [[-0.3557364145919732, 0.010416658566909216, 0.0014880940809870308]], "M_C15_M M_C15H152_M": [[-0.31570464225034933, 0.01285581821241166, 0.0018365454589159512]], "M_C16_M M_C16H161_M": [[-0.08363207866611971, 0.011781518329367524, 0.0016830740470525035]], "M_C16_M M_C16H162_M": [[-0.14719615036973785, 0.014516002314450915, 0.0020737146163501306]], "M_C17_M M_C17H17_M": [[-0.38369779498834633, 0.009114467873723522, 0.0013020668391033603]], "M_C18_M M_C18H181_M": [[0.1111550924067672, 0.010627288448564717, 0.0015181840640806738]], "M_C18_M M_C18H182_M": [[0.11314225449333888, 0.010434371718270889, 0.0014906245311815554]], "M_C18_M M_C18H183_M": [[0.10943774267830424, 0.011600648527409498, 0.0016572355039156425]], "M_C12_M M_C12H121_M": [[-0.11288009488666166, 0.01750962662607007, 0.0025013752322957244]], "M_C12_M M_C12H122_M": [[-0.3806933913503737, 0.010091145827204658, 0.0014415922610292369]], "M_C11_M M_C11H111_M": [[-0.38467018373130396, 0.010211984338086417, 0.0014588549054409168]], "M_C11_M M_C11H112_M": [[-0.20209753058787694, 0.011692272508995225, 0.0016703246441421749]], "M_C9_M M_C9H9_M": [[-0.3863122099153802, 0.009806797135650396, 0.001400971019378628]], "M_C19_M M_C19H191_M": [[0.11000752813865168, 0.00671375760233801, 0.0009591082289054301]], "M_C19_M M_C19H192_M": [[0.11193933020539205, 0.006403429190068249, 0.0009147755985811784]], "M_C19_M M_C19H193_M": [[0.11033106182448224, 0.007457947248961011, 0.0010654210355658586]], "M_C1_M M_C1H11_M": [[-0.1982859654994111, 0.016728422895058274, 0.0023897746992940392]], "M_C1_M M_C1H12_M": [[-0.3518913215445007, 0.011067193282468461, 0.0015810276117812088]], "M_C2_M M_C2H21_M": [[-0.20641971128727177, 0.01102141039360189, 0.0015744871990859843]], "M_C2_M M_C2H22_M": [[-0.3351854019282131, 0.011761963794139586, 0.0016802805420199408]], "M_C20_M M_C20H20_M": [[-0.3631443220146271, 0.013296917765605697, 0.0018995596808008138]], "M_C21_M M_C21H211_M": [[0.10251307136753535, 0.007987798617317025, 0.0011411140881881464]], "M_C21_M M_C21H212_M": [[0.09961539846607856, 0.008490706022351035, 0.001212958003193005]], "M_C21_M M_C21H213_M": [[0.10024317499405953, 0.00865374764714973, 0.0012362496638785327]], "M_C22_M M_C22H221_M": [[-0.20433374374083282, 0.02141151438540448, 0.0030587877693434968]], "M_C22_M M_C22H222_M": [[-0.33840112286696133, 0.011675316052911323, 0.001667902293273046]], "M_C23_M M_C23H231_M": [[-0.1638254194459832, 0.016437853911097193, 0.002348264844442456]], "M_C23_M M_C23H232_M": [[-0.311768611777482, 0.011486211775965417, 0.0016408873965664881]], "M_C24_M M_C24H241_M": [[-0.17424135855607725, 0.019457192806887083, 0.0027795989724124404]], "M_C24_M M_C24H242_M": [[-0.2642275433585351, 0.01751193140157995, 0.002501704485939993]], "M_C25_M M_C25H25_M": [[-0.14522739877446894, 0.010874200887696443, 0.0015534572696709204]], "M_C26_M M_C26H261_M": [[0.01098751867240012, 0.006957095754995032, 0.0009938708221421473]], "M_C26_M M_C26H262_M": [[0.010262230233941468, 0.007861987822720254, 0.0011231411175314648]], "M_C26_M M_C26H263_M": [[0.012705505539436552, 0.008064953026521821, 0.0011521361466459744]], "M_C27_M M_C27H271_M": [[0.006705121942745482, 0.008514734904542796, 0.0012163907006489708]], "M_C27_M M_C27H272_M": [[0.008867290508704998, 0.007860350393922322, 0.0011229071991317604]], "M_C27_M M_C27H273_M": [[0.006984843610608165, 0.007829290185307466, 0.0011184700264724953]]}