{"headgroup": 109.9925553673731, "sn-1": 44.57173703009347, "sn-2": 89.20946637119869, "total": 81.25791958955509}