{"M_G1_M M_G1H1_M": [[-0.17952064510238655, 0.03579714639515399, 0.0011192074463445834]], "M_G1_M M_G1H2_M": [[-0.046679694275162636, 0.031548448653392624, 0.0009863707644103368]], "M_G1C3_M M_G1C3H1_M": [[-0.254968605901071, 0.018449292878233176, 0.0005768221226680222]], "M_G1C3_M M_G1C3H2_M": [[-0.22809258961899753, 0.021332128028921343, 0.0006669547419449288]], "M_G1C4_M M_G1C4H1_M": [[-0.21188426761455365, 0.020865136384733366, 0.0006523541221137727]], "M_G1C4_M M_G1C4H2_M": [[-0.19859221536242344, 0.020878074791553063, 0.0006527586448960244]], "M_G1C5_M M_G1C5H1_M": [[-0.240992899643705, 0.021024352161836794, 0.0006573320463690372]], "M_G1C5_M M_G1C5H2_M": [[-0.23866189281440273, 0.0216987860960667, 0.0006784184054023867]], "M_G1C6_M M_G1C6H1_M": [[-0.2468750221613062, 0.02284697063297365, 0.0007143167049287961]], "M_G1C6_M M_G1C6H2_M": [[-0.2445850930534011, 0.023009218449286505, 0.0007193894267085153]], "M_G1C7_M M_G1C7H1_M": [[-0.2605962114877578, 0.02246707785015743, 0.000702439254512859]], "M_G1C7_M M_G1C7H2_M": [[-0.2597336318602619, 0.022953516886894475, 0.0007176479023223529]], "M_G1C8_M M_G1C8H1_M": [[-0.25583268419217764, 0.02417072580064495, 0.0007557042676255647]], "M_G1C8_M M_G1C8H2_M": [[-0.25445594200978755, 0.024035034147801587, 0.0007514618314661938]], "M_G1C9_M M_G1C9H1_M": [[-0.25640954756380663, 0.02383808774159462, 0.0007453042489057168]], "M_G1C9_M M_G1C9H2_M": [[-0.2556027686904065, 0.023812893641019604, 0.0007445165485494859]], "M_G1C10_M M_G1C10H1_M": [[-0.24176354876121892, 0.024637609609069307, 0.0007703015159424584]], "M_G1C10_M M_G1C10H2_M": [[-0.2418826641062774, 0.024310682120875775, 0.0007600800397621541]], "M_G1C11_M M_G1C11H1_M": [[-0.23393668817074686, 0.024070722534251847, 0.0007525776385034989]], "M_G1C11_M M_G1C11H2_M": [[-0.234092205464636, 0.023688183427236463, 0.0007406174500470363]], "M_G1C12_M M_G1C12H1_M": [[-0.21397306996281776, 0.02387457220522634, 0.0007464449455110204]], "M_G1C12_M M_G1C12H2_M": [[-0.2143979395359281, 0.023556112398150746, 0.0007364882136669225]], "M_G1C13_M M_G1C13H1_M": [[-0.20042314444216613, 0.023196706290780588, 0.0007252512846896771]], "M_G1C13_M M_G1C13H2_M": [[-0.20054444357981124, 0.022649498354731564, 0.0007081426808371692]], "M_G1C14_M M_G1C14H1_M": [[-0.1746684279447882, 0.021776086387305764, 0.0006808352198770476]], "M_G1C14_M M_G1C14H2_M": [[-0.17530733697348957, 0.021725752061745866, 0.0006792615035994563]], "M_G1C15_M M_G1C15H1_M": [[-0.15196638298079218, 0.02062487257627462, 0.0006448422092773199]], "M_G1C15_M M_G1C15H2_M": [[-0.15285035502357178, 0.019784934054526065, 0.0006185813046332585]], "M_G1C16_M M_G1C16H1_M": [[-0.11392149776856503, 0.01802140158252879, 0.0005634439857882844]], "M_G1C16_M M_G1C16H2_M": [[-0.11464925142908598, 0.01821056774847707, 0.0005693583170366107]], "M_G1C17_M M_G1C17H1_M": [[-0.03895523060773132, 0.01620214903599385, 0.0005065645637699167]], "M_G1C17_M M_G1C17H2_M": [[-0.03788360894855041, 0.015462054982556955, 0.00048342532338303357]], "M_G1C17_M M_G1C17H3_M": [[-0.038159426341821, 0.015808919062692422, 0.0004942701224927646]], "M_G2_M M_G2H1_M": [[-0.20073774784030485, 0.024871002353878815, 0.000777598603118909]], "M_G2C3_M M_G2C3H1_M": [[-0.07665087647944402, 0.022776211140283012, 0.0007121043902865974]], "M_G2C3_M M_G2C3H2_M": [[-0.12299863677006045, 0.02163721498496702, 0.0006764933679912538]], "M_G2C4_M M_G2C4H1_M": [[-0.22647531955384875, 0.020146182810830256, 0.0006298758445268938]], "M_G2C4_M M_G2C4H2_M": [[-0.23093404349732663, 0.01842337809372783, 0.0005760118899341436]], "M_G2C5_M M_G2C5H1_M": [[-0.22847025084694067, 0.020564047196673724, 0.0006429404873628246]], "M_G2C5_M M_G2C5H2_M": [[-0.23122920034010386, 0.01988128255417784, 0.0006215936664864646]], "M_G2C6_M M_G2C6H1_M": [[-0.2449439066394488, 0.021594498569440304, 0.0006751578277274879]], "M_G2C6_M M_G2C6H2_M": [[-0.2425059698448303, 0.02190186796636933, 0.0006847678149042305]], "M_G2C7_M M_G2C7H1_M": [[-0.2235122673640427, 0.022735431192892303, 0.0007108293942219]], "M_G2C7_M M_G2C7H2_M": [[-0.2216378557063618, 0.022381828673416974, 0.0006997739159870045]], "M_G2C8_M M_G2C8H1_M": [[-0.2136220788667755, 0.02244992457701284, 0.0007019029527970551]], "M_G2C8_M M_G2C8H2_M": [[-0.21234165740006603, 0.022037636988098207, 0.0006890126700226947]], "M_G2C9_M M_G2C9H1_M": [[-0.1268440115604605, 0.020108974825944117, 0.0006287125268342388]], "M_G2C9_M M_G2C9H2_M": [[-0.12610677797669712, 0.02059815191581067, 0.0006440067806140299]], "M_G2C10_M M_G2C10H1_M": [[-0.07468555660290455, 0.01979702487244728, 0.0006189593273197722]], "M_G2C11_M M_G2C11H1_M": [[-0.062252602518755085, 0.017641879842940845, 0.0005515781361390515]], "M_G2C12_M M_G2C12H1_M": [[-0.10627588678820013, 0.020586170113378644, 0.0006436321663262171]], "M_G2C12_M M_G2C12H2_M": [[-0.10497218690104156, 0.020559556155122328, 0.0006428000737362556]], "M_G2C13_M M_G2C13H1_M": [[-0.16177253918935577, 0.023634315389129197, 0.0007389332512926409]], "M_G2C13_M M_G2C13H2_M": [[-0.16218762613126847, 0.023130526560187367, 0.000723182157545871]], "M_G2C14_M M_G2C14H1_M": [[-0.17050481349592939, 0.024263037330276543, 0.0007585904125212127]], "M_G2C14_M M_G2C14H2_M": [[-0.171231330885168, 0.023071698113745702, 0.0007213428702857193]], "M_G2C15_M M_G2C15H1_M": [[-0.17531442543047662, 0.023929553496682784, 0.0007481639504319273]], "M_G2C15_M M_G2C15H2_M": [[-0.17641334788085228, 0.023206130300373023, 0.0007255459288938225]], "M_G2C16_M M_G2C16H1_M": [[-0.1596642420603928, 0.022469859668659713, 0.0007025262288193517]], "M_G2C16_M M_G2C16H2_M": [[-0.1608475604076157, 0.021177721527895967, 0.0006621271810046241]], "M_G2C17_M M_G2C17H1_M": [[-0.14450184240273545, 0.02154737453130258, 0.0006736844819528452]], "M_G2C17_M M_G2C17H2_M": [[-0.14566443091645292, 0.019900908334175533, 0.0006222072717965434]], "M_G2C18_M M_G2C18H1_M": [[-0.11238949259853975, 0.018174724630274114, 0.0005682376722692839]], "M_G2C18_M M_G2C18H2_M": [[-0.11150836753545623, 0.01801393814188438, 0.0005632106393016018]], "M_G2C19_M M_G2C19H1_M": [[-0.037539359946037305, 0.015693196984064933, 0.0004906520404625196]], "M_G2C19_M M_G2C19H2_M": [[-0.037966188886405274, 0.016105334452557952, 0.0005035376296813696]], "M_G2C19_M M_G2C19H3_M": [[-0.03820333150123494, 0.016388991716776904, 0.0005124062506272716]], "M_G3_M M_G3H1_M": [[-0.2223793646160066, 0.025876005714458413, 0.0008090203045122437]], "M_G3_M M_G3H2_M": [[-0.24095106970423497, 0.017880305196673173, 0.0005590325691921477]], "M_G3C4_M M_G3C4H1_M": [[0.03335571117412972, 0.01905190871620628, 0.0005956630695328813]], "M_G3C4_M M_G3C4H2_M": [[0.03370584052443715, 0.018675641918937377, 0.000583898986534003]], "M_G3C5_M M_G3C5H1_M": [[-0.07583261605617177, 0.016813192302629305, 0.0005256689964670912]], "M_G3C5_M M_G3C5H2_M": [[-0.07718294190071337, 0.017683712245190282, 0.0005528860374890426]], "M_G3N6C1_M M_G3N6C1H1_M": [[0.012316453853698103, 0.015924510027950083, 0.0004978841052281049]], "M_G3N6C1_M M_G3N6C1H2_M": [[0.012151716019035589, 0.015874327255558693, 0.0004963151273012425]], "M_G3N6C1_M M_G3N6C1H3_M": [[0.01147827017081046, 0.016027263756251225, 0.0005010967282842787]], "M_G3N6C2_M M_G3N6C2H1_M": [[0.011874882550931951, 0.015887815658722354, 0.0004967368458676729]], "M_G3N6C2_M M_G3N6C2H2_M": [[0.011450512141551199, 0.015967035938599754, 0.0004992136893054585]], "M_G3N6C2_M M_G3N6C2H3_M": [[0.011787467489283533, 0.015834614220617955, 0.0004950734885423319]], "M_G3N6C3_M M_G3N6C3H1_M": [[0.012514164289546874, 0.016163956048737015, 0.0005053704497122169]], "M_G3N6C3_M M_G3N6C3H2_M": [[0.011137092341914952, 0.015473119390499609, 0.0004837712550844635]], "M_G3N6C3_M M_G3N6C3H3_M": [[0.01199665278647015, 0.015720207794380027, 0.0004914965407392384]]}