{"M_G1_M M_G1H1_M": [[-0.13758508827399718, 0.03840903121770633, 0.002722744033281045]], "M_G1_M M_G1H2_M": [[0.2028965686423624, 0.040861811207269054, 0.0028966169967432013]], "M_G1C3_M M_G1C3H1_M": [[-0.20676547641875662, 0.020510961273909268, 0.0014539834943728114]], "M_G1C3_M M_G1C3H2_M": [[-0.19143468042002026, 0.020632425547464636, 0.0014625938684331506]], "M_G1C4_M M_G1C4H1_M": [[-0.18218577355477733, 0.018841596156991304, 0.0013356453388048426]], "M_G1C4_M M_G1C4H2_M": [[-0.1839337055335083, 0.01824581382475582, 0.0012934114490450658]], "M_G1C5_M M_G1C5H1_M": [[-0.19516118978656563, 0.020147960726521426, 0.0014282510678277135]], "M_G1C5_M M_G1C5H2_M": [[-0.1987977551540646, 0.019163254412245742, 0.001358447087963407]], "M_G1C6_M M_G1C6H1_M": [[-0.20917269562473564, 0.02055352584370931, 0.001457000816725863]], "M_G1C6_M M_G1C6H2_M": [[-0.20918437505429804, 0.01968841711231774, 0.0013956748847286542]], "M_G1C7_M M_G1C7H1_M": [[-0.21361048006001454, 0.021855984617068155, 0.0015493296711990927]], "M_G1C7_M M_G1C7H2_M": [[-0.21362174045623442, 0.019932291083816087, 0.0014129626522072457]], "M_G1C8_M M_G1C8H1_M": [[-0.21204997500036854, 0.02063348158739055, 0.0014626687291186724]], "M_G1C8_M M_G1C8H2_M": [[-0.21194496411232008, 0.020626767967952063, 0.0014621928132549202]], "M_G1C9_M M_G1C9H1_M": [[-0.20336145224586796, 0.021174052015561814, 0.0015009887507700641]], "M_G1C9_M M_G1C9H2_M": [[-0.20479088396778983, 0.020867981028834255, 0.001479291953781112]], "M_G1C10_M M_G1C10H1_M": [[-0.19348164256865055, 0.02106717081252759, 0.0014934121431701]], "M_G1C10_M M_G1C10H2_M": [[-0.19524510686519211, 0.02105196034997496, 0.0014923339020677959]], "M_G1C11_M M_G1C11H1_M": [[-0.18102053261262918, 0.01996674936051329, 0.001415405334678008]], "M_G1C11_M M_G1C11H2_M": [[-0.1804533545797481, 0.019580165900231216, 0.0013880011597619032]], "M_G1C12_M M_G1C12H1_M": [[-0.16494461803373459, 0.018726497194062695, 0.0013274861896512384]], "M_G1C12_M M_G1C12H2_M": [[-0.16591473569340168, 0.018294004435698275, 0.0012968275908805634]], "M_G1C13_M M_G1C13H1_M": [[-0.14787973130233775, 0.016398723844858184, 0.0011624747119742]], "M_G1C13_M M_G1C13H2_M": [[-0.14879184304643442, 0.016789115011149797, 0.0011901488080127407]], "M_G1C14_M M_G1C14H1_M": [[-0.12981847751365272, 0.014261263862046373, 0.0010109541911469267]], "M_G1C14_M M_G1C14H2_M": [[-0.13035214312867488, 0.014487625208345928, 0.0010270005215401404]], "M_G1C15_M M_G1C15H1_M": [[-0.10808881350972101, 0.013642262471376752, 0.000967074345974955]], "M_G1C15_M M_G1C15H2_M": [[-0.1094032177090433, 0.012556903517145805, 0.0008901352896407729]], "M_G1C16_M M_G1C16H1_M": [[-0.08201164652961594, 0.011134587953045233, 0.0007893100125426004]], "M_G1C16_M M_G1C16H2_M": [[-0.08316145873322466, 0.011294260805068948, 0.0008006289209175694]], "M_G1C17_M M_G1C17H1_M": [[-0.021637053394635418, 0.009441056727698622, 0.0006692587669683055]], "M_G1C17_M M_G1C17H2_M": [[-0.02088200239942513, 0.010152246130449278, 0.0007196736470494099]], "M_G1C17_M M_G1C17H3_M": [[-0.02170205294154589, 0.009180093689463749, 0.0006507595876676482]], "M_G2_M M_G2H1_M": [[-0.23424335051930384, 0.026639751503565928, 0.0018884419146970443]], "M_G2C3_M M_G2C3H1_M": [[-0.24534829943003952, 0.01917294968668302, 0.0013591343677460056]], "M_G2C3_M M_G2C3H2_M": [[-0.21506008307450236, 0.02145928607885393, 0.0015212084574196582]], "M_G2C4_M M_G2C4H1_M": [[-0.2002688783393106, 0.02008807912874824, 0.0014240061739089853]], "M_G2C4_M M_G2C4H2_M": [[-0.19808514868234653, 0.01954225700037817, 0.0013853138691010665]], "M_G2C5_M M_G2C5H1_M": [[-0.19261614823702092, 0.019769311175698395, 0.0014014093128413838]], "M_G2C5_M M_G2C5H2_M": [[-0.19210653553778215, 0.021808245467429137, 0.0015459455326068746]], "M_G2C6_M M_G2C6H1_M": [[-0.2002733496171442, 0.020697638250448392, 0.001467216674380448]], "M_G2C6_M M_G2C6H2_M": [[-0.19994531529865242, 0.02154586534662774, 0.0015273458989864819]], "M_G2C7_M M_G2C7H1_M": [[-0.1825221098337241, 0.02242825759293523, 0.0015898970268717284]], "M_G2C7_M M_G2C7H2_M": [[-0.18300075843126898, 0.020695469519896273, 0.0014670629371477356]], "M_G2C8_M M_G2C8H1_M": [[-0.16558588323483556, 0.020406477838584437, 0.0014465768600191637]], "M_G2C8_M M_G2C8H2_M": [[-0.1652390904282134, 0.019749372427116337, 0.001399995892429263]], "M_G2C9_M M_G2C9H1_M": [[-0.10785493436280408, 0.023674574455636564, 0.0016782460868171214]], "M_G2C9_M M_G2C9H2_M": [[-0.10719303575000351, 0.02286109002489288, 0.001620579704465011]], "M_G2C10_M M_G2C10H1_M": [[-0.07174906100619462, 0.024062071008847438, 0.0017057149891747917]], "M_G2C11_M M_G2C11H1_M": [[-0.02739723443707178, 0.024832021653751653, 0.0017602953432704562]], "M_G2C12_M M_G2C12H1_M": [[-0.0534560860658212, 0.022666454497929332, 0.001606782357775876]], "M_G2C12_M M_G2C12H2_M": [[-0.053669326324196846, 0.02241392610212968, 0.0015888810944245481]], "M_G2C13_M M_G2C13H1_M": [[-0.09346012991391142, 0.018476098890102273, 0.0013097359245068877]], "M_G2C13_M M_G2C13H2_M": [[-0.09482584093129773, 0.018356410095762977, 0.0013012514108311642]], "M_G2C14_M M_G2C14H1_M": [[-0.10527005151691185, 0.016792789050895193, 0.0011904092537849374]], "M_G2C14_M M_G2C14H2_M": [[-0.10484060353031724, 0.017142476975759265, 0.0012151979735403882]], "M_G2C15_M M_G2C15H1_M": [[-0.1118768852367909, 0.015787051772390447, 0.0011191144283941125]], "M_G2C15_M M_G2C15H2_M": [[-0.11158394129365089, 0.015957502782055037, 0.0011311973801067046]], "M_G2C16_M M_G2C16H1_M": [[-0.10116937346033505, 0.015950481198570003, 0.001130699633250511]], "M_G2C16_M M_G2C16H2_M": [[-0.10072409965652565, 0.014173556286880766, 0.0010047367659897512]], "M_G2C17_M M_G2C17H1_M": [[-0.09080229645875683, 0.012881009206134792, 0.0009131105327768299]], "M_G2C17_M M_G2C17H2_M": [[-0.09163127426388092, 0.01387121063079141, 0.0009833040506879854]], "M_G2C18_M M_G2C18H1_M": [[-0.068272590932869, 0.012196517502939326, 0.0008645882024388889]], "M_G2C18_M M_G2C18H2_M": [[-0.06896766011463783, 0.012148271233948143, 0.0008611681151089262]], "M_G2C19_M M_G2C19H1_M": [[-0.020536130074301547, 0.010010647084534212, 0.0007096359568197797]], "M_G2C19_M M_G2C19H2_M": [[-0.021322650585764578, 0.010222162599331489, 0.0007246298941205249]], "M_G2C19_M M_G2C19H3_M": [[-0.021660500043429124, 0.010104497508627897, 0.0007162888369919871]], "M_G3_M M_G3H1_M": [[-0.3062635660495579, 0.015330496349188311, 0.0010867500725388504]], "M_G3_M M_G3H2_M": [[-0.2476807915115267, 0.023626863120157743, 0.001674863919918443]], "M_G3C4_M M_G3C4H1_M": [[0.04587616072615734, 0.02079030941561874, 0.0014737859591039963]], "M_G3C4_M M_G3C4H2_M": [[0.0459710844206267, 0.017486605626686982, 0.0012395926068151414]], "M_G3C5_M M_G3C5H1_M": [[-0.09118809704616578, 0.017549668922028895, 0.0012440630452945187]], "M_G3C5_M M_G3C5H2_M": [[-0.08859152673536555, 0.018979828346728213, 0.0013454443589280068]], "M_G3N6C1_M M_G3N6C1H1_M": [[0.011317358675473087, 0.013030379206295774, 0.0009236990913474511]], "M_G3N6C1_M M_G3N6C1H2_M": [[0.01081742413146494, 0.012422323637673233, 0.0008805951749277335]], "M_G3N6C1_M M_G3N6C1H3_M": [[0.012473563158060292, 0.011959686810338637, 0.0008477997197635154]], "M_G3N6C2_M M_G3N6C2H1_M": [[0.011375351179123203, 0.012963093583959159, 0.0009189293400432796]], "M_G3N6C2_M M_G3N6C2H2_M": [[0.010926224212784094, 0.013519221707754683, 0.0009583522174967992]], "M_G3N6C2_M M_G3N6C2H3_M": [[0.01156965072353771, 0.011696983333721649, 0.0008291771640571024]], "M_G3N6C3_M M_G3N6C3H1_M": [[0.01150374233249859, 0.013648568867814974, 0.0009675213945655938]], "M_G3N6C3_M M_G3N6C3H2_M": [[0.01141146091304166, 0.013205351215507383, 0.0009361025282207167]], "M_G3N6C3_M M_G3N6C3H3_M": [[0.01269037618492357, 0.013301460126608775, 0.000942915508292076]]}