{"M_G1_M M_G1H1_M": [[-0.2219776048815214, 0.03443209478932049, 0.003055354344413619]], "M_G1_M M_G1H2_M": [[-0.031542428476831835, 0.031871591034221505, 0.0028281463769664703]], "M_G1C3_M M_G1C3H1_M": [[-0.22606332526242967, 0.018603906075433826, 0.0016508297156602194]], "M_G1C3_M M_G1C3H2_M": [[-0.23001372766425038, 0.01790544652794943, 0.0015888514530578081]], "M_G1C4_M M_G1C4H1_M": [[-0.15707802899325668, 0.01759279866008977, 0.0015611084409877744]], "M_G1C4_M M_G1C4H2_M": [[-0.15542018028259075, 0.015524958869990543, 0.0013776173311703544]], "M_G1C5_M M_G1C5H1_M": [[-0.19706119722001805, 0.015989763145113398, 0.0014188620410838246]], "M_G1C5_M M_G1C5H2_M": [[-0.19238500634271072, 0.01606997494594053, 0.0014259796874434192]], "M_G1C6_M M_G1C6H1_M": [[-0.1909118601469879, 0.01449750715528841, 0.001286445734455186]], "M_G1C6_M M_G1C6H2_M": [[-0.18935206614591749, 0.01515220831313163, 0.0013445410678686305]], "M_G1C7_M M_G1C7H1_M": [[-0.20268175918984224, 0.015666214686611977, 0.0013901517580075461]], "M_G1C7_M M_G1C7H2_M": [[-0.201346063689068, 0.014679265816247553, 0.001302574207549671]], "M_G1C8_M M_G1C8H1_M": [[-0.18835703617376442, 0.01558769808776326, 0.0013831845364989839]], "M_G1C8_M M_G1C8H2_M": [[-0.1888469865291484, 0.014906622527290797, 0.001322748853300037]], "M_G1C9_M M_G1C9H1_M": [[-0.18746322857088263, 0.015299612981121563, 0.0013576211170345494]], "M_G1C9_M M_G1C9H2_M": [[-0.18837209540185007, 0.014832958278553916, 0.0013162122082372451]], "M_G1C10_M M_G1C10H1_M": [[-0.16959585413400288, 0.01520241454928503, 0.0013489961509150308]], "M_G1C10_M M_G1C10H2_M": [[-0.1688547335363156, 0.014738569460638824, 0.0013078365550379402]], "M_G1C11_M M_G1C11H1_M": [[-0.16172634194057756, 0.014855832243163438, 0.0013182419443764865]], "M_G1C11_M M_G1C11H2_M": [[-0.16187806502611884, 0.014269588078323094, 0.0012662211867986572]], "M_G1C12_M M_G1C12H1_M": [[-0.14063079920430388, 0.014232198058714087, 0.0012629033590699323]], "M_G1C12_M M_G1C12H2_M": [[-0.1409092503143991, 0.013820511385106116, 0.0012263720741033423]], "M_G1C13_M M_G1C13H1_M": [[-0.1293576527801684, 0.01237030260648361, 0.001097686854131035]], "M_G1C13_M M_G1C13H2_M": [[-0.13029044037371051, 0.012400291528633327, 0.0011003479406590277]], "M_G1C14_M M_G1C14H1_M": [[-0.10777005539774251, 0.010556176259016267, 0.0009367091717981925]], "M_G1C14_M M_G1C14H2_M": [[-0.10860042664087281, 0.0112901469234865, 0.0010018385364820056]], "M_G1C15_M M_G1C15H1_M": [[-0.09281105424396154, 0.008928167760871039, 0.0007922467779768006]], "M_G1C15_M M_G1C15H2_M": [[-0.0937313610115508, 0.009513712699995684, 0.0008442054893055921]], "M_G1C16_M M_G1C16H1_M": [[-0.06559517203060644, 0.00742264065349704, 0.0006586528500937275]], "M_G1C16_M M_G1C16H2_M": [[-0.06594376284361132, 0.007344176641574364, 0.0006516902949202785]], "M_G1C17_M M_G1C17H1_M": [[-0.021672461880171717, 0.0043901427804546094, 0.0003895621773502555]], "M_G1C17_M M_G1C17H2_M": [[-0.02187916864314786, 0.004261935492159667, 0.0003781856201679449]], "M_G1C17_M M_G1C17H3_M": [[-0.021815897469352995, 0.004646581261985224, 0.00041231741293535295]], "M_G2_M M_G2H1_M": [[-0.20543178907231402, 0.04288529198019871, 0.003805454299683999]], "M_G2C3_M M_G2C3H1_M": [[-0.22606332526242967, 0.018603906075433826, 0.0016508297156602194]], "M_G2C3_M M_G2C3H2_M": [[-0.23001372766425038, 0.01790544652794943, 0.0015888514530578081]], "M_G2C4_M M_G2C4H1_M": [[-0.15707802899325668, 0.01759279866008977, 0.0015611084409877744]], "M_G2C4_M M_G2C4H2_M": [[-0.15542018028259075, 0.015524958869990543, 0.0013776173311703544]], "M_G2C5_M M_G2C5H1_M": [[-0.19706119722001805, 0.015989763145113398, 0.0014188620410838246]], "M_G2C5_M M_G2C5H2_M": [[-0.19238500634271072, 0.01606997494594053, 0.0014259796874434192]], "M_G2C6_M M_G2C6H1_M": [[-0.1909118601469879, 0.01449750715528841, 0.001286445734455186]], "M_G2C6_M M_G2C6H2_M": [[-0.18935206614591749, 0.01515220831313163, 0.0013445410678686305]], "M_G2C7_M M_G2C7H1_M": [[-0.20268175918984224, 0.015666214686611977, 0.0013901517580075461]], "M_G2C7_M M_G2C7H2_M": [[-0.201346063689068, 0.014679265816247553, 0.001302574207549671]], "M_G2C8_M M_G2C8H1_M": [[-0.18835703617376442, 0.01558769808776326, 0.0013831845364989839]], "M_G2C8_M M_G2C8H2_M": [[-0.1888469865291484, 0.014906622527290797, 0.001322748853300037]], "M_G2C9_M M_G2C9H1_M": [[-0.18746322857088263, 0.015299612981121563, 0.0013576211170345494]], "M_G2C9_M M_G2C9H2_M": [[-0.18837209540185007, 0.014832958278553916, 0.0013162122082372451]], "M_G2C10_M M_G2C10H1_M": [[-0.16959585413400288, 0.01520241454928503, 0.0013489961509150308]], "M_G2C11_M M_G2C11H1_M": [[-0.16172634194057756, 0.014855832243163438, 0.0013182419443764865]], "M_G2C12_M M_G2C12H1_M": [[-0.14063079920430388, 0.014232198058714087, 0.0012629033590699323]], "M_G2C12_M M_G2C12H2_M": [[-0.1409092503143991, 0.013820511385106116, 0.0012263720741033423]], "M_G2C13_M M_G2C13H1_M": [[-0.1293576527801684, 0.01237030260648361, 0.001097686854131035]], "M_G2C13_M M_G2C13H2_M": [[-0.13029044037371051, 0.012400291528633327, 0.0011003479406590277]], "M_G2C14_M M_G2C14H1_M": [[-0.10777005539774251, 0.010556176259016267, 0.0009367091717981925]], "M_G2C14_M M_G2C14H2_M": [[-0.10860042664087281, 0.0112901469234865, 0.0010018385364820056]], "M_G2C15_M M_G2C15H1_M": [[-0.09281105424396154, 0.008928167760871039, 0.0007922467779768006]], "M_G2C15_M M_G2C15H2_M": [[-0.0937313610115508, 0.009513712699995684, 0.0008442054893055921]], "M_G2C16_M M_G2C16H1_M": [[-0.06559517203060644, 0.00742264065349704, 0.0006586528500937275]], "M_G2C16_M M_G2C16H2_M": [[-0.06594376284361132, 0.007344176641574364, 0.0006516902949202785]], "M_G2C17_M M_G2C17H1_M": [[-0.021672461880171717, 0.0043901427804546094, 0.0003895621773502555]], "M_G2C17_M M_G2C17H2_M": [[-0.02187916864314786, 0.004261935492159667, 0.0003781856201679449]], "M_G2C18_M M_G2C18H1_M": [[-0.06349340977778845, 0.007787220075612527, 0.0006910040424350618]], "M_G2C18_M M_G2C18H2_M": [[-0.06367564568796448, 0.0077561314772897644, 0.0006882453754260292]], "M_G2C19_M M_G2C19H1_M": [[-0.02062706585697292, 0.00482419765334137, 0.0004280783190402406]], "M_G2C19_M M_G2C19H2_M": [[-0.02074325086145306, 0.004409608352762849, 0.0003912894675799781]], "M_G2C19_M M_G2C19H3_M": [[-0.020549513251512372, 0.004149819118578867, 0.0003682369007770398]], "M_G3_M M_G3H1_M": [[-0.15360554499154594, 0.04803769541252676, 0.004262656172165421]], "M_G3_M M_G3H2_M": [[-0.18250928204925104, 0.027953445328805053, 0.0024804671673122622]], "M_G3C4_M M_G3C4H1_M": [[0.015582510416301484, 0.010773816752013355, 0.0009560216426155423]], "M_G3C4_M M_G3C4H2_M": [[0.015402307357605812, 0.010372622465595902, 0.0009204214064562344]], "M_G3C5_M M_G3C5H1_M": [[-0.04030226051339694, 0.008906077949970491, 0.0007902866242273634]], "M_G3C5_M M_G3C5H2_M": [[-0.04252833524793865, 0.00901906160220759, 0.000800312302154383]], "M_G3N6C1_M M_G3N6C1H1_M": [[0.011444777293685936, 0.0038118874516139016, 0.00033825031433511974]], "M_G3N6C1_M M_G3N6C1H2_M": [[0.01036230444033357, 0.004593677937457089, 0.00040762300199637363]], "M_G3N6C1_M M_G3N6C1H3_M": [[0.010584844958561695, 0.004418223727373781, 0.000392053958454185]], "M_G3N6C2_M M_G3N6C2H1_M": [[0.0106654592884337, 0.004506934509391415, 0.00039992576744205915]], "M_G3N6C2_M M_G3N6C2H2_M": [[0.011194839934205553, 0.004711467433899045, 0.00041807512963723515]], "M_G3N6C2_M M_G3N6C2H3_M": [[0.009919409235296855, 0.004735946134902516, 0.0004202472631049832]], "M_G3N6C3_M M_G3N6C3H1_M": [[0.010365087355704919, 0.003863456335283946, 0.0003428263127959133]], "M_G3N6C3_M M_G3N6C3H2_M": [[0.010697525720481323, 0.0038814931541682946, 0.000344426821660532]], "M_G3N6C3_M M_G3N6C3H3_M": [[0.010416793713860121, 0.004726865674922067, 0.00041944150257776884]]}