{"headgroup": 0.5026965249099482, "tails": 0.5108051739046828, "total": 0.508102290906438}