{"M_G1_M M_G1H1_M": [[-0.032440982020654936, 0.045932803724436436, 0.003256090125358988]], "M_G1_M M_G1H2_M": [[-0.15953677862853446, 0.02990030770224871, 0.0021195766154090095]], "M_G1C3_M M_G1C3H1_M": [[-0.2876821471780528, 0.01673486852189136, 0.0011863033763454417]], "M_G1C3_M M_G1C3H2_M": [[-0.2894839768595911, 0.014261728281121362, 0.0010109871129422774]], "M_G1C4_M M_G1C4H1_M": [[-0.28688446975025755, 0.014213230002805076, 0.0010075491611449094]], "M_G1C4_M M_G1C4H2_M": [[-0.29434335997660327, 0.012229971027284186, 0.000866959659903825]], "M_G1C5_M M_G1C5H1_M": [[-0.34184359359321914, 0.011543598855162452, 0.0008183040266580405]], "M_G1C5_M M_G1C5H2_M": [[-0.3428839270562831, 0.010865568469415443, 0.0007702397269699799]], "M_G1C6_M M_G1C6H1_M": [[-0.35611055706269584, 0.011910548097778507, 0.0008443163687862971]], "M_G1C6_M M_G1C6H2_M": [[-0.35711340931522334, 0.011757574506463581, 0.0008334723584117193]], "M_G1C7_M M_G1C7H1_M": [[-0.3739107774839511, 0.010317023792080002, 0.0007313544257829343]], "M_G1C7_M M_G1C7H2_M": [[-0.37345975701336953, 0.010658493308407199, 0.000755560558003698]], "M_G1C8_M M_G1C8H1_M": [[-0.3750752176294553, 0.010398792891392155, 0.0007371508835482187]], "M_G1C8_M M_G1C8H2_M": [[-0.3755313241552731, 0.010604359166583813, 0.0007517230904349126]], "M_G1C9_M M_G1C9H1_M": [[-0.3736576816055796, 0.00879044502367566, 0.0006231381260942731]], "M_G1C9_M M_G1C9H2_M": [[-0.3730083536215378, 0.009199428524854957, 0.0006521301978087239]], "M_G1C10_M M_G1C10H1_M": [[-0.35969648178236524, 0.008169050833925278, 0.0005790886598927303]], "M_G1C10_M M_G1C10H2_M": [[-0.35997185005995663, 0.008271398340139922, 0.0005863438822462338]], "M_G1C11_M M_G1C11H1_M": [[-0.34498031202122165, 0.007239517333198904, 0.0005131957770836774]], "M_G1C11_M M_G1C11H2_M": [[-0.3456315130237229, 0.0076240704465873835, 0.0005404560245245305]], "M_G1C12_M M_G1C12H1_M": [[-0.31881304241576475, 0.008144291681413828, 0.000577333530106]], "M_G1C12_M M_G1C12H2_M": [[-0.3190595367601322, 0.008760002583339827, 0.0006209801187154072]], "M_G1C13_M M_G1C13H1_M": [[-0.2928793004721173, 0.008574582166174745, 0.0006078360138400941]], "M_G1C13_M M_G1C13H2_M": [[-0.2935026269904943, 0.009452371113943585, 0.0006700608225438314]], "M_G1C14_M M_G1C14H1_M": [[-0.25469790333387665, 0.00976943526172164, 0.0006925369040580164]], "M_G1C14_M M_G1C14H2_M": [[-0.2553264077632079, 0.010403708572473792, 0.0007374993469410775]], "M_G1C15_M M_G1C15H1_M": [[-0.21368069991486724, 0.009757654854722575, 0.0006917018131471178]], "M_G1C15_M M_G1C15H2_M": [[-0.21377924488862393, 0.009933507247251953, 0.0007041676587391002]], "M_G1C16_M M_G1C16H1_M": [[-0.14967698611321395, 0.010008545038687275, 0.0007094869467404837]], "M_G1C16_M M_G1C16H2_M": [[-0.14980197505760473, 0.009124206465283074, 0.0006467978473854714]], "M_G1C17_M M_G1C17H1_M": [[-0.04395040153912004, 0.006927987901201863, 0.0004911120411687149]], "M_G1C17_M M_G1C17H2_M": [[-0.04390204394259307, 0.0073277389753235115, 0.0005194496434813879]], "M_G1C17_M M_G1C17H3_M": [[-0.04338129366301615, 0.006622774968354535, 0.00046947607000662065]], "M_G2_M M_G2H1_M": [[0.006614035804516503, 0.04157350302666931, 0.002947067492196304]], "M_G2C3_M M_G2C3H1_M": [[-0.1783336621571543, 0.02872025673949922, 0.0020359250205644985]], "M_G2C3_M M_G2C3H2_M": [[-0.1777380753230859, 0.026341364978201904, 0.0018672898547312142]], "M_G2C4_M M_G2C4H1_M": [[-0.27200425252788535, 0.01809571757849435, 0.0012827714082533602]], "M_G2C4_M M_G2C4H2_M": [[-0.23736230258553634, 0.021340267724280153, 0.0015127714699588212]], "M_G2C5_M M_G2C5H1_M": [[-0.28755098185755296, 0.01780190207882843, 0.0012619433797080297]], "M_G2C5_M M_G2C5H2_M": [[-0.2868798134367958, 0.01906642798855732, 0.0013515832447733175]], "M_G2C6_M M_G2C6H1_M": [[-0.32156020350334125, 0.016706439899779997, 0.0011842881247555387]], "M_G2C6_M M_G2C6H2_M": [[-0.320109029377126, 0.017679112200962802, 0.0012532390360496084]], "M_G2C7_M M_G2C7H1_M": [[-0.3196301216453991, 0.018260500515515917, 0.0012944525609494262]], "M_G2C7_M M_G2C7H2_M": [[-0.31948899286209, 0.01828782059273498, 0.0012963892298754232]], "M_G2C8_M M_G2C8H1_M": [[-0.3205941578244328, 0.016673112746824745, 0.001181925625520897]], "M_G2C8_M M_G2C8H2_M": [[-0.32065304687840723, 0.017075214158140298, 0.001210429838819789]], "M_G2C9_M M_G2C9H1_M": [[-0.24655506422509912, 0.017762377859789343, 0.0012591415821060856]], "M_G2C9_M M_G2C9H2_M": [[-0.24639895513593837, 0.017868760851760306, 0.0012666828724601624]], "M_G2C10_M M_G2C10H1_M": [[-0.1651770213651335, 0.015309947268343171, 0.0010852933868197188]], "M_G2C11_M M_G2C11H1_M": [[-0.0777981883627767, 0.010875497603036376, 0.0007709435845905695]], "M_G2C12_M M_G2C12H1_M": [[-0.19743089789059906, 0.010000670445228899, 0.0007089287316105113]], "M_G2C12_M M_G2C12H2_M": [[-0.19818312109253924, 0.009905765886845457, 0.0007022011258397474]], "M_G2C13_M M_G2C13H1_M": [[-0.2739788905112006, 0.009119266162529527, 0.0006464476386085674]], "M_G2C13_M M_G2C13H2_M": [[-0.2747663861439555, 0.009324005372575207, 0.000660961216401531]], "M_G2C14_M M_G2C14H1_M": [[-0.27091617451190264, 0.009850968248541678, 0.0006983166242525081]], "M_G2C14_M M_G2C14H2_M": [[-0.2709031613830137, 0.01047324361786211, 0.0007424285556175956]], "M_G2C15_M M_G2C15H1_M": [[-0.2733934987605736, 0.010341474951902373, 0.0007330877225468076]], "M_G2C15_M M_G2C15H2_M": [[-0.27311087429584674, 0.01028727378041493, 0.0007292455033711194]], "M_G2C16_M M_G2C16H1_M": [[-0.23549340232893073, 0.012318437737779075, 0.000873230898737699]], "M_G2C16_M M_G2C16H2_M": [[-0.23508482308744694, 0.012500037719451806, 0.0008861041801214647]], "M_G2C17_M M_G2C17H1_M": [[-0.20763294302082222, 0.012267272908453872, 0.0008696039201510894]], "M_G2C17_M M_G2C17H2_M": [[-0.20751946887415226, 0.011926398095663357, 0.0008454399453462963]], "M_G2C18_M M_G2C18H1_M": [[-0.13705224806787966, 0.011486907880957544, 0.0008142853100472934]], "M_G2C18_M M_G2C18H2_M": [[-0.13715914160464482, 0.011523594362535179, 0.0008168859457741204]], "M_G2C19_M M_G2C19H1_M": [[-0.05379317294562667, 0.006527284850993864, 0.00046270695506051864]], "M_G2C19_M M_G2C19H2_M": [[-0.05378073323809785, 0.006582303963098447, 0.00046660715650923717]], "M_G2C19_M M_G2C19H3_M": [[-0.05322578337808712, 0.006720555736641115, 0.0004764075648915838]], "M_G3_M M_G3H1_M": [[0.030433078398436633, 0.041333741020234814, 0.002930071214192654]], "M_G3_M M_G3H2_M": [[0.0659695986554211, 0.04690954383446804, 0.003325329395976906]], "M_G3C4_M M_G3C4H1_M": [[0.06044011444917914, 0.01274822540920406, 0.000903697738979446]], "M_G3C4_M M_G3C4H2_M": [[0.046456242589917845, 0.015019387496932539, 0.0010646961507312673]], "M_G3C5_M M_G3C5H1_M": [[-0.01460046674000886, 0.010238913441752158, 0.0007258173298565318]], "M_G3C5_M M_G3C5H2_M": [[-0.03860823788794138, 0.010078897583757226, 0.0007144741064329427]], "M_G3N6C1_M M_G3N6C1H1_M": [[0.013266891820057943, 0.009011175657646876, 0.00063878530587345]], "M_G3N6C1_M M_G3N6C1H2_M": [[0.013468717797890894, 0.00865167223445959, 0.0006133007838900876]], "M_G3N6C1_M M_G3N6C1H3_M": [[0.014800770191997737, 0.007508515086323808, 0.000532264522221649]], "M_G3N6C2_M M_G3N6C2H1_M": [[0.013943040452846394, 0.007659830571030445, 0.0005429909925351751]], "M_G3N6C2_M M_G3N6C2H2_M": [[0.012655839185515915, 0.008477612940721784, 0.000600962047701312]], "M_G3N6C2_M M_G3N6C2H3_M": [[0.014494581154803203, 0.008745696643935456, 0.0006199659975590325]], "M_G3N6C3_M M_G3N6C3H1_M": [[0.014616647389814845, 0.00810269509441403, 0.000574384826234335]], "M_G3N6C3_M M_G3N6C3H2_M": [[0.013621280549746696, 0.008329173018448157, 0.0005904394206040448]], "M_G3N6C3_M M_G3N6C3H3_M": [[0.012968535549373064, 0.00766606393617237, 0.0005434328640744816]]}