{"sn-1": 0.4823450803434129, "sn-2": 0.6733127928381457, "headgroup": 0.6831924556324407, "total": 0.6129501096046664}