{"10.1039/c2cp42738a": {"M_G1_M M_G1H1_M": [-0.1725694333200085, 0.0291143213030845, 0.0025834782525524266, -0.14991575, 0.02, 0.8176734685417932], "M_G1_M M_G1H2_M": [-0.03845440239523808, 0.022906763202130653, 0.002032646543706414, 0.0, 0.02, 19.261319521077482], "M_G1C3_M M_G1C3H1_M": [-0.23448017277077365, 0.015616102520751017, 0.00138570502234978, -0.20987741, 0.02, 3.3491984522779306], "M_G1C3_M M_G1C3H2_M": [-0.20279075633377036, 0.01684124718735922, 0.001494419031838902, -0.20987741, 0.02, 0.0], "M_G1C4_M M_G1C4H1_M": [-0.17615610085976546, 0.012889927680243272, 0.0011437961232966816, -0.18840908, 0.02, 2.737581028433427e-12], "M_G1C4_M M_G1C4H2_M": [-0.16330526015167918, 0.01233667580030253, 0.0010947029575954694, -0.18840908, 0.02, 5.805882660168077], "M_G1C5_M M_G1C5H1_M": [-0.20409651533314693, 0.011626196829758921, 0.0010316581436639566, -0.18619612, 0.02, 0.00918033189976711], "M_G1C5_M M_G1C5H2_M": [-0.20141801043969187, 0.011818229373001324, 0.0010486982763905442, -0.18619612, 0.02, 1.130907382740583e-06], "M_G1C6_M M_G1C6H1_M": [-0.2046182398556927, 0.01218281499903732, 0.0010810500192408032, -0.20173615, 0.02, 0.0], "M_G1C6_M M_G1C6H2_M": [-0.20123240857105246, 0.01174659136362858, 0.0010423414309966926, -0.20173615, 0.02, 0.0], "M_G1C7_M M_G1C7H1_M": [-0.21668914801918984, 0.011334131174155129, 0.0010057415075962655, -0.19581075, 0.02, 0.718450684118617], "M_G1C7_M M_G1C7H2_M": [-0.21525264287618368, 0.012092260188235995, 0.0010730145791584531, -0.19581075, 0.02, 0.15582517642229043], "M_G1C8_M M_G1C8H1_M": [-0.20713355754782892, 0.011569622006576612, 0.0010266379399019678, -0.19507116, 0.02, 2.314385919727895e-15], "M_G1C8_M M_G1C8H2_M": [-0.20655666943553652, 0.01205001489877938, 0.0010692659158993037, -0.19507116, 0.02, 3.8573098662131503e-16], "M_G1C9_M M_G1C9H1_M": [-0.2060162299093065, 0.011707474637420879, 0.0010388703828339474, -0.18174699, 0.02, 4.702772245350707], "M_G1C9_M M_G1C9H2_M": [-0.2054870616668359, 0.012107590092545637, 0.001074374888196242, -0.18174699, 0.02, 3.6027155647291407], "M_G1C10_M M_G1C10H1_M": [-0.1901918177578757, 0.011341138390251217, 0.0010063632974778405, -0.17434532, 0.02, 7.972506877764043e-06], "M_G1C10_M M_G1C10H2_M": [-0.1895514524531804, 0.012096184293033682, 0.001073362787152039, -0.17434532, 0.02, 1.728845043785614e-06], "M_G1C11_M M_G1C11H1_M": [-0.18280142195930216, 0.011349601846564064, 0.0010071143077829768, -0.14991285, 0.02, 37.07248312443303], "M_G1C11_M M_G1C11H2_M": [-0.18184968006498178, 0.011094514439778682, 0.0009844789606948683, -0.14991285, 0.02, 33.40983652541763], "M_G1C12_M M_G1C12H1_M": [-0.16463341172342527, 0.010034399555408816, 0.0008904089763574171, -0.13658578, 0.02, 19.098608844025044], "M_G1C12_M M_G1C12H2_M": [-0.16303181010189438, 0.010455524626728979, 0.0009277777836888443, -0.13658578, 0.02, 11.731676890001705], "M_G1C13_M M_G1C13H1_M": [-0.1532252091048117, 0.009747338705679396, 0.000864936444996825, -0.11585704, 0.02, 89.26056066576244], "M_G1C13_M M_G1C13H2_M": [-0.15164099799493208, 0.009039734114103281, 0.0008021466909540454, -0.11585704, 0.02, 85.77142773185012], "M_G1C14_M M_G1C14H1_M": [-0.1322313045334974, 0.008415465427434864, 0.0007467518026800585, -0.10623371, 0.02, 15.317729788602762], "M_G1C14_M M_G1C14H2_M": [-0.13107656849780736, 0.007928432253405289, 0.0007035345969523851, -0.10623371, 0.02, 11.534958737949568], "M_G1C15_M M_G1C15H1_M": [-0.11537024793234318, 0.00741825710017184, 0.0006582638726359786, -0.08994829, 0.02, 16.053191671107847], "M_G1C16_M M_G1C16H1_M": [-0.08668093789116946, 0.005801734848412717, 0.0005148207183645335, -0.06699789, 0.02, 0.13611887674332332], "M_G1C16_M M_G1C16H2_M": [-0.08691425886319748, 0.006173659143777065, 0.000547823662814689, -0.06699789, 0.02, 0.25129495253818945], "M_G1C17_M M_G1C17H1_M": [-0.029699085890202995, 0.004582511928304024, 0.00040663217890575634, -0.01813583, 0.02, 0.0], "M_G1C17_M M_G1C17H2_M": [-0.029519815426518152, 0.0045317228145572135, 0.0004021253738366856, -0.01813583, 0.02, 0.0], "M_G1C17_M M_G1C17H3_M": [-0.029958781210285893, 0.004651307629802571, 0.0004127368102602147, -0.01813583, 0.02, 0.0], "M_G2_M M_G2H1_M": [-0.1947108399282632, 0.024475779357270834, 0.0021718742135706823, -0.20691616, 0.02, 7.211024748527788e-05], "M_G2C3_M M_G2C3H1_M": [-0.07338719026422497, 0.01774570397383134, 0.0015746765935350639, -0.0795825, 0.02, 0.0], "M_G2C3_M M_G2C3H2_M": [-0.1076736320788994, 0.01657414004473283, 0.0014707171056667957, -0.122519, 0.02, 9.922095151187407e-05], "M_G2C4_M M_G2C4H1_M": [-0.19939937814446457, 0.013577597193270875, 0.0012048169251678868, -0.180265, 0.02, 0.1170399782985132], "M_G2C4_M M_G2C4H2_M": [-0.2057685010582574, 0.01269931385366201, 0.0011268818813165219, -0.180265, 0.02, 6.283812639745735], "M_G2C5_M M_G2C5H1_M": [-0.19663325451946267, 0.012167593863373004, 0.0010796993618595596, -0.186187, 0.02, 0.0], "M_G2C5_M M_G2C5H2_M": [-0.19917883948032938, 0.012454774534337397, 0.0011051825256354337, -0.186187, 0.02, 4.951238122916101e-11], "M_G2C6_M M_G2C6H1_M": [-0.20853448870930413, 0.012681927918699907, 0.0011253391290604311, -0.193592, 0.02, 1.5163075979919174e-06], "M_G2C6_M M_G2C6H2_M": [-0.20732671939864203, 0.012910830382884094, 0.001145650938221954, -0.193592, 0.02, 9.841459066709328e-09], "M_G2C7_M M_G2C7H1_M": [-0.18478545959379267, 0.011982410975180135, 0.0010632670377325177, -0.166198, 0.02, 0.04191798816476798], "M_G2C7_M M_G2C7H2_M": [-0.18487759113572766, 0.013432718124680006, 0.0011919609867086615, -0.166198, 0.02, 0.06247325564280918], "M_G2C8_M M_G2C8H1_M": [-0.1759688094520073, 0.011685233041197039, 0.0010368967603150445, -0.154356, 0.02, 1.2224057626300664], "M_G2C8_M M_G2C8H2_M": [-0.17600777593192649, 0.011847617754056858, 0.0010513060735136272, -0.154356, 0.02, 1.2360325079281052], "M_G2C9_M M_G2C9H1_M": [-0.10073196384333595, 0.011729660573636442, 0.0010408390663257845, -0.1203, 0.02, 0.1798415481657943], "M_G2C9_M M_G2C9H2_M": [-0.10215137876672732, 0.011450993840286633, 0.0010161113923462168, -0.1203, 0.02, 0.015124362499050442], "M_G2C10_M M_G2C10H1_M": [-0.057532287498693706, 0.01321148722962299, 0.001172329919227382, -0.108455, 0.02, Infinity], "M_G2C11_M M_G2C11H1_M": [-0.04710699800945324, 0.01335424634769475, 0.00118499774249733, -0.0225792, 0.02, 4.177350472309409], "M_G2C12_M M_G2C12H1_M": [-0.07512902033672363, 0.010489598955462547, 0.000930801391429416, -0.0581141, 0.02, 0.0002913512111021846], "M_G2C12_M M_G2C12H2_M": [-0.07549753176850985, 0.01275149389205561, 0.0011315121109895362, -0.0581141, 0.02, 0.004529945308608184], "M_G2C13_M M_G2C13H1_M": [-0.1163436702918123, 0.010055086262638981, 0.0008922446247893244, -0.0995716, 0.02, 6.453230319880387e-05], "M_G2C13_M M_G2C13H2_M": [-0.11640140259463694, 0.011647194011701424, 0.0010335213422715639, -0.0995716, 0.02, 0.000469178123707428], "M_G2C14_M M_G2C14H1_M": [-0.12268751424071288, 0.009935875481655846, 0.000881666378539528, -0.106234, 0.02, 1.2505350650315263e-05], "M_G2C14_M M_G2C14H2_M": [-0.12245739534445203, 0.010518265711485111, 0.0009333451546854625, -0.106234, 0.02, 1.1298561870534382e-05], "M_G2C15_M M_G2C15H1_M": [-0.12707869172005598, 0.009392145381630874, 0.0008334181341772646, -0.0943887, 0.02, 51.92793385930634], "M_G2C15_M M_G2C15H2_M": [-0.12684235191449894, 0.009374485097504381, 0.0008318510373694865, -0.0943887, 0.02, 50.245729784381474], "M_G2C16_M M_G2C16H1_M": [-0.11575079123314375, 0.008193387935508407, 0.0007270456118744839, -0.0943887, 0.02, 1.515665825572538], "M_G2C16_M M_G2C16H2_M": [-0.11597787153857736, 0.008028229824909867, 0.0007123901994222359, -0.0943887, 0.02, 1.891147014027868], "M_G2C17_M M_G2C17H1_M": [-0.10508322481724841, 0.006871520948311114, 0.0006097488843073055, -0.0899483, 0.02, 3.375146132936506e-16], "M_G2C17_M M_G2C17H2_M": [-0.1052320930240463, 0.007574495577079665, 0.0006721277955865204, -0.0899483, 0.02, 4.92819551782337e-13],