{"M_G1_M M_G1H1_M": [[-0.1725694333200085, 0.0291143213030845, 0.0025834782525524266]], "M_G1_M M_G1H2_M": [[-0.03845440239523808, 0.022906763202130653, 0.002032646543706414]], "M_G1C3_M M_G1C3H1_M": [[-0.23448017277077365, 0.015616102520751017, 0.00138570502234978]], "M_G1C3_M M_G1C3H2_M": [[-0.20279075633377036, 0.01684124718735922, 0.001494419031838902]], "M_G1C4_M M_G1C4H1_M": [[-0.17615610085976546, 0.012889927680243272, 0.0011437961232966816]], "M_G1C4_M M_G1C4H2_M": [[-0.16330526015167918, 0.01233667580030253, 0.0010947029575954694]], "M_G1C5_M M_G1C5H1_M": [[-0.20409651533314693, 0.011626196829758921, 0.0010316581436639566]], "M_G1C5_M M_G1C5H2_M": [[-0.20141801043969187, 0.011818229373001324, 0.0010486982763905442]], "M_G1C6_M M_G1C6H1_M": [[-0.2046182398556927, 0.01218281499903732, 0.0010810500192408032]], "M_G1C6_M M_G1C6H2_M": [[-0.20123240857105246, 0.01174659136362858, 0.0010423414309966926]], "M_G1C7_M M_G1C7H1_M": [[-0.21668914801918984, 0.011334131174155129, 0.0010057415075962655]], "M_G1C7_M M_G1C7H2_M": [[-0.21525264287618368, 0.012092260188235995, 0.0010730145791584531]], "M_G1C8_M M_G1C8H1_M": [[-0.20713355754782892, 0.011569622006576612, 0.0010266379399019678]], "M_G1C8_M M_G1C8H2_M": [[-0.20655666943553652, 0.01205001489877938, 0.0010692659158993037]], "M_G1C9_M M_G1C9H1_M": [[-0.2060162299093065, 0.011707474637420879, 0.0010388703828339474]], "M_G1C9_M M_G1C9H2_M": [[-0.2054870616668359, 0.012107590092545637, 0.001074374888196242]], "M_G1C10_M M_G1C10H1_M": [[-0.1901918177578757, 0.011341138390251217, 0.0010063632974778405]], "M_G1C10_M M_G1C10H2_M": [[-0.1895514524531804, 0.012096184293033682, 0.001073362787152039]], "M_G1C11_M M_G1C11H1_M": [[-0.18280142195930216, 0.011349601846564064, 0.0010071143077829768]], "M_G1C11_M M_G1C11H2_M": [[-0.18184968006498178, 0.011094514439778682, 0.0009844789606948683]], "M_G1C12_M M_G1C12H1_M": [[-0.16463341172342527, 0.010034399555408816, 0.0008904089763574171]], "M_G1C12_M M_G1C12H2_M": [[-0.16303181010189438, 0.010455524626728979, 0.0009277777836888443]], "M_G1C13_M M_G1C13H1_M": [[-0.1532252091048117, 0.009747338705679396, 0.000864936444996825]], "M_G1C13_M M_G1C13H2_M": [[-0.15164099799493208, 0.009039734114103281, 0.0008021466909540454]], "M_G1C14_M M_G1C14H1_M": [[-0.1322313045334974, 0.008415465427434864, 0.0007467518026800585]], "M_G1C14_M M_G1C14H2_M": [[-0.13107656849780736, 0.007928432253405289, 0.0007035345969523851]], "M_G1C15_M M_G1C15H1_M": [[-0.11537024793234318, 0.00741825710017184, 0.0006582638726359786]], "M_G1C15_M M_G1C15H2_M": [[-0.11480220155006769, 0.006912226710902665, 0.0006133609366479415]], "M_G1C16_M M_G1C16H1_M": [[-0.08668093789116946, 0.005801734848412717, 0.0005148207183645335]], "M_G1C16_M M_G1C16H2_M": [[-0.08691425886319748, 0.006173659143777065, 0.000547823662814689]], "M_G1C17_M M_G1C17H1_M": [[-0.029699085890202995, 0.004582511928304024, 0.00040663217890575634]], "M_G1C17_M M_G1C17H2_M": [[-0.029519815426518152, 0.0045317228145572135, 0.0004021253738366856]], "M_G1C17_M M_G1C17H3_M": [[-0.029958781210285893, 0.004651307629802571, 0.0004127368102602147]], "M_G2_M M_G2H1_M": [[-0.1947108399282632, 0.024475779357270834, 0.0021718742135706823]], "M_G2C3_M M_G2C3H1_M": [[-0.07338719026422497, 0.01774570397383134, 0.0015746765935350639]], "M_G2C3_M M_G2C3H2_M": [[-0.1076736320788994, 0.01657414004473283, 0.0014707171056667957]], "M_G2C4_M M_G2C4H1_M": [[-0.19939937814446457, 0.013577597193270875, 0.0012048169251678868]], "M_G2C4_M M_G2C4H2_M": [[-0.2057685010582574, 0.01269931385366201, 0.0011268818813165219]], "M_G2C5_M M_G2C5H1_M": [[-0.19663325451946267, 0.012167593863373004, 0.0010796993618595596]], "M_G2C5_M M_G2C5H2_M": [[-0.19917883948032938, 0.012454774534337397, 0.0011051825256354337]], "M_G2C6_M M_G2C6H1_M": [[-0.20853448870930413, 0.012681927918699907, 0.0011253391290604311]], "M_G2C6_M M_G2C6H2_M": [[-0.20732671939864203, 0.012910830382884094, 0.001145650938221954]], "M_G2C7_M M_G2C7H1_M": [[-0.18478545959379267, 0.011982410975180135, 0.0010632670377325177]], "M_G2C7_M M_G2C7H2_M": [[-0.18487759113572766, 0.013432718124680006, 0.0011919609867086615]], "M_G2C8_M M_G2C8H1_M": [[-0.1759688094520073, 0.011685233041197039, 0.0010368967603150445]], "M_G2C8_M M_G2C8H2_M": [[-0.17600777593192649, 0.011847617754056858, 0.0010513060735136272]], "M_G2C9_M M_G2C9H1_M": [[-0.10073196384333595, 0.011729660573636442, 0.0010408390663257845]], "M_G2C9_M M_G2C9H2_M": [[-0.10215137876672732, 0.011450993840286633, 0.0010161113923462168]], "M_G2C10_M M_G2C10H1_M": [[-0.057532287498693706, 0.01321148722962299, 0.001172329919227382]], "M_G2C11_M M_G2C11H1_M": [[-0.04710699800945324, 0.01335424634769475, 0.00118499774249733]], "M_G2C12_M M_G2C12H1_M": [[-0.07512902033672363, 0.010489598955462547, 0.000930801391429416]], "M_G2C12_M M_G2C12H2_M": [[-0.07549753176850985, 0.01275149389205561, 0.0011315121109895362]], "M_G2C13_M M_G2C13H1_M": [[-0.1163436702918123, 0.010055086262638981, 0.0008922446247893244]], "M_G2C13_M M_G2C13H2_M": [[-0.11640140259463694, 0.011647194011701424, 0.0010335213422715639]], "M_G2C14_M M_G2C14H1_M": [[-0.12268751424071288, 0.009935875481655846, 0.000881666378539528]], "M_G2C14_M M_G2C14H2_M": [[-0.12245739534445203, 0.010518265711485111, 0.0009333451546854625]], "M_G2C15_M M_G2C15H1_M": [[-0.12707869172005598, 0.009392145381630874, 0.0008334181341772646]], "M_G2C15_M M_G2C15H2_M": [[-0.12684235191449894, 0.009374485097504381, 0.0008318510373694865]], "M_G2C16_M M_G2C16H1_M": [[-0.11575079123314375, 0.008193387935508407, 0.0007270456118744839]], "M_G2C16_M M_G2C16H2_M": [[-0.11597787153857736, 0.008028229824909867, 0.0007123901994222359]], "M_G2C17_M M_G2C17H1_M": [[-0.10508322481724841, 0.006871520948311114, 0.0006097488843073055]], "M_G2C17_M M_G2C17H2_M": [[-0.1052320930240463, 0.007574495577079665, 0.0006721277955865204]], "M_G2C18_M M_G2C18H1_M": [[-0.0817772360309571, 0.005533568674905083, 0.0004910248183978125]], "M_G2C18_M M_G2C18H2_M": [[-0.08205304537943936, 0.006211169121630837, 0.000551152135116349]], "M_G2C19_M M_G2C19H1_M": [[-0.027587301921542896, 0.004758168127377761, 0.0004222191460724937]], "M_G2C19_M M_G2C19H2_M": [[-0.02716623863082803, 0.005081805143617737, 0.0004509372873773488]], "M_G2C19_M M_G2C19H3_M": [[-0.026814558708334595, 0.004974401924353113, 0.00044140679280267776]], "M_G3_M M_G3H1_M": [[-0.22628310387465841, 0.02076205609545966, 0.0018423345625168631]], "M_G3_M M_G3H2_M": [[-0.24618274752514246, 0.01626896265989669, 0.0014436369917707023]], "M_G3C4_M M_G3C4H1_M": [[0.033786599064831946, 0.014858919303709252, 0.0013185158767035155]], "M_G3C4_M M_G3C4H2_M": [[0.03531088346113664, 0.01623399978211358, 0.001440534538051826]], "M_G3C5_M M_G3C5H1_M": [[-0.07420897215045658, 0.012654989617283298, 0.001122948741348967]], "M_G3C5_M M_G3C5H2_M": [[-0.07789972771473694, 0.011845184170788245, 0.001051090127918166]], "M_G3N6C1_M M_G3N6C1H1_M": [[0.011008081541906824, 0.007164563399416197, 0.0006357521969596403]], "M_G3N6C1_M M_G3N6C1H2_M": [[0.012020535790043356, 0.007963940845508286, 0.0007066854749866647]], "M_G3N6C1_M M_G3N6C1H3_M": [[0.011371678567347842, 0.008032190926794362, 0.0007127416903764026]], "M_G3N6C2_M M_G3N6C2H1_M": [[0.011121716218339097, 0.00800993228660619, 0.0007107665554502299]], "M_G3N6C2_M M_G3N6C2H2_M": [[0.011237286379474867, 0.008182204244482703, 0.0007260532197713883]], "M_G3N6C2_M M_G3N6C2H3_M": [[0.01127588374685741, 0.007311216810885425, 0.0006487655828891702]], "M_G3N6C3_M M_G3N6C3H1_M": [[0.011177048167727424, 0.008012411093851651, 0.0007109865140247148]], "M_G3N6C3_M M_G3N6C3H2_M": [[0.011822121081428664, 0.007580535802310206, 0.0006726637789041865]], "M_G3N6C3_M M_G3N6C3H3_M": [[0.011544290930103823, 0.0072750380605585835, 0.0006455552379286639]]}