{"headgroup": 0.7354156673510424, "tails": 0.8237040630841137, "total": 0.7942745978397566}