{"M_G1_M M_G1H1_M": [[-0.08410032655514683, 0.06997383733161808, 0.00496031381266947]], "M_G1_M M_G1H2_M": [[-0.15551642860520748, 0.054921502171649476, 0.0038932820640306814]], "M_G1C3_M M_G1C3H1_M": [[-0.2220037785874078, 0.03131261677260946, 0.002219692550973162]], "M_G1C3_M M_G1C3H2_M": [[-0.22645904477573978, 0.02883547431783265, 0.002044092578141213]], "M_G1C4_M M_G1C4H1_M": [[-0.17923402404375038, 0.02732070550905116, 0.0019367134642934067]], "M_G1C4_M M_G1C4H2_M": [[-0.1881495865192432, 0.030813794412490176, 0.0021843319714005163]], "M_G1C5_M M_G1C5H1_M": [[-0.21339605831727218, 0.02565292658739001, 0.0018184877511259409]], "M_G1C5_M M_G1C5H2_M": [[-0.2190711517258964, 0.02570443743431847, 0.0018221392582501055]], "M_G1C6_M M_G1C6H1_M": [[-0.1939970161196942, 0.026657033581208377, 0.001889667008699467]], "M_G1C6_M M_G1C6H2_M": [[-0.19544011818438448, 0.02659356017933666, 0.0018851674985389867]], "M_G1C7_M M_G1C7H1_M": [[-0.20555797791042763, 0.0262758388287847, 0.0018626448291553719]], "M_G1C7_M M_G1C7H2_M": [[-0.2069193709850829, 0.026129537596779984, 0.0018522738097916012]], "M_G1C8_M M_G1C8H1_M": [[-0.18781654832939185, 0.029046569352023304, 0.002059056708362048]], "M_G1C8_M M_G1C8H2_M": [[-0.1893811253656817, 0.026641760925866863, 0.00188858435886725]], "M_G1C9_M M_G1C9H1_M": [[-0.18557887717266738, 0.028952192482502123, 0.0020523665094629388]], "M_G1C9_M M_G1C9H2_M": [[-0.18577342755573995, 0.02738586323730612, 0.0019413323731855049]], "M_G1C10_M M_G1C10H1_M": [[-0.16621536460632952, 0.025695000796632225, 0.00182147031274068]], "M_G1C10_M M_G1C10H2_M": [[-0.1660741487162878, 0.028374639524698403, 0.002011424865794536]], "M_G1C11_M M_G1C11H1_M": [[-0.15815291845046034, 0.025321494051661227, 0.001794993121595302]], "M_G1C11_M M_G1C11H2_M": [[-0.15756270568560043, 0.025288990877655623, 0.0017926890326797331]], "M_G1C12_M M_G1C12H1_M": [[-0.1372503342485259, 0.02442586323950729, 0.0017315035366590743]], "M_G1C12_M M_G1C12H2_M": [[-0.13816169078889176, 0.023667895372726015, 0.0016777726191829234]], "M_G1C13_M M_G1C13H1_M": [[-0.1259038196325966, 0.021640624834218032, 0.0015340632209613798]], "M_G1C13_M M_G1C13H2_M": [[-0.1255142019790022, 0.021186702334329496, 0.0015018855080912415]], "M_G1C14_M M_G1C14H1_M": [[-0.10822005783754247, 0.018869726068551886, 0.0013376394153652269]], "M_G1C14_M M_G1C14H2_M": [[-0.10559919465360336, 0.020321462462965154, 0.0014405502798278404]], "M_G1C15_M M_G1C15H1_M": [[-0.09308233926895756, 0.01621941489687402, 0.001149763837662621]], "M_G1C15_M M_G1C15H2_M": [[-0.08950405366196933, 0.016992064322001545, 0.0012045355032159607]], "M_G1C16_M M_G1C16H1_M": [[-0.06502790915507269, 0.014891524371644782, 0.0010556321740982555]], "M_G1C16_M M_G1C16H2_M": [[-0.06677255310737372, 0.016182962013784954, 0.0011471797612936003]], "M_G1C17_M M_G1C17H1_M": [[-0.022106007535457665, 0.013575695357904066, 0.0009623555284137106]], "M_G1C17_M M_G1C17H2_M": [[-0.021204060203120125, 0.012905914995440321, 0.0009148760573702887]], "M_G1C17_M M_G1C17H3_M": [[-0.02059139450072782, 0.013840347363304703, 0.0009811162116633383]], "M_G2_M M_G2H1_M": [[-0.022968798821689132, 0.08651178597085847, 0.0061326579086445395]], "M_G2C3_M M_G2C3H1_M": [[-0.1515075644959543, 0.03923251791269433, 0.002781119457346188]], "M_G2C3_M M_G2C3H2_M": [[-0.11120909775987281, 0.04193893368684914, 0.0029729721848698308]], "M_G2C4_M M_G2C4H1_M": [[-0.1943294789526294, 0.032471486645263455, 0.0023018426581506444]], "M_G2C4_M M_G2C4H2_M": [[-0.15728429327293963, 0.03482995006312749, 0.0024690296971129977]], "M_G2C5_M M_G2C5H1_M": [[-0.1862596255536385, 0.031152138676083806, 0.0022083165603289075]], "M_G2C5_M M_G2C5H2_M": [[-0.17993371963543275, 0.0330475116327513, 0.002342675986875174]], "M_G2C6_M M_G2C6H1_M": [[-0.18835352845520234, 0.03227189513391937, 0.0022876939910435414]], "M_G2C6_M M_G2C6H2_M": [[-0.18583749432647434, 0.03183759667316092, 0.00225690738942397]], "M_G2C7_M M_G2C7H1_M": [[-0.16846893576430091, 0.03027699529294942, 0.0021462792907297698]], "M_G2C7_M M_G2C7H2_M": [[-0.1693667998377355, 0.03185499592025726, 0.002258140789348759]], "M_G2C8_M M_G2C8H1_M": [[-0.16470412472731918, 0.029013287000101095, 0.002056697384988435]], "M_G2C8_M M_G2C8H2_M": [[-0.16580823174663364, 0.03020682454590987, 0.0021413050183579966]], "M_G2C9_M M_G2C9H1_M": [[-0.1203379136228501, 0.028723779834700185, 0.0020361747661616406]], "M_G2C9_M M_G2C9H2_M": [[-0.12028744241499872, 0.027129141862034765, 0.0019231338774001294]], "M_G2C10_M M_G2C10H1_M": [[-0.0902927480959717, 0.0296088103381571, 0.0020989129151376077]], "M_G2C11_M M_G2C11H1_M": [[-0.0036179546834377687, 0.034264932604048066, 0.002428976671388701]], "M_G2C12_M M_G2C12H1_M": [[-0.05932860366142901, 0.027547524592453503, 0.0019527922428095206]], "M_G2C12_M M_G2C12H2_M": [[-0.06151712802286915, 0.02809398752975282, 0.001991529973358034]], "M_G2C13_M M_G2C13H1_M": [[-0.09831388552879528, 0.025077090228947285, 0.0017776677939598917]], "M_G2C13_M M_G2C13H2_M": [[-0.09818351625782384, 0.02580613286589659, 0.0018293482562581995]], "M_G2C14_M M_G2C14H1_M": [[-0.09465842724685057, 0.02335672931237472, 0.0016557146420009712]], "M_G2C14_M M_G2C14H2_M": [[-0.0971588065053142, 0.021287198933649158, 0.0015090095231337377]], "M_G2C15_M M_G2C15H1_M": [[-0.10265667459566474, 0.021904166699964936, 0.0015527452084974607]], "M_G2C15_M M_G2C15H2_M": [[-0.1053080333266437, 0.021389416226115343, 0.0015162555148793496]], "M_G2C16_M M_G2C16H1_M": [[-0.0926254819797008, 0.020524990432182526, 0.0014549779950350113]], "M_G2C16_M M_G2C16H2_M": [[-0.09153106877892264, 0.020079572430763082, 0.0014234031500771494]], "M_G2C17_M M_G2C17H1_M": [[-0.08292757249710045, 0.016734831419291416, 0.001186300746211866]], "M_G2C17_M M_G2C17H2_M": [[-0.08367302794697754, 0.01794559437072567, 0.0012721294562110822]], "M_G2C18_M M_G2C18H1_M": [[-0.061621792177882224, 0.014514170974098803, 0.001028882300981617]], "M_G2C18_M M_G2C18H2_M": [[-0.061318326005726884, 0.015358106713742862, 0.0010887073193884653]], "M_G2C19_M M_G2C19H1_M": [[-0.020895791112661915, 0.014701218101834633, 0.0010421417203118895]], "M_G2C19_M M_G2C19H2_M": [[-0.022363620175693034, 0.013031305761228382, 0.0009237647730851646]], "M_G2C19_M M_G2C19H3_M": [[-0.020640839058963786, 0.01254145827730245, 0.0008890404056175929]], "M_G3_M M_G3H1_M": [[-0.016011636844595133, 0.08087505638841556, 0.005733080742773714]], "M_G3_M M_G3H2_M": [[-0.0036497439980072892, 0.06954709165152866, 0.004930062613476081]], "M_G3C4_M M_G3C4H1_M": [[0.04780538361255384, 0.030960280702852987, 0.0021947161092034755]], "M_G3C4_M M_G3C4H2_M": [[0.036975963820648404, 0.032694858298914276, 0.0023176770548511143]], "M_G3C5_M M_G3C5H1_M": [[-0.029870857738945558, 0.0326167179578501, 0.002312137832937781]], "M_G3C5_M M_G3C5H2_M": [[-0.0613199496855599, 0.023777621815085158, 0.001685550920451006]], "M_G3N6C1_M M_G3N6C1H1_M": [[0.013372431038833732, 0.02005003792941869, 0.0014213095047869162]], "M_G3N6C1_M M_G3N6C1H2_M": [[0.015276473860934755, 0.020866401550729215, 0.0014791799875468734]], "M_G3N6C1_M M_G3N6C1H3_M": [[0.013352445544093332, 0.02139354414087485, 0.0015165481349982389]], "M_G3N6C2_M M_G3N6C2H1_M": [[0.013664155043227289, 0.020568731491111752, 0.0014580787164912203]], "M_G3N6C2_M M_G3N6C2H2_M": [[0.011784176357716067, 0.01990847702625068, 0.0014112745184249353]], "M_G3N6C2_M M_G3N6C2H3_M": [[0.014531425991312664, 0.018839831437803187, 0.0013355202411783852]], "M_G3N6C3_M M_G3N6C3H1_M": [[0.015508456941295136, 0.01992526698223121, 0.0014124647268476868]], "M_G3N6C3_M M_G3N6C3H2_M": [[0.01649543668377887, 0.01963735438913781, 0.0013920551442547745]], "M_G3N6C3_M M_G3N6C3H3_M": [[0.014597736341459848, 0.0198343940030453, 0.0014060229121488862]]}