{"M_G1_M M_G1H1_M": [[-0.26154316280041107, 0.037557662528302144, 0.01132406132810627]], "M_G1_M M_G1H2_M": [[0.027347952964627328, 0.055469592988791484, 0.01672471156523181]], "M_G1C3_M M_G1C3H1_M": [[-0.26765725429787696, 0.019040883846074007, 0.005741042490378793]], "M_G1C3_M M_G1C3H2_M": [[-0.24952027825682355, 0.023489817181484147, 0.007082446362275139]], "M_G1C4_M M_G1C4H1_M": [[-0.19759176897042782, 0.01413373586408898, 0.004261481704288428]], "M_G1C4_M M_G1C4H2_M": [[-0.18839033777682215, 0.015454864893211831, 0.004659817094219975]], "M_G1C5_M M_G1C5H1_M": [[-0.2244681011109649, 0.013987417490143667, 0.004217365054623745]], "M_G1C5_M M_G1C5H2_M": [[-0.21813502967324963, 0.014808587234132708, 0.004464957048260458]], "M_G1C6_M M_G1C6H1_M": [[-0.21032987597447708, 0.012893456234710235, 0.0038875233255820326]], "M_G1C6_M M_G1C6H2_M": [[-0.2060875131627877, 0.014470724228538616, 0.0043630875191606995]], "M_G1C7_M M_G1C7H1_M": [[-0.21838830686322105, 0.014227729392568953, 0.004289821819442033]], "M_G1C7_M M_G1C7H2_M": [[-0.22211529739568311, 0.012857802962759828, 0.0038767734596176686]], "M_G1C8_M M_G1C8H1_M": [[-0.2053553679463637, 0.013225784050553004, 0.003987723932177377]], "M_G1C8_M M_G1C8H2_M": [[-0.206836045652899, 0.01480392471247346, 0.004463551245085856]], "M_G1C9_M M_G1C9H1_M": [[-0.20600939507310465, 0.01618533855641893, 0.004880063190592191]], "M_G1C9_M M_G1C9H2_M": [[-0.20714463695001184, 0.013524282257925227, 0.004077724528036228]], "M_G1C10_M M_G1C10H1_M": [[-0.18772977620174913, 0.01879947316204599, 0.005668254430442068]], "M_G1C10_M M_G1C10H2_M": [[-0.18924722451090029, 0.013070111068054995, 0.003940786761909972]], "M_G1C11_M M_G1C11H1_M": [[-0.18207935035671333, 0.015830576905686403, 0.0047730985282752]], "M_G1C11_M M_G1C11H2_M": [[-0.1816541226200574, 0.013315446359013631, 0.004014758135359287]], "M_G1C12_M M_G1C12H1_M": [[-0.16100467691550602, 0.015801177019928756, 0.004764234129189979]], "M_G1C12_M M_G1C12H2_M": [[-0.1607998827165753, 0.013007460291354626, 0.0039218968419882025]], "M_G1C13_M M_G1C13H1_M": [[-0.1491112445552525, 0.01290877829002414, 0.0038921430990814226]], "M_G1C13_M M_G1C13H2_M": [[-0.15069212052194234, 0.011681688390279266, 0.0035221615734915526]], "M_G1C14_M M_G1C14H1_M": [[-0.1265195318583662, 0.010415251013236019, 0.003140316337115707]], "M_G1C14_M M_G1C14H2_M": [[-0.1289136178840318, 0.010355895397684159, 0.0031224199456624246]], "M_G1C15_M M_G1C15H1_M": [[-0.11103112839516487, 0.008431761227716675, 0.0025422716649275098]], "M_G1C15_M M_G1C15H2_M": [[-0.11076853108497152, 0.007207445633434456, 0.002173126623907954]], "M_G1C16_M M_G1C16H1_M": [[-0.0825221854465517, 0.005973938453814025, 0.001801210215634273]], "M_G1C16_M M_G1C16H2_M": [[-0.08066951579460345, 0.005556865179722114, 0.0016754578919753707]], "M_G1C17_M M_G1C17H1_M": [[-0.02687628918145143, 0.003741048688683192, 0.0011279686202557487]], "M_G1C17_M M_G1C17H2_M": [[-0.02810834446870873, 0.0025288119693991414, 0.0007624654970778776]], "M_G1C17_M M_G1C17H3_M": [[-0.02664300375515874, 0.0023953675941079944, 0.0007222305040575041]], "M_G2_M M_G2H1_M": [[-0.22532361955469382, 0.05980984843572259, 0.018033347820846972]], "M_G2C3_M M_G2C3H1_M": [[-0.15382414753379267, 0.026328312866440363, 0.007938285012824469]], "M_G2C3_M M_G2C3H2_M": [[-0.13276302686007077, 0.041417053227869, 0.012487711407183586]], "M_G2C4_M M_G2C4H1_M": [[-0.2024316860171804, 0.01890466682721533, 0.005699971513868339]], "M_G2C4_M M_G2C4H2_M": [[-0.19084538748776803, 0.026307275882580302, 0.007931942123534961]], "M_G2C5_M M_G2C5H1_M": [[-0.1999819038679794, 0.021556687345760595, 0.006499585786262739]], "M_G2C5_M M_G2C5H2_M": [[-0.19517907657510822, 0.022397231962965888, 0.006753019523973909]], "M_G2C6_M M_G2C6H1_M": [[-0.2073320439075288, 0.0209551928385346, 0.00631822836863289]], "M_G2C6_M M_G2C6H2_M": [[-0.20676203705676202, 0.021599113935256223, 0.006512377884307415]], "M_G2C7_M M_G2C7H1_M": [[-0.17947264979597502, 0.017489120728576998, 0.005273168306356088]], "M_G2C7_M M_G2C7H2_M": [[-0.17869757594096955, 0.022439603035107857, 0.006765794882906635]], "M_G2C8_M M_G2C8H1_M": [[-0.17247930271939815, 0.017111794170793167, 0.005159400068573785]], "M_G2C8_M M_G2C8H2_M": [[-0.1731008152849179, 0.020172681573094636, 0.00608229234484284]], "M_G2C9_M M_G2C9H1_M": [[-0.12413091803227172, 0.016729776045671024, 0.005044217270015132]], "M_G2C9_M M_G2C9H2_M": [[-0.11870557923294667, 0.01675637597470952, 0.005052237450385202]], "M_G2C10_M M_G2C10H1_M": [[-0.09611672502863743, 0.01971746755665588, 0.005945040154675746]], "M_G2C11_M M_G2C11H1_M": [[0.01609022021476343, 0.016236419398860533, 0.004895464644078924]], "M_G2C12_M M_G2C12H1_M": [[-0.04724651949699341, 0.014349831815225481, 0.004326637085073405]], "M_G2C12_M M_G2C12H2_M": [[-0.04790471568795763, 0.013898781173342709, 0.004190640199566668]], "M_G2C13_M M_G2C13H1_M": [[-0.09642196280058561, 0.01037042819573904, 0.0031268017491444294]], "M_G2C13_M M_G2C13H2_M": [[-0.09591157849935712, 0.012685616595605426, 0.0038248573165389843]], "M_G2C14_M M_G2C14H1_M": [[-0.10274810504975677, 0.009368397376764405, 0.0028246780896070294]], "M_G2C14_M M_G2C14H2_M": [[-0.10048871087517545, 0.010279971957048668, 0.0030995281669914483]], "M_G2C15_M M_G2C15H1_M": [[-0.11215343439205634, 0.00901074391433914, 0.0027168415132582955]], "M_G2C15_M M_G2C15H2_M": [[-0.10839449656857297, 0.009346239682924912, 0.0028179972935447415]], "M_G2C16_M M_G2C16H1_M": [[-0.10204699429249348, 0.008203829328451474, 0.0024735476115078955]], "M_G2C16_M M_G2C16H2_M": [[-0.10091058953180898, 0.008836571943938833, 0.00266432668827514]], "M_G2C17_M M_G2C17H1_M": [[-0.09253564818080134, 0.007740155448879086, 0.0023337446766324367]], "M_G2C17_M M_G2C17H2_M": [[-0.0916619584417503, 0.006828105886969488, 0.002058751386899514]], "M_G2C18_M M_G2C18H1_M": [[-0.07219597393537147, 0.005047100804587903, 0.0015217581498108113]], "M_G2C18_M M_G2C18H2_M": [[-0.07030885521970431, 0.006328291503163813, 0.0019080516799989582]], "M_G2C19_M M_G2C19H1_M": [[-0.021554849543734284, 0.0029615671438935017, 0.0008929460916126568]], "M_G2C19_M M_G2C19H2_M": [[-0.02227854534196474, 0.0019126720867155094, 0.0005766923326019502]], "M_G2C19_M M_G2C19H3_M": [[-0.02196882377763537, 0.0020487683041453164, 0.0006177268861111589]], "M_G3_M M_G3H1_M": [[-0.18738838152671258, 0.06800674759701288, 0.02050480590833595]], "M_G3_M M_G3H2_M": [[-0.269055815992669, 0.042946841048997576, 0.012948959790050752]], "M_G3C4_M M_G3C4H1_M": [[0.1618118507514399, 0.09289673643102576, 0.028009419908204696]], "M_G3C4_M M_G3C4H2_M": [[0.11423118237896251, 0.0639803291640838, 0.01929079507279081]], "M_G3C5_M M_G3C5H1_M": [[0.07633751664138089, 0.08226935717168682, 0.024805144498383575]]}