{"POPC": 0.3033953853599284, "POPS": 0.2889058575532629}