{"M_G1_M M_G1H1_M": [[-0.2383929468414101, 0.02177074408698976, 0.0031755894011515997]], "M_G1_M M_G1H2_M": [[-0.029214082079192443, 0.027950551318230894, 0.004077006930395215]], "M_G1C3_M M_G1C3H1_M": [[-0.2322141482035707, 0.013770362624642063, 0.0020086138271663396]], "M_G1C3_M M_G1C3H2_M": [[-0.23694968915587214, 0.011929405937896775, 0.0017400826957062459]], "M_G1C4_M M_G1C4H1_M": [[-0.16120340020593635, 0.011497587353581137, 0.0016770954815764126]], "M_G1C4_M M_G1C4H2_M": [[-0.1650442124344164, 0.01174423614111451, 0.0017130729048729341]], "M_G1C5_M M_G1C5H1_M": [[-0.20457642799529388, 0.011020527739573448, 0.0016075091850351923]], "M_G1C5_M M_G1C5H2_M": [[-0.2015681874032406, 0.011296094339410943, 0.001647704704777592]], "M_G1C6_M M_G1C6H1_M": [[-0.19804272947559642, 0.011351766646532936, 0.0016558253453826098]], "M_G1C6_M M_G1C6H2_M": [[-0.19780657938981258, 0.011952256542781302, 0.0017434157989934492]], "M_G1C7_M M_G1C7H1_M": [[-0.21157212439190476, 0.011966757112335021, 0.0017455309244481171]], "M_G1C7_M M_G1C7H2_M": [[-0.2093133026629257, 0.0121245921058117, 0.001768553524429663]], "M_G1C8_M M_G1C8H1_M": [[-0.1955690053456781, 0.012873413779509232, 0.0018777803914969927]], "M_G1C8_M M_G1C8H2_M": [[-0.19678969728160167, 0.012782386958117885, 0.0018645027649686636]], "M_G1C9_M M_G1C9H1_M": [[-0.1958995549848271, 0.013526216188999386, 0.0019730014094070793]], "M_G1C9_M M_G1C9H2_M": [[-0.19595393725692137, 0.012061062764675922, 0.0017592868176250262]], "M_G1C10_M M_G1C10H1_M": [[-0.17659506936002065, 0.012635118141939045, 0.001843021400348832]], "M_G1C10_M M_G1C10H2_M": [[-0.17553341834672043, 0.01213257177478399, 0.0017697174787764623]], "M_G1C11_M M_G1C11H1_M": [[-0.1696414337318776, 0.012775880668567713, 0.001863553725098745]], "M_G1C11_M M_G1C11H2_M": [[-0.16960962725850962, 0.01164169667047645, 0.001698115985860115]], "M_G1C12_M M_G1C12H1_M": [[-0.14699038333210768, 0.012115474488711182, 0.001767223583288815]], "M_G1C12_M M_G1C12H2_M": [[-0.14817048431992977, 0.010972873923137585, 0.0016005581615059327]], "M_G1C13_M M_G1C13H1_M": [[-0.137405406436354, 0.010040526180348942, 0.001464561265930986]], "M_G1C13_M M_G1C13H2_M": [[-0.13712100756862802, 0.009970464743071616, 0.0014543417549781987]], "M_G1C14_M M_G1C14H1_M": [[-0.11515348077481997, 0.008808395817344864, 0.0012848365810070985]], "M_G1C14_M M_G1C14H2_M": [[-0.11419480313532121, 0.008470197871768363, 0.0012355053405509768]], "M_G1C15_M M_G1C15H1_M": [[-0.0996931971129194, 0.007249126374548947, 0.0010573937569907455]], "M_G1C15_M M_G1C15H2_M": [[-0.1001220331195559, 0.006871522492180547, 0.0010023145698995067]], "M_G1C16_M M_G1C16H1_M": [[-0.06951185681591576, 0.005372854738135562, 0.0007837114106975662]], "M_G1C16_M M_G1C16H2_M": [[-0.07084395991624325, 0.005599592187100022, 0.0008167844667630214]], "M_G1C17_M M_G1C17H1_M": [[-0.02415332846713271, 0.002539043224739047, 0.0003703575183893479]], "M_G1C17_M M_G1C17H2_M": [[-0.024736732299741715, 0.002825315667571105, 0.00041211464582912753]], "M_G1C17_M M_G1C17H3_M": [[-0.024884672298483543, 0.00227097512913011, 0.0003312557679024935]], "M_G2_M M_G2H1_M": [[-0.22411533175305798, 0.0320112473482043, 0.00466932032228282]], "M_G2C3_M M_G2C3H1_M": [[-0.06646961132546214, 0.018510477919938106, 0.002700030704413737]], "M_G2C3_M M_G2C3H2_M": [[-0.09444033777602868, 0.018540907138158924, 0.002704469262070804]], "M_G2C4_M M_G2C4H1_M": [[-0.13085739551627196, 0.016772582201971916, 0.002446532560288371]], "M_G2C4_M M_G2C4H2_M": [[-0.13800138590874178, 0.015900993574234187, 0.0023193982925137457]], "M_G2C5_M M_G2C5H1_M": [[-0.16286334573801753, 0.01635060834724799, 0.002384981347556732]], "M_G2C5_M M_G2C5H2_M": [[-0.16118656571211978, 0.01514176411667795, 0.0022086532941423542]], "M_G2C6_M M_G2C6H1_M": [[-0.17521706977337828, 0.015354951191792286, 0.0022397498250413678]], "M_G2C6_M M_G2C6H2_M": [[-0.17526276264797083, 0.015031932564588091, 0.0021926327157305663]], "M_G2C7_M M_G2C7H1_M": [[-0.15874800992374563, 0.01418441956656798, 0.0020690102394800075]], "M_G2C7_M M_G2C7H2_M": [[-0.15949659925616844, 0.014005163918450178, 0.002042863115891355]], "M_G2C8_M M_G2C8H1_M": [[-0.15575972635842172, 0.012751864445269611, 0.0018600505988915557]], "M_G2C8_M M_G2C8H2_M": [[-0.15497739893255078, 0.013144725555484243, 0.0019173552813928664]], "M_G2C9_M M_G2C9H1_M": [[-0.11381228561061556, 0.010342994724639858, 0.0015086808375723612]], "M_G2C9_M M_G2C9H2_M": [[-0.1140679620168172, 0.012430375527642144, 0.001813156620655158]], "M_G2C10_M M_G2C10H1_M": [[-0.08954876110494492, 0.011426055343143879, 0.0016666614654821546]], "M_G2C11_M M_G2C11H1_M": [[0.009692067603605347, 0.013349704990851955, 0.001947254604990021]], "M_G2C12_M M_G2C12H1_M": [[-0.04939205798499827, 0.00965667640650245, 0.0014085710219323988]], "M_G2C12_M M_G2C12H2_M": [[-0.04961354651308766, 0.012186050836114294, 0.0017775182016027224]], "M_G2C13_M M_G2C13H1_M": [[-0.09499919556726692, 0.009788504962710021, 0.001427800193162796]], "M_G2C13_M M_G2C13H2_M": [[-0.09644739031841436, 0.010828061144626406, 0.0015794350467996131]], "M_G2C14_M M_G2C14H1_M": [[-0.09865667278155128, 0.009022898153741707, 0.0013161249624819025]], "M_G2C14_M M_G2C14H2_M": [[-0.09905411756303677, 0.01001000462293723, 0.0014601092392186243]], "M_G2C15_M M_G2C15H1_M": [[-0.10742959008524804, 0.009071080214293604, 0.001323153038334656]], "M_G2C15_M M_G2C15H2_M": [[-0.10720601496132881, 0.009515776070747276, 0.00138801859565542]], "M_G2C16_M M_G2C16H1_M": [[-0.09669553390658926, 0.00788423064238117, 0.0011500332356183692]], "M_G2C16_M M_G2C16H2_M": [[-0.0963635835307226, 0.007848256823025012, 0.0011447859147638365]], "M_G2C17_M M_G2C17H1_M": [[-0.08911449307016717, 0.007165542647151248, 0.0010452018173045176]], "M_G2C17_M M_G2C17H2_M": [[-0.08929615105291794, 0.006778216296539302, 0.0009887044624655955]], "M_G2C18_M M_G2C18H1_M": [[-0.066028702333533, 0.005065951138467999, 0.0007389449197413839]], "M_G2C18_M M_G2C18H2_M": [[-0.0661742313431317, 0.0055768184100134085, 0.0008134625699619077]], "M_G2C19_M M_G2C19H1_M": [[-0.02202273541863069, 0.002861733459746153, 0.000417426726775113]], "M_G2C19_M M_G2C19H2_M": [[-0.021537964778341332, 0.0026230645149553397, 0.0003826132831723895]], "M_G2C19_M M_G2C19H3_M": [[-0.02177550631484947, 0.002712627773667292, 0.00039567742714293223]], "M_G3_M M_G3H1_M": [[-0.16738258709871615, 0.032572566865142726, 0.0047511971888486455]], "M_G3_M M_G3H2_M": [[-0.18154139904181008, 0.02237605446492098, 0.003263882994282124]], "M_G3C4_M M_G3C4H1_M": [[0.029253624285508904, 0.006689468826919549, 0.0009757593135640507]], "M_G3C4_M M_G3C4H2_M": [[0.029176023028793935, 0.007404099321369852, 0.0010799988845611804]], "M_G3C5_M M_G3C5H1_M": [[-0.036829017097547434, 0.00663421547558178, 0.0009676997839409369]], "M_G3C5_M M_G3C5H2_M": [[-0.0379478470292024, 0.0056140916388727905, 0.0008188994291725805]], "M_G3N6C1_M M_G3N6C1H1_M": [[0.010805425338702893, 0.002698550633274837, 0.0003936240651792721]], "M_G3N6C1_M M_G3N6C1H2_M": [[0.010867339384189672, 0.00314826355924642, 0.00045922143730261036]], "M_G3N6C1_M M_G3N6C1H3_M": [[0.010839761904202577, 0.00310703217106396, 0.0004532072212159294]], "M_G3N6C2_M M_G3N6C2H1_M": [[0.011158949674734743, 0.0028886836403232727, 0.0004213578146358613]], "M_G3N6C2_M M_G3N6C2H2_M": [[0.010784054964788, 0.0030537067071180696, 0.0004454289028708408]], "M_G3N6C2_M M_G3N6C2H3_M": [[0.010947406341931415, 0.003193639240794517, 0.0004658401607058347]], "M_G3N6C3_M M_G3N6C3H1_M": [[0.01080600774874115, 0.0030640551079820174, 0.00044693837227487734]], "M_G3N6C3_M M_G3N6C3H2_M": [[0.01112926895456786, 0.0027123030354354767, 0.0003956300592035094]], "M_G3N6C3_M M_G3N6C3H3_M": [[0.010419568761229256, 0.0030988124214321117, 0.000452008247505765]]}