{"M_G1_M M_G1H1_M": [[-0.15074266029463224, 0.01403224229357506, 0.0004387218436497121]], "M_G1_M M_G1H2_M": [[-0.030370179831303537, 0.013472868897704425, 0.0004212328834115233]], "M_G1C3_M M_G1C3H1_M": [[-0.18479730440692305, 0.011759116475293582, 0.0003676519512561899]], "M_G1C3_M M_G1C3H2_M": [[-0.20894787078040195, 0.011365009724885347, 0.0003553300973060863]], "M_G1C4_M M_G1C4H1_M": [[-0.14672535731093134, 0.011992677542557532, 0.0003749543010796213]], "M_G1C4_M M_G1C4H2_M": [[-0.14030343813588048, 0.01262536882434194, 0.00039473556481482973]], "M_G1C5_M M_G1C5H1_M": [[-0.16601970014421252, 0.011854969839767998, 0.00037064883257440217]], "M_G1C5_M M_G1C5H2_M": [[-0.1663826188021217, 0.011871784505094981, 0.0003711745476253734]], "M_G1C6_M M_G1C6H1_M": [[-0.16051991675930133, 0.011986806638095501, 0.0003747707456666241]], "M_G1C6_M M_G1C6H2_M": [[-0.1603677288351988, 0.01218131003644705, 0.0003808519469269528]], "M_G1C7_M M_G1C7H1_M": [[-0.15625934694004096, 0.012150243309685789, 0.00037988063732755236]], "M_G1C7_M M_G1C7H2_M": [[-0.15718287982879445, 0.012252138232850414, 0.000383066409609278]], "M_G1C8_M M_G1C8H1_M": [[-0.1374858195836244, 0.012672353692902084, 0.00039620455941505724]], "M_G1C8_M M_G1C8H2_M": [[-0.13725421026613233, 0.013444843917716286, 0.0004203566748461772]], "M_G1C9_M M_G1C9H1_M": [[-0.10227537290561876, 0.01314335732840691, 0.0004109306152378682]], "M_G1C9_M M_G1C9H2_M": [[-0.10130919385142266, 0.013368518461791476, 0.00041797033886079656]], "M_G1C10_M M_G1C10H1_M": [[-0.06882179806867897, 0.01341413945016608, 0.0004193966913788109]], "M_G1C11_M M_G1C11H1_M": [[-0.053671281096635895, 0.013226437939103802, 0.0004135281529609143]], "M_G1C12_M M_G1C12H1_M": [[-0.018099738009321943, 0.01449338346760709, 0.00045313954695196747]], "M_G1C12_M M_G1C12H2_M": [[-0.01673071162645531, 0.014008065065396428, 0.00043796593608348325]], "M_G1C13_M M_G1C13H1_M": [[-0.026527688813907498, 0.01347440043910233, 0.0004212807674668052]], "M_G1C14_M M_G1C14H1_M": [[0.018442691863288944, 0.014469869668440513, 0.00045240438167290915]], "M_G1C15_M M_G1C15H1_M": [[-0.019167324355022976, 0.013514035486893557, 0.00042251996793643174]], "M_G1C15_M M_G1C15H2_M": [[-0.020114424019404414, 0.014405623867993392, 0.00045039571937723186]], "M_G1C16_M M_G1C16H1_M": [[-0.03254290879286091, 0.013136340093826833, 0.0004107112195042509]], "M_G1C16_M M_G1C16H2_M": [[-0.032994479545948446, 0.013530965736481847, 0.0004230492967605374]], "M_G1C17_M M_G1C17H1_M": [[-0.03315512074834009, 0.013315595873317616, 0.0004163156998444365]], "M_G1C17_M M_G1C17H2_M": [[-0.033499251810704414, 0.013538855879511737, 0.0004232959842125007]], "M_G1C18_M M_G1C18H1_M": [[-0.030848667113344712, 0.014425560169186379, 0.0004510190332163143]], "M_G1C18_M M_G1C18H2_M": [[-0.0303775097041296, 0.013750881019489049, 0.0004299250074551742]], "M_G1C19_M M_G1C19H1_M": [[-0.00805601704231042, 0.014604186798984137, 0.0004566038430214934]], "M_G1C19_M M_G1C19H2_M": [[-0.00745233107813238, 0.014414247861694285, 0.00045066535086854466]], "M_G1C19_M M_G1C19H3_M": [[-0.008375828858637012, 0.014830871016387626, 0.0004636911862774666]], "M_G2_M M_G2H1_M": [[-0.16852438680177168, 0.01248642277432601, 0.00039039137904925577]], "M_G2C3_M M_G2C3H1_M": [[-0.07458648474673302, 0.013066426092590733, 0.0004085253393806391]], "M_G2C3_M M_G2C3H2_M": [[-0.08763396121774567, 0.01354123632684921, 0.0004233704095411658]], "M_G2C4_M M_G2C4H1_M": [[-0.17238057987829408, 0.011883345398711092, 0.00037153600208542217]], "M_G2C4_M M_G2C4H2_M": [[-0.1755460478356486, 0.011607020278302778, 0.00036289662259524823]], "M_G2C5_M M_G2C5H1_M": [[-0.17159935773731175, 0.012302730575801078, 0.0003846481928702496]], "M_G2C5_M M_G2C5H2_M": [[-0.17341148266538162, 0.01143491495539117, 0.00035751570321044813]], "M_G2C6_M M_G2C6H1_M": [[-0.17949323262710254, 0.011722778869501382, 0.00036651584620088663]], "M_G2C6_M M_G2C6H2_M": [[-0.17761006002124463, 0.011613376062792446, 0.00036309533791321446]], "M_G2C7_M M_G2C7H1_M": [[-0.15895961247707577, 0.012393072590353136, 0.0003874727603452179]], "M_G2C7_M M_G2C7H2_M": [[-0.15692867383180445, 0.01162969534761419, 0.0003636055647589495]], "M_G2C8_M M_G2C8H1_M": [[-0.14939447880703496, 0.012205217317224293, 0.00038159941451479834]], "M_G2C8_M M_G2C8H2_M": [[-0.1484151629105376, 0.012561183425669961, 0.0003927287909969592]], "M_G2C9_M M_G2C9H1_M": [[-0.08844075782931474, 0.012900681658204714, 0.00040334329489286633]], "M_G2C9_M M_G2C9H2_M": [[-0.08875934315114295, 0.013495541327108016, 0.00042194174303779384]], "M_G2C10_M M_G2C10H1_M": [[-0.048520767197574796, 0.013066892025836508, 0.0004085399069093582]], "M_G2C11_M M_G2C11H1_M": [[-0.027798258112937735, 0.01338810614030478, 0.00041858275291767967]], "M_G2C12_M M_G2C12H1_M": [[-0.020357373286535863, 0.013180826084249636, 0.0004121020860048822]], "M_G2C12_M M_G2C12H2_M": [[-0.02022089957024112, 0.013954307273853111, 0.0004362851842176735]], "M_G2C13_M M_G2C13H1_M": [[-0.03482027673255252, 0.013914677285389762, 0.00043504614192929896]], "M_G2C14_M M_G2C14H1_M": [[-0.0006769243378881512, 0.013381561335306685, 0.0004183781278224868]], "M_G2C15_M M_G2C15H1_M": [[-0.02930154062530386, 0.014045418092412682, 0.0004391337885574939]], "M_G2C15_M M_G2C15H2_M": [[-0.029086564351310636, 0.013086240621012135, 0.0004091448459611425]], "M_G2C16_M M_G2C16H1_M": [[-0.044019659098593095, 0.01318111088049381, 0.0004121109902363439]], "M_G2C16_M M_G2C16H2_M": [[-0.04371466509751018, 0.014087824844683587, 0.0004404596471159658]], "M_G2C17_M M_G2C17H1_M": [[-0.042468362561662615, 0.013448964203947741, 0.0004204854967075739]], "M_G2C17_M M_G2C17H2_M": [[-0.042324368441920134, 0.01406814055584583, 0.00043984421251120644]], "M_G2C18_M M_G2C18H1_M": [[-0.039653349292174664, 0.01371438328585459, 0.00042878389595965235]], "M_G2C18_M M_G2C18H2_M": [[-0.038736851641060374, 0.013599886999315846, 0.0004252041386499939]], "M_G2C19_M M_G2C19H1_M": [[-0.009147773376562668, 0.013870613408514946, 0.00043366847292270513]], "M_G2C19_M M_G2C19H2_M": [[-0.009162788192647153, 0.014400366032761992, 0.00045023133173924316]], "M_G2C19_M M_G2C19H3_M": [[-0.009610751272900387, 0.01421021994825358, 0.0004442863630725817]], "M_G3_M M_G3H1_M": [[-0.2112561471188839, 0.011194206552311759, 0.00034998989000315124]], "M_G3_M M_G3H2_M": [[-0.23411959394652782, 0.010345693562532352, 0.0003234609023012215]], "M_G3C4_M M_G3C4H1_M": [[0.035597550144442054, 0.01463844991455692, 0.0004576750885800281]], "M_G3C4_M M_G3C4H2_M": [[0.03737335978587033, 0.014560319099973231, 0.0004552323075687777]], "M_G3C5_M M_G3C5H1_M": [[-0.059242768355986616, 0.012910390913030841, 0.0004036468573662519]], "M_G3C5_M M_G3C5H2_M": [[-0.06019156121731007, 0.013017968740008275, 0.0004070103071699215]], "M_G3N6C1_M M_G3N6C1H1_M": [[0.008908944083704703, 0.014019424071485544, 0.0004383210784754962]], "M_G3N6C1_M M_G3N6C1H2_M": [[0.008627151348130541, 0.014047445983112385, 0.000439197191107698]], "M_G3N6C1_M M_G3N6C1H3_M": [[0.00856836024986483, 0.014697255462279814, 0.00045951365990555543]], "M_G3N6C2_M M_G3N6C2H1_M": [[0.00898346586385413, 0.014092621733596983, 0.0004406096231428786]], "M_G3N6C2_M M_G3N6C2H2_M": [[0.008718432473894061, 0.01431919427149652, 0.00044769347470901015]], "M_G3N6C2_M M_G3N6C2H3_M": [[0.009284345431533201, 0.014177245783417199, 0.00044325541690680393]], "M_G3N6C3_M M_G3N6C3H1_M": [[0.009230162868610507, 0.014441401412663356, 0.00045151431397034644]], "M_G3N6C3_M M_G3N6C3H2_M": [[0.00896569173816604, 0.013809566124451491, 0.00043175981310527954]], "M_G3N6C3_M M_G3N6C3H3_M": [[0.008036243352529705, 0.014478605068892718, 0.00045267749632637867]]}