{"POPC": 0.28113653044979253, "POPS": 0.26408483776509817}