{"POPC": 1.8746607324560864, "POPS": 1.7700656901932823}