{"M_G1_M M_G1H1_M": [[-0.13219771212737524, 0.13832598970470197, 0.02338135974769237]], "M_G1C2_M M_G1C2H1_M": [[-0.1420056316354705, 0.10940723829588152, 0.018493198588772193]], "M_G1C2_M M_G1C2H2_M": [[-0.12396565255498117, 0.10284509207307359, 0.017383993428700836]], "M_G1C3_M M_G1C3H1_M": [[-0.27938834391599215, 0.05295914010871596, 0.008951728517928985]], "M_G1C3_M M_G1C3H2_M": [[-0.17440661396663423, 0.11323783806530108, 0.019140688127429594]], "M_G1C4_M M_G1C4H1_M": [[-0.3246650505798909, 0.0361638728211182, 0.006112810196445802]], "M_G1C4_M M_G1C4H2_M": [[-0.3158142500888881, 0.03569886055784844, 0.006034208777885127]], "M_G1C5_M M_G1C5H1_M": [[-0.35165470332603277, 0.03488984653084367, 0.0058974604484735]], "M_G1C5_M M_G1C5H2_M": [[-0.34476315602836166, 0.03498662426741456, 0.0059138188716386765]], "M_G1C6_M M_G1C6H1_M": [[-0.36822939277697053, 0.03189030329358151, 0.005390445102630648]], "M_G1C6_M M_G1C6H2_M": [[-0.3713713126317902, 0.0307043400123209, 0.005189980720008808]], "M_G1C7_M M_G1C7H1_M": [[-0.3812319972029546, 0.030825563419064072, 0.0052104712156051435]], "M_G1C7_M M_G1C7H2_M": [[-0.3816129752854194, 0.03012964165955304, 0.005092838968403362]], "M_G1C8_M M_G1C8H1_M": [[-0.3829091354131375, 0.030634100250221726, 0.005178108033250961]], "M_G1C8_M M_G1C8H2_M": [[-0.38514610330308074, 0.029689646806817818, 0.005018466264033799]], "M_G1C9_M M_G1C9H1_M": [[-0.38497209656846, 0.028583104610768652, 0.004831426495028281]], "M_G1C9_M M_G1C9H2_M": [[-0.3851671780592252, 0.030062608000895028, 0.005081508212038396]], "M_G1C10_M M_G1C10H1_M": [[-0.37876966708611143, 0.02962188191573992, 0.005007011906830659]], "M_G1C10_M M_G1C10H2_M": [[-0.3791227228952339, 0.02993820807004865, 0.005060480785869845]], "M_G1C11_M M_G1C11H1_M": [[-0.3700383713305455, 0.030755139491236958, 0.0051985673991575875]], "M_G1C11_M M_G1C11H2_M": [[-0.37060535775349723, 0.03044711199888543, 0.005146501250010738]], "M_G1C12_M M_G1C12H1_M": [[-0.3536854750761851, 0.03290825654771006, 0.005562510607398944]], "M_G1C12_M M_G1C12H2_M": [[-0.35483054286627913, 0.03171036974072531, 0.005360030781077681]], "M_G1C13_M M_G1C13H1_M": [[-0.33403011989165143, 0.03286369433112097, 0.005554978218008864]], "M_G1C13_M M_G1C13H2_M": [[-0.3322151450086257, 0.03118212433430956, 0.0052707410105230675]], "M_G1C14_M M_G1C14H1_M": [[-0.29588573833301246, 0.03324771193931736, 0.005619889041100433]], "M_G1C14_M M_G1C14H2_M": [[-0.29403250491038296, 0.03248006631291273, 0.005490133247644511]], "M_G1C15_M M_G1C15H1_M": [[-0.24425600121239568, 0.031082115052151436, 0.005253836356457411]], "M_G1C15_M M_G1C15H2_M": [[-0.24036779161756863, 0.028588001360699417, 0.004832254196835946]], "M_G1C16_M M_G1C16H1_M": [[-0.06467192397479277, 0.013636345509591122, 0.002304963085275808]], "M_G1C16_M M_G1C16H2_M": [[-0.0653268090383275, 0.010918277056136001, 0.0018455256616596168]], "M_G1C16_M M_G1C16H3_M": [[-0.06384832206392722, 0.014980428731765626, 0.002532154616061807]], "M_G2_M M_G2H1_M": [[-0.36514521700869923, 0.052300476305976784, 0.00884039401486485]], "M_G2C1_M M_G2C1H1_M": [[-0.3585264369257574, 0.05078522326701928, 0.0085842695042918]], "M_G2C2_M M_G2C2H1_M": [[-0.09663882448948777, 0.15178440158731216, 0.025656246560587733]], "M_G2C3_M M_G2C3H1_M": [[-0.09054815837889009, 0.15347012603705434, 0.025941185998787634]], "M_G2C4_M M_G2C4H1_M": [[-0.34759831355431325, 0.02851271135267801, 0.0048195278627123795]], "M_G2C4_M M_G2C4H2_M": [[-0.3513978620769286, 0.027407059780043947, 0.004632638636540589]], "M_G2C5_M M_G2C5H1_M": [[-0.3411595860140044, 0.03621487513190109, 0.00612143116043763]], "M_G2C5_M M_G2C5H2_M": [[-0.3449180291385151, 0.033157581899895316, 0.005604654283841155]], "M_G2C6_M M_G2C6H1_M": [[-0.3660758549035895, 0.03379428506468549, 0.005712276761585461]], "M_G2C6_M M_G2C6H2_M": [[-0.3723472842518814, 0.03162430878299503, 0.005345483824159328]], "M_G2C7_M M_G2C7H1_M": [[-0.3732290314918887, 0.03233777923855974, 0.00546608234238805]], "M_G2C7_M M_G2C7H2_M": [[-0.3749753495157147, 0.03172191333486092, 0.0053619820046173945]], "M_G2C8_M M_G2C8H1_M": [[-0.3822772441289248, 0.0300243087151948, 0.005075034451185873]], "M_G2C8_M M_G2C8H2_M": [[-0.38361792989334914, 0.02969214709406177, 0.005018888889714253]], "M_G2C9_M M_G2C9H1_M": [[-0.38081153756827596, 0.02959662296342946, 0.005002742364627625]], "M_G2C9_M M_G2C9H2_M": [[-0.3789999559828404, 0.0291031767663571, 0.004919334734040563]], "M_G2C10_M M_G2C10H1_M": [[-0.38087748749502237, 0.028147189757827734, 0.0047577434364958066]], "M_G2C10_M M_G2C10H2_M": [[-0.3793720040499538, 0.027193702373244342, 0.004596574652513683]], "M_G2C11_M M_G2C11H1_M": [[-0.37128932312123725, 0.02933032980389051, 0.004957730605269736]], "M_G2C11_M M_G2C11H2_M": [[-0.37104069922056193, 0.029497539355769636, 0.004985994178110115]], "M_G2C12_M M_G2C12H1_M": [[-0.36238631919472675, 0.028403794159226715, 0.004801117496820689]], "M_G2C12_M M_G2C12H2_M": [[-0.36204974328104295, 0.030358836471760547, 0.005131579962543139]], "M_G2C13_M M_G2C13H1_M": [[-0.34126033529166316, 0.030930234593883946, 0.005228163873354434]], "M_G2C13_M M_G2C13H2_M": [[-0.34001290614550306, 0.03268695151980758, 0.005525103230214025]], "M_G2C14_M M_G2C14H1_M": [[-0.3132529459372571, 0.030499436293889386, 0.005155345670120391]], "M_G2C14_M M_G2C14H2_M": [[-0.3124168012190167, 0.032048176921694815, 0.005417130616332525]], "M_G2C15_M M_G2C15H1_M": [[-0.2514760206800648, 0.03289056616879386, 0.005559520387597186]], "M_G2C15_M M_G2C15H2_M": [[-0.250558348511628, 0.03197452250564728, 0.005404680747712102]], "M_G2C16_M M_G2C16H1_M": [[-0.09229417243625843, 0.0167253267413703, 0.002827096211438749]], "M_G2C16_M M_G2C16H2_M": [[-0.08965385250732051, 0.0147718214571098, 0.0024968935509132686]], "M_G2C16_M M_G2C16H3_M": [[-0.09150292473411167, 0.01503896417914305, 0.0025420489125425]], "M_G3_M M_G3H1_M": [[-0.35917987377565924, 0.05188001060402084, 0.008769322339469754]], "M_G3_M M_G3H2_M": [[-0.3622035563184997, 0.0455608042971183, 0.007701181520112562]], "M_G3C4_M M_G3C4H1_M": [[0.05379356631721629, 0.04823646408373125, 0.008153450570684949]], "M_G3C4_M M_G3C4H2_M": [[0.03986164136804488, 0.0536440011521152, 0.00906749116287432]], "M_G3C5_M M_G3C5H1_M": [[-0.10747630060103779, 0.04734559721399656, 0.008002866585614358]], "M_G3C5_M M_G3C5H2_M": [[-0.09347803646258782, 0.0538057063405038, 0.009094824328469982]], "M_G3N6C1_M M_G3N6C1H1_M": [[0.014068508065249764, 0.010366605323058746, 0.0017522761191748773]], "M_G3N6C1_M M_G3N6C1H2_M": [[0.016678104396789673, 0.013774241181330535, 0.00232827170801165]], "M_G3N6C1_M M_G3N6C1H3_M": [[0.01906251104644712, 0.012914791136908604, 0.0021829981356576884]], "M_G3N6C2_M M_G3N6C2H1_M": [[0.015993883969434564, 0.014177507469160265, 0.002396436151801224]], "M_G3N6C2_M M_G3N6C2H2_M": [[0.017056500695670978, 0.014057998277010963, 0.0023762354113563942]], "M_G3N6C2_M M_G3N6C2H3_M": [[0.013231515294526252, 0.015377291498717515, 0.002599236667268351]], "M_G3N6C3_M M_G3N6C3H1_M": [[0.015100248238114351, 0.015482496133365362, 0.0026170194961863086]], "M_G3N6C3_M M_G3N6C3H2_M": [[0.018959924517931125, 0.016367792615532086, 0.0027666619139061874]], "M_G3N6C3_M M_G3N6C3H3_M": [[0.011794703521759532, 0.015670317666413518, 0.0026487671297433647]]}