{"M_G1_M M_G1H1_M": [[-0.2795457873474379, 0.048771734844963, 0.005788140035229612]], "M_G1_M M_G1H2_M": [[0.013028571161092533, 0.06487680081536751, 0.0076994597249974185]], "M_G1C3_M M_G1C3H1_M": [[-0.28259188135044444, 0.019247158948294072, 0.00228421752121771]], "M_G1C3_M M_G1C3H2_M": [[-0.2769123859158939, 0.022802948437591265, 0.0027062120958473495]], "M_G1C4_M M_G1C4H1_M": [[-0.2232272806435722, 0.016920236259281556, 0.0020080626044821927]], "M_G1C4_M M_G1C4H2_M": [[-0.21683951332406087, 0.018752635977132885, 0.0022255284420447476]], "M_G1C5_M M_G1C5H1_M": [[-0.25383417922315044, 0.015202258634826906, 0.00180417617109317]], "M_G1C5_M M_G1C5H2_M": [[-0.2505161366825699, 0.01565931767910809, 0.0018584191001396223]], "M_G1C6_M M_G1C6H1_M": [[-0.24432857025991858, 0.014609791201213671, 0.0017338632227642328]], "M_G1C6_M M_G1C6H2_M": [[-0.24135373000475738, 0.01383202721533092, 0.0016415596194792935]], "M_G1C7_M M_G1C7H1_M": [[-0.256256029441401, 0.012839452288371092, 0.0015237626477093908]], "M_G1C7_M M_G1C7H2_M": [[-0.25829791454030704, 0.013337398407015994, 0.0015828579797470498]], "M_G1C8_M M_G1C8H1_M": [[-0.24524638978403487, 0.013848971485162972, 0.0016435705343441102]], "M_G1C8_M M_G1C8H2_M": [[-0.2445954272391323, 0.012039661997978478, 0.0014288450030054418]], "M_G1C9_M M_G1C9H1_M": [[-0.2467207329288181, 0.011746504239743156, 0.001394053577962351]], "M_G1C9_M M_G1C9H2_M": [[-0.24583680693522972, 0.011661664646077877, 0.001383984970597294]], "M_G1C10_M M_G1C10H1_M": [[-0.2271808687686323, 0.012384396774907675, 0.001469757494025554]], "M_G1C10_M M_G1C10H2_M": [[-0.2265886923527986, 0.011569233332738908, 0.0013730153918659481]], "M_G1C11_M M_G1C11H1_M": [[-0.22068038561262524, 0.011946073712053053, 0.0014177381168896323]], "M_G1C11_M M_G1C11H2_M": [[-0.22013432782875825, 0.010831084902589508, 0.0012854132900733586]], "M_G1C12_M M_G1C12H1_M": [[-0.19563838263736538, 0.011736903832466786, 0.0013929142192356725]], "M_G1C12_M M_G1C12H2_M": [[-0.1956854068920927, 0.011157962011988532, 0.0013242064658651772]], "M_G1C13_M M_G1C13H1_M": [[-0.18343918116560853, 0.010848830509013878, 0.0012875193060951555]], "M_G1C13_M M_G1C13H2_M": [[-0.1830862801892061, 0.01034099050050414, 0.0012272497853555188]], "M_G1C14_M M_G1C14H1_M": [[-0.15429139079478515, 0.010146916898967058, 0.0012042174862911357]], "M_G1C14_M M_G1C14H2_M": [[-0.15397586386606837, 0.010356941895709099, 0.0012291428676807035]], "M_G1C15_M M_G1C15H1_M": [[-0.13389761398043443, 0.008605248621820528, 0.0010212551228574538]], "M_G1C15_M M_G1C15H2_M": [[-0.1336514314900735, 0.0084338203001019, 0.0010009103240663914]], "M_G1C16_M M_G1C16H1_M": [[-0.09483405761976885, 0.007097086248380771, 0.0008422691786198124]], "M_G1C16_M M_G1C16H2_M": [[-0.09445305186732438, 0.007038265544240864, 0.0008352884453402836]], "M_G1C17_M M_G1C17H1_M": [[-0.032785441640103524, 0.0031020470724245942, 0.0003681452568407448]], "M_G1C17_M M_G1C17H2_M": [[-0.033163501257227175, 0.0030851545217998448, 0.00036614047991658844]], "M_G1C17_M M_G1C17H3_M": [[-0.03266422014900568, 0.0029625953794305397, 0.0003515953856958024]], "M_G2_M M_G2H1_M": [[-0.2546344942693797, 0.0732183978588818, 0.008689425162126103]], "M_G2C3_M M_G2C3H1_M": [[-0.16578434080107815, 0.026604826482572154, 0.003157412008894672]], "M_G2C3_M M_G2C3H2_M": [[-0.1598996906858664, 0.03623557846822148, 0.004300371990012937]], "M_G2C4_M M_G2C4H1_M": [[-0.22198157155204198, 0.01964441486933265, 0.002331363125287459]], "M_G2C4_M M_G2C4H2_M": [[-0.2121988021040001, 0.020597288321714858, 0.0024444483988741647]], "M_G2C5_M M_G2C5H1_M": [[-0.22258753473915277, 0.016963606904571066, 0.002013209753115555]], "M_G2C5_M M_G2C5H2_M": [[-0.21708788657882142, 0.01607388480161883, 0.0019076191658482173]], "M_G2C6_M M_G2C6H1_M": [[-0.23197494647223765, 0.015117968525111438, 0.0017941727754754234]], "M_G2C6_M M_G2C6H2_M": [[-0.23134006187188275, 0.01514362616338939, 0.001797217776925508]], "M_G2C7_M M_G2C7H1_M": [[-0.20617807668425112, 0.013438122736084761, 0.0015948117583743193]], "M_G2C7_M M_G2C7H2_M": [[-0.20494542627073015, 0.014832916247366604, 0.0017603432939900287]], "M_G2C8_M M_G2C8H1_M": [[-0.20046211521586618, 0.012698112723554467, 0.0015069887273992436]], "M_G2C8_M M_G2C8H2_M": [[-0.19985434189980497, 0.013014364969127213, 0.001544520963840079]], "M_G2C9_M M_G2C9H1_M": [[-0.1388166136971097, 0.010776190485035865, 0.0012788985212843689]], "M_G2C9_M M_G2C9H2_M": [[-0.13683408078206977, 0.011989045313785841, 0.0014228379077656007]], "M_G2C10_M M_G2C10H1_M": [[-0.10720692888797252, 0.012090803981829242, 0.0014349144398452152]], "M_G2C11_M M_G2C11H1_M": [[0.006780561839078754, 0.014577580921438365, 0.0017300405658399701]], "M_G2C12_M M_G2C12H1_M": [[-0.06681413349445951, 0.01236938521025563, 0.0014679759490665702]], "M_G2C12_M M_G2C12H2_M": [[-0.06660601009752236, 0.010879953712600216, 0.0012912129508112055]], "M_G2C13_M M_G2C13H1_M": [[-0.12801436011204403, 0.011587142373369278, 0.0013751408039595452]], "M_G2C13_M M_G2C13H2_M": [[-0.12744654523631146, 0.010853392414574128, 0.0012880607046796874]], "M_G2C14_M M_G2C14H1_M": [[-0.13679280963294393, 0.010372948302556877, 0.0012310424786867566]], "M_G2C14_M M_G2C14H2_M": [[-0.13674690023535993, 0.01006109924260168, 0.0011940328042387744]], "M_G2C15_M M_G2C15H1_M": [[-0.1462286451840208, 0.010509386425624023, 0.001247234704880205]], "M_G2C15_M M_G2C15H2_M": [[-0.14598531596908038, 0.009715335359200158, 0.0011529981807500938]], "M_G2C16_M M_G2C16H1_M": [[-0.13393588063400264, 0.009304521614142254, 0.0011042435589932293]], "M_G2C16_M M_G2C16H2_M": [[-0.13346052230555996, 0.008825685371885954, 0.0010474161520344046]], "M_G2C17_M M_G2C17H1_M": [[-0.12002030116455858, 0.008475749518605719, 0.0010058864068126648]], "M_G2C17_M M_G2C17H2_M": [[-0.11987848657704009, 0.008027571406182663, 0.0009526974504699023]], "M_G2C18_M M_G2C18H1_M": [[-0.09103214965399756, 0.006568492143784874, 0.0007795365998234311]], "M_G2C18_M M_G2C18H2_M": [[-0.09076837789294562, 0.006594777521615309, 0.0007826561002522166]], "M_G2C19_M M_G2C19H1_M": [[-0.02716427106699259, 0.003148785910958349, 0.00037369213647045924]], "M_G2C19_M M_G2C19H2_M": [[-0.02731894237827123, 0.0029203007229806595, 0.00034657593344436955]], "M_G2C19_M M_G2C19H3_M": [[-0.027042969791925622, 0.0031428366073197934, 0.00037298608402673285]], "M_G3_M M_G3H1_M": [[-0.20299577297949492, 0.06858084823000606, 0.008139049278274758]], "M_G3_M M_G3H2_M": [[-0.24158467491945215, 0.056463668949166164, 0.006701004666320021]], "M_G3C4_M M_G3C4H1_M": [[0.13530652929885184, 0.08741149300527029, 0.010373835661399508]], "M_G3C4_M M_G3C4H2_M": [[0.13859851774038012, 0.0687497388736578, 0.008159092910087403]], "M_G3C5_M M_G3C5H1_M": [[0.11399361548874803, 0.06655104274944512, 0.00789815568687165]]}