{"M_G1_M M_G1H1_M": [[-0.07343605080198934, 0.04735001017723939, 0.002965172655611635]], "M_G1_M M_G1H2_M": [[0.09297872103115334, 0.0346343648690571, 0.0021688880587309688]], "M_G1C3_M M_G1C3H1_M": [[-0.11823781158186882, 0.03299390141757569, 0.0020661582525354646]], "M_G1C3_M M_G1C3H2_M": [[-0.08116386417911545, 0.031266235271943596, 0.0019579676018074373]], "M_G1C4_M M_G1C4H1_M": [[-0.12906587133293657, 0.024528844687708832, 0.0015360558375698199]], "M_G1C4_M M_G1C4H2_M": [[-0.09342477210075151, 0.025188936489257956, 0.0015773923896174418]], "M_G1C5_M M_G1C5H1_M": [[-0.19898596684763156, 0.02073783943040865, 0.0012986538795945318]], "M_G1C5_M M_G1C5H2_M": [[-0.1887157388060463, 0.019383439225238174, 0.0012138380487616855]], "M_G1C6_M M_G1C6H1_M": [[-0.1913911951833068, 0.018294861198337873, 0.0011456686484430344]], "M_G1C6_M M_G1C6H2_M": [[-0.18520869743169718, 0.017697271348659636, 0.0011082461204455908]], "M_G1C7_M M_G1C7H1_M": [[-0.21536520855688454, 0.01666543477785216, 0.0010436300079386266]], "M_G1C7_M M_G1C7H2_M": [[-0.2128061520857898, 0.01696145424125706, 0.0010621674658004405]], "M_G1C8_M M_G1C8H1_M": [[-0.19968025858123112, 0.016295812148890896, 0.0010204833410595968]], "M_G1C8_M M_G1C8H2_M": [[-0.20036962133447364, 0.016594611415985304, 0.0010391948769808926]], "M_G1C9_M M_G1C9H1_M": [[-0.20257506921299182, 0.016599271714637574, 0.0010394867162028688]], "M_G1C9_M M_G1C9H2_M": [[-0.20201682154524675, 0.016387383051900416, 0.0010262177334417132]], "M_G1C10_M M_G1C10H1_M": [[-0.18351548305280097, 0.01625787979803059, 0.001018107925106928]], "M_G1C10_M M_G1C10H2_M": [[-0.18412932612933725, 0.016047648400172875, 0.0010049427242981993]], "M_G1C11_M M_G1C11H1_M": [[-0.1778675456025428, 0.015451607918199115, 0.0009676172214699923]], "M_G1C11_M M_G1C11H2_M": [[-0.17699474455204833, 0.01588642311128123, 0.0009948464050740823]], "M_G1C12_M M_G1C12H1_M": [[-0.1575936447826796, 0.01580583190398087, 0.0009897995879081458]], "M_G1C12_M M_G1C12H2_M": [[-0.1552537353433724, 0.016282542161463652, 0.0010196523422126634]], "M_G1C13_M M_G1C13H1_M": [[-0.1450042670591865, 0.013889248660519465, 0.0008697784896139164]], "M_G1C13_M M_G1C13H2_M": [[-0.14321020281212885, 0.01610793998737999, 0.0010087183299439166]], "M_G1C14_M M_G1C14H1_M": [[-0.12210107519776378, 0.01397372025371633, 0.0008750683059705704]], "M_G1C14_M M_G1C14H2_M": [[-0.12119059359716093, 0.015795700448943018, 0.0009891651315832718]], "M_G1C15_M M_G1C15H1_M": [[-0.10564081840213785, 0.015036978169057628, 0.0009416520993980983]], "M_G1C15_M M_G1C15H2_M": [[-0.10434741457893709, 0.015000416145592135, 0.0009393624966755666]], "M_G1C16_M M_G1C16H1_M": [[-0.07563918638797748, 0.014966790372716388, 0.000937256769097436]], "M_G1C16_M M_G1C16H2_M": [[-0.07493091837042101, 0.015298926269567043, 0.0009580559257523593]], "M_G1C17_M M_G1C17H1_M": [[-0.025215112791478762, 0.014558071699459881, 0.0009116618129561042]], "M_G1C17_M M_G1C17H2_M": [[-0.024344774957565082, 0.015450972330384758, 0.0009675774194171456]], "M_G1C17_M M_G1C17H3_M": [[-0.026265725144056916, 0.014183448794767373, 0.0008882020166645717]], "M_G2_M M_G2H1_M": [[-0.24095262963960568, 0.027520249573716273, 0.0017233848779786862]], "M_G2C3_M M_G2C3H1_M": [[-0.14697031343099773, 0.032423522336555786, 0.0020304397289693157]], "M_G2C3_M M_G2C3H2_M": [[-0.11551582029826465, 0.0340874287576241, 0.002134637590865869]], "M_G2C4_M M_G2C4H1_M": [[-0.18394923247708267, 0.023186921646924638, 0.001452021357079229]], "M_G2C4_M M_G2C4H2_M": [[-0.13680523329675368, 0.02688029952973385, 0.001683309651716406]], "M_G2C5_M M_G2C5H1_M": [[-0.19179050190691815, 0.019501877608290644, 0.001221254948008116]], "M_G2C5_M M_G2C5H2_M": [[-0.18400273784410984, 0.01983883164872111, 0.0012423558285178005]], "M_G2C6_M M_G2C6H1_M": [[-0.19191787802894994, 0.01711392208931701, 0.0010717153728069025]], "M_G2C6_M M_G2C6H2_M": [[-0.18669342265660704, 0.017231950503675958, 0.0010791065988178862]], "M_G2C7_M M_G2C7H1_M": [[-0.18280541427612523, 0.01670775751393111, 0.001046280360478409]], "M_G2C7_M M_G2C7H2_M": [[-0.18136807427530904, 0.014074097949758977, 0.0008813542011250772]], "M_G2C8_M M_G2C8H1_M": [[-0.16946413699882978, 0.015515121422181718, 0.0009715945913705763]], "M_G2C8_M M_G2C8H2_M": [[-0.16762314169153508, 0.01569991067486235, 0.0009831665432465846]], "M_G2C9_M M_G2C9H1_M": [[-0.13394375383563156, 0.01576363246133146, 0.0009871569563024143]], "M_G2C9_M M_G2C9H2_M": [[-0.13332941653169145, 0.01597863361814411, 0.0010006208510031634]], "M_G2C10_M M_G2C10H1_M": [[-0.11311823215452187, 0.015421812290891398, 0.0009657513469111712]], "M_G2C11_M M_G2C11H1_M": [[-0.0396785972982948, 0.018366113183479197, 0.001150130620831388]], "M_G2C12_M M_G2C12H1_M": [[-0.05520262686450836, 0.01742852088956606, 0.0010914163138731224]], "M_G2C12_M M_G2C12H2_M": [[-0.05511453084991419, 0.01836287191731715, 0.0011499276448709332]], "M_G2C13_M M_G2C13H1_M": [[-0.0938066024524497, 0.01660044542392776, 0.0010395602167296875]], "M_G2C13_M M_G2C13H2_M": [[-0.09329509801880412, 0.016715469009390176, 0.0010467632730561149]], "M_G2C14_M M_G2C14H1_M": [[-0.09160637555727719, 0.01566938537596832, 0.000981254974880577]], "M_G2C14_M M_G2C14H2_M": [[-0.09043730145905078, 0.015543208530427777, 0.0009733534743155784]], "M_G2C15_M M_G2C15H1_M": [[-0.10077025491562713, 0.014011291602387002, 0.0008774211150892109]], "M_G2C15_M M_G2C15H2_M": [[-0.09851012204115957, 0.015661235697294853, 0.0009807446222055906]], "M_G2C16_M M_G2C16H1_M": [[-0.08798253359989938, 0.013909283290005818, 0.000871033106778641]], "M_G2C16_M M_G2C16H2_M": [[-0.08826896612742192, 0.016091952924296632, 0.0010077171812193258]], "M_G2C17_M M_G2C17H1_M": [[-0.08177578908148558, 0.015248847780666049, 0.0009549198891312952]], "M_G2C17_M M_G2C17H2_M": [[-0.0808545136543197, 0.01477874999737169, 0.0009254812240228742]], "M_G2C18_M M_G2C18H1_M": [[-0.060588556394446526, 0.013825756427235682, 0.0008658024517361614]], "M_G2C18_M M_G2C18H2_M": [[-0.058220703913122354, 0.015055068021454536, 0.0009427849298974071]], "M_G2C19_M M_G2C19H1_M": [[-0.022178462966340774, 0.014687601175048217, 0.0009197732633585979]], "M_G2C19_M M_G2C19H2_M": [[-0.022534843377732892, 0.014320949496701403, 0.0008968126446238065]], "M_G2C19_M M_G2C19H3_M": [[-0.020506220281341317, 0.014292991092495511, 0.0008950618214384358]], "M_G3_M M_G3H1_M": [[-0.30848693635913293, 0.01603082363557654, 0.0010038891166699977]], "M_G3_M M_G3H2_M": [[-0.2611679700712374, 0.02204504368306135, 0.0013805141852366249]], "M_G3C4_M M_G3C4H1_M": [[-0.024507369439026386, 0.033995125528177725, 0.0021288573384233766]], "M_G3C4_M M_G3C4H2_M": [[0.03393822563840516, 0.04600132761867734, 0.0028807148776981927]], "M_G3C5_M M_G3C5H1_M": [[-0.02653674157646664, 0.033578463376006625, 0.0021027649423368405]], "M_G3C5_M M_G3C5H2_M": [[0.027568816759400094, 0.04492776706950854, 0.002813485908314171]], "M_G3N6C1_M M_G3N6C1H1_M": [[0.0008278788413528125, 0.01628398697650059, 0.0010197428200398888]], "M_G3N6C1_M M_G3N6C1H2_M": [[-0.0003499135444291586, 0.016784187802539766, 0.0010510666108085479]], "M_G3N6C1_M M_G3N6C1H3_M": [[-0.00046702683646609685, 0.015812966035101298, 0.0009902463445284858]], "M_G3N6C2_M M_G3N6C2H1_M": [[0.0002164777014645419, 0.016391596622453746, 0.0010264815974649827]], "M_G3N6C2_M M_G3N6C2H2_M": [[-0.001245804515441989, 0.015225896259855657, 0.0009534826091464138]], "M_G3N6C2_M M_G3N6C2H3_M": [[-0.0004679106004377634, 0.016553586699270782, 0.0010366258095667405]], "M_G3N6C3_M M_G3N6C3H1_M": [[-0.0001334997334784863, 0.017224744634962926, 0.001078655349815239]], "M_G3N6C3_M M_G3N6C3H2_M": [[-0.002060435287713695, 0.016511024373980825, 0.0010339604533685766]], "M_G3N6C3_M M_G3N6C3H3_M": [[-6.086031036744035e-05, 0.0158063384648616, 0.0009898313099809886]]}