{"10.1039/c2cp42738a": {"M_G1_M M_G1H1_M": [-0.2576418366275116, 0.10812226930795238, 0.012831752605697409, -0.14991575, 0.02, 11.392161608508466], "M_G1_M M_G1H2_M": [0.030508170727794128, 0.10743267129540526, 0.012749912378415624, 0.0, 0.02, 0.6884950147879846], "M_G1C3_M M_G1C3H1_M": [-0.24536490658644233, 0.055191585143730605, 0.006550036093522385, -0.20987741, 0.02, 2.0444348650436526], "M_G1C3_M M_G1C3H2_M": [-0.2251891783254939, 0.05906249588078298, 0.007009428679846326, -0.20987741, 0.02, 0.12598052195202997], "M_G1C4_M M_G1C4H1_M": [-0.18980616239315193, 0.057960882020357166, 0.006878691167449777, -0.18840908, 0.02, 0.0018952868135509835], "M_G1C4_M M_G1C4H2_M": [-0.1757068688776496, 0.053826079957234055, 0.006387980442572116, -0.18840908, 0.02, 0.058806128429596864], "M_G1C5_M M_G1C5H1_M": [-0.22107313707916645, 0.052981153124028166, 0.006287706075755659, -0.18619612, 0.02, 2.0462622306426352], "M_G1C5_M M_G1C5H2_M": [-0.20791949498679305, 0.058174220969011606, 0.006904009842573922, -0.18619612, 0.02, 0.3963784519625477], "M_G1C6_M M_G1C6H1_M": [-0.18729533831255754, 0.051858686641520685, 0.006154493812417935, -0.20173615, 0.02, 0.08787922651147789], "M_G1C6_M M_G1C6H2_M": [-0.18834616242042188, 0.05741777539371393, 0.006814236269155404, -0.20173615, 0.02, 0.07884243322838526], "M_G1C7_M M_G1C7H1_M": [-0.20147594087620893, 0.048940253330076317, 0.005808139499949522, -0.19581075, 0.02, 0.0029621651172417923], "M_G1C7_M M_G1C7H2_M": [-0.19686672496555901, 0.05652033423016031, 0.006707729597934046, -0.19581075, 0.02, 0.0013995207262282427], "M_G1C8_M M_G1C8H1_M": [-0.17653300854155252, 0.05799133205395261, 0.006882304921586023, -0.19507116, 0.02, 0.23350895816234626], "M_G1C8_M M_G1C8H2_M": [-0.17965230292133832, 0.05586458946559883, 0.006629907012030225, -0.19507116, 0.02, 0.12193148450886798], "M_G1C9_M M_G1C9H1_M": [-0.1799697380032497, 0.05569507927646659, 0.006609789853696313, -0.18174699, 0.02, 0.0014834553285321523], "M_G1C9_M M_G1C9H2_M": [-0.18002635773856338, 0.0541234710899858, 0.006423274276738043, -0.18174699, 0.02, 0.0011199135226010203], "M_G1C10_M M_G1C10H1_M": [-0.1571310419606228, 0.057609492885281534, 0.006836988949410141, -0.17434532, 0.02, 0.18166803705945442], "M_G1C10_M M_G1C10H2_M": [-0.1555862351002795, 0.04977267741455912, 0.0059069300634798216, -0.17434532, 0.02, 0.2341850619625064], "M_G1C11_M M_G1C11H1_M": [-0.15084878526331194, 0.04973772859942812, 0.005902782402202514, -0.14991285, 0.02, 0.0003539349993627622], "M_G1C11_M M_G1C11H2_M": [-0.15200433989235274, 0.0469830396254798, 0.005575860967371443, -0.14991285, 0.02, 0.00030268347222661907], "M_G1C12_M M_G1C12H1_M": [-0.13093607316166153, 0.043939472036980357, 0.005214655948420999, -0.13658578, 0.02, 0.001288648370357472], "M_G1C12_M M_G1C12H2_M": [-0.13056256229152263, 0.04511517417463586, 0.005354186121667885, -0.13658578, 0.02, 0.0019682792611330976], "M_G1C13_M M_G1C13H1_M": [-0.12308375721982164, 0.03898912396301423, 0.004627157718835173, -0.11585704, 0.02, 0.0012550219379571155], "M_G1C13_M M_G1C13H2_M": [-0.12243789709447683, 0.04050927632549773, 0.00480756661298072, -0.11585704, 0.02, 0.0011416190305667156], "M_G1C14_M M_G1C14H1_M": [-0.10273706745780312, 0.031789800654289734, 0.0037727552334150013, -0.10623371, 0.02, 2.6448339030701834e-06], "M_G1C14_M M_G1C14H2_M": [-0.10049706233245373, 0.03409560135593111, 0.004046403431430851, -0.10623371, 0.02, 9.198675973389527e-05], "M_G1C15_M M_G1C15H1_M": [-0.08923988963670731, 0.027000395607158285, 0.0032043574270553344, -0.08994829, 0.02, 4.0009657307485493e-10], "M_G1C16_M M_G1C16H1_M": [-0.06486836340287752, 0.020137285758684502, 0.002389856138421506, -0.06699789, 0.02, 1.6441783304733858e-14], "M_G1C16_M M_G1C16H2_M": [-0.0643607657487686, 0.020693106959594185, 0.0024558199790689953, -0.06699789, 0.02, 3.362127712139337e-13], "M_G1C17_M M_G1C17H1_M": [-0.0230179059397155, 0.009470663102775632, 0.001123960926130741, -0.01813583, 0.02, 0.0], "M_G1C17_M M_G1C17H2_M": [-0.02007347616916046, 0.01008508677645843, 0.0011968796007594238, -0.01813583, 0.02, 0.0], "M_G1C17_M M_G1C17H3_M": [-0.02411530522834753, 0.010775464163240918, 0.0012788123227459498, -0.01813583, 0.02, 0.0], "M_G2_M M_G2H1_M": [-0.23924704151821496, 0.1020624629489607, 0.012112585901791628, -0.20691616, 0.02, 0.8115611496245934], "M_G2C3_M M_G2C3H1_M": [-0.24536490658644233, 0.055191585143730605, 0.006550036093522385, -0.0795825, 0.02, 109.31395396200367], "M_G2C3_M M_G2C3H2_M": [-0.2251891783254939, 0.05906249588078298, 0.007009428679846326, -0.122519, 0.02, 31.67937925667236], "M_G2C4_M M_G2C4H1_M": [-0.18980616239315193, 0.057960882020357166, 0.006878691167449777, -0.180265, 0.02, 0.028819421607606782], "M_G2C4_M M_G2C4H2_M": [-0.1757068688776496, 0.053826079957234055, 0.006387980442572116, -0.180265, 0.02, 0.0034348296977360156], "M_G2C5_M M_G2C5H1_M": [-0.22107313707916645, 0.052981153124028166, 0.006287706075755659, -0.186187, 0.02, 2.0479641315556925], "M_G2C5_M M_G2C5H2_M": [-0.20791949498679305, 0.058174220969011606, 0.006904009842573922, -0.186187, 0.02, 0.3969313442562796], "M_G2C6_M M_G2C6H1_M": [-0.18729533831255754, 0.051858686641520685, 0.006154493812417935, -0.193592, 0.02, 0.005681995034192922], "M_G2C6_M M_G2C6H2_M": [-0.18834616242042188, 0.05741777539371393, 0.006814236269155404, -0.193592, 0.02, 0.006692560391057523], "M_G2C7_M M_G2C7H1_M": [-0.20147594087620893, 0.048940253330076317, 0.005808139499949522, -0.166198, 0.02, 2.3702064684184756], "M_G2C7_M M_G2C7H2_M": [-0.19686672496555901, 0.05652033423016031, 0.006707729597934046, -0.166198, 0.02, 1.2529013057181118], "M_G2C8_M M_G2C8H1_M": [-0.17653300854155252, 0.05799133205395261, 0.006882304921586023, -0.154356, 0.02, 0.42495085780518815], "M_G2C8_M M_G2C8H2_M": [-0.17965230292133832, 0.05586458946559883, 0.006629907012030225, -0.154356, 0.02, 0.6732779065147629], "M_G2C9_M M_G2C9H1_M": [-0.1799697380032497, 0.05569507927646659, 0.006609789853696313, -0.1203, 0.02, 9.010315517622287], "M_G2C9_M M_G2C9H2_M": [-0.18002635773856338, 0.0541234710899858, 0.006423274276738043, -0.1203, 0.02, 9.507238080049875], "M_G2C10_M M_G2C10H1_M": [-0.1571310419606228, 0.057609492885281534, 0.006836988949410141, -0.108455, 0.02, 4.86363506489087], "M_G2C11_M M_G2C11H1_M": [-0.15084878526331194, 0.04973772859942812, 0.005902782402202514, -0.0225792, 0.02, 74.71945509310544], "M_G2C12_M M_G2C12H1_M": [-0.13093607316166153, 0.043939472036980357, 0.005214655948420999, -0.0581141, 0.02, 23.68968769764342], "M_G2C12_M M_G2C12H2_M": [-0.13056256229152263, 0.04511517417463586, 0.005354186121667885, -0.0581141, 0.02, 22.2314332707375], "M_G2C13_M M_G2C13H1_M": [-0.12308375721982164, 0.03898912396301423, 0.004627157718835173, -0.0995716, 0.02, 0.6499130547143865], "M_G2C13_M M_G2C13H2_M": [-0.12243789709447683, 0.04050927632549773, 0.00480756661298072, -0.0995716, 0.02, 0.5598484229505148], "M_G2C14_M M_G2C14H1_M": [-0.10273706745780312, 0.031789800654289734, 0.0037727552334150013, -0.106234, 0.02, 2.645765834906699e-06], "M_G2C14_M M_G2C14H2_M": [-0.10049706233245373, 0.03409560135593111, 0.004046403431430851, -0.106234, 0.02, 9.201165189790105e-05], "M_G2C15_M M_G2C15H1_M": [-0.08923988963670731, 0.027000395607158285, 0.0032043574270553344, -0.0943887, 0.02, 7.762589834418842e-07], "M_G2C15_M M_G2C15H2_M": [-0.09305261943515036, 0.0281661379925394, 0.00334270559517028, -0.0943887, 0.02, 5.157139039526275e-09], "M_G2C16_M M_G2C16H1_M": [-0.06486836340287752, 0.020137285758684502, 0.002389856138421506, -0.0943887, 0.02, 4.469374845341715], "M_G2C16_M M_G2C16H2_M": [-0.0643607657487686, 0.020693106959594185, 0.0024558199790689953, -0.0943887, 0.02, 4.653705088071475], "M_G2C17_M M_G2C17H1_M": [-0.0230179059397155, 0.009470663102775632, 0.001123960926130741, -0.0899483, 0.02, Infinity], "M_G2C17_M M_G2C17H2_M": [-0.02007347616916046, 0.01008508677645843, 0.0011968796007594238, -0.0899483, 0.02, Infinity],