{"M_G1_M M_G1H1_M": [[-0.2836319159306927, 0.03299250967693869, 0.0010315197221704873]], "M_G1_M M_G1H2_M": [[0.04128813937762171, 0.05850436831452379, 0.0018291548700140308]], "M_G1C3_M M_G1C3H1_M": [[-0.317407829317665, 0.016538639355192956, 0.0005170850244433264]], "M_G1C3_M M_G1C3H2_M": [[-0.30843175709822945, 0.018037742083517615, 0.000563954875963211]], "M_G1C4_M M_G1C4H1_M": [[-0.2893263131933014, 0.020503734363597037, 0.000641054790353783]], "M_G1C4_M M_G1C4H2_M": [[-0.279696568069608, 0.020319074733181747, 0.0006352813571555432]], "M_G1C5_M M_G1C5H1_M": [[-0.32897667185830826, 0.020691019611738432, 0.0006469103141990781]], "M_G1C5_M M_G1C5H2_M": [[-0.3253599996506877, 0.020499367883608344, 0.0006409182711781004]], "M_G1C6_M M_G1C6H1_M": [[-0.3347377654879313, 0.022791015582547317, 0.0007125672551708059]], "M_G1C6_M M_G1C6H2_M": [[-0.33256554661007154, 0.022975802969620793, 0.0007183446827154549]], "M_G1C7_M M_G1C7H1_M": [[-0.3505878492777478, 0.021193929147800782, 0.0006626339166165848]], "M_G1C7_M M_G1C7H2_M": [[-0.34962970129989557, 0.02137018212719323, 0.0006681445136010178]], "M_G1C8_M M_G1C8H1_M": [[-0.34845028159866376, 0.021351506904530238, 0.0006675606277226342]], "M_G1C8_M M_G1C8H2_M": [[-0.34740360003402304, 0.02170829307314125, 0.0006787156436072594]], "M_G1C9_M M_G1C9H1_M": [[-0.3488363412479003, 0.020201976488076562, 0.0006316202489088438]], "M_G1C9_M M_G1C9H2_M": [[-0.34880846029649604, 0.020238248065750874, 0.0006327542895772154]], "M_G1C10_M M_G1C10H1_M": [[-0.33373246308127896, 0.020327712395947377, 0.0006355514160138554]], "M_G1C10_M M_G1C10H2_M": [[-0.33385828212480384, 0.020414754500772455, 0.0006382728109203198]], "M_G1C11_M M_G1C11H1_M": [[-0.32232896416992163, 0.018834690915541373, 0.0005888716963519266]], "M_G1C11_M M_G1C11H2_M": [[-0.3227003242141988, 0.019517029624681652, 0.0006102052003069327]], "M_G1C12_M M_G1C12H1_M": [[-0.296094297050427, 0.019493186893706882, 0.0006094597508860882]], "M_G1C12_M M_G1C12H2_M": [[-0.2957951419875935, 0.0192428267696245, 0.0006016321740159194]], "M_G1C13_M M_G1C13H1_M": [[-0.2757982606801792, 0.019473664852362974, 0.0006088493889930267]], "M_G1C13_M M_G1C13H2_M": [[-0.27542402366535496, 0.0193565385603973, 0.0006051874038536621]], "M_G1C14_M M_G1C14H1_M": [[-0.23848382668693052, 0.020251574047075508, 0.0006331709299809991]], "M_G1C14_M M_G1C14H2_M": [[-0.2389770417666462, 0.02032972135962128, 0.000635614226805488]], "M_G1C15_M M_G1C15H1_M": [[-0.20398296227204757, 0.019683560446493605, 0.0006154118314098815]], "M_G1C15_M M_G1C15H2_M": [[-0.20451620569664763, 0.01984625139245874, 0.0006204984077578128]], "M_G1C16_M M_G1C16H1_M": [[-0.14552444172969586, 0.01817608962383173, 0.0005682803491613756]], "M_G1C16_M M_G1C16H2_M": [[-0.14652643354416017, 0.017732730197378702, 0.0005544185969977879]], "M_G1C17_M M_G1C17H1_M": [[-0.047389192656070805, 0.015073789788732373, 0.00047128610727658655]], "M_G1C17_M M_G1C17H2_M": [[-0.04576172866439038, 0.01522259194976654, 0.0004759384470140398]], "M_G1C17_M M_G1C17H3_M": [[-0.04645967324131921, 0.014883308509601777, 0.0004653306586595687]], "M_G2_M M_G2H1_M": [[-0.26722542557627044, 0.03956951054343542, 0.001237151429880977]], "M_G2C3_M M_G2C3H1_M": [[-0.17519665360312484, 0.03400694961807542, 0.0010632364608025725]], "M_G2C3_M M_G2C3H2_M": [[-0.16964568866617147, 0.03402355156547217, 0.0010637555251700266]], "M_G2C4_M M_G2C4H1_M": [[-0.2721179936612409, 0.022322804055874217, 0.0006979284953844159]], "M_G2C4_M M_G2C4H2_M": [[-0.2614085316863283, 0.023096091763281642, 0.0007221055443241125]], "M_G2C5_M M_G2C5H1_M": [[-0.28153710059884096, 0.02474189263342242, 0.0007735619528525674]], "M_G2C5_M M_G2C5H2_M": [[-0.2821546740643027, 0.02455769861609369, 0.0007678030771731824]], "M_G2C6_M M_G2C6H1_M": [[-0.3062629624945721, 0.024946403046318507, 0.0007799560261242652]], "M_G2C6_M M_G2C6H2_M": [[-0.30667758505746745, 0.024917584177175583, 0.0007790549964001652]], "M_G2C7_M M_G2C7H1_M": [[-0.2897107457598661, 0.02867378746665143, 0.0008964937063229902]], "M_G2C7_M M_G2C7H2_M": [[-0.2906573986865273, 0.028010371525509784, 0.0008757518278181174]], "M_G2C8_M M_G2C8H1_M": [[-0.2840446394419576, 0.026941218940431246, 0.0008423244836021983]], "M_G2C8_M M_G2C8H2_M": [[-0.285058393721077, 0.026737942892523604, 0.0008359690030851107]], "M_G2C9_M M_G2C9H1_M": [[-0.20225907859830033, 0.02568574919279238, 0.0008030718829980341]], "M_G2C9_M M_G2C9H2_M": [[-0.20109747948278806, 0.024988398630624176, 0.0007812690294052994]], "M_G2C10_M M_G2C10H1_M": [[-0.1536310908625723, 0.023430832360993636, 0.0007325712994828482]], "M_G2C11_M M_G2C11H1_M": [[-0.03943640522044278, 0.019800703237360103, 0.0006190743323918346]], "M_G2C12_M M_G2C12H1_M": [[-0.1324244530549038, 0.020839361974099767, 0.0006515482782068915]], "M_G2C12_M M_G2C12H2_M": [[-0.1326414459419335, 0.02092654842584941, 0.0006542741861589224]], "M_G2C13_M M_G2C13H1_M": [[-0.22076527977585975, 0.021569657020789952, 0.0006743811500023615]], "M_G2C13_M M_G2C13H2_M": [[-0.22063827740163058, 0.0217050943646701, 0.0006786156351233407]], "M_G2C14_M M_G2C14H1_M": [[-0.23238564226568484, 0.021067775727361345, 0.0006586896958683977]], "M_G2C14_M M_G2C14H2_M": [[-0.23203461102108608, 0.020885598002179304, 0.0006529938601073254]], "M_G2C15_M M_G2C15H1_M": [[-0.2392379380153153, 0.02021189208980745, 0.000631930262873915]], "M_G2C15_M M_G2C15H2_M": [[-0.23982952185430428, 0.020137066527130914, 0.000629590821455874]], "M_G2C16_M M_G2C16H1_M": [[-0.21641888772161533, 0.02130067706969679, 0.0006659714192138308]], "M_G2C16_M M_G2C16H2_M": [[-0.2167902664064152, 0.020440532300197187, 0.0006390787607786706]], "M_G2C17_M M_G2C17H1_M": [[-0.19266649613130626, 0.01998113728840084, 0.0006247156517101323]], "M_G2C17_M M_G2C17H2_M": [[-0.19235412097991197, 0.01967374134275142, 0.000615104834480479]], "M_G2C18_M M_G2C18H1_M": [[-0.14182337279877477, 0.01826380551800054, 0.0005710228102735774]], "M_G2C18_M M_G2C18H2_M": [[-0.1407436663308721, 0.01888090874425235, 0.000590316709244189]], "M_G2C19_M M_G2C19H1_M": [[-0.04657845508355314, 0.014458903945286395, 0.0004520615353780351]], "M_G2C19_M M_G2C19H2_M": [[-0.046463043418216894, 0.015047476969986123, 0.00047046342989470714]], "M_G2C19_M M_G2C19H3_M": [[-0.046546309143472374, 0.014206385672834056, 0.00044416648341643553]], "M_G3_M M_G3H1_M": [[-0.13706115445038375, 0.07036587545091759, 0.002200008092932339]], "M_G3_M M_G3H2_M": [[-0.24143464431932177, 0.04205740490190743, 0.001314936118665486]], "M_G3C4_M M_G3C4H1_M": [[0.13413709751280478, 0.04475286394461198, 0.0013992103733396007]], "M_G3C4_M M_G3C4H2_M": [[0.14857545968076943, 0.03754498372341107, 0.001173854052283239]], "M_G3C5_M M_G3C5H1_M": [[-0.026662930077272076, 0.025511405679428337, 0.0007976209859844853]], "M_G3C5_M M_G3C5H2_M": [[-0.013417714702917636, 0.021202589963987595, 0.0006629046993728609]], "M_G3N6C1_M M_G3N6C1H1_M": [[0.014238408968830808, 0.01572538225649153, 0.000491658321694125]], "M_G3N6C1_M M_G3N6C1H2_M": [[0.014276390508878547, 0.015428144031494714, 0.0004823650883429963]], "M_G3N6C1_M M_G3N6C1H3_M": [[0.013799757683558348, 0.01580193916183902, 0.000494051894008191]], "M_G3N6C2_M M_G3N6C2H1_M": [[0.01412105244098316, 0.015495719778531425, 0.0004844778623177962]], "M_G3N6C2_M M_G3N6C2H2_M": [[0.013440517493764247, 0.015378409595645287, 0.00048081012777915756]], "M_G3N6C2_M M_G3N6C2H3_M": [[0.014463197375571996, 0.01597152313291837, 0.000499353982647256]], "M_G3N6C3_M M_G3N6C3H1_M": [[0.013747274305998019, 0.015567923652718151, 0.00048673533593741555]], "M_G3N6C3_M M_G3N6C3H2_M": [[0.014781193466931377, 0.01582630913539657, 0.0004948138278107279]], "M_G3N6C3_M M_G3N6C3H3_M": [[0.013345215120445628, 0.015542386456186429, 0.0004859369085934712]]}