{"sn-1": 0.32788269478669696, "sn-2": 0.2502291912416723, "headgroup": 0.5093404997167301, "total": 0.36248412858169976}