{"-20.616600036621094": [0.005069061094223978, 5.097283792078974e-05, 0.0], "-19.556896401479293": [0.012592394438983282, 6.3545167768281125e-06, 0.0], "-18.49719276633749": [0.03269048303666506, 4.800063509162294e-06, 0.0], "-17.43748913119569": [0.06946333519727779, 4.539885513188347e-06, 0.0], "-16.37778549605389": [0.12067871192482654, 4.019529521240452e-06, 0.0], "-15.318081860912088": [0.17584173849278356, 2.2048982576006867e-06, 0.0], "-14.258378225770288": [0.22215187806664805, 0.0, 0.0], "-13.198674590628487": [0.255737549795899, 1.3008899798697357e-07, 0.0], "-12.138970955486686": [0.2738207141698602, 1.9447202616267395e-06, 0.0], "-11.079267320344885": [0.2849648432373132, 6.1009534890320296e-06, 0.0], "-10.019563685203083": [0.2904759423342236, 6.433893117255869e-05, 0.0], "-8.959860050061282": [0.29443589550691845, 0.0002679767195679216, 0.0], "-7.900156414919483": [0.30008343370795265, 0.0008853746905288253, 0.0], "-6.8404527797776815": [0.30294475222475126, 0.0020939191136899755, 0.0], "-5.78074914463588": [0.3062066346055808, 0.004430423338673272, 0.0], "-4.721045509494079": [0.3120773305507953, 0.008716988090486016, 0.0], "-3.661341874352278": [0.3208556919666172, 0.01580442848477271, 0.0], "-2.6016382392104767": [0.3340502881903779, 0.0254455555820221, 0.0], "-1.5419346040686754": [0.34976237108732783, 0.03771771721399397, 0.0], "-0.4822309689268742": [0.3584928641412532, 0.053237367654333914, 0.0], "0.577472666214927": [0.36077497790151813, 0.07212833398858948, 0.0], "1.6371763013567282": [0.3497837805577474, 0.0931398634274552, 0.0], "2.6968799364985294": [0.32578617504602125, 0.11962485655355207, 0.0], "3.7565835716403306": [0.28795922719454164, 0.14677601338431892, 0.0], "4.816287206782128": [0.24054983562384802, 0.17581875022440616, 0.0], "5.8759908419239295": [0.19078728843986548, 0.20519191973172288, 0.0], "6.935694477065731": [0.1399125464783571, 0.23207497416346645, 0.0], "7.995398112207532": [0.09435820195537546, 0.25816181999113325, 0.0], "9.055101747349333": [0.05654410866059571, 0.28151006532248984, 0.0], "10.114805382491134": [0.030246772232955157, 0.29797922653453174, 0.0], "11.174509017632936": [0.014509465269663867, 0.3106605886186429, 0.0], "12.234212652774737": [0.006259397463851723, 0.3177502581664314, 0.0], "13.293916287916538": [0.0022453140412457763, 0.3227677687395346, 0.0], "14.35361992305834": [0.0006156075931278451, 0.32286739486427957, 0.0], "15.41332355820014": [0.00012164423679034813, 0.32469903250952625, 0.0], "16.47302719334194": [1.4927161194757096e-05, 0.3240450883515818, 0.0], "17.532730828483743": [1.8962125002223688e-06, 0.3243738607302128, 0.0], "18.592434463625544": [0.0, 0.32442569127345405, 0.0], "19.652138098767345": [0.0, 0.3240707599811884, 0.0], "20.711841733909147": [0.0, 0.3233836387184261, 0.0], "21.771545369050948": [0.0, 0.3246020963634785, 0.0], "22.83124900419275": [0.0, 0.3244782141543114, 0.0], "23.89095263933455": [0.0, 0.32296144920982417, 0.0], "24.95065627447635": [0.0, 0.32438644408431105, 0.0], "26.010359909618153": [0.0, 0.3245345823786888, 0.0], "27.070063544759954": [0.0, 0.32281240690716867, 0.0], "28.129767179901755": [0.0, 0.3241500393030049, 0.0], "29.189470815043556": [0.0, 0.32433126430066306, 0.0], "30.24917445018535": [0.0, 0.3230719851690755, 0.0], "31.30887808532715": [0.0, 0.32458992532487574, 0.0]}