{"headgroup": 0.5674892035947976, "tails": 0.2666042508086045, "total": 0.36689923507066885}