{"M_G1_M M_G1H1_M": [[-0.25756071356479643, 0.046642390424470125, 0.014063209851202994]], "M_G1_M M_G1H2_M": [[0.010647509089107785, 0.036388412688399915, 0.010971519236730013]], "M_G1C3_M M_G1C3H1_M": [[-0.28125675307728065, 0.019677310292927762, 0.005932932284094517]], "M_G1C3_M M_G1C3H2_M": [[-0.2653407745671027, 0.01994255097568461, 0.006012905358989258]], "M_G1C4_M M_G1C4H1_M": [[-0.21825613054594298, 0.01646015894758454, 0.004962924656249922]], "M_G1C4_M M_G1C4H2_M": [[-0.20671706425640335, 0.014367679930985233, 0.004332018494454307]], "M_G1C5_M M_G1C5H1_M": [[-0.24540158635939935, 0.015284846334175945, 0.004608554569881891]], "M_G1C5_M M_G1C5H2_M": [[-0.24057204247839922, 0.01042862634208436, 0.0031443491505009405]], "M_G1C6_M M_G1C6H1_M": [[-0.23438143472957848, 0.014738486474752588, 0.004443820874043837]], "M_G1C6_M M_G1C6H2_M": [[-0.22606433717704336, 0.014404363734998616, 0.00434307907752661]], "M_G1C7_M M_G1C7H1_M": [[-0.24141387069082007, 0.015059127058237854, 0.004540497647496678]], "M_G1C7_M M_G1C7H2_M": [[-0.247243853904171, 0.014165593620814286, 0.0042710871793539065]], "M_G1C8_M M_G1C8H1_M": [[-0.2321579480307037, 0.016201276043253256, 0.0048848685236767995]], "M_G1C8_M M_G1C8H2_M": [[-0.2269511866784996, 0.017528626841779776, 0.005285079847666898]], "M_G1C9_M M_G1C9H1_M": [[-0.2314568475002191, 0.015046159602446882, 0.004536587812465389]], "M_G1C9_M M_G1C9H2_M": [[-0.22765671922119388, 0.018202544049091062, 0.005488273530977416]], "M_G1C10_M M_G1C10H1_M": [[-0.2110025833100346, 0.020009734319885855, 0.006033161899432607]], "M_G1C10_M M_G1C10H2_M": [[-0.20853171328358985, 0.02135461625533538, 0.006438659060088338]], "M_G1C11_M M_G1C11H1_M": [[-0.2049561478865973, 0.019362738714798468, 0.0058380853846068045]], "M_G1C11_M M_G1C11H2_M": [[-0.20338543080380997, 0.020830308113331208, 0.006280574207219591]], "M_G1C12_M M_G1C12H1_M": [[-0.18253326360105815, 0.019656090103067573, 0.005926534156117576]], "M_G1C12_M M_G1C12H2_M": [[-0.18001438808878914, 0.022475293749019847, 0.0067765560380471795]], "M_G1C13_M M_G1C13H1_M": [[-0.16933500548939048, 0.017961088658378994, 0.005415471991468271]], "M_G1C13_M M_G1C13H2_M": [[-0.16903748429109458, 0.020657381913021623, 0.006228434996051525]], "M_G1C14_M M_G1C14H1_M": [[-0.14253825646768603, 0.017755811019771507, 0.00535357845463998]], "M_G1C14_M M_G1C14H2_M": [[-0.1430936854025566, 0.017228642661368157, 0.005194631214078933]], "M_G1C15_M M_G1C15H1_M": [[-0.12472867851089053, 0.013942959426427788, 0.004203960444055447]], "M_G1C15_M M_G1C15H2_M": [[-0.12361107724084545, 0.014615375460521813, 0.0044067015066107836]], "M_G1C16_M M_G1C16H1_M": [[-0.08968606969210592, 0.011203282133233718, 0.0033779166596753342]], "M_G1C16_M M_G1C16H2_M": [[-0.08897658189949759, 0.01198178291471711, 0.0036126434770552313]], "M_G1C17_M M_G1C17H1_M": [[-0.030788357010690104, 0.0030119136915472537, 0.0009081261468905881]], "M_G1C17_M M_G1C17H2_M": [[-0.03059045381692804, 0.003460209644568431, 0.0010432924624547732]], "M_G1C17_M M_G1C17H3_M": [[-0.03004548721798864, 0.00310687848724146, 0.0009367591101279008]], "M_G2_M M_G2H1_M": [[-0.2181060835402775, 0.06174491992471775, 0.018616793827347995]], "M_G2C3_M M_G2C3H1_M": [[-0.14969293603316752, 0.028800454540802982, 0.008683663773048265]], "M_G2C3_M M_G2C3H2_M": [[-0.11226709369220772, 0.025312636859175938, 0.007632047174218797]], "M_G2C4_M M_G2C4H1_M": [[-0.2087245732761844, 0.02215199344881629, 0.0066790773298304115]], "M_G2C4_M M_G2C4H2_M": [[-0.18644738232268143, 0.02023677861380939, 0.0061016183297722005]], "M_G2C5_M M_G2C5H1_M": [[-0.19940910020715966, 0.022287346391400786, 0.0067198877775416195]], "M_G2C5_M M_G2C5H2_M": [[-0.19363768962733371, 0.0226770929405012, 0.006837400783605428]], "M_G2C6_M M_G2C6H1_M": [[-0.20978155241231197, 0.020953662109503297, 0.006317766836464478]], "M_G2C6_M M_G2C6H2_M": [[-0.20973246478642785, 0.024885140858864892, 0.007503152280363397]], "M_G2C7_M M_G2C7H1_M": [[-0.1815650479963694, 0.022673407651445734, 0.006836289627147157]], "M_G2C7_M M_G2C7H2_M": [[-0.18433955458482223, 0.023443005980148306, 0.007068332254019069]], "M_G2C8_M M_G2C8H1_M": [[-0.17840959676638535, 0.020149128030828457, 0.006075190684644595]], "M_G2C8_M M_G2C8H2_M": [[-0.18119267037906597, 0.02215665697233162, 0.0066804834350759875]], "M_G2C9_M M_G2C9H1_M": [[-0.12532435068817546, 0.015040635311665785, 0.004534922176124142]], "M_G2C9_M M_G2C9H2_M": [[-0.12386961941759765, 0.01743427116945373, 0.005256630542035333]], "M_G2C10_M M_G2C10H1_M": [[-0.09612757034698165, 0.015498591336471853, 0.0046730011129209065]], "M_G2C11_M M_G2C11H1_M": [[0.009631649283440439, 0.012769158486517688, 0.0038500461443965093]], "M_G2C12_M M_G2C12H1_M": [[-0.058902610096678805, 0.010927454443157217, 0.00329475148196859]], "M_G2C12_M M_G2C12H2_M": [[-0.061143090631332796, 0.009201891092953695, 0.0027744745560946155]], "M_G2C13_M M_G2C13H1_M": [[-0.11670086026662418, 0.010494445376501987, 0.0031641943360670092]], "M_G2C13_M M_G2C13H2_M": [[-0.114563840304802, 0.01117081453743245, 0.0033681273112100866]], "M_G2C14_M M_G2C14H1_M": [[-0.12554191460416433, 0.010198651182640121, 0.003075009030957422]], "M_G2C14_M M_G2C14H2_M": [[-0.12398212475041169, 0.008828025261077595, 0.0026617497664339685]], "M_G2C15_M M_G2C15H1_M": [[-0.1336309373628161, 0.008926401937554857, 0.0026914114504337193]], "M_G2C15_M M_G2C15H2_M": [[-0.13403424861602214, 0.00645849160239612, 0.0019473084869826493]], "M_G2C16_M M_G2C16H1_M": [[-0.12378476501738143, 0.008218756931671994, 0.002478048453226238]], "M_G2C16_M M_G2C16H2_M": [[-0.12262118241129936, 0.005694744670574845, 0.001717030122652075]], "M_G2C17_M M_G2C17H1_M": [[-0.11048230163522038, 0.006345034115131684, 0.0019130997674451347]], "M_G2C17_M M_G2C17H2_M": [[-0.11049758102354762, 0.0049615505643786995, 0.0014959637818563836]], "M_G2C18_M M_G2C18H1_M": [[-0.08455473713868544, 0.004650039262121499, 0.001402039590261645]], "M_G2C18_M M_G2C18H2_M": [[-0.08514204607932042, 0.004634094226188492, 0.0013972319810381432]], "M_G2C19_M M_G2C19H1_M": [[-0.02434763292192761, 0.0017983758793240464, 0.0005422307294312112]], "M_G2C19_M M_G2C19H2_M": [[-0.02667209916082698, 0.00213397850552847, 0.0006434187285019356]], "M_G2C19_M M_G2C19H3_M": [[-0.024872994995202416, 0.0026628490323457616, 0.0008028791921501674]], "M_G3_M M_G3H1_M": [[-0.17220128236657925, 0.03392640275117347, 0.010229195310193052]], "M_G3_M M_G3H2_M": [[-0.2864325267635891, 0.038920135372376465, 0.011734862347273807]], "M_G3C4_M M_G3C4H1_M": [[0.13687356361750885, 0.0681373439340946, 0.020544182185526387]], "M_G3C4_M M_G3C4H2_M": [[0.09690908354586508, 0.05664354860771497, 0.017078672502368053]], "M_G3C5_M M_G3C5H1_M": [[0.055950341022571355, 0.06673892915071868, 0.020122544263913293]]}