{
    "10.1021/acs.jpcb.4c04719": {
        "M_G1_M M_G1H1_M": [-0.225859, 0.0499045, 0.0044283, -0.135, 0.02, 0.00715849],
        "M_G1_M M_G1H2_M": [-0.0408366, 0.0466498, 0.0041395, 0, 0.02, 0.0407987],
        "M_G1C3_M M_G1C3H1_M": [-0.228875, 0.0257626, 0.00228606, -0.197, 0.02, 0.0465171],
        "M_G1C3_M M_G1C3H2_M": [-0.232883, 0.0265906, 0.00235954, -0.197, 0.02, 0.0335109],
        "M_G1C4_M M_G1C4H1_M": [-0.161492, 0.0237311, 0.0021058, -0.172, 0.02, 0.90857],
        "M_G1C4_M M_G1C4H2_M": [-0.160842, 0.0241325, 0.00214142, -0.172, 0.02, 0.90252],
        "M_G1C5_M M_G1C5H1_M": [-0.203802, 0.0236677, 0.00210017, -0.163, 0.02, 0.0210376],
        "M_G1C5_M M_G1C5H2_M": [-0.199073, 0.0230903, 0.00204894, -0.163, 0.02, 0.0287337],
        "M_G1C6_M M_G1C6H1_M": [-0.19774, 0.0235942, 0.00209364, -0.183, 0.02, 0.86027],
        "M_G1C6_M M_G1C6H2_M": [-0.195807, 0.0257792, 0.00228754, -0.183, 0.02, 0.879826],
        "M_G1C7_M M_G1C7H1_M": [-0.211385, 0.0229376, 0.00203538, -0.189, 0.02, 0.209611],
        "M_G1C7_M M_G1C7H2_M": [-0.208484, 0.0239614, 0.00212623, -0.189, 0.02, 0.558668],
        "M_G1C8_M M_G1C8H1_M": [-0.195922, 0.0227991, 0.0020231, -0.18, 0.02, 0.835503],
        "M_G1C8_M M_G1C8H2_M": [-0.19617, 0.0227554, 0.00201922, -0.18, 0.02, 0.827821],
        "M_G1C9_M M_G1C9H1_M": [-0.194786, 0.0222888, 0.00197781, -0.166, 0.02, 0.0575842],
        "M_G1C9_M M_G1C9H2_M": [-0.196162, 0.0209149, 0.0018559, -0.166, 0.02, 0.0457276],
        "M_G1C10_M M_G1C10H1_M": [-0.175978, 0.0213004, 0.00189011, -0.158, 0.02, 0.744873],
        "M_G1C10_M M_G1C10H2_M": [-0.17828, 0.0203785, 0.0018083, -0.158, 0.02, 0.436796],
        "M_G1C11_M M_G1C11H1_M": [-0.171045, 0.0186918, 0.00165863, -0.135, 0.02, 0.0233714],
        "M_G1C11_M M_G1C11H2_M": [-0.170734, 0.0205355, 0.00182223, -0.135, 0.02, 0.0262984],
        "M_G1C12_M M_G1C12H1_M": [-0.149953, 0.0185282, 0.00164411, -0.132, 0.02, 0.770831],
        "M_G1C12_M M_G1C12H2_M": [-0.150331, 0.0193656, 0.00171842, -0.132, 0.02, 0.73106],
        "M_G1C13_M M_G1C13H1_M": [-0.139451, 0.0168611, 0.00149618, -0.107, 0.02, 0.0289913],
        "M_G1C13_M M_G1C13H2_M": [-0.139578, 0.0175595, 0.00155816, -0.107, 0.02, 0.0298013],
        "M_G1C14_M M_G1C14H1_M": [-0.117316, 0.0152887, 0.00135666, -0.089, 0.02, 0.0425379],
        "M_G1C14_M M_G1C14H2_M": [-0.117267, 0.0158503, 0.00140648, -0.089, 0.02, 0.0443683],
        "M_G1C15_M M_G1C15H1_M": [-0.101704, 0.0125032, 0.00110948, -0.084, 0.02, 0.847336],
        "M_G1C15_M M_G1C15H2_M": [-0.101606, 0.0134427, 0.00119285, -0.084, 0.02, 0.842752],
        "M_G1C16_M M_G1C16H1_M": [-0.0723571, 0.0104766, 0.000929644, -0.058, 0.02, 0.939416],
        "M_G1C16_M M_G1C16H2_M": [-0.0722723, 0.0100356, 0.000890519, -0.058, 0.02, 0.942635],
        "M_G1C17_M M_G1C17H1_M": [-0.0241501, 0.0051093, 0.000453377, -0.013, 0.02, 0.979075],
        "M_G1C17_M M_G1C17H2_M": [-0.0246212, 0.0048782, 0.00043287, -0.013, 0.02, 0.979213],
        "M_G1C17_M M_G1C17H3_M": [-0.02439, 0.00508498, 0.000451219, -0.013, 0.02, 0.978759],
        "M_G2_M M_G2H1_M": [-0.213899, 0.0591161, 0.00524571, -0.197, 0.02, 0.62501],
        "M_G2C3_M M_G2C3H1_M": [-0.228875, 0.0257626, 0.00228606, -0.072, 0.02, 0.00120201],
        "M_G2C3_M M_G2C3H2_M": [-0.232883, 0.0265906, 0.00235954, -0.118, 0.02, 0.00234634],
        "M_G2C4_M M_G2C4H1_M": [-0.161492, 0.0237311, 0.0021058, -0.172, 0.02, 0.90857],
        "M_G2C4_M M_G2C4H2_M": [-0.160842, 0.0241325, 0.00214142, -0.172, 0.02, 0.90252],
        "M_G2C5_M M_G2C5H1_M": [-0.203802, 0.0236677, 0.00210017, -0.169, 0.02, 0.032671],
        "M_G2C5_M M_G2C5H2_M": [-0.199073, 0.0230903, 0.00204894, -0.169, 0.02, 0.0508585],
        "M_G2C6_M M_G2C6H1_M": [-0.19774, 0.0235942, 0.00209364, -0.172, 0.02, 0.0967768],
        "M_G2C6_M M_G2C6H2_M": [-0.195807, 0.0257792, 0.00228754, -0.172, 0.02, 0.155605],
        "M_G2C7_M M_G2C7H1_M": [-0.211385, 0.0229376, 0.00203538, -0.155, 0.02, 0.00930801],
        "M_G2C7_M M_G2C7H2_M": [-0.208484, 0.0239614, 0.00212623, -0.155, 0.02, 0.010978],
        "M_G2C8_M M_G2C8H1_M": [-0.195922, 0.0227991, 0.0020231, -0.141, 0.02, 0.00982655],
        "M_G2C8_M M_G2C8H2_M": [-0.19617, 0.0227554, 0.00201922, -0.141, 0.02, 0.00970683],
        "M_G2C9_M M_G2C9H1_M": [-0.194786, 0.0222888, 0.00197781, -0.109, 0.02, 0.00361637],
        "M_G2C9_M M_G2C9H2_M": [-0.196162, 0.0209149, 0.0018559, -0.109, 0.02, 0.00328153],
        "M_G2C10_M M_G2C10H1_M": [-0.175978, 0.0213004, 0.00189011, -0.101, 0.02, 0.00460525],
        "M_G2C11_M M_G2C11H1_M": [-0.171045, 0.0186918, 0.00165863, -0.018, 0.02, 0.00091717],
        "M_G2C12_M M_G2C12H1_M": [-0.149953, 0.0185282, 0.00164411, -0.05, 0.02, 0.00218206],
        "M_G2C12_M M_G2C12H2_M": [-0.150331, 0.0193656, 0.00171842, -0.05, 0.02, 0.00226274],
        "M_G2C13_M M_G2C13H1_M": [-0.139451, 0.0168611, 0.00149618, -0.089, 0.02, 0.00886851],
        "M_G2C13_M M_G2C13H2_M": [-0.139578, 0.0175595, 0.00155816, -0.089, 0.02, 0.00917975],
        "M_G2C14_M M_G2C14H1_M": [-0.117316, 0.0152887, 0.00135666, -0.089, 0.02, 0.0425379],
        "M_G2C14_M M_G2C14H2_M": [-0.117267, 0.0158503, 0.00140648, -0.089, 0.02, 0.0443683],
        "M_G2C15_M M_G2C15H1_M": [-0.101704, 0.0125032, 0.00110948, -0.084, 0.02, 0.847336],
        "M_G2C15_M M_G2C15H2_M": [-0.101606, 0.0134427, 0.00119285, -0.084, 0.02, 0.842752],
        "M_G2C16_M M_G2C16H1_M": [-0.0723571, 0.0104766, 0.000929644, -0.084, 0.02, 0.955387],
        "M_G2C16_M M_G2C16H2_M": [-0.0722723, 0.0100356, 0.000890519, -0.084, 0.02, 0.956933],
        "M_G2C17_M M_G2C17H1_M": [-0.0241501, 0.0051093, 0.000453377, -0.084, 0.02, 0.00181399],
        "M_G2C17_M M_G2C17H2_M": [-0.0246212, 0.0048782, 0.00043287, -0.084, 0.02, 0.00176307],
        "M_G2C18_M M_G2C18H1_M": [-0.0691275, 0.0110157, 0.000977486, -0.058, 0.02, 0.95508],
        "M_G2C18_M M_G2C18H2_M": [-0.0692332, 0.0107845, 0.000956968, -0.058, 0.02, 0.955641],
        "M_G2C19_M M_G2C19H1_M": [-0.0228184, 0.00562862, 0.000499459, -0.013, 0.02, 0.979067],
        "M_G2C19_M M_G2C19H2_M": [-0.0225048, 0.00547215, 0.000485575, -0.013, 0.02, 0.980045],
        "M_G2C19_M M_G2C19H3_M": [-0.0235284, 0.00507644, 0.000450461, -0.013, 0.02, 0.980176],
        "M_G3_M M_G3H1_M": [-0.162343, 0.0631735, 0.00560574, -0.206, 0.02, 0.0461024],
        "M_G3_M M_G3H2_M": [-0.185707, 0.0339637, 0.0030138, -0.206, 0.02, 0.445411],
        "M_G3C4_M M_G3C4H1_M": [0.0150471, 0.0149015, 0.00132229, 0.047, 0.02, 0.0269708],
        "M_G3C4_M M_G3C4H2_M": [0.0173501, 0.0137619, 0.00122117, 0.047, 0.02, 0.0322406],
        "M_G3C5_M M_G3C5H1_M": [-0.0461495, 0.0119968, 0.00106455, -0.038, 0.02, 0.95945],
        "M_G3C5_M M_G3C5H2_M": [-0.0482578, 0.0113609, 0.00100812, -0.038, 0.02, 0.956577],
        "M_G3N6C1_M M_G3N6C1H1_M": [0.0125042, 0.00501594, 0.000445093, 0.001, 0.02, 0.978842],
        "M_G3N6C1_M M_G3N6C1H2_M": [0.0116372, 0.00536207, 0.000475807, 0.001, 0.02, 0.978895],
        "M_G3N6C1_M M_G3N6C1H3_M": [0.0122181, 0.005185, 0.000460095, 0.001, 0.02, 0.978648],
        "M_G3N6C2_M M_G3N6C2H1_M": [0.0116347, 0.00486174, 0.00043141, 0.001, 0.02, 0.980865],
        "M_G3N6C2_M M_G3N6C2H2_M": [0.0121851, 0.00548506, 0.00048672, 0.001, 0.02, 0.977475],
        "M_G3N6C2_M M_G3N6C2H3_M": [0.0118904, 0.00543031, 0.000481862, 0.001, 0.02, 0.978213],
        "M_G3N6C3_M M_G3N6C3H1_M": [0.0124172, 0.00513622, 0.000455766, 0.001, 0.02, 0.978496],
        "M_G3N6C3_M M_G3N6C3H2_M": [0.0116131, 0.00431893, 0.000383243, 0.001, 0.02, 0.983027],
        "M_G3N6C3_M M_G3N6C3H3_M": [0.0115592, 0.0057031, 0.000506068, 0.001, 0.02, 0.977683]
    },
    "10.1039/c2cp42738a": {
        "M_G1_M M_G1H1_M": [-0.225859, 0.0499045, 0.0044283, -0.149916, 0.02, 0.0104626],
        "M_G1_M M_G1H2_M": [-0.0408366, 0.0466498, 0.0041395, 0, 0.02, 0.0407987],
        "M_G1C3_M M_G1C3H1_M": [-0.228875, 0.0257626, 0.00228606, -0.209877, 0.02, 0.612854],