{"10.1039/c2cp42738a": {"M_G1_M M_G1H1_M": [-0.22585938890357304, 0.04990445958347486, 0.0044283047060289776, -0.14991575, 0.02, 36.15946744514745], "M_G1_M M_G1H2_M": [-0.04083664910327525, 0.04664983628297053, 0.004139503588888991, 0.0, 0.02, 6.618589834471051], "M_G1C3_M M_G1C3H1_M": [-0.22887539275764301, 0.025762601454165614, 0.0022860612099846896, -0.20987741, 0.02, 0.17430041386999273], "M_G1C3_M M_G1C3H2_M": [-0.2328834131798276, 0.026590640192621032, 0.002359537766446402, -0.20987741, 0.02, 0.9942392081843687], "M_G1C4_M M_G1C4H1_M": [-0.16149164351197237, 0.023731110311140363, 0.002105795521026226, -0.18840908, 0.02, 3.2924303742909813], "M_G1C4_M M_G1C4H2_M": [-0.1608415387281102, 0.02413254093932788, 0.0021414167291263454, -0.18840908, 0.02, 3.688792897977893], "M_G1C5_M M_G1C5H1_M": [-0.2038020352261647, 0.02366770663404992, 0.0021001693544675138, -0.18619612, 0.02, 0.05906232014399193], "M_G1C5_M M_G1C5H2_M": [-0.1990728914603378, 0.02309032814195372, 0.0020489352981316713, -0.18619612, 0.02, 0.0001103046485573607], "M_G1C6_M M_G1C6H1_M": [-0.1977395798295104, 0.023594163217349823, 0.0020936434315141604, -0.20173615, 0.02, 4.580555466128138e-15], "M_G1C6_M M_G1C6H2_M": [-0.19580740489715098, 0.025779226068079485, 0.00228753640592199, -0.20173615, 0.02, 1.6690970346935617e-10], "M_G1C7_M M_G1C7H1_M": [-0.2113848751003895, 0.022937577795784845, 0.0020353808967328198, -0.19581075, 0.02, 0.006490992392762209], "M_G1C7_M M_G1C7H2_M": [-0.20848393188425787, 0.023961398745598748, 0.0021262303151622156, -0.19581075, 0.02, 0.00012360047935054032], "M_G1C8_M M_G1C8H1_M": [-0.19592201486125194, 0.022799132253828246, 0.002023095841447337, -0.19507116, 0.02, 0.0], "M_G1C8_M M_G1C8H2_M": [-0.19616972601536564, 0.022755421363681153, 0.0020192171271568972, -0.19507116, 0.02, 0.0], "M_G1C9_M M_G1C9H1_M": [-0.19478574969763052, 0.02228880179723394, 0.0019778113361861114, -0.18174699, 0.02, 9.383651550798239e-05], "M_G1C9_M M_G1C9H2_M": [-0.19616211363752056, 0.020914923951913682, 0.0018558993912673597, -0.18174699, 0.02, 0.0005690559835035673], "M_G1C10_M M_G1C10H1_M": [-0.17597833052138723, 0.02130041792920294, 0.0018901064502761928, -0.17434532, 0.02, 0.0], "M_G1C10_M M_G1C10H2_M": [-0.17828014515839322, 0.0203785460809679, 0.0018083035517383102, -0.17434532, 0.02, 0.0], "M_G1C11_M M_G1C11H1_M": [-0.17104470689636386, 0.01869178118162151, 0.0016586273704093468, -0.14991285, 0.02, 0.6064402341896906], "M_G1C11_M M_G1C11H2_M": [-0.17073384506167122, 0.02053550850753079, 0.001822231714832743, -0.14991285, 0.02, 0.48657034370325325], "M_G1C12_M M_G1C12H1_M": [-0.14995293718678498, 0.018528193875499043, 0.001644111344314785, -0.13658578, 0.02, 1.1892163373705517e-05], "M_G1C12_M M_G1C12H2_M": [-0.15033138239167126, 0.019365594034331596, 0.0017184185925074003, -0.13658578, 0.02, 5.9293147921129226e-05], "M_G1C13_M M_G1C13H1_M": [-0.13945051683737453, 0.016861121249239892, 0.0014961825696567376, -0.11585704, 0.02, 2.0884096777239867], "M_G1C13_M M_G1C13H2_M": [-0.1395781730641082, 0.017559542417549874, 0.0015581574266581245, -0.11585704, 0.02, 2.072299806186542], "M_G1C14_M M_G1C14H1_M": [-0.11731629747012298, 0.015288746309907904, 0.0013566568558908369, -0.10623371, 0.02, 1.0702154440313572e-11], "M_G1C14_M M_G1C14H2_M": [-0.11726700301898821, 0.015850258772214562, 0.0014064830297454453, -0.10623371, 0.02, 3.9660329666107904e-11], "M_G1C15_M M_G1C15H1_M": [-0.10170432750038469, 0.0125031764461972, 0.0011094775007911319, -0.08994829, 0.02, 2.3481373810573175e-14], "M_G1C15_M M_G1C15H2_M": [-0.10160624521481659, 0.013442680566428996, 0.0011928450104622262, -0.08994829, 0.02, 5.825984389185592e-13], "M_G1C16_M M_G1C16H1_M": [-0.0723570833540406, 0.010476556409486753, 0.0009296440526223179, -0.06699789, 0.02, 0.0], "M_G1C16_M M_G1C16H2_M": [-0.07227228371747327, 0.01003563811467994, 0.0008905188807205701, -0.06699789, 0.02, 0.0], "M_G1C17_M M_G1C17H1_M": [-0.024150114269808336, 0.00510929810473032, 0.0004533768931779863, -0.01813583, 0.02, 0.0], "M_G1C17_M M_G1C17H2_M": [-0.024621239984175834, 0.00487819607113046, 0.0004328699037925725, -0.01813583, 0.02, 0.0], "M_G1C17_M M_G1C17H3_M": [-0.024389983315230256, 0.0050849836298131725, 0.0004512193324189097, -0.01813583, 0.02, 0.0], "M_G2_M M_G2H1_M": [-0.21389856242598243, 0.05911612504082772, 0.0052457078366435405, -0.20691616, 0.02, 0.0028497730961489004], "M_G2C3_M M_G2C3H1_M": [-0.22887539275764301, 0.025762601454165614, 0.0022860612099846896, -0.0795825, 0.02, Infinity], "M_G2C3_M M_G2C3H2_M": [-0.2328834131798276, 0.026590640192621032, 0.002359537766446402, -0.122519, 0.02, Infinity], "M_G2C4_M M_G2C4H1_M": [-0.16149164351197237, 0.023731110311140363, 0.002105795521026226, -0.180265, 0.02, 0.14273515828225333], "M_G2C4_M M_G2C4H2_M": [-0.1608415387281102, 0.02413254093932788, 0.0021414167291263454, -0.180265, 0.02, 0.21743811178388373], "M_G2C5_M M_G2C5H1_M": [-0.2038020352261647, 0.02366770663404992, 0.0021001693544675138, -0.186187, 0.02, 0.05951377872095308], "M_G2C5_M M_G2C5H2_M": [-0.1990728914603378, 0.02309032814195372, 0.0020489352981316713, -0.186187, 0.02, 0.00011215011040322275], "M_G2C6_M M_G2C6H1_M": [-0.1977395798295104, 0.023594163217349823, 0.0020936434315141604, -0.193592, 0.02, 8.003917972392357e-15], "M_G2C6_M M_G2C6H2_M": [-0.19580740489715098, 0.025779226068079485, 0.00228753640592199, -0.193592, 0.02, 1.6393566931405912e-15], "M_G2C7_M M_G2C7H1_M": [-0.2113848751003895, 0.022937577795784845, 0.0020353808967328198, -0.166198, 0.02, 34.74592993374903], "M_G2C7_M M_G2C7H2_M": [-0.20848393188425787, 0.023961398745598748, 0.0021262303151622156, -0.166198, 0.02, 25.279249718970647], "M_G2C8_M M_G2C8H1_M": [-0.19592201486125194, 0.022799132253828246, 0.002023095841447337, -0.154356, 0.02, 26.105814144201187], "M_G2C8_M M_G2C8H2_M": [-0.19616972601536564, 0.022755421363681153, 0.0020192171271568972, -0.154356, 0.02, 26.778695477043982], "M_G2C9_M M_G2C9H1_M": [-0.19478574969763052, 0.02228880179723394, 0.0019778113361861114, -0.1203, 0.02, 166.63719571301667], "M_G2C9_M M_G2C9H2_M": [-0.19616211363752056, 0.020914923951913682, 0.0018558993912673597, -0.1203, 0.02, 198.61247643683606], "M_G2C10_M M_G2C10H1_M": [-0.17597833052138723, 0.02130041792920294, 0.0018901064502761928, -0.108455, 0.02, 139.07648231874856], "M_G2C11_M M_G2C11H1_M": [-0.17104470689636386, 0.01869178118162151, 0.0016586273704093468, -0.0225792, 0.02, Infinity], "M_G2C12_M M_G2C12H1_M": [-0.14995293718678498, 0.018528193875499043, 0.001644111344314785, -0.0581141, 0.02, Infinity], "M_G2C12_M M_G2C12H2_M": [-0.15033138239167126, 0.019365594034331596, 0.0017184185925074003, -0.0581141, 0.02, Infinity], "M_G2C13_M M_G2C13H1_M": [-0.13945051683737453, 0.016861121249239892, 0.0014961825696567376, -0.0995716, 0.02, 39.857726478810335], "M_G2C13_M M_G2C13H2_M": [-0.1395781730641082, 0.017559542417549874, 0.0015581574266581245, -0.0995716, 0.02, 37.30975466050089], "M_G2C14_M M_G2C14H1_M": [-0.11731629747012298, 0.015288746309907904, 0.0013566568558908369, -0.106234, 0.02, 1.0686821633594998e-11], "M_G2C14_M M_G2C14H2_M": [-0.11726700301898821, 0.015850258772214562, 0.0014064830297454453, -0.106234, 0.02, 3.960700235720264e-11], "M_G2C15_M M_G2C15H1_M": [-0.10170432750038469, 0.0125031764461972, 0.0011094775007911319, -0.0943887, 0.02, 0.0], "M_G2C15_M M_G2C15H2_M": [-0.10160624521481659, 0.013442680566428996, 0.0011928450104622262, -0.0943887, 0.02, 0.0], "M_G2C16_M M_G2C16H1_M": [-0.0723570833540406, 0.010476556409486753, 0.0009296440526223179, -0.0943887, 0.02, 1.8407081573955266], "M_G2C16_M M_G2C16H2_M": [-0.07227228371747327, 0.01003563811467994, 0.0008905188807205701, -0.0943887, 0.02, 2.058673953830769], "M_G2C17_M M_G2C17H1_M": [-0.024150114269808336, 0.00510929810473032, 0.0004533768931779863, -0.0899483, 0.02, Infinity], "M_G2C17_M M_G2C17H2_M": [-0.024621239984175834, 0.00487819607113046, 0.0004328699037925725, -0.0899483, 0.02, Infinity],