{"headgroup": 107.14183210869747, "sn-1": 0.6122729205372527, "sn-2": 107.64317331507891, "total": 71.79909278143788}