{"headgroup": 0.6378462093993092, "tails": 0.5509549842989254, "total": 0.5799187259990534}