{"headgroup": 0.6378462093993092, "tails": 0.477258993944587, "total": 0.5307880657628278}