{"sn-1": 0.5647624254385595, "sn-2": 0.2623139978795224, "headgroup": 0.31951809271934306, "total": 0.38219817201247497}