{"sn-1": 0.37951181540870604, "sn-2": 0.3369585439309408, "headgroup": 0.6467806653825673, "total": 0.454417008240738}