{"10.1039/c2cp42738a": {"M_G1_M M_G1H1_M": [-0.16936897959806307, 0.0462030414449602, 0.0028933466874847985, 0.0, 0.02, 0.0013019982603248437], "M_G1_M M_G1H2_M": [-0.029501844352219204, 0.061751819744923955, 0.003867048954298294, -0.16244546, 0.02, 0.002847799152931296], "M_G1C3_M M_G1C3H1_M": [-0.3016579351679958, 0.022595282942904155, 0.0014149715042788525, -0.28155814, 0.02, 0.4663600350729382], "M_G1C3_M M_G1C3H2_M": [-0.28546422129404564, 0.025709618950072222, 0.0016099987901078304, -0.28155814, 0.02, 0.946857758073004], "M_G1C4_M M_G1C4H1_M": [-0.315717962448597, 0.016065346173184603, 0.0010060510018340047, -0.31133669, 0.02, 0.9663978930466375], "M_G1C4_M M_G1C4H2_M": [-0.303023957501084, 0.01790784475530267, 0.0011214327386752326, -0.31133669, 0.02, 0.9569490364479162], "M_G1C5_M M_G1C5H1_M": [-0.36099791087871186, 0.013441839433222736, 0.0008417606369950316, -0.34689254, 0.02, 0.9469955206387735], "M_G1C5_M M_G1C5H2_M": [-0.35744805527619344, 0.013792083744352791, 0.0008636937865394341, -0.34689254, 0.02, 0.9619763767920209], "M_G1C6_M M_G1C6H1_M": [-0.38466852081584957, 0.01213363950176749, 0.0007598379795277113, -0.3637854, 0.02, 0.22024432816797834], "M_G1C6_M M_G1C6H2_M": [-0.3835308742872876, 0.011915829011309857, 0.0007461981575299373, -0.3637854, 0.02, 0.5986598321683815], "M_G1C7_M M_G1C7H1_M": [-0.39983666132885165, 0.010096072590561254, 0.000632240590076843, -0.38377946, 0.02, 0.9438080367067785], "M_G1C7_M M_G1C7H2_M": [-0.4002224629005452, 0.009030079496613717, 0.0005654855131209469, -0.38377946, 0.02, 0.9448767841674593], "M_G1C8_M M_G1C8H1_M": [-0.4038040703293959, 0.008435512788112805, 0.0005282523015675654, -0.38377946, 0.02, 0.48098035745550094], "M_G1C8_M M_G1C8H2_M": [-0.4039027870586145, 0.008677137519819007, 0.000543383429199701, -0.38377946, 0.02, 0.42464887559046216], "M_G1C9_M M_G1C9H1_M": [-0.4019161214649214, 0.007907956059107228, 0.0004952154177046937, -0.37089378, 0.02, 0.01120214896574867], "M_G1C9_M M_G1C9H2_M": [-0.4022509602048417, 0.008306985446838822, 0.0005202036072501295, -0.37089378, 0.02, 0.011345571467699656], "M_G1C10_M M_G1C10H1_M": [-0.38994143022654015, 0.009106999103219604, 0.0005703024057326789, -0.35266984, 0.02, 0.007337093526256888], "M_G1C10_M M_G1C10H2_M": [-0.3902603045060149, 0.009728315194270866, 0.0006092107285985162, -0.35266984, 0.02, 0.00765256471470277], "M_G1C11_M M_G1C11H1_M": [-0.376388634913981, 0.011232657549998153, 0.0007034163011249845, -0.33666901, 0.02, 0.007600494441848071], "M_G1C11_M M_G1C11H2_M": [-0.3760890851700898, 0.011867907010873422, 0.0007431971654548685, -0.33666901, 0.02, 0.008194571959562635], "M_G1C12_M M_G1C12H1_M": [-0.35245713295805126, 0.01490187247901566, 0.0009331914529012882, -0.29755897, 0.02, 0.00454394396098412], "M_G1C12_M M_G1C12H2_M": [-0.35251241391381827, 0.015385900125740738, 0.0009635024398948907, -0.29755897, 0.02, 0.004680542661716691], "M_G1C13_M M_G1C13H1_M": [-0.3296947734091773, 0.01725401399282589, 0.0010804882681030642, -0.25622582, 0.02, 0.0027520026715569523], "M_G1C13_M M_G1C13H2_M": [-0.3296817069420953, 0.017928422482071528, 0.00112272136591103, -0.25622582, 0.02, 0.0028606099575725352], "M_G1C14_M M_G1C14H1_M": [-0.2970569803022741, 0.01949411087024104, 0.0012207685760052002, -0.25622582, 0.02, 0.012245573270756926], "M_G1C14_M M_G1C14H2_M": [-0.29669315891660974, 0.019947494977617983, 0.00124916059012834, -0.25622582, 0.02, 0.01282814092010831], "M_G1C15_M M_G1C15H1_M": [-0.25545732222578976, 0.02038277435926503, 0.0012764188423479306, -0.21044644, 0.02, 0.009981847119710952], "M_G1C15_M M_G1C15H2_M": [-0.2568459600696841, 0.020088256409499395, 0.0012579754129175469, -0.21044644, 0.02, 0.009126628437171491], "M_G1C16_M M_G1C16H1_M": [-0.1927247065996738, 0.02013399127332021, 0.0012608394411849535, -0.14955827, 0.02, 0.010954214805363405], "M_G1C16_M M_G1C16H2_M": [-0.19325084220706568, 0.0203241996330226, 0.0012727507507062634, -0.14955827, 0.02, 0.010723145525970312], "M_G1C17_M M_G1C17H1_M": [-0.06009742544594154, 0.016073683024017318, 0.0010065730756842646, -0.0442218, 0.02, 0.9148758948577183], "M_G1C17_M M_G1C17H2_M": [-0.05834866825274032, 0.01586788308560163, 0.0009936853836302916, -0.0442218, 0.02, 0.9373840964594822], "M_G1C17_M M_G1C17H3_M": [-0.0595247198703949, 0.01692093525535595, 0.0010596300684782992, -0.0442218, 0.02, 0.9198223576181073], "M_G2_M M_G2H1_M": [-0.19582554680404976, 0.03568552479310949, 0.002234714246556652, -0.23102242, 0.02, 0.033594545543243856], "M_G2C3_M M_G2C3H1_M": [-0.08774566795202596, 0.047687983192500304, 0.0029863373468004026, -0.10155578, 0.02, 0.8288731638056215], "M_G2C3_M M_G2C3H2_M": [-0.1649370221614082, 0.03074766217772712, 0.001925493294977283, -0.19666873, 0.02, 0.03993940059506296], "M_G2C4_M M_G2C4H1_M": [-0.2988716108904941, 0.021069409984908374, 0.0013194176331381617, -0.31133669, 0.02, 0.9318917758557396], "M_G2C4_M M_G2C4H2_M": [-0.2996157963339944, 0.02065802559956275, 0.0012936557436305054, -0.31133669, 0.02, 0.9376870345266538], "M_G2C5_M M_G2C5H1_M": [-0.31864869532472406, 0.019591351026428824, 0.0012268579907925706, -0.31711399, 0.02, 0.9607672044578203], "M_G2C5_M M_G2C5H2_M": [-0.321633738475986, 0.01811231499611433, 0.001134237161835262, -0.31711399, 0.02, 0.9620051302177014], "M_G2C6_M M_G2C6H1_M": [-0.354322322059436, 0.016083751183545412, 0.001007203568290566, -0.35133876, 0.02, 0.9672408783437368], "M_G2C6_M M_G2C6H2_M": [-0.354185248260001, 0.01660736622931364, 0.0010399936143743386, -0.35133876, 0.02, 0.966245138290106], "M_G2C7_M M_G2C7H1_M": [-0.34774347071411854, 0.016165973292977146, 0.0010123525165096074, -0.35133876, 0.02, 0.966732960521171], "M_G2C7_M M_G2C7H2_M": [-0.3478793649461817, 0.01604463685255168, 0.001004754133870784, -0.35133876, 0.02, 0.9670633642515627], "M_G2C8_M M_G2C8H1_M": [-0.33527887534162787, 0.01626436363942442, 0.001018513959004964, -0.32956063, 0.02, 0.9647384894488867], "M_G2C8_M M_G2C8H2_M": [-0.33551076813072944, 0.015283190121931425, 0.0009570704899626067, -0.32956063, 0.02, 0.9666160035651246], "M_G2C9_M M_G2C9H1_M": [-0.23536319984993104, 0.019887588758348358, 0.001245409117158969, -0.25978001, 0.02, 0.0785598336256333], "M_G2C9_M M_G2C9H2_M": [-0.2337437841719807, 0.019582587677607614, 0.0012263092086022612, -0.25978001, 0.02, 0.055321903972630884], "M_G2C10_M M_G2C10H1_M": [-0.15286191355045803, 0.019801605302932516, 0.0012400246243176852, -0.20822333, 0.02, 0.005920537236699348], "M_G2C11_M M_G2C11H1_M": [-0.10995125685893423, 0.019501122842331988, 0.0012212076827303766, -0.07044616, 0.02, 0.01337162296212735], "M_G2C12_M M_G2C12H1_M": [-0.20030485729013633, 0.020119224082818212, 0.0012599146838446103, -0.17489059, 0.02, 0.06394788245124505], "M_G2C12_M M_G2C12H2_M": [-0.20082876440805403, 0.01979367834560777, 0.00123952821899457, -0.17489059, 0.02, 0.05691638739679383], "M_G2C13_M M_G2C13H1_M": [-0.28788491827635776, 0.017110457076200777, 0.0010714983852686713, -0.25400271, 0.02, 0.018191078512436953], "M_G2C13_M M_G2C13H2_M": [-0.28873564349788405, 0.019166947745979372, 0.0012002808264492037, -0.25400271, 0.02, 0.01889597215819616], "M_G2C14_M M_G2C14H1_M": [-0.30022841490151286, 0.018813021749116136, 0.0011781171208009751, -0.26555731, 0.02, 0.018647894220434225], "M_G2C14_M M_G2C14H2_M": [-0.2993215281876037, 0.019686804163542345, 0.0012328354981046474, -0.26555731, 0.02, 0.02113685301037449], "M_G2C15_M M_G2C15H1_M": [-0.3024466447055327, 0.01900045714414425, 0.0011898547805385498, -0.2482254, 0.02, 0.005960562838314032], "M_G2C15_M M_G2C15H2_M": [-0.3013689944434105, 0.019834944638377705, 0.0012421124144881266, -0.2482254, 0.02, 0.006518656409439161], "M_G2C16_M M_G2C16H1_M": [-0.2713487928823921, 0.023240789256050297, 0.0014553946776129456, -0.22644727, 0.02, 0.011446007782972223], "M_G2C16_M M_G2C16H2_M": [-0.2699397684290197, 0.023409203221915094, 0.0014659411692511978, -0.22644727, 0.02, 0.012488976709670196],