{"headgroup": 0.6584544135642906, "tails": 0.6687754438714877, "total": 0.6653351004357554}