{"sn-1": 0.8315358516076383, "sn-2": 0.7838748436364106, "headgroup": 0.02439075020876001, "total": 0.5466004818176029}