{"headgroup": 0.02439075020876001, "tails": 0.8056914989469132, "total": 0.5452579160341954}