{"headgroup": 0.02439075020876, "tails": 0.8077053476220244, "total": 0.5466004818176029}