{"headgroup": 68.50901439142423, "sn-1": 20.528094859921307, "sn-2": 13.624176845386458, "total": 34.220428698910666}