{"M_G1_M M_G1H1_M": [[0.02149028866203751, 0.10132371379497813, 0.012765588029285558]], "M_G1_M M_G1H2_M": [[-0.13624000845861123, 0.13761751674682543, 0.01733817739801746]], "M_G1C3_M M_G1C3H1_M": [[-0.22671246451671068, 0.05370288224712623, 0.0067659271958705495]], "M_G1C3_M M_G1C3H2_M": [[-0.22002563815445492, 0.05172510940004464, 0.006516751238577499]], "M_G1C4_M M_G1C4H1_M": [[-0.27301974874866597, 0.03219364128929796, 0.0040560175547192006]], "M_G1C4_M M_G1C4H2_M": [[-0.25588980719611076, 0.030581555436345418, 0.0038529138281002545]], "M_G1C5_M M_G1C5H1_M": [[-0.3200567789032363, 0.025014981058849063, 0.0031515913777478955]], "M_G1C5_M M_G1C5H2_M": [[-0.32174387904507484, 0.024382521512728576, 0.0030719089647315337]], "M_G1C6_M M_G1C6H1_M": [[-0.36310060010686485, 0.02140957005765232, 0.0026973522880648962]], "M_G1C6_M M_G1C6H2_M": [[-0.3635233655825727, 0.021338104609917242, 0.0026883484879677106]], "M_G1C7_M M_G1C7H1_M": [[-0.38821941890272255, 0.019426996455173793, 0.0024475714924439627]], "M_G1C7_M M_G1C7H2_M": [[-0.38920177571761844, 0.018905754082558287, 0.0023819011262187295]], "M_G1C8_M M_G1C8H1_M": [[-0.3990972381757556, 0.016595243323537137, 0.0020908041324135367]], "M_G1C8_M M_G1C8H2_M": [[-0.39862818095958596, 0.01628939925178728, 0.00205227140127956]], "M_G1C9_M M_G1C9H1_M": [[-0.40063308117875757, 0.014548393967562596, 0.0018329253530268055]], "M_G1C9_M M_G1C9H2_M": [[-0.400401117942707, 0.013810093675250462, 0.0017399082593913676]], "M_G1C10_M M_G1C10H1_M": [[-0.39537530515508246, 0.013467373205555152, 0.0016967295388187467]], "M_G1C10_M M_G1C10H2_M": [[-0.395187492766495, 0.013207398552821577, 0.0016639758112800124]], "M_G1C11_M M_G1C11H1_M": [[-0.3825183461888279, 0.015565705559537001, 0.0019610945662757334]], "M_G1C11_M M_G1C11H2_M": [[-0.383034479741713, 0.016217912043205905, 0.0020432648595734397]], "M_G1C12_M M_G1C12H1_M": [[-0.36266083356411927, 0.01925640736067781, 0.002426079286709864]], "M_G1C12_M M_G1C12H2_M": [[-0.3631896519462251, 0.02057943721121621, 0.0025927653801212716]], "M_G1C13_M M_G1C13H1_M": [[-0.3374142688292554, 0.025048611649028468, 0.003155828433845945]], "M_G1C13_M M_G1C13H2_M": [[-0.3363081733192963, 0.02419247777934625, 0.003047965704886015]], "M_G1C14_M M_G1C14H1_M": [[-0.3029526656250042, 0.029236158167608606, 0.0036834097048782]], "M_G1C14_M M_G1C14H2_M": [[-0.3027536535331907, 0.02766186310925607, 0.003485067170847785]], "M_G1C15_M M_G1C15H1_M": [[-0.2571026283708586, 0.029817054725589685, 0.003756595792014931]], "M_G1C15_M M_G1C15H2_M": [[-0.2572218075949349, 0.029424642292688562, 0.0037071564725470172]], "M_G1C16_M M_G1C16H1_M": [[-0.18779707032664528, 0.025968647292374303, 0.003271742029541583]], "M_G1C16_M M_G1C16H2_M": [[-0.18729849785252578, 0.026455637796044897, 0.003333097065901701]], "M_G1C17_M M_G1C17H1_M": [[-0.04317651155140625, 0.01127316459224763, 0.0014202852380850518]], "M_G1C17_M M_G1C17H2_M": [[-0.04626406346914823, 0.010606280768197376, 0.0013362657737132075]], "M_G1C17_M M_G1C17H3_M": [[-0.04471305208046987, 0.011591015610422995, 0.0014603307022784178]], "M_G2_M M_G2H1_M": [[-0.17861740039066876, 0.10474088748405329, 0.013196111446809655]], "M_G2C3_M M_G2C3H1_M": [[-0.13027405179221693, 0.07332028712023635, 0.00923748789409512]], "M_G2C3_M M_G2C3H2_M": [[-0.19316438252043874, 0.05622908947872717, 0.007084199390871932]], "M_G2C4_M M_G2C4H1_M": [[-0.2583082512190457, 0.03989160613603009, 0.005025869963565423]], "M_G2C4_M M_G2C4H2_M": [[-0.24792971200867148, 0.04859046491604562, 0.006121823155088842]], "M_G2C5_M M_G2C5H1_M": [[-0.28310258403765975, 0.02787774132198782, 0.0035122652691508944]], "M_G2C5_M M_G2C5H2_M": [[-0.2748808542393879, 0.02521474991970202, 0.003176759888486543]], "M_G2C6_M M_G2C6H1_M": [[-0.32431242779864, 0.029070813907199216, 0.003662578286127955]], "M_G2C6_M M_G2C6H2_M": [[-0.3180690653777321, 0.025806258248775815, 0.0032512829331128577]], "M_G2C7_M M_G2C7H1_M": [[-0.32529263581037926, 0.026349340599764515, 0.0033197048779768767]], "M_G2C7_M M_G2C7H2_M": [[-0.32737734615737163, 0.027553277086069923, 0.003471386617837878]], "M_G2C8_M M_G2C8H1_M": [[-0.3185979823507227, 0.025407504002071923, 0.003201044620207649]], "M_G2C8_M M_G2C8H2_M": [[-0.3173112494245425, 0.02405398251866763, 0.003030516942147125]], "M_G2C9_M M_G2C9H1_M": [[-0.21978041355353362, 0.03193753486905717, 0.004023751178665671]], "M_G2C9_M M_G2C9H2_M": [[-0.22116428244878128, 0.029778946167048084, 0.003751794564932825]], "M_G2C10_M M_G2C10H1_M": [[-0.16311708581239637, 0.0313998516526637, 0.003956009460822316]], "M_G2C11_M M_G2C11H1_M": [[-0.12260801347245949, 0.03339713931220648, 0.004207644053384622]], "M_G2C12_M M_G2C12H1_M": [[-0.1879666472403803, 0.03824993414539231, 0.00481903873396695]], "M_G2C12_M M_G2C12H2_M": [[-0.18732923502973442, 0.04421299271433251, 0.005570313497144496]], "M_G2C13_M M_G2C13H1_M": [[-0.283076584382265, 0.03334163147559211, 0.004200650723313345]], "M_G2C13_M M_G2C13H2_M": [[-0.28398176115287377, 0.030101434505745046, 0.0037924242765952315]], "M_G2C14_M M_G2C14H1_M": [[-0.2962084755139762, 0.029162717288180085, 0.0036741570237813553]], "M_G2C14_M M_G2C14H2_M": [[-0.29665220053400376, 0.028582827925470233, 0.00360109783132126]], "M_G2C15_M M_G2C15H1_M": [[-0.30085750581304377, 0.03006434317037574, 0.003787751207586542]], "M_G2C15_M M_G2C15H2_M": [[-0.3007156259779887, 0.029358144238905756, 0.003698778505262298]], "M_G2C16_M M_G2C16H1_M": [[-0.2694414984993222, 0.03560409808258851, 0.004485694722918134]], "M_G2C16_M M_G2C16H2_M": [[-0.27135064692373134, 0.03417683390449878, 0.00430587633861259]], "M_G2C17_M M_G2C17H1_M": [[-0.24256254042075548, 0.03484413154223752, 0.004389947938608665]], "M_G2C17_M M_G2C17H2_M": [[-0.24201164232141203, 0.03321144581018971, 0.004184248871174287]], "M_G2C18_M M_G2C18H1_M": [[0.7020568831475115, 0.09360855382009052, 0.011793569237922132]], "M_G2C18_M M_G2C18H2_M": [[0.7197796134401343, 0.09942026633537339, 0.012525776190628805]], "M_G2C19_M M_G2C19H1_M": [[-0.0553207074653123, 0.01240477039669203, 0.0015628541685953885]], "M_G2C19_M M_G2C19H2_M": [[-0.055793367980749964, 0.011909330677390589, 0.0015004346311241856]], "M_G2C19_M M_G2C19H3_M": [[-0.05668938828467249, 0.012161405346946128, 0.001532193054336697]], "M_G3_M M_G3H1_M": [[-0.0797476043599394, 0.10079939828830435, 0.01269953048456205]], "M_G3_M M_G3H2_M": [[-0.20314112769374087, 0.09037690908746651, 0.011386420271815707]], "M_G3C4_M M_G3C4H1_M": [[0.04228195034601761, 0.041439771206221686, 0.005220920428527509]], "M_G3C4_M M_G3C4H2_M": [[0.06357383282140758, 0.05524108498404064, 0.006959722524816952]], "M_G3C5_M M_G3C5H1_M": [[0.015866155649288206, 0.043111813774518996, 0.005431577991252672]], "M_G3C5_M M_G3C5H2_M": [[0.04781733835401521, 0.05458850687779811, 0.0068775054114758455]], "M_G3N6C1_M M_G3N6C1H1_M": [[-0.01387083505045766, 0.01283523670573619, 0.001617087825810756]], "M_G3N6C1_M M_G3N6C1H2_M": [[-0.011833154414397171, 0.012602394845634298, 0.0015877525088281229]], "M_G3N6C1_M M_G3N6C1H3_M": [[-0.013863707020126785, 0.011012366562288385, 0.0013874277747665882]], "M_G3N6C2_M M_G3N6C2H1_M": [[-0.013174162984835924, 0.012469863755536593, 0.0015710551609527505]], "M_G3N6C2_M M_G3N6C2H2_M": [[-0.012795823322663153, 0.013890963463151386, 0.0017500968949801477]], "M_G3N6C2_M M_G3N6C2H3_M": [[-0.012660784917643293, 0.014278634826537193, 0.0017989388958344428]], "M_G3N6C3_M M_G3N6C3H1_M": [[-0.01630070899135669, 0.011338682688072015, 0.0014285397422719958]], "M_G3N6C3_M M_G3N6C3H2_M": [[-0.012607430718686086, 0.013611116719436041, 0.001714839519309575]], "M_G3N6C3_M M_G3N6C3H3_M": [[-0.011942540578551805, 0.012083563212590591, 0.0015223858672401625]]}