{"M_G1_M M_G1H1_M": [[-0.17385941133224087, 0.014310883308443063, 0.0004474336302053996]], "M_G1_M M_G1H2_M": [[-0.034356634735382655, 0.013563557624421707, 0.0004240682909359407]], "M_G1C3_M M_G1C3H1_M": [[-0.23802619685881532, 0.010672577349690569, 0.00033368101215685853]], "M_G1C3_M M_G1C3H2_M": [[-0.21488711479730171, 0.01177857991949033, 0.0003682604810936258]], "M_G1C4_M M_G1C4H1_M": [[-0.18092130483586105, 0.01167342192511209, 0.00036497268800946193]], "M_G1C4_M M_G1C4H2_M": [[-0.17155479030859894, 0.011738665406402237, 0.0003670125430660444]], "M_G1C5_M M_G1C5H1_M": [[-0.20526547203263174, 0.010950183810000425, 0.0003423604530849827]], "M_G1C5_M M_G1C5H2_M": [[-0.20374814738507355, 0.011453353258024818, 0.0003580921817201521]], "M_G1C6_M M_G1C6H1_M": [[-0.20305509796440685, 0.011418035242116781, 0.00035698795441784]], "M_G1C6_M M_G1C6H2_M": [[-0.20250060860911667, 0.011347994106941163, 0.0003547980994172864]], "M_G1C7_M M_G1C7H1_M": [[-0.2131880049007792, 0.011595403466852753, 0.0003625334198490257]], "M_G1C7_M M_G1C7H2_M": [[-0.21237882247007284, 0.011426405586262841, 0.0003572496554873422]], "M_G1C8_M M_G1C8H1_M": [[-0.2028361281668687, 0.012181225558231128, 0.0003808493056927251]], "M_G1C8_M M_G1C8H2_M": [[-0.20299267271544008, 0.011848457563595902, 0.0003704452245017361]], "M_G1C9_M M_G1C9H1_M": [[-0.20186970690324726, 0.01197902597762845, 0.00037452748121654544]], "M_G1C9_M M_G1C9H2_M": [[-0.20148976114240247, 0.01146039387238762, 0.0003583123084289882]], "M_G1C10_M M_G1C10H1_M": [[-0.18767419232534616, 0.012248498606578406, 0.0003829526157112791]], "M_G1C10_M M_G1C10H2_M": [[-0.18684835767573676, 0.012182965396657143, 0.00038090370221082566]], "M_G1C11_M M_G1C11H1_M": [[-0.18162553604070578, 0.011962280368349672, 0.00037400392522156476]], "M_G1C11_M M_G1C11H2_M": [[-0.18063204892667767, 0.011691112110448518, 0.00036552577642989613]], "M_G1C12_M M_G1C12H1_M": [[-0.16455190091737112, 0.012392202225771028, 0.0003874455481615825]], "M_G1C12_M M_G1C12H2_M": [[-0.16441644455886528, 0.012489805537286394, 0.00039049714204647036]], "M_G1C13_M M_G1C13H1_M": [[-0.1546706354359616, 0.01279594403579936, 0.0004000686448519243]], "M_G1C13_M M_G1C13H2_M": [[-0.1543776397513086, 0.012829299059864487, 0.00040111149868431097]], "M_G1C14_M M_G1C14H1_M": [[-0.134440916111126, 0.012522283952189878, 0.0003915125884567565]], "M_G1C14_M M_G1C14H2_M": [[-0.13437849968048404, 0.01259793998581318, 0.0003938779947731538]], "M_G1C15_M M_G1C15H1_M": [[-0.1167605897743916, 0.01287169092013984, 0.00040243689164052145]], "M_G1C15_M M_G1C15H2_M": [[-0.1167740916050524, 0.012684796778676748, 0.00039659359585111225]], "M_G1C16_M M_G1C16H1_M": [[-0.08712852495720375, 0.013277268678351, 0.00041511738974645777]], "M_G1C16_M M_G1C16H2_M": [[-0.08624664667817195, 0.013244023321176895, 0.0004140779646790261]], "M_G1C17_M M_G1C17H1_M": [[-0.028246311870315115, 0.014326849705232627, 0.0004479328239115379]], "M_G1C17_M M_G1C17H2_M": [[-0.02823549297939939, 0.013707673533587386, 0.0004285741137435593]], "M_G1C17_M M_G1C17H3_M": [[-0.02760491365369175, 0.01406369567772918, 0.0004397052421968877]], "M_G2_M M_G2H1_M": [[-0.19454572445842305, 0.01302844881742908, 0.0004073379696198318]], "M_G2C3_M M_G2C3H1_M": [[-0.09128934771280811, 0.013564968427500336, 0.00042411240007507423]], "M_G2C3_M M_G2C3H2_M": [[-0.1198690629460385, 0.012584148693501442, 0.0003934468062957365]], "M_G2C4_M M_G2C4H1_M": [[-0.2072279495254734, 0.01094710332828278, 0.0003422641409924305]], "M_G2C4_M M_G2C4H2_M": [[-0.21022918333674576, 0.01067300857004277, 0.0003336944943775884]], "M_G2C5_M M_G2C5H1_M": [[-0.212174549588521, 0.010944207614384607, 0.00034217360571563653]], "M_G2C5_M M_G2C5H2_M": [[-0.21516526698715477, 0.010776067422199451, 0.0003369166572134813]], "M_G2C6_M M_G2C6H1_M": [[-0.22370816919848643, 0.010708262255087763, 0.00033479671035809976]], "M_G2C6_M M_G2C6H2_M": [[-0.22297494180964883, 0.010897515113713237, 0.0003407137520763833]], "M_G2C7_M M_G2C7H1_M": [[-0.21874913056313797, 0.01071534177561023, 0.00033501805347852144]], "M_G2C7_M M_G2C7H2_M": [[-0.218518121499774, 0.011268720092087434, 0.0003523195759409588]], "M_G2C8_M M_G2C8H1_M": [[-0.2201081485605918, 0.011086248707524025, 0.00034661455884004767]], "M_G2C8_M M_G2C8H2_M": [[-0.21896115106515182, 0.011403396277830167, 0.00035653026324727877]], "M_G2C9_M M_G2C9H1_M": [[-0.21035781696038547, 0.011077324438946972, 0.00034633553917366527]], "M_G2C9_M M_G2C9H2_M": [[-0.20965190849219809, 0.0117410009915216, 0.0003670855657653486]], "M_G2C10_M M_G2C10H1_M": [[-0.204091368954464, 0.011393846314274461, 0.0003562316810584674]], "M_G2C10_M M_G2C10H2_M": [[-0.20404752936557283, 0.011158467049132984, 0.00034887248478752893]], "M_G2C11_M M_G2C11H1_M": [[-0.19084661670351535, 0.011579579595967794, 0.0003620386822537732]], "M_G2C11_M M_G2C11H2_M": [[-0.19001652764503557, 0.011221431961477497, 0.00035084109977087164]], "M_G2C12_M M_G2C12H1_M": [[-0.1816001846949805, 0.012071689076644526, 0.0003774246180239139]], "M_G2C12_M M_G2C12H2_M": [[-0.1809928692886201, 0.01175641277659546, 0.00036756741938646464]], "M_G2C13_M M_G2C13H1_M": [[-0.16520494887333165, 0.011987218697757629, 0.00037478362882320597]], "M_G2C13_M M_G2C13H2_M": [[-0.16538462905159715, 0.01229467482368396, 0.0003843963276054639]], "M_G2C14_M M_G2C14H1_M": [[-0.15215433529020397, 0.011904617119414903, 0.0003722010681760391]], "M_G2C14_M M_G2C14H2_M": [[-0.15236796604237707, 0.01240025761523925, 0.00038769740208805247]], "M_G2C15_M M_G2C15H1_M": [[-0.1292416142161996, 0.012750968471117945, 0.00039866247167992514]], "M_G2C15_M M_G2C15H2_M": [[-0.1283114475478137, 0.012544351751490393, 0.00039220254415962]], "M_G2C16_M M_G2C16H1_M": [[-0.1033427955692798, 0.012753155678857419, 0.0003987308553203891]], "M_G2C16_M M_G2C16H2_M": [[-0.10210239987546021, 0.013143294175508946, 0.00041092864074546365]], "M_G2C17_M M_G2C17H1_M": [[-0.026207952192367795, 0.01410238890380047, 0.000440914996356173]], "M_G2C17_M M_G2C17H2_M": [[-0.027271440973593748, 0.014208144412785449, 0.00044422147089582994]], "M_G2C17_M M_G2C17H3_M": [[-0.026552030993379085, 0.014384678684376307, 0.00044974086255678794]], "M_G3_M M_G3H1_M": [[-0.22983561324964563, 0.011593905783173653, 0.00036248659436446295]], "M_G3_M M_G3H2_M": [[-0.24677798389327715, 0.010096096546101534, 0.0003156571841977981]], "M_G3C4_M M_G3C4H1_M": [[0.03765795653213069, 0.014475969886542865, 0.0004525951066387797]], "M_G3C4_M M_G3C4H2_M": [[0.033764253948907426, 0.014520231693980399, 0.000453978963997853]], "M_G3C5_M M_G3C5H1_M": [[-0.061030360999226915, 0.01353916526689316, 0.00042330565729250744]], "M_G3C5_M M_G3C5H2_M": [[-0.06116974612377146, 0.01417239940226215, 0.0004431038934915942]], "M_G3N6C1_M M_G3N6C1H1_M": [[0.008705964714425486, 0.014142359594514767, 0.00044216469079240417]], "M_G3N6C1_M M_G3N6C1H2_M": [[0.008736168153296704, 0.014135252576517009, 0.00044194248795599393]], "M_G3N6C1_M M_G3N6C1H3_M": [[0.009380089171097155, 0.014133268938682612, 0.0004418804689835708]], "M_G3N6C2_M M_G3N6C2H1_M": [[0.009351500596285117, 0.014034918738059853, 0.00043880552340909966]], "M_G3N6C2_M M_G3N6C2H2_M": [[0.008916821526643068, 0.014141697942411588, 0.0004421440040607694]], "M_G3N6C2_M M_G3N6C2H3_M": [[0.009446965876555977, 0.014137009716554757, 0.0004419974254136563]], "M_G3N6C3_M M_G3N6C3H1_M": [[0.009045311026780025, 0.013951640355273635, 0.0004362018022882874]], "M_G3N6C3_M M_G3N6C3H2_M": [[0.008794176570780675, 0.014527758095842884, 0.0004542142789840167]], "M_G3N6C3_M M_G3N6C3H3_M": [[0.009234317592255108, 0.014561425374219011, 0.0004552668955317373]]}