{"M_G1_M M_G1H1_M": [[-0.1674436216816342, 0.036796139721586914, 0.0026084091865493622]], "M_G1_M M_G1H2_M": [[-0.04068150630935637, 0.03133917545202725, 0.002221575245840074]], "M_G1C3_M M_G1C3H1_M": [[-0.2353275934203117, 0.021552283741899058, 0.001527800886963897]], "M_G1C3_M M_G1C3H2_M": [[-0.2047683349525397, 0.023610567370816026, 0.0016737087448754561]], "M_G1C4_M M_G1C4H1_M": [[-0.17774009376141314, 0.015451452614009537, 0.0010953244348148282]], "M_G1C4_M M_G1C4H2_M": [[-0.1656716073419698, 0.015862293596399377, 0.00112444817988116]], "M_G1C5_M M_G1C5H1_M": [[-0.20542288687270774, 0.015143321388380137, 0.0010734815913623417]], "M_G1C5_M M_G1C5H2_M": [[-0.20191618485136964, 0.01512271597305811, 0.001072020912198024]], "M_G1C6_M M_G1C6H1_M": [[-0.20635978522121753, 0.01518128651689494, 0.0010761728679673287]], "M_G1C6_M M_G1C6H2_M": [[-0.20125754918453453, 0.015386093851192132, 0.0010906912749604426]], "M_G1C7_M M_G1C7H1_M": [[-0.2164560499791447, 0.014836967326607135, 0.0010517647277154573]], "M_G1C7_M M_G1C7H2_M": [[-0.2150278267704937, 0.015594516062767043, 0.001105465933809615]], "M_G1C8_M M_G1C8H1_M": [[-0.20639221695296203, 0.015680250830780656, 0.001111543510375675]], "M_G1C8_M M_G1C8H2_M": [[-0.20556814094624032, 0.015916237753994426, 0.0011282721798250737]], "M_G1C9_M M_G1C9H1_M": [[-0.20511337336887273, 0.016466148887093517, 0.0011672543464929521]], "M_G1C9_M M_G1C9H2_M": [[-0.203939942151774, 0.016858867314442163, 0.0011950934176937409]], "M_G1C10_M M_G1C10H1_M": [[-0.1889345536368651, 0.01723025176000043, 0.0012214201630226104]], "M_G1C10_M M_G1C10H2_M": [[-0.18861134556427622, 0.016988779649629308, 0.0012043026589650318]], "M_G1C11_M M_G1C11H1_M": [[-0.1813170855365245, 0.016817268900629987, 0.0011921445843227796]], "M_G1C11_M M_G1C11H2_M": [[-0.18040347354281913, 0.016765384635653864, 0.0011884666062950552]], "M_G1C12_M M_G1C12H1_M": [[-0.16181929067742068, 0.01607097694735247, 0.0011392413504100406]], "M_G1C12_M M_G1C12H2_M": [[-0.160955851419727, 0.015537952287637206, 0.0011014562341022291]], "M_G1C13_M M_G1C13H1_M": [[-0.1494533690370293, 0.015123458954919285, 0.0010720735807857292]], "M_G1C13_M M_G1C13H2_M": [[-0.1490921582639518, 0.01531556818778187, 0.0010856918432342146]], "M_G1C14_M M_G1C14H1_M": [[-0.12813344967043838, 0.013415958145064159, 0.000951032057621448]], "M_G1C14_M M_G1C14H2_M": [[-0.12905075702410718, 0.013246030746523836, 0.0009389862237173284]], "M_G1C15_M M_G1C15H1_M": [[-0.11158933261709557, 0.013129697317198341, 0.0009307395655610275]], "M_G1C15_M M_G1C15H2_M": [[-0.11217222047655298, 0.011986416796215671, 0.0008496945582233522]], "M_G1C16_M M_G1C16H1_M": [[-0.08388474040187908, 0.011190284759128168, 0.0007932582544437192]], "M_G1C16_M M_G1C16H2_M": [[-0.08324475694810843, 0.010571534675723915, 0.0007493962239714576]], "M_G1C17_M M_G1C17H1_M": [[-0.027640270237576807, 0.009600948581530211, 0.0006805931999698209]], "M_G1C17_M M_G1C17H2_M": [[-0.02784680538297569, 0.009132973192589029, 0.000647419304207134]], "M_G1C17_M M_G1C17H3_M": [[-0.027573721969015946, 0.009223808064899381, 0.000653858417581148]], "M_G2_M M_G2H1_M": [[-0.18876222446417368, 0.031681242813208846, 0.002245823758158917]], "M_G2C3_M M_G2C3H1_M": [[-0.07628499919415621, 0.025027693408926452, 0.0017741661462298969]], "M_G2C3_M M_G2C3H2_M": [[-0.10660952478678055, 0.020354435087975985, 0.001442887647242837]], "M_G2C4_M M_G2C4H1_M": [[-0.19979654252875675, 0.018633609820126334, 0.0013209015782946316]], "M_G2C4_M M_G2C4H2_M": [[-0.20408478447056325, 0.016679639274980455, 0.001182388278835251]], "M_G2C5_M M_G2C5H1_M": [[-0.197666214835475, 0.01723029668786201, 0.001221423347874276]], "M_G2C5_M M_G2C5H2_M": [[-0.1985587599527345, 0.016547840512955627, 0.0011730453123109743]], "M_G2C6_M M_G2C6H1_M": [[-0.2079444115181331, 0.017615648314781265, 0.0012487402004385203]], "M_G2C6_M M_G2C6H2_M": [[-0.20623938067447634, 0.017832397886943907, 0.00126410517022849]], "M_G2C7_M M_G2C7H1_M": [[-0.18444543467286884, 0.016172856396785614, 0.0011464633930980159]], "M_G2C7_M M_G2C7H2_M": [[-0.18417022550650963, 0.01781290396398246, 0.001262723282668565]], "M_G2C8_M M_G2C8H1_M": [[-0.1751401485244316, 0.016060318543262158, 0.00113848579617654]], "M_G2C8_M M_G2C8H2_M": [[-0.17516007103408243, 0.016918479800656923, 0.001199319234799887]], "M_G2C9_M M_G2C9H1_M": [[-0.10061871548341962, 0.016335091264284066, 0.001157963917934683]], "M_G2C9_M M_G2C9H2_M": [[-0.10209788781257209, 0.015350535791930534, 0.0010881706309707306]], "M_G2C10_M M_G2C10H1_M": [[-0.0580172363349582, 0.017100673721113985, 0.0012122346193877665]], "M_G2C11_M M_G2C11H1_M": [[-0.04752556551433276, 0.016706589442987595, 0.001184298725592459]], "M_G2C12_M M_G2C12H1_M": [[-0.07596024422154095, 0.016037023179943717, 0.0011368344316545116]], "M_G2C12_M M_G2C12H2_M": [[-0.07686987006925493, 0.016215407656329794, 0.001149479771912046]], "M_G2C13_M M_G2C13H1_M": [[-0.11634346030090457, 0.017134304835836663, 0.001214618665900805]], "M_G2C13_M M_G2C13H2_M": [[-0.11623010705013805, 0.016327206721301685, 0.0011574049975016539]], "M_G2C14_M M_G2C14H1_M": [[-0.12242953458575224, 0.016013617779980695, 0.0011351752668415627]], "M_G2C14_M M_G2C14H2_M": [[-0.1213640337527168, 0.015975374076578702, 0.0011324642425864042]], "M_G2C15_M M_G2C15H1_M": [[-0.12608607212323025, 0.015615202486960687, 0.0011069323555405854]], "M_G2C15_M M_G2C15H2_M": [[-0.1262992730397936, 0.015478758224097862, 0.001097260078193118]], "M_G2C16_M M_G2C16H1_M": [[-0.11416443933491617, 0.013922275683666925, 0.0009869239563096064]], "M_G2C16_M M_G2C16H2_M": [[-0.11505244696644304, 0.013632461273761455, 0.0009663795574973493]], "M_G2C17_M M_G2C17H1_M": [[-0.10444832113207539, 0.013178015479393429, 0.0009341647492650917]], "M_G2C17_M M_G2C17H2_M": [[-0.10392331073962564, 0.012311324654003395, 0.0008727266655978761]], "M_G2C18_M M_G2C18H1_M": [[-0.08072217580835035, 0.010904380018742188, 0.0007729910047554782]], "M_G2C18_M M_G2C18H2_M": [[-0.08026680187189986, 0.01118067593134265, 0.0007925771027017875]], "M_G2C19_M M_G2C19H1_M": [[-0.02543630443172483, 0.009084992920230383, 0.0006440180728785114]], "M_G2C19_M M_G2C19H2_M": [[-0.027170496872230797, 0.010205949028816955, 0.0007234805445801418]], "M_G2C19_M M_G2C19H3_M": [[-0.027230754537477826, 0.009746592047227406, 0.0006909175915163227]], "M_G3_M M_G3H1_M": [[-0.22332867994378225, 0.026560263454513802, 0.001882807156297461]], "M_G3_M M_G3H2_M": [[-0.24312270495474878, 0.02200275856024246, 0.0015597342001692153]], "M_G3C4_M M_G3C4H1_M": [[0.031037012551172596, 0.020652110504468222, 0.0014639892980372745]], "M_G3C4_M M_G3C4H2_M": [[0.03461759990057785, 0.020252316429626882, 0.0014356486474844023]], "M_G3C5_M M_G3C5H1_M": [[-0.07397668386883949, 0.016234370177401345, 0.0011508239893907657]], "M_G3C5_M M_G3C5H2_M": [[-0.0768848535101125, 0.018382850820826857, 0.0013031257441356219]], "M_G3N6C1_M M_G3N6C1H1_M": [[0.01051554217845632, 0.011667130702960368, 0.0008270609671704299]], "M_G3N6C1_M M_G3N6C1H2_M": [[0.009876889313860193, 0.011800141327231386, 0.0008364898403316449]], "M_G3N6C1_M M_G3N6C1H3_M": [[0.011502804472965976, 0.010932035361468424, 0.0007749514400231475]], "M_G3N6C2_M M_G3N6C2H1_M": [[0.011194174350844941, 0.011265090067178846, 0.0007985610621349176]], "M_G3N6C2_M M_G3N6C2H2_M": [[0.011925480070761224, 0.011248908216364387, 0.0007974139611444557]], "M_G3N6C2_M M_G3N6C2H3_M": [[0.01103993870908472, 0.011385136260944423, 0.0008070709111842382]], "M_G3N6C3_M M_G3N6C3H1_M": [[0.010526100461545493, 0.011199187724745338, 0.0007938893689432039]], "M_G3N6C3_M M_G3N6C3H2_M": [[0.011568021538856279, 0.0117740681528693, 0.0008346415620056261]], "M_G3N6C3_M M_G3N6C3H3_M": [[0.011195264754092445, 0.012749292205393713, 0.0009037733621562879]]}