{
    "10.1039/c2cp42738a": {
        "M_G1_M M_G1H1_M": [-0.0277201, 0.177315, 0.0157342, -0.149916, 0.02, 0.0135468],
        "M_G1_M M_G1H2_M": [-0.170969, 0.140989, 0.0125108, 0, 0.02, 0.00549477],
        "M_G1C3_M M_G1C3H1_M": [-0.226974, 0.0927008, 0.00822586, -0.209877, 0.02, 0.53854],
        "M_G1C3_M M_G1C3H2_M": [-0.199391, 0.119017, 0.010561, -0.209877, 0.02, 0.627255],
        "M_G1C4_M M_G1C4H1_M": [-0.20612, 0.0886331, 0.00786492, -0.188409, 0.02, 0.524715],
        "M_G1C4_M M_G1C4H2_M": [-0.177101, 0.109193, 0.00968932, -0.188409, 0.02, 0.637208],
        "M_G1C5_M M_G1C5H1_M": [-0.231887, 0.0744784, 0.00660889, -0.186196, 0.02, 0.0482287],
        "M_G1C5_M M_G1C5H2_M": [-0.236103, 0.0783282, 0.00695051, -0.186196, 0.02, 0.0411418],
        "M_G1C6_M M_G1C6H1_M": [-0.197465, 0.0735083, 0.0065228, -0.201736, 0.02, 0.791295],
        "M_G1C6_M M_G1C6H2_M": [-0.181529, 0.085229, 0.00756285, -0.201736, 0.02, 0.432096],
        "M_G1C7_M M_G1C7H1_M": [-0.204448, 0.0826527, 0.00733424, -0.195811, 0.02, 0.737743],
        "M_G1C7_M M_G1C7H2_M": [-0.194793, 0.0826826, 0.0073369, -0.195811, 0.02, 0.775693],
        "M_G1C8_M M_G1C8H1_M": [-0.183517, 0.0762341, 0.00676468, -0.195071, 0.02, 0.71781],
        "M_G1C8_M M_G1C8H2_M": [-0.179418, 0.0788079, 0.00699307, -0.195071, 0.02, 0.615385],
        "M_G1C9_M M_G1C9H1_M": [-0.18554, 0.068599, 0.00608717, -0.181747, 0.02, 0.805911],
        "M_G1C9_M M_G1C9H2_M": [-0.179618, 0.0837169, 0.00742867, -0.181747, 0.02, 0.771507],
        "M_G1C10_M M_G1C10H1_M": [-0.165928, 0.080674, 0.00715866, -0.174345, 0.02, 0.745234],
        "M_G1C10_M M_G1C10H2_M": [-0.165232, 0.0672758, 0.00596976, -0.174345, 0.02, 0.775963],
        "M_G1C11_M M_G1C11H1_M": [-0.156415, 0.0654655, 0.00580912, -0.149913, 0.02, 0.801947],
        "M_G1C11_M M_G1C11H2_M": [-0.155809, 0.0691118, 0.00613268, -0.149913, 0.02, 0.795421],
        "M_G1C12_M M_G1C12H1_M": [-0.134558, 0.0613751, 0.00544616, -0.136586, 0.02, 0.82919],
        "M_G1C12_M M_G1C12H2_M": [-0.134259, 0.0601568, 0.00533805, -0.136586, 0.02, 0.831928],
        "M_G1C13_M M_G1C13H1_M": [-0.120981, 0.0551785, 0.0048963, -0.115857, 0.02, 0.837521],
        "M_G1C13_M M_G1C13H2_M": [-0.129199, 0.0560487, 0.00497352, -0.115857, 0.02, 0.748647],
        "M_G1C14_M M_G1C14H1_M": [-0.105917, 0.0483174, 0.00428748, -0.106234, 0.02, 0.865529],
        "M_G1C14_M M_G1C14H2_M": [-0.100934, 0.0484973, 0.00430344, -0.106234, 0.02, 0.855719],
        "M_G1C15_M M_G1C15H1_M": [-0.0844092, 0.0423732, 0.00376001, -0.0899483, 0.02, 0.872499],
        "M_G1C15_M M_G1C15H2_M": [-0.0872018, 0.0379097, 0.00336394, -0.0899483, 0.02, 0.891972],
        "M_G1C16_M M_G1C16H1_M": [-0.0545103, 0.0329216, 0.00292132, -0.0669979, 0.02, 0.853403],
        "M_G1C16_M M_G1C16H2_M": [-0.0544767, 0.0299492, 0.00265756, -0.0669979, 0.02, 0.865366],
        "M_G1C17_M M_G1C17H1_M": [-0.0138453, 0.0149112, 0.00132315, -0.0181358, 0.02, 0.955931],
        "M_G1C17_M M_G1C17H2_M": [-0.0149812, 0.0147898, 0.00131238, -0.0181358, 0.02, 0.957229],
        "M_G1C17_M M_G1C17H3_M": [-0.0172046, 0.0136915, 0.00121492, -0.0181358, 0.02, 0.961292],
        "M_G2_M M_G2H1_M": [-0.19695, 0.164757, 0.0146199, -0.206916, 0.02, 0.546973],
        "M_G2C3_M M_G2C3H1_M": [-0.0943776, 0.136709, 0.012131, -0.0795825, 0.02, 0.522231],
        "M_G2C3_M M_G2C3H2_M": [-0.0912025, 0.126113, 0.0111907, -0.122519, 0.02, 0.179876],
        "M_G2C4_M M_G2C4H1_M": [-0.154308, 0.121536, 0.0107845, -0.180265, 0.02, 0.265992],
        "M_G2C4_M M_G2C4H2_M": [-0.126879, 0.129435, 0.0114855, -0.180265, 0.02, 0.0560512],
        "M_G2C5_M M_G2C5H1_M": [-0.146104, 0.111948, 0.00993379, -0.186187, 0.02, 0.0940614],
        "M_G2C5_M M_G2C5H2_M": [-0.0989615, 0.127382, 0.0113033, -0.186187, 0.02, 0.0195931],
        "M_G2C6_M M_G2C6H1_M": [-0.153301, 0.0976777, 0.0086675, -0.193592, 0.02, 0.0830499],
        "M_G2C6_M M_G2C6H2_M": [-0.145835, 0.0995709, 0.00883549, -0.193592, 0.02, 0.0568194],
        "M_G2C7_M M_G2C7H1_M": [-0.136, 0.101173, 0.00897765, -0.166198, 0.02, 0.173436],
        "M_G2C7_M M_G2C7H2_M": [-0.153922, 0.0983347, 0.0087258, -0.166198, 0.02, 0.646597],
        "M_G2C8_M M_G2C8H1_M": [-0.172555, 0.0873863, 0.00775428, -0.154356, 0.02, 0.508877],
        "M_G2C8_M M_G2C8H2_M": [-0.181519, 0.0919904, 0.00816283, -0.154356, 0.02, 0.216178],
        "M_G2C9_M M_G2C9H1_M": [-0.135441, 0.0835961, 0.00741796, -0.1203, 0.02, 0.618364],
        "M_G2C9_M M_G2C9H2_M": [-0.1327, 0.0872988, 0.00774651, -0.1203, 0.02, 0.67226],
        "M_G2C10_M M_G2C10H1_M": [-0.0824013, 0.113927, 0.0101094, -0.108455, 0.02, 0.259473],
        "M_G2C11_M M_G2C11H1_M": [-0.0358982, 0.110373, 0.00979403, -0.0225792, 0.02, 0.599552],
        "M_G2C12_M M_G2C12H1_M": [-0.111063, 0.0805251, 0.00714545, -0.0581141, 0.02, 0.0368976],
        "M_G2C12_M M_G2C12H2_M": [-0.118203, 0.0804658, 0.00714018, -0.0581141, 0.02, 0.0278015],
        "M_G2C13_M M_G2C13H1_M": [-0.142316, 0.0810557, 0.00719253, -0.0995716, 0.02, 0.0611609],
        "M_G2C13_M M_G2C13H2_M": [-0.14907, 0.077935, 0.00691561, -0.0995716, 0.02, 0.0417305],
        "M_G2C14_M M_G2C14H1_M": [-0.12203, 0.061116, 0.00542317, -0.106234, 0.02, 0.662033],
        "M_G2C14_M M_G2C14H2_M": [-0.115488, 0.0628364, 0.00557583, -0.106234, 0.02, 0.787693],
        "M_G2C15_M M_G2C15H1_M": [-0.127972, 0.0486041, 0.00431292, -0.0943887, 0.02, 0.0722955],
        "M_G2C15_M M_G2C15H2_M": [-0.121666, 0.0604375, 0.00536296, -0.0943887, 0.02, 0.166197],
        "M_G2C16_M M_G2C16H1_M": [-0.0961651, 0.0509719, 0.00452303, -0.0943887, 0.02, 0.857374],
        "M_G2C16_M M_G2C16H2_M": [-0.102641, 0.0490799, 0.00435513, -0.0943887, 0.02, 0.838307],
        "M_G2C17_M M_G2C17H1_M": [-0.084826, 0.0421932, 0.00374405, -0.0899483, 0.02, 0.874433],
        "M_G2C17_M M_G2C17H2_M": [-0.0844946, 0.0422167, 0.00374612, -0.0899483, 0.02, 0.873256],
        "M_G2C18_M M_G2C18H1_M": [-0.052747, 0.0315683, 0.00280123, -0.0669979, 0.02, 0.829705],
        "M_G2C18_M M_G2C18H2_M": [-0.05179, 0.032444, 0.00287894, -0.0669979, 0.02, 0.801829],
        "M_G2C19_M M_G2C19H1_M": [-0.0143592, 0.0132147, 0.00117261, -0.0181358, 0.02, 0.961347],
        "M_G2C19_M M_G2C19H2_M": [-0.0161318, 0.0120778, 0.00107173, -0.0181358, 0.02, 0.965574],
        "M_G2C19_M M_G2C19H3_M": [-0.0146764, 0.013276, 0.00117805, -0.0181358, 0.02, 0.961397],
        "M_G3_M M_G3H1_M": [-0.194968, 0.135479, 0.0120219, -0.231349, 0.02, 0.134661],
        "M_G3_M M_G3H2_M": [-0.250513, 0.0956208, 0.00848497, -0.231349, 0.02, 0.463349],
        "M_G3C4_M M_G3C4H1_M": [0.120213, 0.0830124, 0.00736616, 0.0558925, 0.02, 0.0246875],
        "M_G3C4_M M_G3C4H2_M": [0.10243, 0.0866279, 0.00768699, 0.0558925, 0.02, 0.053135],
        "M_G3C5_M M_G3C5H1_M": [-0.0438558, 0.093556, 0.00830175, -0.0447871, 0.02, 0.749108],
        "M_G3C5_M M_G3C5H2_M": [-0.0555046, 0.0969044, 0.00859887, -0.0447871, 0.02, 0.675282],
        "M_G3N6C1_M M_G3N6C1H1_M": [0.0171466, 0.0119209, 0.00105781, 0.00111083, 0.02, 0.907655],
        "M_G3N6C1_M M_G3N6C1H2_M": [0.016942, 0.0130055, 0.00115405, 0.00111083, 0.02, 0.903787],
        "M_G3N6C1_M M_G3N6C1H3_M": [0.017758, 0.0112473, 0.000998039, 0.00111083, 0.02, 0.89924],
        "M_G3N6C2_M M_G3N6C2H1_M": [0.0186551, 0.0108479, 0.000962592, 0.00111083, 0.02, 0.872931],
        "M_G3N6C2_M M_G3N6C2H2_M": [0.01889, 0.0112056, 0.000994339, 0.00111083, 0.02, 0.857624],
        "M_G3N6C2_M M_G3N6C2H3_M": [0.0186468, 0.0107532, 0.000954189, 0.00111083, 0.02, 0.874305],
        "M_G3N6C3_M M_G3N6C3H1_M": [0.0183005, 0.0107596, 0.000954759, 0.00111083, 0.02, 0.887585],
        "M_G3N6C3_M M_G3N6C3H2_M": [0.0188194, 0.0115873, 0.00102821, 0.00111083, 0.02, 0.857064],
        "M_G3N6C3_M M_G3N6C3H3_M": [0.0173777, 0.0114512, 0.00101613, 0.00111083, 0.02, 0.906491]
    },
    "unpublished/nesterenkoPOPC": {
        "M_G1_M M_G1H1_M": [-0.0277201, 0.177315, 0.0157342, -0.14, 0.02, 0.0160718],