{"headgroup": 0.5907176459190115, "tails": 0.5871663341183766, "total": 0.5883501047185883}