{"M_G1_M M_G1H1_M": [[-0.17646454450957258, 0.06234744486829944, 0.011998771359332678]], "M_G1_M M_G1H2_M": [[-0.027065958179386302, 0.07966248472716671, 0.01533105233384805]], "M_G1C3_M M_G1C3H1_M": [[-0.3020491954940788, 0.024133603881770632, 0.004644514232552023]], "M_G1C3_M M_G1C3H2_M": [[-0.2901278503024241, 0.028597302304999555, 0.005503553394629533]], "M_G1C4_M M_G1C4H1_M": [[-0.3077896996307316, 0.01484642482764227, 0.0028571957902476025]], "M_G1C4_M M_G1C4H2_M": [[-0.29951316432713376, 0.019573686363774496, 0.0037669576970528374]], "M_G1C5_M M_G1C5H1_M": [[-0.35218512264735496, 0.010598832061126674, 0.002039746181195707]], "M_G1C5_M M_G1C5H2_M": [[-0.3502494394290558, 0.012391964235288185, 0.002384834629010616]], "M_G1C6_M M_G1C6H1_M": [[-0.37372714595014134, 0.012338212491696032, 0.002374490101133169]], "M_G1C6_M M_G1C6H2_M": [[-0.3706490309979091, 0.011778351985961964, 0.0022667448965684343]], "M_G1C7_M M_G1C7H1_M": [[-0.3874577688357297, 0.009945327434117598, 0.0019139791570889216]], "M_G1C7_M M_G1C7H2_M": [[-0.38828364118329856, 0.009063374630374963, 0.0017442472608711365]], "M_G1C8_M M_G1C8H1_M": [[-0.3929999169243767, 0.0088070018807614, 0.0016949083022037115]], "M_G1C8_M M_G1C8H2_M": [[-0.3922372542317163, 0.009257397032154528, 0.0017815868895032197]], "M_G1C9_M M_G1C9H1_M": [[-0.3922363909384633, 0.010058526066754217, 0.001935764244097138]], "M_G1C9_M M_G1C9H2_M": [[-0.39335233853049545, 0.00995259894012521, 0.0019153785590725581]], "M_G1C10_M M_G1C10H1_M": [[-0.38245488950465445, 0.012566535677736917, 0.0024184309187741484]], "M_G1C10_M M_G1C10H2_M": [[-0.3843268399406794, 0.011880495350773956, 0.0022864023962918135]], "M_G1C11_M M_G1C11H1_M": [[-0.3719820022282713, 0.014622645190963847, 0.002814129379089121]], "M_G1C11_M M_G1C11H2_M": [[-0.37337604626772286, 0.015140580693775663, 0.0029138061130795432]], "M_G1C12_M M_G1C12H1_M": [[-0.3534051515284519, 0.02119800403706456, 0.004079557779027332]], "M_G1C12_M M_G1C12H2_M": [[-0.35328992026924144, 0.02090907968403205, 0.00402395426136108]], "M_G1C13_M M_G1C13H1_M": [[-0.3308284635293352, 0.023117553625296054, 0.004448975269523429]], "M_G1C13_M M_G1C13H2_M": [[-0.33324582986950657, 0.02548124831551389, 0.004903868524749881]], "M_G1C14_M M_G1C14H1_M": [[-0.30040707719570164, 0.027780658093752953, 0.005346390142897741]], "M_G1C14_M M_G1C14H2_M": [[-0.3004288088617187, 0.02935898379592465, 0.0056501390659036525]], "M_G1C15_M M_G1C15H1_M": [[-0.25966273414779967, 0.02801334410620508, 0.0053911705868730396]], "M_G1C15_M M_G1C15H2_M": [[-0.2598466817840263, 0.028770195737313344, 0.005536826751192028]], "M_G1C16_M M_G1C16H1_M": [[-0.19480621414854274, 0.026604010790021598, 0.005119944263714226]], "M_G1C16_M M_G1C16H2_M": [[-0.1973559013168564, 0.026808022624337235, 0.0051592063595342266]], "M_G1C17_M M_G1C17H1_M": [[-0.05917428279802733, 0.012620691396979692, 0.0024288531918018066]], "M_G1C17_M M_G1C17H2_M": [[-0.05845405416403852, 0.013875883814206897, 0.0026704150851254408]], "M_G1C17_M M_G1C17H3_M": [[-0.0617786452708462, 0.01445963174480111, 0.0027827574267479263]], "M_G2_M M_G2H1_M": [[-0.1993029966401116, 0.06054301283790665, 0.011651508253172124]], "M_G2C3_M M_G2C3H1_M": [[-0.11287483805990638, 0.05180885458861785, 0.009970618714381565]], "M_G2C3_M M_G2C3H2_M": [[-0.17024578626336215, 0.054003552731281865, 0.010392988568867244]], "M_G2C4_M M_G2C4H1_M": [[-0.29918800589777844, 0.02721585695892169, 0.0052376941138199285]], "M_G2C4_M M_G2C4H2_M": [[-0.29664864842477506, 0.031424278170121285, 0.006047605153536402]], "M_G2C5_M M_G2C5H1_M": [[-0.31466900085300564, 0.020582187082239665, 0.003961043750814103]], "M_G2C5_M M_G2C5H2_M": [[-0.31530408251498404, 0.025544533671005933, 0.004916047797092911]], "M_G2C6_M M_G2C6H1_M": [[-0.3464913667647823, 0.018991601318402114, 0.003654935377840504]], "M_G2C6_M M_G2C6H2_M": [[-0.3450894819147811, 0.021511550961071366, 0.004139899912686968]], "M_G2C7_M M_G2C7H1_M": [[-0.33593385767390765, 0.017851330424861592, 0.0034354901420622654]], "M_G2C7_M M_G2C7H2_M": [[-0.3372455144440819, 0.017285700460427694, 0.0033266346046530557]], "M_G2C8_M M_G2C8H1_M": [[-0.32434238002286225, 0.015945058834262022, 0.0030686280034018664]], "M_G2C8_M M_G2C8H2_M": [[-0.32437937225506336, 0.014633077420639188, 0.002816137062626223]], "M_G2C9_M M_G2C9H1_M": [[-0.22522333593206148, 0.024607512613255476, 0.004735718010450053]], "M_G2C9_M M_G2C9H2_M": [[-0.2222899075059, 0.02338720949927822, 0.004500870566667484]], "M_G2C10_M M_G2C10H1_M": [[-0.14538458621714137, 0.02444329068558962, 0.004704113485735146]], "M_G2C11_M M_G2C11H1_M": [[-0.11457856949856889, 0.02293306608003775, 0.004413470624884423]], "M_G2C12_M M_G2C12H1_M": [[-0.2031270413698317, 0.027239028510380014, 0.005242153480977264]], "M_G2C12_M M_G2C12H2_M": [[-0.20463339255848814, 0.0232735535095477, 0.004478997461245508]], "M_G2C13_M M_G2C13H1_M": [[-0.29267688181629603, 0.02114731634988767, 0.00406980292908194]], "M_G2C13_M M_G2C13H2_M": [[-0.29245565803791046, 0.023864046245103354, 0.004592637841188033]], "M_G2C14_M M_G2C14H1_M": [[-0.30462733573083317, 0.02510270862301635, 0.00483101852696241]], "M_G2C14_M M_G2C14H2_M": [[-0.304431470159183, 0.025821233533857825, 0.004969298710527002]], "M_G2C15_M M_G2C15H1_M": [[-0.3078282032006894, 0.028294734561485412, 0.00544532420524087]], "M_G2C15_M M_G2C15H2_M": [[-0.30748374789920063, 0.026327544098743234, 0.005066738224170383]], "M_G2C16_M M_G2C16H1_M": [[-0.27885015655466355, 0.033987564979912434, 0.006540909930084113]], "M_G2C16_M M_G2C16H2_M": [[-0.2783035061382232, 0.032003594321261784, 0.006159094598805356]], "M_G2C17_M M_G2C17H1_M": [[-0.25230508178894673, 0.031632305899954465, 0.006087640108809099]], "M_G2C17_M M_G2C17H2_M": [[-0.24974475852151667, 0.028989027134031477, 0.005578940873126146]], "M_G2C18_M M_G2C18H1_M": [[-0.18721041653307896, 0.02884980086343138, 0.005552146764856401]], "M_G2C18_M M_G2C18H2_M": [[-0.18528784168496867, 0.026902014923134338, 0.005177295185871646]], "M_G2C19_M M_G2C19H1_M": [[-0.07148845099582078, 0.013473685384206274, 0.002593011961182606]], "M_G2C19_M M_G2C19H2_M": [[-0.07144035436453265, 0.01305269918436457, 0.002511993129248031]], "M_G2C19_M M_G2C19H3_M": [[-0.07321397187211079, 0.015381351081880547, 0.002960142395874625]], "M_G3_M M_G3H1_M": [[-0.17902011269930024, 0.07015046084564665, 0.013500462484336798]], "M_G3_M M_G3H2_M": [[-0.19502283383952118, 0.05986224691869159, 0.011520494790934144]], "M_G3C4_M M_G3C4H1_M": [[0.027976368947226403, 0.05831299031798738, 0.011222340219114018]], "M_G3C4_M M_G3C4H2_M": [[-0.01895234562351882, 0.03837115882017611, 0.007384532957982187]], "M_G3C5_M M_G3C5H1_M": [[-0.03200347276926083, 0.046715454501445604, 0.008990393410575111]]}