{"M_G1_M M_G1H1_M": [[-0.09824773215588191, 0.09224906936207487, 0.006474615380542321]], "M_G1_M M_G1H2_M": [[-0.16124650331502594, 0.07718292961177588, 0.0054171796705969446]], "M_G1C3_M M_G1C3H1_M": [[-0.28984953718630835, 0.04575905666249443, 0.003211656162115132]], "M_G1C3_M M_G1C3H2_M": [[-0.28940310861804347, 0.04288125220307843, 0.0030096738858279275]], "M_G1C4_M M_G1C4H1_M": [[-0.2780089730925973, 0.050874591158369446, 0.0035706962972159835]], "M_G1C4_M M_G1C4H2_M": [[-0.2833128804495701, 0.049807585164309935, 0.0034958071577586187]], "M_G1C5_M M_G1C5H1_M": [[-0.3216430557959829, 0.05182774521371464, 0.003637594597106057]], "M_G1C5_M M_G1C5H2_M": [[-0.3252031769997463, 0.050464497895249205, 0.0035419133927680965]], "M_G1C6_M M_G1C6H1_M": [[-0.32434961372092797, 0.05863703893525247, 0.004115513324795946]], "M_G1C6_M M_G1C6H2_M": [[-0.3250346435941001, 0.059068787546409394, 0.004145816136712156]], "M_G1C7_M M_G1C7H1_M": [[-0.34098757759843107, 0.05881341233423899, 0.004127892310618713]], "M_G1C7_M M_G1C7H2_M": [[-0.34046894326618016, 0.05893376438127678, 0.0041363393683529455]], "M_G1C8_M M_G1C8H1_M": [[-0.33859640325569274, 0.06448537223565934, 0.0045259858531282405]], "M_G1C8_M M_G1C8H2_M": [[-0.339533295130323, 0.06450082162382445, 0.004527070187603651]], "M_G1C9_M M_G1C9H1_M": [[-0.34161652309763424, 0.06530053649423728, 0.004583199167937322]], "M_G1C9_M M_G1C9H2_M": [[-0.3417820240097131, 0.06656729805147726, 0.004672108399420123]], "M_G1C10_M M_G1C10H1_M": [[-0.33350113708345364, 0.0699943344209469, 0.00491263919871042]], "M_G1C10_M M_G1C10H2_M": [[-0.3328511652353272, 0.0712913949505361, 0.0050036750011574985]], "M_G1C11_M M_G1C11H1_M": [[-0.3263582121026593, 0.0724355416913574, 0.0050839783596298]], "M_G1C11_M M_G1C11H2_M": [[-0.32704418838368027, 0.07285957977216033, 0.005113739998407168]], "M_G1C12_M M_G1C12H1_M": [[-0.3095034267227889, 0.07626204658162891, 0.005352546352646951]], "M_G1C12_M M_G1C12H2_M": [[-0.3101828181737823, 0.07633760689128377, 0.005357849646722794]], "M_G1C13_M M_G1C13H1_M": [[-0.2927867301701611, 0.0765385985848705, 0.00537195649809438]], "M_G1C13_M M_G1C13H2_M": [[-0.2933407315229058, 0.0763570362992872, 0.005359213323828305]], "M_G1C14_M M_G1C14H1_M": [[-0.2610554761165619, 0.07565915657271757, 0.0053102317694054485]], "M_G1C14_M M_G1C14H2_M": [[-0.26137118113212304, 0.07493739837545774, 0.005259574274892748]], "M_G1C15_M M_G1C15H1_M": [[-0.22319362118862934, 0.06777184689000713, 0.004756651154057019]], "M_G1C15_M M_G1C15H2_M": [[-0.22249585035640584, 0.06763124165518292, 0.004746782601211196]], "M_G1C16_M M_G1C16H1_M": [[-0.15790897310728516, 0.052179718950376854, 0.003662298310484406]], "M_G1C16_M M_G1C16H2_M": [[-0.1571398711340289, 0.05318402712599908, 0.0037327869257696824]], "M_G1C17_M M_G1C17H1_M": [[-0.04687106441035137, 0.017775787728195658, 0.0012476157149564377]], "M_G1C17_M M_G1C17H2_M": [[-0.04650620534244395, 0.01722552809424003, 0.0012089950598762533]], "M_G1C17_M M_G1C17H3_M": [[-0.04668866393961823, 0.018035034113201717, 0.0012658112441180608]], "M_G2_M M_G2H1_M": [[-0.04541847873499712, 0.0920139087002767, 0.006458110337745619]], "M_G2C3_M M_G2C3H1_M": [[-0.18376131764678635, 0.07256959397105031, 0.005093386985189912]], "M_G2C3_M M_G2C3H2_M": [[-0.19483017987759377, 0.06406199641423727, 0.004496270695847141]], "M_G2C4_M M_G2C4H1_M": [[-0.2751900142183099, 0.0521231654109407, 0.003658329030156815]], "M_G2C4_M M_G2C4H2_M": [[-0.24527288761870758, 0.05369009201573764, 0.0037683057178974737]], "M_G2C5_M M_G2C5H1_M": [[-0.2928384972348597, 0.05174097933618097, 0.0036315048263466277]], "M_G2C5_M M_G2C5H2_M": [[-0.2919837173874786, 0.05277882812942272, 0.003704347531491173]], "M_G2C6_M M_G2C6H1_M": [[-0.3196017507554045, 0.05612123648123633, 0.0039389386083698566]], "M_G2C6_M M_G2C6H2_M": [[-0.3172651083881739, 0.05706714510654244, 0.004005328378763707]], "M_G2C7_M M_G2C7H1_M": [[-0.32964652682044887, 0.05858839221757247, 0.004112098994562785]], "M_G2C7_M M_G2C7H2_M": [[-0.32981734386886985, 0.05870802166784032, 0.0041204953359462405]], "M_G2C8_M M_G2C8H1_M": [[-0.3419440117814754, 0.06065012963931881, 0.004256804593370338]], "M_G2C8_M M_G2C8H2_M": [[-0.3420997017182567, 0.060275275154326347, 0.004230494966283788]], "M_G2C9_M M_G2C9H1_M": [[-0.34305640314964203, 0.06409185688161761, 0.0044983664897961535]], "M_G2C9_M M_G2C9H2_M": [[-0.3426907567985116, 0.06375227820217493, 0.00447453273888649]], "M_G2C10_M M_G2C10H1_M": [[-0.34518154262018397, 0.0652822722786495, 0.00458191727130708]], "M_G2C10_M M_G2C10H2_M": [[-0.34511946044467867, 0.065739381041606, 0.004614000016940019]], "M_G2C11_M M_G2C11H1_M": [[-0.33868636977030164, 0.06922810126842702, 0.004858860174285637]], "M_G2C11_M M_G2C11H2_M": [[-0.33807196263915607, 0.06867043557416531, 0.004819719715674658]], "M_G2C12_M M_G2C12H1_M": [[-0.3314483785024425, 0.07114509544386682, 0.004993406788777721]], "M_G2C12_M M_G2C12H2_M": [[-0.3325036815172652, 0.07048402363906471, 0.00494700864400929]], "M_G2C13_M M_G2C13H1_M": [[-0.3169138789482895, 0.07423822022376314, 0.005210501588891625]], "M_G2C13_M M_G2C13H2_M": [[-0.3170203673677881, 0.07357761614026521, 0.005164136271723198]], "M_G2C14_M M_G2C14H1_M": [[-0.2978218942135127, 0.0755797204680638, 0.005304656447849163]], "M_G2C14_M M_G2C14H2_M": [[-0.29904793646935796, 0.07421116404178016, 0.0052086026171923195]], "M_G2C15_M M_G2C15H1_M": [[-0.2628295940929783, 0.07308298190538122, 0.005129419754287638]], "M_G2C15_M M_G2C15H2_M": [[-0.26222815679977807, 0.07312642620520675, 0.005132468946369384]], "M_G2C16_M M_G2C16H1_M": [[-0.20819380076430535, 0.0641620724875359, 0.004503294659209421]], "M_G2C16_M M_G2C16H2_M": [[-0.20808383582731735, 0.06289457194075522, 0.00441433356082889]], "M_G2C17_M M_G2C17H1_M": [[-0.05521112014838151, 0.023262981764132783, 0.0016327412359701439]], "M_G2C17_M M_G2C17H2_M": [[-0.05679941998741172, 0.022897242120387008, 0.0016070713453246778]], "M_G2C17_M M_G2C17H3_M": [[-0.05622388308249936, 0.02190410413380749, 0.0015373667236154842]], "M_G3_M M_G3H1_M": [[-0.03270805314531072, 0.08438263367093762, 0.005922499832189446]], "M_G3_M M_G3H2_M": [[-0.005595752815814472, 0.11132166829224306, 0.007813249398577736]], "M_G3C4_M M_G3C4H1_M": [[0.043380500574079314, 0.03581313934038087, 0.0025135896156158236]], "M_G3C4_M M_G3C4H2_M": [[0.03138849106748339, 0.03774275313075335, 0.0026490219534382855]], "M_G3C5_M M_G3C5H1_M": [[-0.05459915021165821, 0.03015177700941518, 0.002116239876736367]], "M_G3C5_M M_G3C5H2_M": [[-0.03096347488223482, 0.030185021009952566, 0.0021185731481577325]], "M_G3N6C1_M M_G3N6C1H1_M": [[0.014498467513199335, 0.014380776313310679, 0.0010093326268349227]], "M_G3N6C1_M M_G3N6C1H2_M": [[0.012679885014379784, 0.015320838807807385, 0.001075312079285005]], "M_G3N6C1_M M_G3N6C1H3_M": [[0.013273617424188882, 0.016801447094073593, 0.0011792304087501117]], "M_G3N6C2_M M_G3N6C2H1_M": [[0.013077410184439295, 0.01431471264976278, 0.0010046958666479625]], "M_G3N6C2_M M_G3N6C2H2_M": [[0.013888154630780804, 0.015900269361338037, 0.0011159801315460075]], "M_G3N6C2_M M_G3N6C2H3_M": [[0.012317827395812456, 0.014958697543795803, 0.001049894745385457]], "M_G3N6C3_M M_G3N6C3H1_M": [[0.013962100056001606, 0.015737590502373576, 0.0011045623140046048]], "M_G3N6C3_M M_G3N6C3H2_M": [[0.013633635637140928, 0.01688748049666077, 0.0011852687698466883]], "M_G3N6C3_M M_G3N6C3H3_M": [[0.012603623627516061, 0.01473409262588579, 0.001034130570569364]]}