{"M_G1_M M_G1H1_M": [[-0.2259298376581312, 0.020073122978011875, 0.006052274298975163]], "M_G1_M M_G1H2_M": [[-0.0029045396764629645, 0.040562409294631244, 0.012230026565737843]], "M_G1C3_M M_G1C3H1_M": [[-0.23062236145285742, 0.010863778687536695, 0.0032755525192744413]], "M_G1C3_M M_G1C3H2_M": [[-0.23725301949166155, 0.011609616725612767, 0.003500431148971999]], "M_G1C4_M M_G1C4H1_M": [[-0.17224105038440962, 0.010170644603368355, 0.003066564729584168]], "M_G1C4_M M_G1C4H2_M": [[-0.17016486206827938, 0.010261220245886517, 0.003093874313345814]], "M_G1C5_M M_G1C5H1_M": [[-0.2135306311640749, 0.010567160801686199, 0.0031861188616858446]], "M_G1C5_M M_G1C5H2_M": [[-0.21101321395342265, 0.009708844105592118, 0.0029273266405729745]], "M_G1C6_M M_G1C6H1_M": [[-0.21940539155341335, 0.010250524491657734, 0.0030906494221070203]], "M_G1C6_M M_G1C6H2_M": [[-0.2169948963757812, 0.009969646500421097, 0.003005961521306961]], "M_G1C7_M M_G1C7H1_M": [[-0.23022990032679666, 0.010395298563656057, 0.0031343004472152327]], "M_G1C7_M M_G1C7H2_M": [[-0.2331659318618028, 0.011415410997507945, 0.0034418759187664102]], "M_G1C8_M M_G1C8H1_M": [[-0.22423666107587106, 0.011056537514439238, 0.0033336714923530592]], "M_G1C8_M M_G1C8H2_M": [[-0.22387069097822074, 0.009787438317829503, 0.0029510236871806983]], "M_G1C9_M M_G1C9H1_M": [[-0.22540259469541404, 0.010031312389583916, 0.0030245544864630257]], "M_G1C9_M M_G1C9H2_M": [[-0.22301969369033126, 0.009513095844040621, 0.002868306319033823]], "M_G1C10_M M_G1C10H1_M": [[-0.2093305683316448, 0.008938289708071444, 0.002694995748106207]], "M_G1C10_M M_G1C10H2_M": [[-0.20691582356928775, 0.009312661827784584, 0.002807873189293344]], "M_G1C11_M M_G1C11H1_M": [[-0.20193266751089678, 0.008644138299072896, 0.0026063057612696113]], "M_G1C11_M M_G1C11H2_M": [[-0.1999914065101536, 0.007597478229005579, 0.0022907258762277583]], "M_G1C12_M M_G1C12H1_M": [[-0.1803589129094371, 0.008040717621487106, 0.0024243675814246946]], "M_G1C12_M M_G1C12H2_M": [[-0.17928248560985394, 0.006854652956619771, 0.0020667556295643702]], "M_G1C13_M M_G1C13H1_M": [[-0.16681730492222854, 0.007350925145966248, 0.002216387324650777]], "M_G1C13_M M_G1C13H2_M": [[-0.16571632201130496, 0.007682143136190275, 0.0023162533062315678]], "M_G1C14_M M_G1C14H1_M": [[-0.14123614446512128, 0.0076320380877313914, 0.0023011460657005956]], "M_G1C14_M M_G1C14H2_M": [[-0.14200130635378896, 0.007214609778447232, 0.0021752866949035065]], "M_G1C15_M M_G1C15H1_M": [[-0.1215426329253942, 0.006929377154714229, 0.002089285823004325]], "M_G1C15_M M_G1C15H2_M": [[-0.12173218226412504, 0.005944962871002229, 0.001792473748700764]], "M_G1C16_M M_G1C16H1_M": [[-0.08915027827221049, 0.005729556812644406, 0.0017275263784151005]], "M_G1C16_M M_G1C16H2_M": [[-0.08885067199827677, 0.005632368984989227, 0.0016982231458221955]], "M_G1C17_M M_G1C17H1_M": [[-0.027737687742667123, 0.0024374179283603793, 0.0007349091568778851]], "M_G1C17_M M_G1C17H2_M": [[-0.02843439701193534, 0.0016992178846889064, 0.0005123334691431355]], "M_G1C17_M M_G1C17H3_M": [[-0.027919790594909233, 0.002336106614289006, 0.0007043626463512853]], "M_G2_M M_G2H1_M": [[-0.1925136702730791, 0.04017361106116509, 0.012112799487596004]], "M_G2C3_M M_G2C3H1_M": [[-0.10578298605291205, 0.020302164845912067, 0.006121333020530352]], "M_G2C3_M M_G2C3H2_M": [[-0.11491393226793638, 0.020344020213557325, 0.006133952888706871]], "M_G2C4_M M_G2C4H1_M": [[-0.16338801856687526, 0.01790952691701177, 0.005399925541499868]], "M_G2C4_M M_G2C4H2_M": [[-0.1621434163904468, 0.01630598035704933, 0.0049164380621125455]], "M_G2C5_M M_G2C5H1_M": [[-0.18447264494614382, 0.019001665495748787, 0.005729217712840114]], "M_G2C5_M M_G2C5H2_M": [[-0.18296247755605474, 0.015794906881221187, 0.0047623436112375715]], "M_G2C6_M M_G2C6H1_M": [[-0.19744938632845122, 0.01935597573115038, 0.0058360462683137125]], "M_G2C6_M M_G2C6H2_M": [[-0.19859860905865867, 0.017011858286329874, 0.00512926826567769]], "M_G2C7_M M_G2C7H1_M": [[-0.18038982838474685, 0.017577513073005226, 0.005299819600975024]], "M_G2C7_M M_G2C7H2_M": [[-0.18184366595954282, 0.017127676509149377, 0.005164188773766606]], "M_G2C8_M M_G2C8H1_M": [[-0.17423744928180465, 0.01682545354939121, 0.005073065122807649]], "M_G2C8_M M_G2C8H2_M": [[-0.17557535851007777, 0.01679296650859533, 0.00506326991145593]], "M_G2C9_M M_G2C9H1_M": [[-0.12579364630673553, 0.012107026741307737, 0.0036504059116106357]], "M_G2C9_M M_G2C9H2_M": [[-0.12630943865325758, 0.012740518580470024, 0.0038414108878154973]], "M_G2C10_M M_G2C10H1_M": [[-0.09780520224762075, 0.013571992653854698, 0.00409210975366326]], "M_G2C11_M M_G2C11H1_M": [[-0.013185146403706416, 0.012955271817150355, 0.0039061614249594106]], "M_G2C12_M M_G2C12H1_M": [[-0.06662139363219592, 0.009806003915281195, 0.0029566214254312475]], "M_G2C12_M M_G2C12H2_M": [[-0.0658992522475505, 0.009187682912004445, 0.002770190628352603]], "M_G2C13_M M_G2C13H1_M": [[-0.11971865245444151, 0.010858770388014144, 0.0032740424601513485]], "M_G2C13_M M_G2C13H2_M": [[-0.11744245304999822, 0.010611001641013347, 0.0031993373720987906]], "M_G2C14_M M_G2C14H1_M": [[-0.12667219841305177, 0.010424711839684424, 0.0031431688836189827]], "M_G2C14_M M_G2C14H2_M": [[-0.12507401593100115, 0.009521469985922147, 0.0028708312178122065]], "M_G2C15_M M_G2C15H1_M": [[-0.1345475266482998, 0.010504960034552714, 0.003167364624753659]], "M_G2C15_M M_G2C15H2_M": [[-0.13489587849735216, 0.010100875948862671, 0.003045528688754778]], "M_G2C16_M M_G2C16H1_M": [[-0.1233393458922361, 0.008902046303124059, 0.002684067950348445]], "M_G2C16_M M_G2C16H2_M": [[-0.12328576136509228, 0.009454230412683921, 0.0028505577236763143]], "M_G2C17_M M_G2C17H1_M": [[-0.11122694950215199, 0.007619399764149028, 0.0022973354677640685]], "M_G2C17_M M_G2C17H2_M": [[-0.11185667494757362, 0.007767954046533412, 0.002342126269188569]], "M_G2C18_M M_G2C18H1_M": [[-0.08508581855062254, 0.005356188644708047, 0.0016149516400780727]], "M_G2C18_M M_G2C18H2_M": [[-0.08486545470337066, 0.006651385776587687, 0.0020054682688043658]], "M_G2C19_M M_G2C19H1_M": [[-0.02521462120913789, 0.0024823067071411053, 0.0007484436329245155]], "M_G2C19_M M_G2C19H2_M": [[-0.027212208613137376, 0.002441682631203567, 0.0007361950131663592]], "M_G2C19_M M_G2C19H3_M": [[-0.026422811031097736, 0.0014486175011459081, 0.00043677461054938277]], "M_G3_M M_G3H1_M": [[-0.1442855063309965, 0.04177902056833656, 0.012596848666701198]], "M_G3_M M_G3H2_M": [[-0.1886469571341806, 0.02765895413403217, 0.008339488450566734]], "M_G3C4_M M_G3C4H1_M": [[0.07940038703070477, 0.019309310082605214, 0.005821976045875266]], "M_G3C4_M M_G3C4H2_M": [[0.04068814348895127, 0.03831334697479399, 0.011551908761644527]], "M_G3C5_M M_G3C5H1_M": [[-0.00588900076932607, 0.02943376557896427, 0.008874614235700214]]}