{"M_G1_M M_G1H1_M": [[-0.008217700235668795, 0.17325268642064362, 0.021827786773470487]], "M_G1_M M_G1H2_M": [[-0.11238401226620051, 0.1827208125891937, 0.02302065854603079]], "M_G1C3_M M_G1C3H1_M": [[-0.22010421187135804, 0.07707220592222888, 0.009710185231684626]], "M_G1C3_M M_G1C3H2_M": [[-0.20467202632441028, 0.0793296729920103, 0.0099945993488065]], "M_G1C4_M M_G1C4H1_M": [[-0.19955433297747818, 0.04835026076463829, 0.006091560276588409]], "M_G1C4_M M_G1C4H2_M": [[-0.20160688657269893, 0.04646229388170018, 0.0058536988072655505]], "M_G1C5_M M_G1C5H1_M": [[-0.23544534481134605, 0.034762436320599555, 0.004379655308144077]], "M_G1C5_M M_G1C5H2_M": [[-0.23411183202888067, 0.02904929217500252, 0.0036598668027386315]], "M_G1C6_M M_G1C6H1_M": [[-0.2607839051207601, 0.02643377037919805, 0.0033303420303401705]], "M_G1C6_M M_G1C6H2_M": [[-0.25963739550918963, 0.03194240739441333, 0.004024365059158492]], "M_G1C7_M M_G1C7H1_M": [[-0.2780604948176134, 0.026188908959066955, 0.003299492391133457]], "M_G1C7_M M_G1C7H2_M": [[-0.2762472120710703, 0.031161670602740957, 0.0039260014691507045]], "M_G1C8_M M_G1C8H1_M": [[-0.2774564710456132, 0.030128686336529407, 0.0037958576845488804]], "M_G1C8_M M_G1C8H2_M": [[-0.2804568379866178, 0.02836428674269864, 0.0035735642303289005]], "M_G1C9_M M_G1C9H1_M": [[-0.27823369655784347, 0.02969518406111842, 0.003741241531524209]], "M_G1C9_M M_G1C9H2_M": [[-0.27993838781677494, 0.028549584461904108, 0.0035969095485920027]], "M_G1C10_M M_G1C10H1_M": [[-0.2738514901767891, 0.028403151251803666, 0.0035784606982297816]], "M_G1C10_M M_G1C10H2_M": [[-0.27334522400251765, 0.028444012028669297, 0.003583608672228037]], "M_G1C11_M M_G1C11H1_M": [[-0.26536056828657606, 0.027629490468869596, 0.0034809886015265876]], "M_G1C11_M M_G1C11H2_M": [[-0.26501551698364145, 0.028110076341498768, 0.0035415367302212425]], "M_G1C12_M M_G1C12H1_M": [[-0.2524961048567208, 0.028756090210983982, 0.003622926827466786]], "M_G1C12_M M_G1C12H2_M": [[-0.25120059405817696, 0.02739570821418087, 0.0034515348059624765]], "M_G1C13_M M_G1C13H1_M": [[-0.23399587917578435, 0.028002233803943115, 0.003527949847596176]], "M_G1C13_M M_G1C13H2_M": [[-0.23459047405359276, 0.02808483800950993, 0.0035383569992713114]], "M_G1C14_M M_G1C14H1_M": [[-0.20959441030724218, 0.027284892752517668, 0.0034375733701062076]], "M_G1C14_M M_G1C14H2_M": [[-0.21061181437362594, 0.027109514042403436, 0.0034154777295244197]], "M_G1C15_M M_G1C15H1_M": [[-0.1789271083812587, 0.02552843165424554, 0.00321628007231633]], "M_G1C15_M M_G1C15H2_M": [[-0.17885131097291446, 0.025755171729869294, 0.0032448466367140647]], "M_G1C16_M M_G1C16H1_M": [[-0.13123946048866852, 0.020779974492246715, 0.0026180307027024044]], "M_G1C16_M M_G1C16H2_M": [[-0.13123269971995508, 0.022392848343071856, 0.002821233707721567]], "M_G1C17_M M_G1C17H1_M": [[-0.03305027433785192, 0.012504353940708814, 0.0015754005158402867]], "M_G1C17_M M_G1C17H2_M": [[-0.03099680451984701, 0.008769831447211614, 0.001104894907108362]], "M_G1C17_M M_G1C17H3_M": [[-0.03382199439727088, 0.0111353433556483, 0.0014029213943981364]], "M_G2_M M_G2H1_M": [[-0.10698702065769114, 0.18971760571492768, 0.02390217162153833]], "M_G2C3_M M_G2C3H1_M": [[-0.2113894822593171, 0.06301051647873462, 0.00793857888497472]], "M_G2C3_M M_G2C3H2_M": [[-0.1712236621488828, 0.10979801769357171, 0.013833249965002879]], "M_G2C4_M M_G2C4H1_M": [[-0.22997124117451634, 0.05085697743031733, 0.006407376891097351]], "M_G2C4_M M_G2C4H2_M": [[-0.2192764638228718, 0.06014593538495981, 0.007577675590474456]], "M_G2C5_M M_G2C5H1_M": [[-0.227378455428467, 0.0473970450214591, 0.005971466381243468]], "M_G2C5_M M_G2C5H2_M": [[-0.21854247154558742, 0.044932564261309114, 0.005660970990659645]], "M_G2C6_M M_G2C6H1_M": [[-0.2507982010524415, 0.0426696467274876, 0.005375870179614916]], "M_G2C6_M M_G2C6H2_M": [[-0.24196079710779514, 0.041083321107328624, 0.005176011937266775]], "M_G2C7_M M_G2C7H1_M": [[-0.23729417127901142, 0.04076233452877509, 0.005135571429598101]], "M_G2C7_M M_G2C7H2_M": [[-0.23287341302757444, 0.03780405758021008, 0.004762863566971529]], "M_G2C8_M M_G2C8H1_M": [[-0.22529235546204648, 0.03686456097195997, 0.0046444981201611245]], "M_G2C8_M M_G2C8H2_M": [[-0.2213550001022178, 0.0359020908816009, 0.0045232382866645555]], "M_G2C9_M M_G2C9H1_M": [[-0.14415067123445058, 0.029980924497264066, 0.0037772414426459474]], "M_G2C9_M M_G2C9H2_M": [[-0.1432496420385167, 0.030532471742616484, 0.00384672986395572]], "M_G2C10_M M_G2C10H1_M": [[-0.1087755231640719, 0.031451205507310946, 0.003962479438358562]], "M_G2C11_M M_G2C11H1_M": [[-0.08266918915673191, 0.03088371361523494, 0.0038909821803833895]], "M_G2C12_M M_G2C12H1_M": [[-0.11138902627554412, 0.028661130798874817, 0.0036109630660817503]], "M_G2C12_M M_G2C12H2_M": [[-0.11007601531227675, 0.030392991431895052, 0.0038291569965767237]], "M_G2C13_M M_G2C13H1_M": [[-0.18022819766242998, 0.03271079981248578, 0.004121173404278838]], "M_G2C13_M M_G2C13H2_M": [[-0.18194364489605763, 0.03105643430838658, 0.003912742942305006]], "M_G2C14_M M_G2C14H1_M": [[-0.18991761315257993, 0.03211573902693813, 0.0040462027922061805]], "M_G2C14_M M_G2C14H2_M": [[-0.1890044478451072, 0.03096332574435983, 0.0039010123658600004]], "M_G2C15_M M_G2C15H1_M": [[-0.19692506466107876, 0.030621526748922795, 0.0038579497401315197]], "M_G2C15_M M_G2C15H2_M": [[-0.19635414703018633, 0.03140036082507352, 0.0039560736105161655]], "M_G2C16_M M_G2C16H1_M": [[-0.17918622330115963, 0.02778557587496872, 0.0035006535142801496]], "M_G2C16_M M_G2C16H2_M": [[-0.1793587629526322, 0.028964938595247038, 0.003649239250632391]], "M_G2C17_M M_G2C17H1_M": [[-0.16282862471852882, 0.02642947623856949, 0.0033298010194736036]], "M_G2C17_M M_G2C17H2_M": [[-0.16033005524742885, 0.024888677558248754, 0.0031356786324000232]], "M_G2C18_M M_G2C18H1_M": [[-0.11677840397866643, 0.019767648970672486, 0.0024904896752772064]], "M_G2C18_M M_G2C18H2_M": [[-0.1171687744598224, 0.020760449142512953, 0.0026155707398615906]], "M_G2C19_M M_G2C19H1_M": [[-0.03554552416009353, 0.007860026964036796, 0.0009902703164334946]], "M_G2C19_M M_G2C19H2_M": [[-0.03470325467440771, 0.010754072190752003, 0.0013548857427602553]], "M_G2C19_M M_G2C19H3_M": [[-0.03609682047574764, 0.010935655721533462, 0.0013777631172665786]], "M_G3_M M_G3H1_M": [[-0.16533225236474244, 0.15479480669883047, 0.01950231251282955]], "M_G3_M M_G3H2_M": [[-0.08152465529701768, 0.17524689577398647, 0.02207903353590592]], "M_G3C4_M M_G3C4H1_M": [[0.12885172509907042, 0.176637369833858, 0.022254216800996703]], "M_G3C4_M M_G3C4H2_M": [[0.020624098428626295, 0.14897752596064195, 0.0187694040299775]], "M_G3C5_M M_G3C5H1_M": [[0.03807167426179371, 0.14162292180806477, 0.017842811002404063]], "M_G3C5_M M_G3C5H2_M": [[0.11158175662478327, 0.1630351271451084, 0.020540495304464418]]}