{"POPC": 1.5489587873717738, "POPS": 1.1999851766258747}