{"M_G1_M M_G1H1_M": [[-0.1793368591308419, 0.0698354537864971, 0.00668902332770539]], "M_G1_M M_G1H2_M": [[-0.0396282914720768, 0.059883736762736305, 0.005735821712861301]], "M_G1C3_M M_G1C3H1_M": [[-0.24954975713906002, 0.037594619707600835, 0.0036009114938833193]], "M_G1C3_M M_G1C3H2_M": [[-0.22220385151439778, 0.040108932966408585, 0.003841739026739931]], "M_G1C4_M M_G1C4H1_M": [[-0.19695360213795296, 0.031612579712523244, 0.003027935979230367]], "M_G1C4_M M_G1C4H2_M": [[-0.18431434334511498, 0.031133202874574287, 0.002982020005638996]], "M_G1C5_M M_G1C5H1_M": [[-0.22823430951217896, 0.026621765152669487, 0.002549902642221131]], "M_G1C5_M M_G1C5H2_M": [[-0.22434425568607344, 0.026432372744826807, 0.002531762139575827]], "M_G1C6_M M_G1C6H1_M": [[-0.23128862433191666, 0.02597918485610404, 0.0024883546123795723]], "M_G1C6_M M_G1C6H2_M": [[-0.22894032193047867, 0.02587919057409626, 0.0024787768972116854]], "M_G1C7_M M_G1C7H1_M": [[-0.2442858734473617, 0.02499452806420794, 0.0023940415966596106]], "M_G1C7_M M_G1C7H2_M": [[-0.24359582626535095, 0.02642937859354614, 0.0025314753518959716]], "M_G1C8_M M_G1C8H1_M": [[-0.23804216130785566, 0.025299916739269224, 0.0024232925266778668]], "M_G1C8_M M_G1C8H2_M": [[-0.23741980933364273, 0.02563915210747156, 0.0024557853819319538]], "M_G1C9_M M_G1C9H1_M": [[-0.23921393095692564, 0.025937769589492763, 0.0024843877492826]], "M_G1C9_M M_G1C9H2_M": [[-0.23871693562288815, 0.025239688483206367, 0.0024175237060008632]], "M_G1C10_M M_G1C10H1_M": [[-0.2244833037060002, 0.025692428900594116, 0.0024608883732164613]], "M_G1C10_M M_G1C10H2_M": [[-0.22362336249206466, 0.024560128260167707, 0.0023524336415991455]], "M_G1C11_M M_G1C11H1_M": [[-0.2168194838550662, 0.025737788130644448, 0.0024652329994984215]], "M_G1C11_M M_G1C11H2_M": [[-0.21693793757559432, 0.02482673685085078, 0.002377970113201347]], "M_G1C12_M M_G1C12H1_M": [[-0.19739695004163654, 0.024036865210548885, 0.0023023141312981566]], "M_G1C12_M M_G1C12H2_M": [[-0.19787596794544635, 0.024085579819807867, 0.0023069801446204095]], "M_G1C13_M M_G1C13H1_M": [[-0.18531003467926072, 0.02316590812163015, 0.0022188915719915507]], "M_G1C13_M M_G1C13H2_M": [[-0.18485354839028476, 0.023672980002414912, 0.002267460249582768]], "M_G1C14_M M_G1C14H1_M": [[-0.1618580910218854, 0.02041278809634088, 0.0019551904993324724]], "M_G1C14_M M_G1C14H2_M": [[-0.16160402668820398, 0.021318477255694215, 0.0020419397876393196]], "M_G1C15_M M_G1C15H1_M": [[-0.14248242780696257, 0.017999036665382773, 0.0017239950426762882]], "M_G1C15_M M_G1C15H2_M": [[-0.14096564938571873, 0.01795778788345924, 0.0017200441259203165]], "M_G1C16_M M_G1C16H1_M": [[-0.10671552535493334, 0.014046371700711114, 0.0013453984026927633]], "M_G1C16_M M_G1C16H2_M": [[-0.10605414880617246, 0.014083092140874266, 0.0013489155829720788]], "M_G1C17_M M_G1C17H1_M": [[-0.03637619761114942, 0.0066937490902556195, 0.0006411448825322002]], "M_G1C17_M M_G1C17H2_M": [[-0.036016170962343164, 0.0069193828884556025, 0.000662756680807223]], "M_G1C17_M M_G1C17H3_M": [[-0.03562462553505221, 0.0064217806965367625, 0.0006150950349068705]], "M_G2_M M_G2H1_M": [[-0.1961014229841199, 0.06858322084666733, 0.0065690811652065195]], "M_G2C3_M M_G2C3H1_M": [[-0.08270552868607565, 0.039171079697061656, 0.0037519089754338227]], "M_G2C3_M M_G2C3H2_M": [[-0.12002140931803881, 0.03413712206094532, 0.0032697432811776266]], "M_G2C4_M M_G2C4H1_M": [[-0.21973304764486662, 0.029568365266776708, 0.0028321357463538853]], "M_G2C4_M M_G2C4H2_M": [[-0.2235707317903333, 0.032358501401385756, 0.003099382319261274]], "M_G2C5_M M_G2C5H1_M": [[-0.22180521248900026, 0.026567896107366377, 0.0025447429234660224]], "M_G2C5_M M_G2C5H2_M": [[-0.22349053447128275, 0.027309428239136336, 0.0026157688201805564]], "M_G2C6_M M_G2C6H1_M": [[-0.2355484574164232, 0.028160406450895823, 0.0026972777501179292]], "M_G2C6_M M_G2C6H2_M": [[-0.23253841829235514, 0.027290467486569304, 0.002613952709460929]], "M_G2C7_M M_G2C7H1_M": [[-0.21311131431415503, 0.026355838651012892, 0.002524431502898772]], "M_G2C7_M M_G2C7H2_M": [[-0.2105257332932786, 0.02625362502889843, 0.0025146412135018826]], "M_G2C8_M M_G2C8H1_M": [[-0.20462530714994331, 0.024985996306089858, 0.0023932244024411457]], "M_G2C8_M M_G2C8H2_M": [[-0.2003033748496431, 0.02481912756748789, 0.0023772412760396794]], "M_G2C9_M M_G2C9H1_M": [[-0.1184123251433307, 0.02542258612941725, 0.0024350421233054493]], "M_G2C9_M M_G2C9H2_M": [[-0.1171983513615539, 0.023027601992507734, 0.0022056442474034867]], "M_G2C10_M M_G2C10H1_M": [[-0.0668080763814282, 0.028257185533753157, 0.0027065475050599645]], "M_G2C11_M M_G2C11H1_M": [[-0.05917867048279756, 0.02697201396579586, 0.002583450394179126]], "M_G2C12_M M_G2C12H1_M": [[-0.09679755654643639, 0.028747642308366884, 0.0027535247441089457]], "M_G2C12_M M_G2C12H2_M": [[-0.09974821249926238, 0.027132321851207702, 0.0025988051048166944]], "M_G2C13_M M_G2C13H1_M": [[-0.14975228454558676, 0.027662517897822043, 0.00264958867579345]], "M_G2C13_M M_G2C13H2_M": [[-0.14902130053234816, 0.027160995368118647, 0.002601551529635398]], "M_G2C14_M M_G2C14H1_M": [[-0.1575311185360879, 0.025443476379384385, 0.0024370430463577855]], "M_G2C14_M M_G2C14H2_M": [[-0.15726119360839694, 0.025716521705167087, 0.00246319604536693]], "M_G2C15_M M_G2C15H1_M": [[-0.1626703290683314, 0.02367047762305536, 0.0022672205651101504]], "M_G2C15_M M_G2C15H2_M": [[-0.162250412807936, 0.024169955545709824, 0.0023150618734307606]], "M_G2C16_M M_G2C16H1_M": [[-0.14781911721040747, 0.021286173819223733, 0.0020388456795838797]], "M_G2C16_M M_G2C16H2_M": [[-0.147644335784932, 0.021590613315771473, 0.0020680056947891714]], "M_G2C17_M M_G2C17H1_M": [[-0.13277577588835174, 0.018003384820959003, 0.0017244115204466024]], "M_G2C17_M M_G2C17H2_M": [[-0.1334900106842169, 0.01881353642069975, 0.0018020099701711678]], "M_G2C18_M M_G2C18H1_M": [[-0.10229767807753634, 0.014066426587854513, 0.0013473193124980724]], "M_G2C18_M M_G2C18H2_M": [[-0.10275778642565044, 0.013936359076526806, 0.0013348611043777746]], "M_G2C19_M M_G2C19H1_M": [[-0.03416986934521548, 0.0062358437913317, 0.0005972855093870623]], "M_G2C19_M M_G2C19H2_M": [[-0.03372117625310297, 0.006101162903238704, 0.0005843854199138222]], "M_G2C19_M M_G2C19H3_M": [[-0.034466147809817264, 0.00656271751129024, 0.000628594333479493]], "M_G3_M M_G3H1_M": [[-0.21885064464501838, 0.06440087857638423, 0.006168485429179653]], "M_G3_M M_G3H2_M": [[-0.24119598871899314, 0.03590247285276249, 0.003438833220281473]], "M_G3C4_M M_G3C4H1_M": [[0.016346817465732737, 0.041096474005734844, 0.003936328303260061]], "M_G3C4_M M_G3C4H2_M": [[0.0211019143420728, 0.04181594077618864, 0.004005240721668443]], "M_G3C5_M M_G3C5H1_M": [[-0.10277946306134969, 0.03175572497737354, 0.003041646808958223]], "M_G3C5_M M_G3C5H2_M": [[-0.10626787672763953, 0.0360436523643268, 0.003452355764992571]], "M_G3N6C1_M M_G3N6C1H1_M": [[0.014547007298718186, 0.019001437202865283, 0.001820007600988344]], "M_G3N6C1_M M_G3N6C1H2_M": [[0.01413505590430835, 0.017716031617153523, 0.0016968880752718624]], "M_G3N6C1_M M_G3N6C1H3_M": [[0.012187915684166129, 0.016885441690335228, 0.001617331988857215]], "M_G3N6C2_M M_G3N6C2H1_M": [[0.014592219558443056, 0.015892192783819165, 0.00152219599781439]], "M_G3N6C2_M M_G3N6C2H2_M": [[0.014171879422392977, 0.016259784990456393, 0.001557404945590348]], "M_G3N6C2_M M_G3N6C2H3_M": [[0.015121687077869352, 0.017140101651177703, 0.0016417239892860462]], "M_G3N6C3_M M_G3N6C3H1_M": [[0.014777113604012942, 0.017353717452482764, 0.001662184672228903]], "M_G3N6C3_M M_G3N6C3H2_M": [[0.014956775035627042, 0.015985219897250852, 0.0015311063792627017]], "M_G3N6C3_M M_G3N6C3H3_M": [[0.014435129560973831, 0.015937354089023584, 0.0015265216663343587]]}