{"M_G1_M M_G1H1_M": [[-0.16692820734298341, 0.014298656954715902, 0.0004470513699553218]], "M_G1_M M_G1H2_M": [[-0.03626780495278407, 0.016323282664844195, 0.0005103518393788575]], "M_G1C3_M M_G1C3H1_M": [[-0.21947574860368674, 0.013688731547372534, 0.00042798188743070745]], "M_G1C3_M M_G1C3H2_M": [[-0.23830082487398008, 0.012948391713052914, 0.0004048349626381714]], "M_G1C4_M M_G1C4H1_M": [[-0.2034385713975269, 0.015053590540892453, 0.000470654572339599]], "M_G1C4_M M_G1C4H2_M": [[-0.19561820330057086, 0.015447127334726208, 0.0004829586064435279]], "M_G1C5_M M_G1C5H1_M": [[-0.22521003573893675, 0.014945695935497303, 0.0004672812183731775]], "M_G1C5_M M_G1C5H2_M": [[-0.22431262922849698, 0.014894749789491058, 0.0004656883733641556]], "M_G1C6_M M_G1C6H1_M": [[-0.23191267524590647, 0.01540848320330527, 0.00048175038724174017]], "M_G1C6_M M_G1C6H2_M": [[-0.2304761908157087, 0.01538327851383851, 0.00048096235582095016]], "M_G1C7_M M_G1C7H1_M": [[-0.22640574586357132, 0.015131535685043537, 0.0004730915483146478]], "M_G1C7_M M_G1C7H2_M": [[-0.2271183378855799, 0.015501860942289687, 0.000484669867460653]], "M_G1C8_M M_G1C8H1_M": [[-0.20750089389910814, 0.014617691756137988, 0.00045702607915289634]], "M_G1C8_M M_G1C8H2_M": [[-0.20789879051467647, 0.01482385723118671, 0.00046347189838962004]], "M_G1C9_M M_G1C9H1_M": [[-0.15380524358063696, 0.015392852365072587, 0.00048126168486447484]], "M_G1C9_M M_G1C9H2_M": [[-0.15381848625110123, 0.014273631141935628, 0.0004462689311624269]], "M_G1C10_M M_G1C10H1_M": [[-0.11350113338657991, 0.013988026913964, 0.0004373394378691678]], "M_G1C11_M M_G1C11H1_M": [[-0.09003972717610635, 0.012246296921171664, 0.00038288377942263937]], "M_G1C12_M M_G1C12H1_M": [[-0.09151876518248381, 0.013634217795746223, 0.0004262775002688133]], "M_G1C12_M M_G1C12H2_M": [[-0.09067227827585125, 0.013861154747608018, 0.00043337274533585717]], "M_G1C13_M M_G1C13H1_M": [[-0.13829616368683434, 0.013408741210871676, 0.00041922791396988696]], "M_G1C13_M M_G1C13H2_M": [[-0.13813382174142544, 0.013828426130572585, 0.00043234947628836753]], "M_G1C14_M M_G1C14H1_M": [[-0.13624721000336362, 0.013623327139563879, 0.0004259370009630779]], "M_G1C14_M M_G1C14H2_M": [[-0.1367442193225887, 0.013531674438095994, 0.00042307145450783476]], "M_G1C15_M M_G1C15H1_M": [[-0.13920632293118598, 0.013703186157146847, 0.0004284338147076707]], "M_G1C15_M M_G1C15H2_M": [[-0.1393447457426612, 0.01341331282599322, 0.0004193708467508794]], "M_G1C16_M M_G1C16H1_M": [[-0.11616496370326675, 0.013727587827739954, 0.0004291967395265817]], "M_G1C16_M M_G1C16H2_M": [[-0.11560801974894877, 0.013529880374595989, 0.00042301536262815656]], "M_G1C17_M M_G1C17H1_M": [[-0.10435721922337958, 0.01388104297565349, 0.00043399455615500404]], "M_G1C17_M M_G1C17H2_M": [[-0.10399707781348122, 0.013540155748882225, 0.0004233366249793]], "M_G1C18_M M_G1C18H1_M": [[-0.07400085406921357, 0.013563495920423507, 0.00042406636174377845]], "M_G1C18_M M_G1C18H2_M": [[-0.0745173075451264, 0.013531793127282228, 0.0004230751653572854]], "M_G1C19_M M_G1C19H1_M": [[-0.027562017028859694, 0.013564403120367335, 0.0004240947255949427]], "M_G1C19_M M_G1C19H2_M": [[-0.02740758864977183, 0.013254248835526849, 0.0004143976681458008]], "M_G1C19_M M_G1C19H3_M": [[-0.026343521923978104, 0.013547661200968649, 0.00042357128496505923]], "M_G2_M M_G2H1_M": [[-0.17867782193119303, 0.013700648165675375, 0.00042835446371912336]], "M_G2C3_M M_G2C3H1_M": [[-0.08031654226359422, 0.014141029856615986, 0.00044212311617800406]], "M_G2C3_M M_G2C3H2_M": [[-0.11393918974622672, 0.014170715493735019, 0.0004430512456368819]], "M_G2C4_M M_G2C4H1_M": [[-0.2149457624239501, 0.013754309631157634, 0.0004300322039246286]], "M_G2C4_M M_G2C4H2_M": [[-0.21743898201447232, 0.013131686409524617, 0.0004105657208081682]], "M_G2C5_M M_G2C5H1_M": [[-0.22076403890857899, 0.014021811998854158, 0.00043839573766935426]], "M_G2C5_M M_G2C5H2_M": [[-0.22282684415700676, 0.013507930641531482, 0.0004223290982980367]], "M_G2C6_M M_G2C6H1_M": [[-0.2391770010993611, 0.01480255155721233, 0.0004628057707408323]], "M_G2C6_M M_G2C6H2_M": [[-0.23852547115697398, 0.014450951064833765, 0.0004518128864236124]], "M_G2C7_M M_G2C7H1_M": [[-0.22153015556262295, 0.01529350623265446, 0.00047815560121354576]], "M_G2C7_M M_G2C7H2_M": [[-0.2211512488650385, 0.015151620029566385, 0.00047371949076840616]], "M_G2C8_M M_G2C8H1_M": [[-0.21309163775157047, 0.014766161587623994, 0.000461668028517306]], "M_G2C8_M M_G2C8H2_M": [[-0.21281969816518762, 0.01471330110893196, 0.0004600153313800428]], "M_G2C9_M M_G2C9H1_M": [[-0.13225847732067886, 0.01481750953712577, 0.0004632734360210922]], "M_G2C9_M M_G2C9H2_M": [[-0.13276961390201114, 0.014648103456008798, 0.0004579769091597266]], "M_G2C10_M M_G2C10H1_M": [[-0.08897854369564112, 0.014529979480295748, 0.0004542837311686516]], "M_G2C11_M M_G2C11H1_M": [[-0.06940734632078807, 0.013521233032113084, 0.00042274500113087055]], "M_G2C12_M M_G2C12H1_M": [[-0.10236854649976829, 0.0137315935070418, 0.00042932197817138333]], "M_G2C12_M M_G2C12H2_M": [[-0.10233658564247172, 0.013415584827417793, 0.0004194418814888001]], "M_G2C13_M M_G2C13H1_M": [[-0.15326722571543722, 0.013630651797108397, 0.00042616600835867466]], "M_G2C13_M M_G2C13H2_M": [[-0.1528255004195714, 0.014063276394734847, 0.00043969213320087437]], "M_G2C14_M M_G2C14H1_M": [[-0.15533395881746545, 0.013946305333750991, 0.00043603500140006467]], "M_G2C14_M M_G2C14H2_M": [[-0.15552590794754648, 0.014458347552629137, 0.00045204413961139436]], "M_G2C15_M M_G2C15H1_M": [[-0.15777279150762183, 0.014186037144988232, 0.00044353028119976164]], "M_G2C15_M M_G2C15H2_M": [[-0.15812159559254846, 0.01403254514735058, 0.00043873131245476636]], "M_G2C16_M M_G2C16H1_M": [[-0.13602432557781136, 0.01383235255986352, 0.00043247223716018254]], "M_G2C16_M M_G2C16H2_M": [[-0.1368786116239955, 0.013918915950762566, 0.0004351786649465093]], "M_G2C17_M M_G2C17H1_M": [[-0.12119827058226831, 0.013649168249995127, 0.00042674493025713977]], "M_G2C17_M M_G2C17H2_M": [[-0.12156014389636946, 0.013699530455012729, 0.00042831951819350284]], "M_G2C18_M M_G2C18H1_M": [[-0.08896626123276082, 0.013674777418161053, 0.00042754560781365795]], "M_G2C18_M M_G2C18H2_M": [[-0.08923999041002526, 0.013552185893736041, 0.0004237127507059813]], "M_G2C19_M M_G2C19H1_M": [[-0.03043248305646111, 0.013375252154624586, 0.000418180869585146]], "M_G2C19_M M_G2C19H2_M": [[-0.029827519651023343, 0.013902099213770716, 0.00043465288512437673]], "M_G2C19_M M_G2C19H3_M": [[-0.03040106973825262, 0.013475307521391535, 0.00042130912763946587]], "M_G3_M M_G3H1_M": [[-0.2002080452426009, 0.01383177153572246, 0.0004324540712835509]], "M_G3_M M_G3H2_M": [[-0.22267141496775894, 0.011448087996008004, 0.0003579275618817124]], "M_G3C4_M M_G3C4H1_M": [[0.03676326376556519, 0.014406009170821108, 0.0004504077659741622]], "M_G3C4_M M_G3C4H2_M": [[0.03765798365924724, 0.014969503199635296, 0.0004680255589137951]], "M_G3C5_M M_G3C5H1_M": [[-0.053975544907262626, 0.013628338669701688, 0.00042609368780581957]], "M_G3C5_M M_G3C5H2_M": [[-0.05548107750550682, 0.013947494792853118, 0.00043607219016001574]], "M_G3N6C1_M M_G3N6C1H1_M": [[0.008937953580440689, 0.014548311971020711, 0.0004548569014404641]], "M_G3N6C1_M M_G3N6C1H2_M": [[0.008179993212074367, 0.013498496624820746, 0.00042203414121863597]], "M_G3N6C1_M M_G3N6C1H3_M": [[0.009099375954561251, 0.014038233531459604, 0.000438909161319651]], "M_G3N6C2_M M_G3N6C2H1_M": [[0.009333852672080166, 0.014442406954771784, 0.00045154575251583667]], "M_G3N6C2_M M_G3N6C2H2_M": [[0.008857417095448737, 0.013659943220022, 0.0004270818126039921]], "M_G3N6C2_M M_G3N6C2H3_M": [[0.008434459962082228, 0.014392537058292859, 0.00044998655673884587]], "M_G3N6C3_M M_G3N6C3H1_M": [[0.008241658178389673, 0.014530203278105279, 0.00045429072826758615]], "M_G3N6C3_M M_G3N6C3H2_M": [[0.009975675597427966, 0.014127429790739556, 0.00044169790644671284]], "M_G3N6C3_M M_G3N6C3H3_M": [[0.008364820798154943, 0.013667716678022282, 0.00042732485186700275]]}