{"-24.753204345703125": [0.00013982216586468793, 9.042567837097627e-06, 0.0], "-23.397999661605034": [0.0009053070274199284, 0.0, 0.0], "-22.042794977506944": [0.004390752513461544, 0.0, 0.0], "-20.687590293408853": [0.01626295363760095, 0.0, 0.0], "-19.332385609310762": [0.045170302194288824, 1.5070946395162713e-06, 0.0], "-17.97718092521267": [0.09550884420733624, 2.999099556829203e-07, 0.0], "-16.621976241114577": [0.1587530521215187, 2.7142793233496222e-06, 0.0], "-15.266771557016487": [0.21658329476356353, 1.4586774755440031e-06, 0.0], "-13.911566872918396": [0.2555208511365404, 3.111023606977079e-06, 0.0], "-12.556362188820305": [0.27592298452987685, 5.979961394092817e-06, 0.0], "-11.201157504722214": [0.28661643469827464, 2.7021462211499036e-05, 0.0], "-9.845952820624122": [0.2922141666763342, 0.00019649390213293317, 0.0], "-8.49074813652603": [0.2948627691074291, 0.0010991379261275189, 0.0], "-7.135543452427939": [0.29626931883659163, 0.004246865873220724, 0.0], "-5.780338768329848": [0.29590060691726433, 0.011812610088543632, 0.0], "-4.4251340842317575": [0.2963152190348439, 0.026956488648022813, 0.0], "-3.0699294001336668": [0.29436100583609515, 0.04964734606246759, 0.0], "-1.714724716035576": [0.292442430223103, 0.07832188051538995, 0.0], "-0.3595200319374854": [0.2883037665018381, 0.10732762225401306, 0.0], "0.9956846521606053": [0.2797747561592974, 0.13685026818197338, 0.0], "2.350889336258696": [0.26639454289000536, 0.16264701199435894, 0.0], "3.7060940203567903": [0.24673118989762213, 0.18674097055918656, 0.0], "5.061298704454881": [0.21751904532264021, 0.21230502038334428, 0.0], "6.416503388552972": [0.17751420644710864, 0.2399960970543539, 0.0], "7.771708072651066": [0.1356962154214098, 0.2673567890456721, 0.0], "9.126912756749157": [0.09348290762128822, 0.292727830824212, 0.0], "10.482117440847247": [0.054432295410824706, 0.3159252252297771, 0.0], "11.837322124945338": [0.02738259886912909, 0.3300862434049478, 0.0], "13.192526809043429": [0.011479423983690945, 0.33806987510983105, 0.0], "14.54773149314152": [0.0037174316817640625, 0.34043836354808227, 0.0], "15.90293617723961": [0.0008368038252021977, 0.3400463462264626, 0.0], "17.2581408613377": [0.0001224190899477148, 0.3370551819343587, 0.0], "18.61334554543579": [2.7603786813760578e-05, 0.3367629544768469, 0.0], "19.968550229533882": [1.3082864036227777e-06, 0.33456855760465665, 0.0], "21.323754913631973": [0.0, 0.3344318952811731, 0.0], "22.678959597730064": [0.0, 0.3325706881159323, 0.0], "24.034164281828154": [0.0, 0.33250937653068213, 0.0], "25.389368965926245": [0.0, 0.3319154114908391, 0.0], "26.744573650024336": [0.0, 0.33107276714642325, 0.0], "28.099778334122426": [0.0, 0.3301384316510564, 0.0], "29.454983018220517": [0.0, 0.33038581285379337, 0.0], "30.810187702318615": [0.0, 0.3297828783998473, 0.0], "32.165392386416706": [0.0, 0.3281383122971384, 0.0], "33.520597070514796": [0.0, 0.32911020045049877, 0.0], "34.87580175461289": [0.0, 0.3281947085995842, 0.0], "36.23100643871098": [0.0, 0.32858328078588867, 0.0], "37.58621112280907": [0.0, 0.3283344401174041, 0.0], "38.94141580690716": [0.0, 0.32746806008670565, 0.0], "40.29662049100526": [0.0, 0.3284413067799219, 0.0], "41.65182517510334": [0.0, 0.3277307522324966, 0.0]}