{"M_G1_M M_G1H1_M": [[-0.08817984554541011, 0.046473095942849485, 0.003294390425243515]], "M_G1_M M_G1H2_M": [[-0.15576851075436898, 0.039940663421774755, 0.002831318561526005]], "M_G1C3_M M_G1C3H1_M": [[-0.22435474310500333, 0.02482156047786564, 0.001759553770173668]], "M_G1C3_M M_G1C3H2_M": [[-0.22616871989827358, 0.022548825232320838, 0.0015984438402209965]], "M_G1C4_M M_G1C4H1_M": [[-0.18234660913325623, 0.021446172391554757, 0.001520278852774184]], "M_G1C4_M M_G1C4H2_M": [[-0.18889909967325352, 0.02241760230793346, 0.0015891416937445523]], "M_G1C5_M M_G1C5H1_M": [[-0.21512002557169577, 0.018427577545712216, 0.0013062963375989028]], "M_G1C5_M M_G1C5H2_M": [[-0.21871925843978837, 0.01976953685604687, 0.0014014253108971214]], "M_G1C6_M M_G1C6H1_M": [[-0.19638159642218164, 0.019896287517500576, 0.001410410427059812]], "M_G1C6_M M_G1C6H2_M": [[-0.19619845332350194, 0.019998406183582937, 0.0014176494273664428]], "M_G1C7_M M_G1C7H1_M": [[-0.20694223996902994, 0.019461402488054374, 0.001379582244688421]], "M_G1C7_M M_G1C7H2_M": [[-0.20779761517310735, 0.018426540641972765, 0.0013062228334416728]], "M_G1C8_M M_G1C8H1_M": [[-0.19082869513066286, 0.018491381180145382, 0.0013108192573249922]], "M_G1C8_M M_G1C8H2_M": [[-0.1900429997227774, 0.01939946250632727, 0.0013751914357999309]], "M_G1C9_M M_G1C9H1_M": [[-0.18771222278828456, 0.01837114469667491, 0.001302295918996141]], "M_G1C9_M M_G1C9H2_M": [[-0.18874834629983148, 0.01906252791648591, 0.0013513067759943576]], "M_G1C10_M M_G1C10H1_M": [[-0.17113774752700522, 0.01899224294582998, 0.0013463244065251023]], "M_G1C10_M M_G1C10H2_M": [[-0.16912088785148124, 0.019586545115441747, 0.001388453370338448]], "M_G1C11_M M_G1C11H1_M": [[-0.16080775182372947, 0.018157342801821824, 0.0012871399045104887]], "M_G1C11_M M_G1C11H2_M": [[-0.16155116322788288, 0.017928854139424754, 0.001270942772677411]], "M_G1C12_M M_G1C12H1_M": [[-0.14051653278054924, 0.016805271745809883, 0.001191294128566225]], "M_G1C12_M M_G1C12H2_M": [[-0.14120471730500397, 0.017107055113471454, 0.001212686984298166]], "M_G1C13_M M_G1C13H1_M": [[-0.12840599061656996, 0.01610410427819559, 0.0011415896846307186]], "M_G1C13_M M_G1C13H2_M": [[-0.1289018171742236, 0.015962660485584316, 0.0011315630000159958]], "M_G1C14_M M_G1C14H1_M": [[-0.10924883329655341, 0.014471061435728523, 0.0010258263468308894]], "M_G1C14_M M_G1C14H2_M": [[-0.1079800018374865, 0.013858914803206083, 0.0009824324225804592]], "M_G1C15_M M_G1C15H1_M": [[-0.09361801801858988, 0.012542216271910461, 0.0008890941384307046]], "M_G1C15_M M_G1C15H2_M": [[-0.09241982977866964, 0.013355359870380909, 0.0009467363598235591]], "M_G1C16_M M_G1C16H1_M": [[-0.06773985892381881, 0.01095942868834869, 0.0007768933014799546]], "M_G1C16_M M_G1C16H2_M": [[-0.06648451883531271, 0.011013920773244163, 0.0007807561429603665]], "M_G1C17_M M_G1C17H1_M": [[-0.022555341524020115, 0.010415830525278344, 0.0007383586493921921]], "M_G1C17_M M_G1C17H2_M": [[-0.020840015544765684, 0.009834316004785328, 0.0006971361779904986]], "M_G1C17_M M_G1C17H3_M": [[-0.021994361814792612, 0.009604074455226874, 0.0006808147872811003]], "M_G2_M M_G2H1_M": [[-0.022064534856411012, 0.061256742573832276, 0.004342375349062366]], "M_G2C3_M M_G2C3H1_M": [[-0.14729482670401572, 0.02971367840016226, 0.0021063468149537185]], "M_G2C3_M M_G2C3H2_M": [[-0.10999511953266745, 0.03151024243632909, 0.0022337018628369766]], "M_G2C4_M M_G2C4H1_M": [[-0.19441830576896588, 0.022952620580489025, 0.001627068133519619]], "M_G2C4_M M_G2C4H2_M": [[-0.15575657070582957, 0.026662581328844068, 0.001890060278102374]], "M_G2C5_M M_G2C5H1_M": [[-0.18669341963801805, 0.022393107771087273, 0.0015874053220649876]], "M_G2C5_M M_G2C5H2_M": [[-0.17942283547453125, 0.024419436597586327, 0.0017310479640921654]], "M_G2C6_M M_G2C6H1_M": [[-0.18993114015022627, 0.02291544164724203, 0.0016244325888195134]], "M_G2C6_M M_G2C6H2_M": [[-0.18584289097976858, 0.023377450472832004, 0.0016571835261203842]], "M_G2C7_M M_G2C7H1_M": [[-0.16961868451848894, 0.02180932231833525, 0.0015460218685436685]], "M_G2C7_M M_G2C7H2_M": [[-0.16839847699939248, 0.02163862620437247, 0.0015339215418480512]], "M_G2C8_M M_G2C8H1_M": [[-0.16558765404061687, 0.021018750439219313, 0.0014899797139123275]], "M_G2C8_M M_G2C8H2_M": [[-0.16508183583738748, 0.02158858264669958, 0.0015303740481014448]], "M_G2C9_M M_G2C9H1_M": [[-0.11981879262832155, 0.02139822773502285, 0.0015168801461845792]], "M_G2C9_M M_G2C9H2_M": [[-0.12233172806406076, 0.020696556573717835, 0.0014671399963500295]], "M_G2C10_M M_G2C10H1_M": [[-0.0908582107107143, 0.02260161199607609, 0.0016021857946909278]], "M_G2C11_M M_G2C11H1_M": [[-0.0037526616847327345, 0.028119955209586208, 0.0019933707733751902]], "M_G2C12_M M_G2C12H1_M": [[-0.06322702694144469, 0.022893666697763396, 0.0016228890035769725]], "M_G2C12_M M_G2C12H2_M": [[-0.062519111581567, 0.022017580386930614, 0.0015607848916055276]], "M_G2C13_M M_G2C13H1_M": [[-0.09929895273823412, 0.01904128116257085, 0.0013498006335425751]], "M_G2C13_M M_G2C13H2_M": [[-0.1014746013395251, 0.018330295427816452, 0.0012994001911029317]], "M_G2C14_M M_G2C14H1_M": [[-0.09901886225883853, 0.016951447202959324, 0.001201656231986899]], "M_G2C14_M M_G2C14H2_M": [[-0.09790861994091102, 0.016650064639511773, 0.0011802917885123789]], "M_G2C15_M M_G2C15H1_M": [[-0.10621457823004807, 0.015044110795469415, 0.0010664487388971273]], "M_G2C15_M M_G2C15H2_M": [[-0.10735571478480523, 0.015985940038522783, 0.0011332132437699035]], "M_G2C16_M M_G2C16H1_M": [[-0.09433206254597287, 0.01450137202375179, 0.001027975007447134]], "M_G2C16_M M_G2C16H2_M": [[-0.09434392144775497, 0.014814513887672057, 0.0010501730456305694]], "M_G2C17_M M_G2C17H1_M": [[-0.08630620292733159, 0.013235884843697402, 0.0009382669997351783]], "M_G2C17_M M_G2C17H2_M": [[-0.08600186407269245, 0.013240761493227327, 0.0009386126962546961]], "M_G2C18_M M_G2C18H1_M": [[-0.06269916767324694, 0.012552525716840268, 0.0008898249556051854]], "M_G2C18_M M_G2C18H2_M": [[-0.06472871363664084, 0.012057736552384887, 0.0008547502816927656]], "M_G2C19_M M_G2C19H1_M": [[-0.022471925575312763, 0.008655473590873604, 0.0006135702549016309]], "M_G2C19_M M_G2C19H2_M": [[-0.021693124990439433, 0.010476027590433432, 0.0007426259062007025]], "M_G2C19_M M_G2C19H3_M": [[-0.021617927999654184, 0.009896416146191203, 0.0007015383402975972]], "M_G3_M M_G3H1_M": [[-0.012342117184074899, 0.055569989627795906, 0.003939252120965269]], "M_G3_M M_G3H2_M": [[-0.01125364728670616, 0.05188272173454155, 0.0036778686302293994]], "M_G3C4_M M_G3C4H1_M": [[0.050176548638011347, 0.025665256778725616, 0.0018193618152151376]], "M_G3C4_M M_G3C4H2_M": [[0.03973850490927015, 0.023516076925329414, 0.0016670104947896238]], "M_G3C5_M M_G3C5H1_M": [[-0.0281762628650823, 0.021757177435924785, 0.0015423254158358538]], "M_G3C5_M M_G3C5H2_M": [[-0.06133317245301212, 0.020283836553824736, 0.001437883049846741]], "M_G3N6C1_M M_G3N6C1H1_M": [[0.014222059303370225, 0.014124688211868328, 0.0010012725999996258]], "M_G3N6C1_M M_G3N6C1H2_M": [[0.015052879527693725, 0.013934794769118389, 0.00098781141074765]], "M_G3N6C1_M M_G3N6C1H3_M": [[0.014468043770491096, 0.015471923143079472, 0.0010967755521462536]], "M_G3N6C2_M M_G3N6C2H1_M": [[0.014050563226464538, 0.014637907393743734, 0.0010376537432077487]], "M_G3N6C2_M M_G3N6C2H2_M": [[0.015474791006284475, 0.014169591155997885, 0.001004455685313924]], "M_G3N6C2_M M_G3N6C2H3_M": [[0.013925365446175252, 0.01465966397084377, 0.0010391960260669017]], "M_G3N6C3_M M_G3N6C3H1_M": [[0.014469920208935798, 0.015373353719734834, 0.0010897881509865013]], "M_G3N6C3_M M_G3N6C3H2_M": [[0.013605595796477597, 0.01448562540428815, 0.0010268587591891146]], "M_G3N6C3_M M_G3N6C3H3_M": [[0.013838029337610363, 0.01336768107851119, 0.0009476097871102143]]}