{
    "M_G1_M M_G1H1_M": [
        [0.00999176, 0.242726, 0.0215384]
    ],
    "M_G1_M M_G1H2_M": [
        [-0.227582, 0.193231, 0.0171465]
    ],
    "M_G1C3_M M_G1C3H1_M": [
        [-0.31731, 0.0948631, 0.00841774]
    ],
    "M_G1C3_M M_G1C3H2_M": [
        [-0.331526, 0.0849172, 0.00753518]
    ],
    "M_G1C4_M M_G1C4H1_M": [
        [-0.312417, 0.0976721, 0.008667]
    ],
    "M_G1C4_M M_G1C4H2_M": [
        [-0.327245, 0.076593, 0.00679653]
    ],
    "M_G1C5_M M_G1C5H1_M": [
        [-0.344502, 0.0709019, 0.00629153]
    ],
    "M_G1C5_M M_G1C5H2_M": [
        [-0.336288, 0.0858651, 0.0076193]
    ],
    "M_G1C6_M M_G1C6H1_M": [
        [-0.345452, 0.0626861, 0.00556249]
    ],
    "M_G1C6_M M_G1C6H2_M": [
        [-0.337464, 0.0824719, 0.0073182]
    ],
    "M_G1C7_M M_G1C7H1_M": [
        [-0.34874, 0.0586653, 0.0052057]
    ],
    "M_G1C7_M M_G1C7H2_M": [
        [-0.341562, 0.0796089, 0.00706415]
    ],
    "M_G1C8_M M_G1C8H1_M": [
        [-0.338203, 0.0769286, 0.00682631]
    ],
    "M_G1C8_M M_G1C8H2_M": [
        [-0.347474, 0.0562133, 0.00498813]
    ],
    "M_G1C9_M M_G1C9H1_M": [
        [-0.348575, 0.053533, 0.00475029]
    ],
    "M_G1C9_M M_G1C9H2_M": [
        [-0.340133, 0.0729841, 0.00647629]
    ],
    "M_G1C10_M M_G1C10H1_M": [
        [-0.337328, 0.0695932, 0.0061754]
    ],
    "M_G1C10_M M_G1C10H2_M": [
        [-0.345422, 0.0538917, 0.00478211]
    ],
    "M_G1C11_M M_G1C11H1_M": [
        [-0.345955, 0.0527434, 0.00468022]
    ],
    "M_G1C11_M M_G1C11H2_M": [
        [-0.339076, 0.0671961, 0.00596269]
    ],
    "M_G1C12_M M_G1C12H1_M": [
        [-0.335339, 0.0676395, 0.00600204]
    ],
    "M_G1C12_M M_G1C12H2_M": [
        [-0.342011, 0.0554497, 0.00492036]
    ],
    "M_G1C13_M M_G1C13H1_M": [
        [-0.340872, 0.0549171, 0.0048731]
    ],
    "M_G1C13_M M_G1C13H2_M": [
        [-0.335667, 0.0652415, 0.00578924]
    ],
    "M_G1C14_M M_G1C14H1_M": [
        [-0.330609, 0.0593598, 0.00526733]
    ],
    "M_G1C14_M M_G1C14H2_M": [
        [-0.325006, 0.0700331, 0.00621443]
    ],
    "M_G1C15_M M_G1C15H1_M": [
        [-0.316066, 0.0603332, 0.0053537]
    ],
    "M_G1C15_M M_G1C15H2_M": [
        [-0.312175, 0.0670864, 0.00595295]
    ],
    "M_G1C16_M M_G1C16H1_M": [
        [-0.262547, 0.0709681, 0.0062974]
    ],
    "M_G1C16_M M_G1C16H2_M": [
        [-0.268574, 0.0660114, 0.00585757]
    ],
    "M_G1C17_M M_G1C17H1_M": [
        [-0.100368, 0.046606, 0.00413561]
    ],
    "M_G1C17_M M_G1C17H2_M": [
        [-0.101057, 0.0451947, 0.00401039]
    ],
    "M_G1C17_M M_G1C17H3_M": [
        [-0.0988733, 0.0451676, 0.00400798]
    ],
    "M_G2_M M_G2H1_M": [
        [-0.269562, 0.153976, 0.0136631]
    ],
    "M_G2C3_M M_G2C3H1_M": [
        [-0.173137, 0.193379, 0.0171596]
    ],
    "M_G2C3_M M_G2C3H2_M": [
        [-0.206297, 0.177375, 0.0157395]
    ],
    "M_G2C4_M M_G2C4H1_M": [
        [-0.284248, 0.135647, 0.0120368]
    ],
    "M_G2C4_M M_G2C4H2_M": [
        [-0.312583, 0.109818, 0.00974473]
    ],
    "M_G2C5_M M_G2C5H1_M": [
        [-0.283599, 0.141153, 0.0125253]
    ],
    "M_G2C5_M M_G2C5H2_M": [
        [-0.311383, 0.106154, 0.00941963]
    ],
    "M_G2C6_M M_G2C6H1_M": [
        [-0.318879, 0.111149, 0.00986287]
    ],
    "M_G2C6_M M_G2C6H2_M": [
        [-0.331712, 0.0952695, 0.0084538]
    ],
    "M_G2C7_M M_G2C7H1_M": [
        [-0.31938, 0.0871384, 0.00773228]
    ],
    "M_G2C7_M M_G2C7H2_M": [
        [-0.304015, 0.115193, 0.0102217]
    ],
    "M_G2C8_M M_G2C8H1_M": [
        [-0.31569, 0.105096, 0.00932578]
    ],
    "M_G2C8_M M_G2C8H2_M": [
        [-0.320927, 0.0976895, 0.00866854]
    ],
    "M_G2C9_M M_G2C9H1_M": [
        [-0.231645, 0.0987782, 0.00876515]
    ],
    "M_G2C9_M M_G2C9H2_M": [
        [-0.234277, 0.0991862, 0.00880136]
    ],
    "M_G2C10_M M_G2C10H1_M": [
        [-0.0956701, 0.153834, 0.0136506]
    ],
    "M_G2C11_M M_G2C11H1_M": [
        [-0.043325, 0.154425, 0.013703]
    ],
    "M_G2C12_M M_G2C12H1_M": [
        [-0.225954, 0.0880313, 0.00781151]
    ],
    "M_G2C12_M M_G2C12H2_M": [
        [-0.223955, 0.10026, 0.0088966]
    ],
    "M_G2C13_M M_G2C13H1_M": [
        [-0.306561, 0.072531, 0.00643608]
    ],
    "M_G2C13_M M_G2C13H2_M": [
        [-0.312994, 0.0695649, 0.00617289]
    ],
    "M_G2C14_M M_G2C14H1_M": [
        [-0.308269, 0.07095, 0.00629579]
    ],
    "M_G2C14_M M_G2C14H2_M": [
        [-0.30226, 0.0746035, 0.00661999]
    ],
    "M_G2C15_M M_G2C15H1_M": [
        [-0.313498, 0.0712244, 0.00632014]
    ],
    "M_G2C15_M M_G2C15H2_M": [
        [-0.319404, 0.0706465, 0.00626886]
    ],
    "M_G2C16_M M_G2C16H1_M": [
        [-0.308881, 0.0763654, 0.00677634]
    ],
    "M_G2C16_M M_G2C16H2_M": [
        [-0.303979, 0.0779711, 0.00691882]
    ],
    "M_G2C17_M M_G2C17H1_M": [
        [-0.293776, 0.0719994, 0.00638891]
    ],
    "M_G2C17_M M_G2C17H2_M": [
        [-0.288897, 0.0728537, 0.00646472]
    ],
    "M_G2C18_M M_G2C18H1_M": [
        [-0.254336, 0.0774499, 0.00687257]
    ],
    "M_G2C18_M M_G2C18H2_M": [
        [-0.250674, 0.0782969, 0.00694773]
    ],
    "M_G2C19_M M_G2C19H1_M": [
        [-0.100705, 0.0393152, 0.00348866]
    ],
    "M_G2C19_M M_G2C19H2_M": [
        [-0.101604, 0.0379822, 0.00337038]
    ],
    "M_G2C19_M M_G2C19H3_M": [
        [-0.100997, 0.0381997, 0.00338968]
    ],
    "M_G3_M M_G3H1_M": [
        [-0.252621, 0.142572, 0.0126512]
    ],
    "M_G3_M M_G3H2_M": [
        [-0.191065, 0.189305, 0.0167981]
    ],
    "M_G3C4_M M_G3C4H1_M": [
        [-0.0676842, 0.140321, 0.0124515]
    ],
    "M_G3C4_M M_G3C4H2_M": [
        [-0.0359863, 0.171596, 0.0152267]
    ],
    "M_G3C5_M M_G3C5H1_M": [
        [0.0943376, 0.117177, 0.0103978]
    ],
    "M_G3C5_M M_G3C5H2_M": [
        [0.0683059, 0.108727, 0.00964793]
    ],
    "M_G3N6C1_M M_G3N6C1H1_M": [
        [0.000897, 0.0147709, 0.0013107]
    ],
    "M_G3N6C1_M M_G3N6C1H2_M": [
        [0.00103063, 0.0157089, 0.00139394]
    ],
    "M_G3N6C1_M M_G3N6C1H3_M": [
        [-0.000216409, 0.0159692, 0.00141703]
    ],
    "M_G3N6C2_M M_G3N6C2H1_M": [
        [0.000505428, 0.0156943, 0.00139264]
    ],
    "M_G3N6C2_M M_G3N6C2H2_M": [
        [1.58084e-05, 0.0162396, 0.00144103]
    ],
    "M_G3N6C2_M M_G3N6C2H3_M": [
        [0.000268191, 0.0168663, 0.00149665]
    ],
    "M_G3N6C3_M M_G3N6C3H1_M": [
        [0.000734981, 0.0157792, 0.00140018]
    ],
    "M_G3N6C3_M M_G3N6C3H2_M": [
        [0.000357839, 0.0162091, 0.00143832]
    ],
    "M_G3N6C3_M M_G3N6C3H3_M": [
        [0.000671306, 0.0157312, 0.00139592]
    ]
}