{
    "10.1021/acs.jctc.9b00824": {
        "M_G1C3_M M_G1C3H1_M": [-0.28893, 0.06956, 0.00615, -0.220769, 0.02, 0.0182593],
        "M_G1C3_M M_G1C3H2_M": [-0.24522, 0.07579, 0.0067, -0.220769, 0.02, 0.265729],
        "M_G1C4_M M_G1C4H1_M": [-0.21582, 0.05218, 0.00461, -0.196239, 0.02, 0.491944],
        "M_G1C4_M M_G1C4H2_M": [-0.19243, 0.06056, 0.00535, -0.196239, 0.02, 0.828059],
        "M_G1C5_M M_G1C5H1_M": [-0.25958, 0.04458, 0.00394, -0.220769, 0.02, 0.0444274],
        "M_G1C5_M M_G1C5H2_M": [-0.25952, 0.04534, 0.00401, -0.220769, 0.02, 0.0453698],
        "M_G1C6_M M_G1C6H1_M": [-0.26708, 0.03994, 0.00353, -0.220769, 0.02, 0.0255234],
        "M_G1C6_M M_G1C6H2_M": [-0.26374, 0.04104, 0.00363, -0.220769, 0.02, 0.0315596],
        "M_G1C7_M M_G1C7H1_M": [-0.28226, 0.03714, 0.00328, -0.220769, 0.02, 0.0123062],
        "M_G1C7_M M_G1C7H2_M": [-0.2821, 0.03738, 0.0033, -0.220769, 0.02, 0.0124528],
        "M_G1C8_M M_G1C8H1_M": [-0.27895, 0.03474, 0.00307, -0.220769, 0.02, 0.0130463],
        "M_G1C8_M M_G1C8H2_M": [-0.27796, 0.0339, 0.003, -0.220769, 0.02, 0.0132561],
        "M_G1C9_M M_G1C9H1_M": [-0.28282, 0.03311, 0.00293, -0.220769, 0.02, 0.0107813],
        "M_G1C9_M M_G1C9H2_M": [-0.28391, 0.03285, 0.0029, -0.220769, 0.02, 0.0102668],
        "M_G1C10_M M_G1C10H1_M": [-0.26856, 0.03595, 0.00318, -0.196239, 0.02, 0.00836282],
        "M_G1C10_M M_G1C10H2_M": [-0.26903, 0.03533, 0.00312, -0.196239, 0.02, 0.00809176],
        "M_G1C11_M M_G1C11H1_M": [-0.26363, 0.03513, 0.00311, -0.17171, 0.02, 0.00491312],
        "M_G1C11_M M_G1C11H2_M": [-0.26484, 0.03515, 0.00311, -0.17171, 0.02, 0.00478032],
        "M_G1C12_M M_G1C12H1_M": [-0.24131, 0.03799, 0.00336, -0.17171, 0.02, 0.009599],
        "M_G1C12_M M_G1C12H2_M": [-0.24103, 0.03651, 0.00323, -0.17171, 0.02, 0.00931086],
        "M_G1C13_M M_G1C13H1_M": [-0.22868, 0.03615, 0.0032, -0.14718, 0.02, 0.00651548],
        "M_G1C13_M M_G1C13H2_M": [-0.23023, 0.03701, 0.00327, -0.14718, 0.02, 0.00639664],
        "M_G1C14_M M_G1C14H1_M": [-0.1979, 0.03918, 0.00346, -0.12265, 0.02, 0.00835031],
        "M_G1C14_M M_G1C14H2_M": [-0.20082, 0.03946, 0.00349, -0.12265, 0.02, 0.0077633],
        "M_G1C15_M M_G1C15H1_M": [-0.17638, 0.03604, 0.00319, -0.09812, 0.02, 0.00708126],
        "M_G1C15_M M_G1C15H2_M": [-0.17647, 0.03599, 0.00318, -0.09812, 0.02, 0.00704185],
        "M_G1C16_M M_G1C16H1_M": [-0.13218, 0.03314, 0.00293, -0.07359, 0.02, 0.0122601],
        "M_G1C16_M M_G1C16H2_M": [-0.13106, 0.03221, 0.00285, -0.07359, 0.02, 0.0124595],
        "M_G2C3_M M_G2C3H1_M": [-0.13223, 0.10397, 0.00919, -0.12, 0.02, 0.634995],
        "M_G2C3_M M_G2C3H2_M": [-0.16456, 0.08395, 0.00742, -0.12, 0.02, 0.0569674],
        "M_G2C4_M M_G2C4H1_M": [-0.26649, 0.04866, 0.0043, -0.2, 0.02, 0.0135456],
        "M_G2C4_M M_G2C4H2_M": [-0.25449, 0.06501, 0.00575, -0.2, 0.02, 0.0280612],
        "M_G2C5_M M_G2C5H1_M": [-0.25575, 0.04687, 0.00414, -0.2, 0.02, 0.0193187],
        "M_G2C5_M M_G2C5H2_M": [-0.25279, 0.04674, 0.00413, -0.2, 0.02, 0.021841],
        "M_G2C6_M M_G2C6H1_M": [-0.26876, 0.0447, 0.00395, -0.22, 0.02, 0.0251804],
        "M_G2C6_M M_G2C6H2_M": [-0.26507, 0.04343, 0.00384, -0.22, 0.02, 0.0296171],
        "M_G2C7_M M_G2C7H1_M": [-0.24769, 0.03996, 0.00353, -0.2, 0.02, 0.0237767],
        "M_G2C7_M M_G2C7H2_M": [-0.24392, 0.03982, 0.00352, -0.2, 0.02, 0.0289965],
        "M_G2C8_M M_G2C8H1_M": [-0.24229, 0.03696, 0.00327, -0.17, 0.02, 0.00860632],
        "M_G2C8_M M_G2C8H2_M": [-0.23957, 0.03722, 0.00329, -0.17, 0.02, 0.00940894],
        "M_G2C9_M M_G2C9H1_M": [-0.11966, 0.03276, 0.0029, -0.12, 0.02, 0.908303],
        "M_G2C9_M M_G2C9H2_M": [-0.11813, 0.03159, 0.00279, -0.12, 0.02, 0.911008],
        "M_G2C10_M M_G2C10H1_M": [-0.09581, 0.03225, 0.00285, -0.12, 0.02, 0.169628],
        "M_G2C11_M M_G2C11H1_M": [-0.06444, 0.03848, 0.0034, -0, 0.02, 0.0114959],
        "M_G2C12_M M_G2C12H1_M": [-0.102, 0.03658, 0.00323, -0.07, 0.02, 0.0639482],
        "M_G2C12_M M_G2C12H2_M": [-0.1022, 0.03407, 0.00301, -0.07, 0.02, 0.0586618],
        "M_G2C13_M M_G2C13H1_M": [-0.19276, 0.0411, 0.00363, -0.12, 0.02, 0.00941579],
        "M_G2C13_M M_G2C13H2_M": [-0.19113, 0.04141, 0.00366, -0.12, 0.02, 0.00996931],
        "M_G2C14_M M_G2C14H1_M": [-0.1998, 0.03808, 0.00337],
        "M_G2C14_M M_G2C14H2_M": [-0.19938, 0.03864, 0.00342],
        "M_G2C15_M M_G2C15H1_M": [-0.20269, 0.03791, 0.00335, -0.12, 0.02, 0.00661317],
        "M_G2C15_M M_G2C15H2_M": [-0.20208, 0.03963, 0.0035, -0.12, 0.02, 0.00701741],
        "M_G2C16_M M_G2C16H1_M": [-0.18401, 0.03725, 0.00329, -0.1, 0.02, 0.00628089],
        "M_G2C16_M M_G2C16H2_M": [-0.18276, 0.0375, 0.00331, -0.1, 0.02, 0.00652279],
        "M_G2C17_M M_G2C17H1_M": [-0.16539, 0.03463, 0.00306, -0.1, 0.02, 0.0100247],
        "M_G2C17_M M_G2C17H2_M": [-0.16388, 0.03589, 0.00317, -0.1, 0.02, 0.0109317],
        "M_G2C18_M M_G2C18H1_M": [-0.12694, 0.02932, 0.00259, -0.07, 0.02, 0.0115703],
        "M_G2C18_M M_G2C18H2_M": [-0.12599, 0.0299, 0.00264, -0.07, 0.02, 0.0122534]
    },
    "10.1021/acs.jpcb.9b06091": {
        "M_G1_M M_G1H1_M": [-0.23747, 0.14203, 0.01255, -0.13, 0.02, 0.0141224],
        "M_G1_M M_G1H2_M": [-0.06947, 0.16552, 0.01463, 0, 0.02, 0.0399336],
        "M_G2_M M_G2H1_M": [-0.25925, 0.1227, 0.01085, -0.18, 0.02, 0.0229909],
        "M_G3_M M_G3H1_M": [-0.22584, 0.13988, 0.01236, -0.21, 0.02, 0.497634],
        "M_G3_M M_G3H2_M": [-0.2236, 0.13741, 0.01215, -0.21, 0.02, 0.543876],
        "M_G3C4_M M_G3C4H1_M": [0.0199, 0.23818, 0.02105, -0, 0.02, 0.346986],
        "M_G3C4_M M_G3C4H2_M": [-0.07808, 0.17459, 0.01543, 0.09, 0.02, 0.00699311],
        "M_G3C5_M M_G3C5H1_M": [-0.087, 0.18901, 0.01671, -0.11, 0.02, 0.325475]
    }
}