{"headgroup": 0.22475135745320085, "tails": 0.08680611590220974, "total": 0.13278786308587345}