{"sn-1": 0.35823602551199873, "sn-2": 0.6662728851425807, "headgroup": 0.5371480674794724, "total": 0.5205523260446839}