{"M_G1_M M_G1H1_M": [[-0.17045115738579408, 0.019246577069340208, 0.0024248407864148826]], "M_G1_M M_G1H2_M": [[-0.05051331014752554, 0.01996144278711322, 0.0025149054011783627]], "M_G1C3_M M_G1C3H1_M": [[-0.19251605017572881, 0.016324597583584233, 0.0020567059742557063]], "M_G1C3_M M_G1C3H2_M": [[-0.22918180301676222, 0.017356965245548615, 0.002186772074024418]], "M_G1C4_M M_G1C4H1_M": [[-0.1665010817398638, 0.01448709709722186, 0.0018252026732616551]], "M_G1C4_M M_G1C4H2_M": [[-0.15314145178332672, 0.014762635999002476, 0.0018599173118633392]], "M_G1C5_M M_G1C5H1_M": [[-0.18709172057500345, 0.01207466418463409, 0.0015212646951028713]], "M_G1C5_M M_G1C5H2_M": [[-0.18280729033997914, 0.014242993703238968, 0.0017944485363728193]], "M_G1C6_M M_G1C6H1_M": [[-0.18543728913232022, 0.013608348471699588, 0.0017144907528772858]], "M_G1C6_M M_G1C6H2_M": [[-0.18273060390822488, 0.013821367577369327, 0.0017413286375490724]], "M_G1C7_M M_G1C7H1_M": [[-0.18057723539685971, 0.014841043592384934, 0.0018697957401009133]], "M_G1C7_M M_G1C7H2_M": [[-0.18273783446422587, 0.014417952376781926, 0.0018164912573208386]], "M_G1C8_M M_G1C8H1_M": [[-0.1610797962224006, 0.014407254086821716, 0.001815143399478535]], "M_G1C8_M M_G1C8H2_M": [[-0.1623402906924195, 0.013964727894124045, 0.00175939033973995]], "M_G1C9_M M_G1C9H1_M": [[-0.11883658069113563, 0.014790410902148058, 0.0018634166207401066]], "M_G1C9_M M_G1C9H2_M": [[-0.11918129865640278, 0.013180242561551462, 0.001660554477970195]], "M_G1C10_M M_G1C10H1_M": [[-0.08790219619255596, 0.015125092814315946, 0.0019055825782595252]], "M_G1C11_M M_G1C11H1_M": [[-0.07913146399598302, 0.01415798960700019, 0.0017837390268933143]], "M_G1C12_M M_G1C12H1_M": [[-0.06650070713440008, 0.01526197665842801, 0.0019228283215939565]], "M_G1C12_M M_G1C12H2_M": [[-0.06473176152294244, 0.013740369639221822, 0.0017311238565468204]], "M_G1C13_M M_G1C13H1_M": [[-0.10191020096184625, 0.014845750033869367, 0.0018703886959927174]], "M_G1C13_M M_G1C13H2_M": [[-0.09692478494479462, 0.015279719042559843, 0.001925063651883395]], "M_G1C14_M M_G1C14H1_M": [[-0.09811400603296015, 0.014039983827919652, 0.0017688716961925745]], "M_G1C14_M M_G1C14H2_M": [[-0.10020578353097173, 0.012627510541813367, 0.0015909167891183166]], "M_G1C15_M M_G1C15H1_M": [[-0.10611489451521063, 0.014296494986215285, 0.0018011890644479731]], "M_G1C15_M M_G1C15H2_M": [[-0.09986345285531889, 0.012853480989120635, 0.001619386389462367]], "M_G1C16_M M_G1C16H1_M": [[-0.08549439521176952, 0.013055509187809176, 0.001644839550012473]], "M_G1C16_M M_G1C16H2_M": [[-0.09023544471302081, 0.014317797514481393, 0.0018038729307379277]], "M_G1C17_M M_G1C17H1_M": [[-0.08373672823422781, 0.015412070026645129, 0.0019417383085340776]], "M_G1C17_M M_G1C17H2_M": [[-0.07909678240657607, 0.013649472124392555, 0.001719671846116723]], "M_G1C18_M M_G1C18H1_M": [[-0.062204023530989035, 0.015589603233615874, 0.0019641053902055227]], "M_G1C18_M M_G1C18H2_M": [[-0.06074948836688032, 0.014621050227812436, 0.0018420791813988562]], "M_G1C19_M M_G1C19H1_M": [[-0.02708498589675329, 0.012175143729250397, 0.0015339239278125746]], "M_G1C19_M M_G1C19H2_M": [[-0.018102576987432242, 0.014631768778082662, 0.0018434295918002925]], "M_G1C19_M M_G1C19H3_M": [[-0.0248441825928668, 0.01613025096960482, 0.002032220602411087]], "M_G2_M M_G2H1_M": [[-0.18671526483866951, 0.018029396251327344, 0.0022714904176024922]], "M_G2C3_M M_G2C3H1_M": [[-0.06336909742047922, 0.02033589580129804, 0.00256208204656939]], "M_G2C3_M M_G2C3H2_M": [[-0.09665365361315653, 0.01982958277631073, 0.0024982926013470443]], "M_G2C4_M M_G2C4H1_M": [[-0.19014336006844745, 0.015417025052461775, 0.0019423625831079228]], "M_G2C4_M M_G2C4H2_M": [[-0.2003509087249949, 0.015382152914861991, 0.0019379691067377203]], "M_G2C5_M M_G2C5H1_M": [[-0.19092719357902305, 0.013606300265872714, 0.0017142327031986295]], "M_G2C5_M M_G2C5H2_M": [[-0.19351284033395683, 0.014664199154214953, 0.0018475154351417365]], "M_G2C6_M M_G2C6H1_M": [[-0.2046673494524576, 0.015447284429507513, 0.0019461749062741494]], "M_G2C6_M M_G2C6H2_M": [[-0.20428862942455173, 0.015821775283611353, 0.0019933563190468605]], "M_G2C7_M M_G2C7H1_M": [[-0.18354495147030975, 0.014569996579369821, 0.0018356470262892526]], "M_G2C7_M M_G2C7H2_M": [[-0.18192710122379693, 0.013817343646198597, 0.0017408216698742824]], "M_G2C8_M M_G2C8H1_M": [[-0.17362605511230156, 0.015953278913534215, 0.0020099242191077256]], "M_G2C8_M M_G2C8H2_M": [[-0.17436396041224578, 0.013817624465239868, 0.0017408570497479306]], "M_G2C9_M M_G2C9H1_M": [[-0.09881342149087385, 0.015177937121031921, 0.0019122403351060058]], "M_G2C9_M M_G2C9H2_M": [[-0.10379212188338463, 0.015181238104108761, 0.0019126562198823558]], "M_G2C10_M M_G2C10H1_M": [[-0.06452534693860493, 0.016806883761481334, 0.0021174683212785437]], "M_G2C11_M M_G2C11H1_M": [[-0.0501546507580949, 0.016600077432311813, 0.0020914131728720334]], "M_G2C12_M M_G2C12H1_M": [[-0.07302073475266532, 0.015731942233601255, 0.0019820384185782343]], "M_G2C12_M M_G2C12H2_M": [[-0.07065733503709327, 0.01575007939133406, 0.0019843234856663557]], "M_G2C13_M M_G2C13H1_M": [[-0.11239419200666728, 0.015647217901773577, 0.0019713641561014653]], "M_G2C13_M M_G2C13H2_M": [[-0.10873328854850839, 0.013873256030035355, 0.001747865968104799]], "M_G2C14_M M_G2C14H1_M": [[-0.11361811390851037, 0.016234995584004694, 0.002045417183405155]], "M_G2C14_M M_G2C14H2_M": [[-0.11190072189458042, 0.013789916246554722, 0.0017373661423234787]], "M_G2C15_M M_G2C15H1_M": [[-0.11532781254356542, 0.014836562456595977, 0.0018692311700585947]], "M_G2C15_M M_G2C15H2_M": [[-0.11707672387379163, 0.015641132350485434, 0.0019705974487062676]], "M_G2C16_M M_G2C16H1_M": [[-0.10293655197550355, 0.014763129622316809, 0.0018599795025552948]], "M_G2C16_M M_G2C16H2_M": [[-0.10202948535109979, 0.01573237715617792, 0.0019820932136723974]], "M_G2C17_M M_G2C17H1_M": [[-0.09009385229536199, 0.0160952863689199, 0.002027815476787136]], "M_G2C17_M M_G2C17H2_M": [[-0.0919022218569579, 0.013591729455723312, 0.0017123969536721507]], "M_G2C18_M M_G2C18H1_M": [[-0.07092791161730841, 0.014422658111286957, 0.0018170841241416102]], "M_G2C18_M M_G2C18H2_M": [[-0.07001099089806681, 0.013572164667048248, 0.0017099320219917816]], "M_G2C19_M M_G2C19H1_M": [[-0.02608009912168777, 0.016576871520275597, 0.0020884895027675444]], "M_G2C19_M M_G2C19H2_M": [[-0.021833976921082493, 0.014158210194758906, 0.0017837668183386393]], "M_G2C19_M M_G2C19H3_M": [[-0.024168012488441186, 0.013744215485456799, 0.0017316083876286463]], "M_G3_M M_G3H1_M": [[-0.22725457066923116, 0.01797935988159591, 0.002265186427563547]], "M_G3_M M_G3H2_M": [[-0.24774632280818326, 0.01643721565950402, 0.0020708945181611513]], "M_G3C4_M M_G3C4H1_M": [[0.03739723093023351, 0.018220177465582278, 0.0022955265913044676]], "M_G3C4_M M_G3C4H2_M": [[0.03481158522887441, 0.016824471447336967, 0.002119684161417169]], "M_G3C5_M M_G3C5H1_M": [[-0.07641129627384796, 0.016213884300811117, 0.002042757411729552]], "M_G3C5_M M_G3C5H2_M": [[-0.0765665266893504, 0.01499224881031848, 0.0018888458069384127]], "M_G3N6C1_M M_G3N6C1H1_M": [[0.012885143283141231, 0.01450601070517963, 0.0018275855638831423]], "M_G3N6C1_M M_G3N6C1H2_M": [[0.0105838043890976, 0.012690560153323888, 0.0015988602935143204]], "M_G3N6C1_M M_G3N6C1H3_M": [[0.010005568785447972, 0.013417040015503694, 0.0016903881529345224]], "M_G3N6C2_M M_G3N6C2H1_M": [[0.010935993142469312, 0.01564814628397846, 0.001971481121265072]], "M_G3N6C2_M M_G3N6C2H2_M": [[0.009330593547964328, 0.015694347854238205, 0.0019773019719835465]], "M_G3N6C2_M M_G3N6C2H3_M": [[0.014704252995308996, 0.015301673818908129, 0.0019278296937075667]], "M_G3N6C3_M M_G3N6C3H1_M": [[0.011776029205217815, 0.015962642262034876, 0.0020111038901349434]], "M_G3N6C3_M M_G3N6C3H2_M": [[0.011633433124502764, 0.014535146009302221, 0.0018312562671726953]], "M_G3N6C3_M M_G3N6C3H3_M": [[0.01051468925852759, 0.01564300085941786, 0.001970832858704253]]}