{"M_G1_M M_G1H1_M": [[-0.17703990806710218, 0.22727281268028685, 0.013415489952834186]], "M_G1_M M_G1H2_M": [[0.0036087877806459004, 0.27419184049864437, 0.01618503259575198]], "M_G1C3_M M_G1C3H1_M": [[-0.23200458201855645, 0.11668929933562051, 0.006887951552051439]], "M_G1C3_M M_G1C3H2_M": [[-0.19962212222144554, 0.13058424839263805, 0.007708144461494541]], "M_G1C4_M M_G1C4H1_M": [[-0.16149417812379782, 0.10127190316970591, 0.005977891431250057]], "M_G1C4_M M_G1C4H2_M": [[-0.17727478995114487, 0.11160979438035877, 0.006588117854879107]], "M_G1C5_M M_G1C5H1_M": [[-0.20055037190820196, 0.08762094860513017, 0.005172101061306937]], "M_G1C5_M M_G1C5H2_M": [[-0.1964944561355242, 0.08231544807890047, 0.004858927267376218]], "M_G1C6_M M_G1C6H1_M": [[-0.2233917224578587, 0.07454267131108569, 0.0044001147618042006]], "M_G1C6_M M_G1C6H2_M": [[-0.224324137277295, 0.07708199318890628, 0.004550006192887234]], "M_G1C7_M M_G1C7H1_M": [[-0.23810606379726215, 0.07579333802481672, 0.004473939283684015]], "M_G1C7_M M_G1C7H2_M": [[-0.2369068601032297, 0.07554472962080723, 0.00445926439359555]], "M_G1C8_M M_G1C8H1_M": [[-0.23683518070711396, 0.0713021818297618, 0.004208834715738505]], "M_G1C8_M M_G1C8H2_M": [[-0.23900272737422132, 0.07214828888435715, 0.004258778836005604]], "M_G1C9_M M_G1C9H1_M": [[-0.2352388918551162, 0.06924404628656654, 0.004087346815907089]], "M_G1C9_M M_G1C9H2_M": [[-0.23573638140370998, 0.06819325810255981, 0.00402532075058563]], "M_G1C10_M M_G1C10H1_M": [[-0.22498154136452195, 0.06547891595551512, 0.0038650981996663624]], "M_G1C10_M M_G1C10H2_M": [[-0.22545869338841257, 0.0670108038996312, 0.003955522685907341]], "M_G1C11_M M_G1C11H1_M": [[-0.21376216404757806, 0.06421703922052226, 0.0037906119711537327]], "M_G1C11_M M_G1C11H2_M": [[-0.21332143000825365, 0.06403251394433222, 0.0037797197884963476]], "M_G1C12_M M_G1C12H1_M": [[-0.19722414965121565, 0.060330270591750494, 0.003561183273223065]], "M_G1C12_M M_G1C12H2_M": [[-0.197328653614615, 0.06061677387470599, 0.003578095027289093]], "M_G1C13_M M_G1C13H1_M": [[-0.17990240188123002, 0.05505882964479616, 0.003250019952688516]], "M_G1C13_M M_G1C13H2_M": [[-0.1788492171493699, 0.0568287484912192, 0.0033544949588342017]], "M_G1C14_M M_G1C14H1_M": [[-0.15905668517316465, 0.05106539134978095, 0.0030142947434466864]], "M_G1C14_M M_G1C14H2_M": [[-0.15845412355118332, 0.04999245367669339, 0.0029509612351243685]], "M_G1C15_M M_G1C15H1_M": [[-0.13361632408619284, 0.042564811339808446, 0.002512521370854722]], "M_G1C15_M M_G1C15H2_M": [[-0.13513275641048575, 0.043131289529483335, 0.0025459595211220565]], "M_G1C16_M M_G1C16H1_M": [[-0.09910590948432992, 0.03165687985327296, 0.0018686465336577374]], "M_G1C16_M M_G1C16H2_M": [[-0.09921475824901578, 0.03237973453655487, 0.0019113152964831855]], "M_G1C17_M M_G1C17H1_M": [[-0.024836689798791358, 0.01265743147387514, 0.0007471445562005301]], "M_G1C17_M M_G1C17H2_M": [[-0.025540766846311184, 0.013295118827718009, 0.0007847860505246352]], "M_G1C17_M M_G1C17H3_M": [[-0.024201403274213565, 0.013275052504335121, 0.0007836015729069267]], "M_G2_M M_G2H1_M": [[-0.20931263915374032, 0.22154863234653235, 0.013077602271285044]], "M_G2C3_M M_G2C3H1_M": [[-0.19055679020379002, 0.11831725882930566, 0.006984046962556509]], "M_G2C3_M M_G2C3H2_M": [[-0.1374187052312438, 0.17906063347261553, 0.010569614996929893]], "M_G2C4_M M_G2C4H1_M": [[-0.21001447317428504, 0.10620840456477258, 0.006269283895164476]], "M_G2C4_M M_G2C4H2_M": [[-0.22575226614533955, 0.10390438590749139, 0.006133281974022329]], "M_G2C5_M M_G2C5H1_M": [[-0.2052558332413511, 0.09107295810146197, 0.00537586673907973]], "M_G2C5_M M_G2C5H2_M": [[-0.17914010855898782, 0.0969042762780368, 0.005720078567529567]], "M_G2C6_M M_G2C6H1_M": [[-0.20534417013853912, 0.08344837424132216, 0.004925801784262019]], "M_G2C6_M M_G2C6H2_M": [[-0.21672079514710477, 0.08723512282126634, 0.005149326485386804]], "M_G2C7_M M_G2C7H1_M": [[-0.20288973123657356, 0.08312455839500309, 0.00490668753922043]], "M_G2C7_M M_G2C7H2_M": [[-0.19978507422660355, 0.07593058802538187, 0.00448204089505536]], "M_G2C8_M M_G2C8H1_M": [[-0.19115599388861318, 0.07893218033968963, 0.004659219287227355]], "M_G2C8_M M_G2C8H2_M": [[-0.19087114313373268, 0.07253885205820824, 0.00428183305121487]], "M_G2C9_M M_G2C9H1_M": [[-0.12354980015976065, 0.07356304904147262, 0.004342289487586056]], "M_G2C9_M M_G2C9H2_M": [[-0.12081254237349001, 0.07070415784206745, 0.004173534475890841]], "M_G2C10_M M_G2C10H1_M": [[-0.09178412508348578, 0.08268854634408641, 0.004880950561623309]], "M_G2C11_M M_G2C11H1_M": [[-0.052711308433290506, 0.07378283995200458, 0.004355263334819221]], "M_G2C12_M M_G2C12H1_M": [[-0.07776766755328202, 0.06415092490866395, 0.003786709366719821]], "M_G2C12_M M_G2C12H2_M": [[-0.07902729414737929, 0.07005068457995403, 0.004134961168864185]], "M_G2C13_M M_G2C13H1_M": [[-0.13226410359150673, 0.06131187385605734, 0.0036191254818606754]], "M_G2C13_M M_G2C13H2_M": [[-0.13395277295130592, 0.05894650858516533, 0.003479502384613782]], "M_G2C14_M M_G2C14H1_M": [[-0.13932788774794577, 0.05665203974372787, 0.003344064171277211]], "M_G2C14_M M_G2C14H2_M": [[-0.13838921441317653, 0.0583715759000831, 0.0034455651812619376]], "M_G2C15_M M_G2C15H1_M": [[-0.14602287389554686, 0.05684285710569883, 0.0033553277640147585]], "M_G2C15_M M_G2C15H2_M": [[-0.14797064847714425, 0.05700909263960847, 0.003365140337321122]], "M_G2C16_M M_G2C16H1_M": [[-0.13483297538859698, 0.050516884948785305, 0.002981917434322723]], "M_G2C16_M M_G2C16H2_M": [[-0.1334321355010588, 0.05080994006100959, 0.0029992159306422195]], "M_G2C17_M M_G2C17H1_M": [[-0.12290081306668776, 0.04414098497670089, 0.0026055599588859194]], "M_G2C17_M M_G2C17H2_M": [[-0.12133007872612772, 0.044936208207874445, 0.002652500502025484]], "M_G2C18_M M_G2C18H1_M": [[-0.09207740949316226, 0.03406421311729175, 0.002010746923210266]], "M_G2C18_M M_G2C18H2_M": [[-0.08950420098954232, 0.03473767021414572, 0.0020504998387040293]], "M_G2C19_M M_G2C19H1_M": [[-0.02690332207348444, 0.01252986933225997, 0.00073961480106168]], "M_G2C19_M M_G2C19H2_M": [[-0.02633645185654529, 0.012446671767556955, 0.0007347038040963558]], "M_G2C19_M M_G2C19H3_M": [[-0.02852329372730231, 0.012896044431039687, 0.000761229433717139]], "M_G3_M M_G3H1_M": [[-0.1913142659537201, 0.20099430462327755, 0.01186431866817107]], "M_G3_M M_G3H2_M": [[-0.2636886050041969, 0.19659216856189918, 0.011604468792570207]], "M_G3C4_M M_G3C4H1_M": [[0.07411640344250163, 0.19141737081498456, 0.011299010139760108]], "M_G3C4_M M_G3C4H2_M": [[0.07655827617685056, 0.1926235119558178, 0.011370206400173848]], "M_G3C5_M M_G3C5H1_M": [[0.056244592725994504, 0.19561109378153801, 0.011546557779353553]], "M_G3C5_M M_G3C5H2_M": [[0.05497774279795101, 0.19793106620464013, 0.011683501421516161]], "M_G3N6C1_M M_G3N6C1H1_M": [[-0.01771675797560227, 0.04346247993630805, 0.0025655090727064876]], "M_G3N6C1_M M_G3N6C1H2_M": [[-0.015121833231390987, 0.045865616234477456, 0.002707361723198102]], "M_G3N6C1_M M_G3N6C1H3_M": [[-0.017905882196132112, 0.04734130680811137, 0.0027944689835457228]], "M_G3N6C2_M M_G3N6C2H1_M": [[-0.0177924197673608, 0.04489266573392452, 0.0026499302710554537]], "M_G3N6C2_M M_G3N6C2H2_M": [[-0.012151142757799573, 0.04931505910666156, 0.0029109758979377768]], "M_G3N6C2_M M_G3N6C2H3_M": [[-0.012307327543146979, 0.04816115448384065, 0.0028428630616885975]], "M_G3N6C3_M M_G3N6C3H1_M": [[-0.014904513747444718, 0.04604985028709945, 0.002718236715471802]], "M_G3N6C3_M M_G3N6C3H2_M": [[-0.014473676781288417, 0.048459456968282404, 0.0028604713005964486]], "M_G3N6C3_M M_G3N6C3H3_M": [[-0.016639969971676875, 0.04683831915206272, 0.0027647785609802543]]}