{
    "10.1021/acs.jpcb.4c04719": {
        "M_G1_M M_G1H1_M": [0.00786986, 0.0534854, 0.00474606, -0.135, 0.02, 0.00301617],
        "M_G1_M M_G1H2_M": [-0.162863, 0.0558895, 0.00495939, 0, 0.02, 0.00241478],
        "M_G1C3_M M_G1C3H1_M": [-0.21088, 0.0268093, 0.00237894, -0.197, 0.02, 0.859677],
        "M_G1C3_M M_G1C3H2_M": [-0.176729, 0.0290593, 0.00257859, -0.197, 0.02, 0.446265],
        "M_G1C4_M M_G1C4H1_M": [-0.137953, 0.0232407, 0.00206228, -0.172, 0.02, 0.034262],
        "M_G1C4_M M_G1C4H2_M": [-0.136115, 0.0209091, 0.00185539, -0.172, 0.02, 0.026448],
        "M_G1C5_M M_G1C5H1_M": [-0.161147, 0.021221, 0.00188306, -0.163, 0.02, 0.939727],
        "M_G1C5_M M_G1C5H2_M": [-0.155981, 0.021002, 0.00186363, -0.163, 0.02, 0.932691],
        "M_G1C6_M M_G1C6H1_M": [-0.179563, 0.02032, 0.00180311, -0.183, 0.02, 0.941042],
        "M_G1C6_M M_G1C6H2_M": [-0.181629, 0.0212694, 0.00188736, -0.183, 0.02, 0.939822],
        "M_G1C7_M M_G1C7H1_M": [-0.191183, 0.0207956, 0.00184531, -0.189, 0.02, 0.940732],
        "M_G1C7_M M_G1C7H2_M": [-0.191341, 0.0215259, 0.00191012, -0.189, 0.02, 0.938554],
        "M_G1C8_M M_G1C8H1_M": [-0.189211, 0.0209615, 0.00186003, -0.18, 0.02, 0.925416],
        "M_G1C8_M M_G1C8H2_M": [-0.189267, 0.0205053, 0.00181955, -0.18, 0.02, 0.92678],
        "M_G1C9_M M_G1C9H1_M": [-0.185014, 0.0207411, 0.00184047, -0.166, 0.02, 0.641495],
        "M_G1C9_M M_G1C9H2_M": [-0.186293, 0.0203031, 0.00180161, -0.166, 0.02, 0.434505],
        "M_G1C10_M M_G1C10H1_M": [-0.176491, 0.0193291, 0.00171518, -0.158, 0.02, 0.715529],
        "M_G1C10_M M_G1C10H2_M": [-0.17441, 0.0202204, 0.00179427, -0.158, 0.02, 0.836798],
        "M_G1C11_M M_G1C11H1_M": [-0.16585, 0.0181751, 0.00161278, -0.135, 0.02, 0.0368794],
        "M_G1C11_M M_G1C11H2_M": [-0.165107, 0.019011, 0.00168696, -0.135, 0.02, 0.0419312],
        "M_G1C12_M M_G1C12H1_M": [-0.151692, 0.0175008, 0.00155295, -0.132, 0.02, 0.549791],
        "M_G1C12_M M_G1C12H2_M": [-0.151786, 0.0185057, 0.00164212, -0.132, 0.02, 0.528072],
        "M_G1C13_M M_G1C13H1_M": [-0.138244, 0.0162891, 0.00144542, -0.107, 0.02, 0.03172],
        "M_G1C13_M M_G1C13H2_M": [-0.138782, 0.0169499, 0.00150406, -0.107, 0.02, 0.0311744],
        "M_G1C14_M M_G1C14H1_M": [-0.122234, 0.0144385, 0.00128121, -0.089, 0.02, 0.0230609],
        "M_G1C14_M M_G1C14H2_M": [-0.122806, 0.0152447, 0.00135275, -0.089, 0.02, 0.0230894],
        "M_G1C15_M M_G1C15H1_M": [-0.104668, 0.0130646, 0.0011593, -0.084, 0.02, 0.324436],
        "M_G1C15_M M_G1C15H2_M": [-0.105371, 0.0119335, 0.00105892, -0.084, 0.02, 0.201241],
        "M_G1C16_M M_G1C16H1_M": [-0.0780695, 0.0108333, 0.000961298, -0.058, 0.02, 0.469389],
        "M_G1C16_M M_G1C16H2_M": [-0.0790488, 0.00874025, 0.000775572, -0.058, 0.02, 0.196663],
        "M_G1C17_M M_G1C17H1_M": [-0.0196308, 0.00662369, 0.000587757, -0.013, 0.02, 0.978991],
        "M_G1C17_M M_G1C17H2_M": [-0.0199735, 0.0071657, 0.000635853, -0.013, 0.02, 0.976973],
        "M_G1C17_M M_G1C17H3_M": [-0.0202767, 0.00627548, 0.000556859, -0.013, 0.02, 0.97958],
        "M_G2_M M_G2H1_M": [-0.193885, 0.049162, 0.00436242, -0.197, 0.02, 0.860147],
        "M_G2C3_M M_G2C3H1_M": [-0.176207, 0.0239727, 0.00212723, -0.072, 0.02, 0.00258843],
        "M_G2C3_M M_G2C3H2_M": [-0.159935, 0.0368859, 0.0032731, -0.118, 0.02, 0.0303443],
        "M_G2C4_M M_G2C4H1_M": [-0.193642, 0.0262997, 0.00233372, -0.172, 0.02, 0.287015],
        "M_G2C4_M M_G2C4H2_M": [-0.190355, 0.0234636, 0.00208206, -0.172, 0.02, 0.695556],
        "M_G2C5_M M_G2C5H1_M": [-0.169786, 0.0216453, 0.00192071, -0.169, 0.02, 0.938956],
        "M_G2C5_M M_G2C5H2_M": [-0.156704, 0.0225921, 0.00200472, -0.169, 0.02, 0.899233],
        "M_G2C6_M M_G2C6H1_M": [-0.183144, 0.0225679, 0.00200258, -0.172, 0.02, 0.908771],
        "M_G2C6_M M_G2C6H2_M": [-0.173326, 0.0210426, 0.00186723, -0.172, 0.02, 0.940478],
        "M_G2C7_M M_G2C7H1_M": [-0.168256, 0.0210542, 0.00186826, -0.155, 0.02, 0.896109],
        "M_G2C7_M M_G2C7H2_M": [-0.162839, 0.0211175, 0.00187388, -0.155, 0.02, 0.929942],
        "M_G2C8_M M_G2C8H1_M": [-0.157905, 0.0199801, 0.00177294, -0.141, 0.02, 0.819121],
        "M_G2C8_M M_G2C8H2_M": [-0.153858, 0.0195408, 0.00173397, -0.141, 0.02, 0.907406],
        "M_G2C9_M M_G2C9H1_M": [-0.0982538, 0.019184, 0.00170231, -0.109, 0.02, 0.924486],
        "M_G2C9_M M_G2C9H2_M": [-0.0957708, 0.0199292, 0.00176843, -0.109, 0.02, 0.901755],
        "M_G2C10_M M_G2C10H1_M": [-0.070104, 0.0205093, 0.0018199, -0.101, 0.02, 0.0413022],
        "M_G2C11_M M_G2C11H1_M": [-0.0424379, 0.0170952, 0.00151695, -0.018, 0.02, 0.0939785],
        "M_G2C12_M M_G2C12H1_M": [-0.057447, 0.0178675, 0.00158548, -0.05, 0.02, 0.941641],
        "M_G2C12_M M_G2C12H2_M": [-0.0544694, 0.018849, 0.00167258, -0.05, 0.02, 0.944127],
        "M_G2C13_M M_G2C13H1_M": [-0.0962239, 0.0171834, 0.00152478, -0.089, 0.02, 0.94438],
        "M_G2C13_M M_G2C13H2_M": [-0.0975954, 0.0173007, 0.00153519, -0.089, 0.02, 0.940335],
        "M_G2C14_M M_G2C14H1_M": [-0.101345, 0.0169581, 0.00150479, -0.089, 0.02, 0.923416],
        "M_G2C14_M M_G2C14H2_M": [-0.101843, 0.0172406, 0.00152985, -0.089, 0.02, 0.91815],
        "M_G2C15_M M_G2C15H1_M": [-0.107148, 0.0171731, 0.00152386, -0.084, 0.02, 0.132276],
        "M_G2C15_M M_G2C15H2_M": [-0.107738, 0.0168956, 0.00149924, -0.084, 0.02, 0.110501],
        "M_G2C16_M M_G2C16H1_M": [-0.100243, 0.0147985, 0.00131315, -0.084, 0.02, 0.881453],
        "M_G2C16_M M_G2C16H2_M": [-0.0984416, 0.0156374, 0.0013876, -0.084, 0.02, 0.909312],
        "M_G2C17_M M_G2C17H1_M": [-0.0905542, 0.0138026, 0.00122478, -0.084, 0.02, 0.956414],
        "M_G2C17_M M_G2C17H2_M": [-0.0913128, 0.0128778, 0.00114272, -0.084, 0.02, 0.958098],
        "M_G2C18_M M_G2C18H1_M": [-0.068984, 0.00937803, 0.000832166, -0.058, 0.02, 0.962156],
        "M_G2C18_M M_G2C18H2_M": [-0.068634, 0.0104096, 0.0009237, -0.058, 0.02, 0.959114],
        "M_G2C19_M M_G2C19H1_M": [-0.0194523, 0.00647834, 0.00057486, -0.013, 0.02, 0.979585],
        "M_G2C19_M M_G2C19H2_M": [-0.0199254, 0.00631256, 0.000560149, -0.013, 0.02, 0.97975],
        "M_G2C19_M M_G2C19H3_M": [-0.0211865, 0.00603352, 0.000535388, -0.013, 0.02, 0.979539],
        "M_G3_M M_G3H1_M": [-0.227841, 0.0468577, 0.00415795, -0.206, 0.02, 0.335777],
        "M_G3_M M_G3H2_M": [-0.127747, 0.0614323, 0.00545123, -0.206, 0.02, 0.0120584],
        "M_G3C4_M M_G3C4H1_M": [0.0561549, 0.0417745, 0.00370689, 0.047, 0.02, 0.854908],
        "M_G3C4_M M_G3C4H2_M": [0.0350747, 0.0372915, 0.00330908, 0.047, 0.02, 0.843323],
        "M_G3C5_M M_G3C5H1_M": [0.00554297, 0.0388369, 0.00344622, -0.038, 0.02, 0.0290192],
        "M_G3C5_M M_G3C5H2_M": [0.0378116, 0.0446647, 0.00396335, -0.038, 0.02, 0.00940654],
        "M_G3N6C1_M M_G3N6C1H1_M": [-0.0127446, 0.0102255, 0.000907362, 0.001, 0.02, 0.945591],
        "M_G3N6C1_M M_G3N6C1H2_M": [-0.0134108, 0.0113264, 0.00100505, 0.001, 0.02, 0.934072],
        "M_G3N6C1_M M_G3N6C1H3_M": [-0.0126668, 0.0112983, 0.00100256, 0.001, 0.02, 0.94055],
        "M_G3N6C2_M M_G3N6C2H1_M": [-0.0132354, 0.0110858, 0.000983705, 0.001, 0.02, 0.937057],
        "M_G3N6C2_M M_G3N6C2H2_M": [-0.0144901, 0.0115739, 0.00102702, 0.001, 0.02, 0.919519],
        "M_G3N6C2_M M_G3N6C2H3_M": [-0.0140429, 0.0131566, 0.00116746, 0.001, 0.02, 0.915775],
        "M_G3N6C3_M M_G3N6C3H1_M": [-0.0121197, 0.0120328, 0.00106774, 0.001, 0.02, 0.940734],
        "M_G3N6C3_M M_G3N6C3H2_M": [-0.0132723, 0.0115109, 0.00102143, 0.001, 0.02, 0.934342],
        "M_G3N6C3_M M_G3N6C3H3_M": [-0.013101, 0.0105563, 0.000936716, 0.001, 0.02, 0.941132]
    },
    "10.1039/c2cp42738a": {
        "M_G1_M M_G1H1_M": [0.00786986, 0.0534854, 0.00474606, -0.149916, 0.02, 0.00246453],
        "M_G1_M M_G1H2_M": [-0.162863, 0.0558895, 0.00495939, 0, 0.02, 0.00241478],
        "M_G1C3_M M_G1C3H1_M": [-0.21088, 0.0268093, 0.00237894, -0.209877, 0.02, 0.924445],