{"headgroup": 0.6313973875537857, "tails": 0.7223950974327299, "total": 0.6920625274730817}