{"headgroup": 76.80396223933195, "sn-1": 31.052204682929432, "sn-2": 42.914228280609095, "total": 50.256798400956825}