{"M_C3_M M_C3H3_M": [[-0.39013310231673254, 0.031059904988412504, 0.004349256636707626]], "M_C4_M M_C4H41_M": [[-0.34088460240243607, 0.030369049577513716, 0.00425251752942517]], "M_C4_M M_C4H42_M": [[-0.1942913482908476, 0.03830087272489627, 0.0053631949277563856]], "M_C6_M M_C6H6_M": [[-0.037026456729387675, 0.03754665239708524, 0.005257582957356099]], "M_C7_M M_C7H71_M": [[-0.2910667499182319, 0.028673079949740072, 0.004015034280136387]], "M_C7_M M_C7H72_M": [[-0.35434101024861253, 0.030748550491065115, 0.0043056582865368155]], "M_C8_M M_C8H8_M": [[-0.424498817508239, 0.03234903278334636, 0.004529770634408908]], "M_C14_M M_C14H14_M": [[-0.42099857286183134, 0.03138782914122179, 0.004395175202732686]], "M_C15_M M_C15H151_M": [[-0.3880345390600362, 0.033046356579553585, 0.004627415496803687]], "M_C15_M M_C15H152_M": [[-0.34429315851966624, 0.038079059035717226, 0.0053321347986241665]], "M_C16_M M_C16H161_M": [[-0.08727143351978651, 0.02337005232605725, 0.003272461883487043]], "M_C16_M M_C16H162_M": [[-0.17289571166479825, 0.021694849547443752, 0.0030378865747269566]], "M_C17_M M_C17H17_M": [[-0.4106770841707539, 0.06823741611145165, 0.009555149476639779]], "M_C18_M M_C18H181_M": [[0.12026411808070406, 0.015662609638350405, 0.002193204034048722]], "M_C18_M M_C18H182_M": [[0.12199563477974561, 0.02171593380093431, 0.0030408389607518996]], "M_C18_M M_C18H183_M": [[0.12112718358672447, 0.01807407632605481, 0.002530876911657669]], "M_C12_M M_C12H121_M": [[-0.11885545308323169, 0.059254700794498426, 0.008297317740757483]], "M_C12_M M_C12H122_M": [[-0.40938064269336605, 0.053301004642407036, 0.007463633525944706]], "M_C11_M M_C11H111_M": [[-0.42060801429396455, 0.033379944411194254, 0.0046741271364957385]], "M_C11_M M_C11H112_M": [[-0.23253115629798624, 0.029400888774005512, 0.00411694790029626]], "M_C9_M M_C9H9_M": [[-0.4195064511503797, 0.03192963413113549, 0.004471043076413001]], "M_C19_M M_C19H191_M": [[0.12054235340828397, 0.015018473789300785, 0.0021030069739654566]], "M_C19_M M_C19H192_M": [[0.12018107378087459, 0.01605081950217396, 0.002247564288122257]], "M_C19_M M_C19H193_M": [[0.12187056408600154, 0.01597317758450927, 0.002236692245023096]], "M_C1_M M_C1H11_M": [[-0.20977282568589026, 0.03936822829105769, 0.0055126546019436135]], "M_C1_M M_C1H12_M": [[-0.38636664208481325, 0.03217847075542978, 0.004505887173330607]], "M_C2_M M_C2H21_M": [[-0.23634762806503024, 0.04061264310948676, 0.005686907530595168]], "M_C2_M M_C2H22_M": [[-0.36461995115573853, 0.038662693817230795, 0.005413860014714115]], "M_C20_M M_C20H20_M": [[-0.40079279084028246, 0.03102919069184855, 0.0043449557749302824]], "M_C21_M M_C21H211_M": [[0.11306254726320986, 0.019274730222744917, 0.002699002085592247]], "M_C21_M M_C21H212_M": [[0.11212524186511642, 0.018594786407151145, 0.00260379090726885]], "M_C21_M M_C21H213_M": [[0.11516039927554303, 0.015266809584771944, 0.0021377809408204083]], "M_C22_M M_C22H221_M": [[-0.29257011520104603, 0.0736575154854335, 0.010314115197323726]], "M_C22_M M_C22H222_M": [[-0.37887634888239774, 0.046409607470393376, 0.006498644904834938]], "M_C23_M M_C23H231_M": [[-0.23941437982643599, 0.06642317447535205, 0.009301104833575312]], "M_C23_M M_C23H232_M": [[-0.36267420057699684, 0.03988655891540209, 0.00558523540696474]], "M_C24_M M_C24H241_M": [[-0.2363002053782576, 0.055436563204145195, 0.007762671538172451]], "M_C24_M M_C24H242_M": [[-0.3148026519896568, 0.040051000414613756, 0.0056082618225981205]], "M_C25_M M_C25H25_M": [[-0.19223769021533238, 0.040219028086040644, 0.005631790402784587]], "M_C26_M M_C26H261_M": [[0.016820341010597525, 0.013934033252501333, 0.0019511549253661649]], "M_C26_M M_C26H262_M": [[0.017347036236052257, 0.016234554311162268, 0.0022732923074991586]], "M_C26_M M_C26H263_M": [[0.016414851361381908, 0.014624428220089527, 0.0020478295576888557]], "M_C27_M M_C27H271_M": [[0.014910617715412541, 0.014348967377933475, 0.002009257324568786]], "M_C27_M M_C27H272_M": [[0.018361217552397814, 0.014669142786480415, 0.002054090849367167]], "M_C27_M M_C27H273_M": [[0.015486319858961579, 0.013567949265243219, 0.0018998929137222548]]}