{"M_G1_M M_G1H1_M": [[-0.08470215917905591, 0.10012681132830935, 0.007027524473839847]], "M_G1_M M_G1H2_M": [[-0.14955097684855437, 0.08786928211211062, 0.00616721457868903]], "M_G1C3_M M_G1C3H1_M": [[-0.2790407452227603, 0.05366234496359636, 0.0037663582566189917]], "M_G1C3_M M_G1C3H2_M": [[-0.2825747505880958, 0.051655086565218736, 0.0036254763356551203]], "M_G1C4_M M_G1C4H1_M": [[-0.26375367894661855, 0.06040692466413505, 0.004239734950458617]], "M_G1C4_M M_G1C4H2_M": [[-0.27019293369503034, 0.06025215015207276, 0.004228871909310948]], "M_G1C5_M M_G1C5H1_M": [[-0.3068287963760764, 0.0613418253854477, 0.0043053521174539035]], "M_G1C5_M M_G1C5H2_M": [[-0.31021238535356555, 0.06135102913751994, 0.004305998094211585]], "M_G1C6_M M_G1C6H1_M": [[-0.307123767048732, 0.06970525565516487, 0.00489234984689296]], "M_G1C6_M M_G1C6H2_M": [[-0.3066745488092327, 0.07052768714735771, 0.004950073221509282]], "M_G1C7_M M_G1C7H1_M": [[-0.3209894803774317, 0.07057520568553356, 0.0049534083690642855]], "M_G1C7_M M_G1C7H2_M": [[-0.32107728372094424, 0.07019816553954121, 0.004926945338648852]], "M_G1C8_M M_G1C8H1_M": [[-0.3157984042047743, 0.07635437952029721, 0.005359026854498802]], "M_G1C8_M M_G1C8H2_M": [[-0.3169735369855616, 0.0759350602055877, 0.005329596408173965]], "M_G1C9_M M_G1C9H1_M": [[-0.31667296072461343, 0.07757486441725744, 0.005444688101167454]], "M_G1C9_M M_G1C9H2_M": [[-0.3166340478986573, 0.07807538573938225, 0.005479817811124734]], "M_G1C10_M M_G1C10H1_M": [[-0.3046391379486293, 0.08297442922695387, 0.005823663256221629]], "M_G1C10_M M_G1C10H2_M": [[-0.304866896715265, 0.083531286577684, 0.005862746980238985]], "M_G1C11_M M_G1C11H1_M": [[-0.29708916736933066, 0.08469601586081392, 0.005944494949978627]], "M_G1C11_M M_G1C11H2_M": [[-0.2971935454598591, 0.0854036290014247, 0.0059941596561415705]], "M_G1C12_M M_G1C12H1_M": [[-0.2782565110846222, 0.0886862220723382, 0.006224552523321387]], "M_G1C12_M M_G1C12H2_M": [[-0.27897755357658766, 0.08895144326590705, 0.006243167401834542]], "M_G1C13_M M_G1C13H1_M": [[-0.26171100577584466, 0.08919091615553566, 0.006259975103691421]], "M_G1C13_M M_G1C13H2_M": [[-0.26273247367926555, 0.08852758671322479, 0.006213418503833535]], "M_G1C14_M M_G1C14H1_M": [[-0.23187815169120163, 0.08683178304574944, 0.00609439641955948]], "M_G1C14_M M_G1C14H2_M": [[-0.2315039584856993, 0.08775983409949156, 0.006159532834138396]], "M_G1C15_M M_G1C15H1_M": [[-0.19814179722231748, 0.0773184272785918, 0.005426689742445481]], "M_G1C15_M M_G1C15H2_M": [[-0.1977030021463237, 0.07863424894785756, 0.005519042318756473]], "M_G1C16_M M_G1C16H1_M": [[-0.13947166180190007, 0.06095807344829943, 0.004278418011649313]], "M_G1C16_M M_G1C16H2_M": [[-0.1404146635151313, 0.06076517814961155, 0.004264879415798369]], "M_G1C17_M M_G1C17H1_M": [[-0.04195659885368402, 0.0209093790883278, 0.0014675507122084224]], "M_G1C17_M M_G1C17H2_M": [[-0.043346119539344745, 0.01868580652458079, 0.0013114865131813149]], "M_G1C17_M M_G1C17H3_M": [[-0.04153149972807706, 0.019548474814928475, 0.001372033957395289]], "M_G2_M M_G2H1_M": [[-0.03866583881198045, 0.11701583639220901, 0.008212901651054441]], "M_G2C3_M M_G2C3H1_M": [[-0.2017302676200383, 0.06733581186531654, 0.004726047494889076]], "M_G2C3_M M_G2C3H2_M": [[-0.1957176728651451, 0.06413056562132306, 0.004501083310715772]], "M_G2C4_M M_G2C4H1_M": [[-0.2761342519189604, 0.053480973427985905, 0.003753628470376413]], "M_G2C4_M M_G2C4H2_M": [[-0.23690134381321967, 0.059021091758242, 0.004142468548646594]], "M_G2C5_M M_G2C5H1_M": [[-0.28785328651941544, 0.05581578539560505, 0.0039175001449717126]], "M_G2C5_M M_G2C5H2_M": [[-0.28410315250924045, 0.05809294391709737, 0.004077325340923755]], "M_G2C6_M M_G2C6H1_M": [[-0.30694231352764484, 0.06214350958379257, 0.0043616193175117]], "M_G2C6_M M_G2C6H2_M": [[-0.3042047465434724, 0.0641943116337405, 0.004505557403682783]], "M_G2C7_M M_G2C7H1_M": [[-0.3140313403596824, 0.06716161625272925, 0.004713821359706574]], "M_G2C7_M M_G2C7H2_M": [[-0.31485566231894124, 0.06633403427638082, 0.0046557364919699255]], "M_G2C8_M M_G2C8H1_M": [[-0.3230963818813738, 0.06988308504608723, 0.004904831023316098]], "M_G2C8_M M_G2C8H2_M": [[-0.32251221895572696, 0.07046609194535988, 0.004945750085839941]], "M_G2C9_M M_G2C9H1_M": [[-0.3216704663555403, 0.07508899653973479, 0.005270214380130425]], "M_G2C9_M M_G2C9H2_M": [[-0.3218994676119302, 0.07406647777936691, 0.005198447632362098]], "M_G2C10_M M_G2C10H1_M": [[-0.32082353997106455, 0.07831821443200819, 0.005496861044178306]], "M_G2C10_M M_G2C10H2_M": [[-0.3207242194066531, 0.07748945930021173, 0.005438693837071078]], "M_G2C11_M M_G2C11H1_M": [[-0.3107712434673498, 0.08186624767741252, 0.005745884159318961]], "M_G2C11_M M_G2C11H2_M": [[-0.31084734900930877, 0.08216668265032245, 0.005766970560622596]], "M_G2C12_M M_G2C12H1_M": [[-0.3010475386416212, 0.08489011439019177, 0.005958117996068316]], "M_G2C12_M M_G2C12H2_M": [[-0.30190829604482344, 0.08401106489941394, 0.005896420816979072]], "M_G2C13_M M_G2C13H1_M": [[-0.2834993739254102, 0.08753250379855072, 0.006143577374933081]], "M_G2C13_M M_G2C13H2_M": [[-0.2848533276654348, 0.08647101404783795, 0.006069075399858648]], "M_G2C14_M M_G2C14H1_M": [[-0.26414812281308453, 0.08800896696416434, 0.006177018533328246]], "M_G2C14_M M_G2C14H2_M": [[-0.26481599065672823, 0.08679281349903004, 0.00609166129357602]], "M_G2C15_M M_G2C15H1_M": [[-0.2289942502085371, 0.08444057309040426, 0.005926566382226347]], "M_G2C15_M M_G2C15H2_M": [[-0.22899410419898725, 0.08432012887350411, 0.005918112855435976]], "M_G2C16_M M_G2C16H1_M": [[-0.18071416739238283, 0.07151185567592197, 0.005019148310679857]], "M_G2C16_M M_G2C16H2_M": [[-0.17900020373778572, 0.07299762904315636, 0.005123429157760693]], "M_G2C17_M M_G2C17H1_M": [[-0.04726993056216079, 0.02508212440970875, 0.0017604200194407643]], "M_G2C17_M M_G2C17H2_M": [[-0.048186912426815554, 0.024373193315678787, 0.0017106628110819973]], "M_G2C17_M M_G2C17H3_M": [[-0.04814758300507244, 0.024863195284683663, 0.0017450542071898835]], "M_G3_M M_G3H1_M": [[-0.02290832480711004, 0.108471064339655, 0.007613176223608134]], "M_G3_M M_G3H2_M": [[0.03375787349257478, 0.11660457505018693, 0.008184036763539668]], "M_G3C4_M M_G3C4H1_M": [[0.00610242932001867, 0.0435099941562192, 0.003053802919847983]], "M_G3C4_M M_G3C4H2_M": [[0.005037878965250627, 0.051532286374259294, 0.0036168574519024957]], "M_G3C5_M M_G3C5H1_M": [[-0.08854777994293489, 0.031883680175374504, 0.002237795649097797]], "M_G3C5_M M_G3C5H2_M": [[-0.059819902128530916, 0.038363815457453626, 0.0026926119833490065]], "M_G3N6C1_M M_G3N6C1H1_M": [[0.014634438693921534, 0.015893238672896673, 0.0011154866739552366]], "M_G3N6C1_M M_G3N6C1H2_M": [[0.012730206295490237, 0.01555177476840115, 0.001091520606186366]], "M_G3N6C1_M M_G3N6C1H3_M": [[0.013689750611956113, 0.016408201482172903, 0.001151629977604844]], "M_G3N6C2_M M_G3N6C2H1_M": [[0.015410627209543773, 0.01588288898695393, 0.0011147602684071691]], "M_G3N6C2_M M_G3N6C2H2_M": [[0.013380150995684376, 0.016524042718344654, 0.001159760438482176]], "M_G3N6C2_M M_G3N6C2H3_M": [[0.012223440520085076, 0.01676075731502002, 0.001176374546126099]], "M_G3N6C3_M M_G3N6C3H1_M": [[0.011893005016253117, 0.016688205368284442, 0.0011712823977340244]], "M_G3N6C3_M M_G3N6C3H2_M": [[0.016679303857190284, 0.01580458212154449, 0.00110926420390822]], "M_G3N6C3_M M_G3N6C3H3_M": [[0.016669520934876482, 0.01656954434623517, 0.001162954026686555]]}