{"M_G1_M M_G1H1_M": [[-0.18189825555717856, 0.06264744208700701, 0.004440959423732746]], "M_G1_M M_G1H2_M": [[-0.0514093021145162, 0.06378210902386038, 0.0045213938302807195]], "M_G1C3_M M_G1C3H1_M": [[-0.26104795415305304, 0.03048914652910024, 0.00216131829312243]], "M_G1C3_M M_G1C3H2_M": [[-0.23263921399588738, 0.032065600974597305, 0.0022730701858189005]], "M_G1C4_M M_G1C4H1_M": [[-0.2136340751680286, 0.02189769347026778, 0.001552286333410659]], "M_G1C4_M M_G1C4H2_M": [[-0.19748157280997983, 0.025592506106003353, 0.0018142046567606851]], "M_G1C5_M M_G1C5H1_M": [[-0.24251199885162045, 0.019073761601106968, 0.0013521031107834433]], "M_G1C5_M M_G1C5H2_M": [[-0.2385377260593795, 0.020833201800232598, 0.0014768265196330717]], "M_G1C6_M M_G1C6H1_M": [[-0.24670521865617143, 0.019415562934314207, 0.0013763327648791837]], "M_G1C6_M M_G1C6H2_M": [[-0.24280030737114078, 0.020293604611744228, 0.001438575489113597]], "M_G1C7_M M_G1C7H1_M": [[-0.2596394605329937, 0.01842105422110725, 0.00130583391137824]], "M_G1C7_M M_G1C7H2_M": [[-0.2582055424498956, 0.01832446745632236, 0.001298987057157383]], "M_G1C8_M M_G1C8H1_M": [[-0.2535753168366837, 0.018883017816160495, 0.0013385816423713726]], "M_G1C8_M M_G1C8H2_M": [[-0.2528326696829996, 0.018578340908824487, 0.0013169836690503163]], "M_G1C9_M M_G1C9H1_M": [[-0.25544338756953133, 0.018093763737160967, 0.0012826329041134797]], "M_G1C9_M M_G1C9H2_M": [[-0.2545625183918035, 0.018553103650562192, 0.0013151946472455083]], "M_G1C10_M M_G1C10H1_M": [[-0.24130137373262295, 0.019274334960142716, 0.0013663213792280264]], "M_G1C10_M M_G1C10H2_M": [[-0.24064170201620397, 0.01912009477045048, 0.0013553875820750516]], "M_G1C11_M M_G1C11H1_M": [[-0.23419114833168395, 0.018747664798424286, 0.0013289867213399369]], "M_G1C11_M M_G1C11H2_M": [[-0.23379364323760782, 0.018711414450683285, 0.0013264170023210757]], "M_G1C12_M M_G1C12H1_M": [[-0.2128063587138946, 0.01844674541626734, 0.001307655111916559]], "M_G1C12_M M_G1C12H2_M": [[-0.21292299333478873, 0.018714264106935045, 0.0013266190090968364]], "M_G1C13_M M_G1C13H1_M": [[-0.19918991392874866, 0.017211831802366965, 0.0012201144068462691]], "M_G1C13_M M_G1C13H2_M": [[-0.19910549987662826, 0.01773659066328354, 0.0012573135762128035]], "M_G1C14_M M_G1C14H1_M": [[-0.171941025204085, 0.01678254616018831, 0.0011896831545142308]], "M_G1C14_M M_G1C14H2_M": [[-0.17234171432603543, 0.016699303820116605, 0.0011837822614804566]], "M_G1C15_M M_G1C15H1_M": [[-0.14925331120752353, 0.014705196245868461, 0.0010424237234655292]], "M_G1C15_M M_G1C15H2_M": [[-0.14945031862736657, 0.014656530041013072, 0.001038973867671422]], "M_G1C16_M M_G1C16H1_M": [[-0.11074930460114732, 0.012105346287682651, 0.0008581252463455663]], "M_G1C16_M M_G1C16H2_M": [[-0.11075832495831225, 0.0119704776504761, 0.0008485646621394852]], "M_G1C17_M M_G1C17H1_M": [[-0.03744134223463228, 0.0054803543138835205, 0.0003884920169898382]], "M_G1C17_M M_G1C17H2_M": [[-0.03765057225868856, 0.005020313807915715, 0.0003558806101675279]], "M_G1C17_M M_G1C17H3_M": [[-0.03714646668805532, 0.005204001005769565, 0.0003689018503834521]], "M_G2_M M_G2H1_M": [[-0.20203030244138503, 0.05807728844494096, 0.0041169898216466445]], "M_G2C3_M M_G2C3H1_M": [[-0.0816069864613302, 0.04860162761430631, 0.003445278034859587]], "M_G2C3_M M_G2C3H2_M": [[-0.12158617281469164, 0.03495943829340071, 0.0024782088743840456]], "M_G2C4_M M_G2C4H1_M": [[-0.2308091202651604, 0.029721203059835097, 0.0021068802239353345]], "M_G2C4_M M_G2C4H2_M": [[-0.23522731194206836, 0.02771407683104657, 0.0019645988179685893]], "M_G2C5_M M_G2C5H1_M": [[-0.22984953470703798, 0.026416753936452115, 0.0018726340362880875]], "M_G2C5_M M_G2C5H2_M": [[-0.2340115876488729, 0.025377208297215712, 0.0017989425997477814]], "M_G2C6_M M_G2C6H1_M": [[-0.24542802739692587, 0.024924780962038137, 0.0017668708762938424]], "M_G2C6_M M_G2C6H2_M": [[-0.244625352796883, 0.023702826467270757, 0.001680248818822237]], "M_G2C7_M M_G2C7H1_M": [[-0.22213843175803014, 0.02334778236069184, 0.00165508040941196]], "M_G2C7_M M_G2C7H2_M": [[-0.2219967282445789, 0.022154197294289496, 0.0015704694073968351]], "M_G2C8_M M_G2C8H1_M": [[-0.21166150534675096, 0.021987470382888865, 0.0015586504500107355]], "M_G2C8_M M_G2C8H2_M": [[-0.21283353787764356, 0.0206669981789318, 0.0014650446572986257]], "M_G2C9_M M_G2C9H1_M": [[-0.12401396776397941, 0.023609383798461017, 0.0016736248436557328]], "M_G2C9_M M_G2C9H2_M": [[-0.1256425899941039, 0.019754263151259534, 0.0014003425866716624]], "M_G2C10_M M_G2C10H1_M": [[-0.07417279607718384, 0.024473335079000007, 0.0017348687261374302]], "M_G2C11_M M_G2C11H1_M": [[-0.0640056651319969, 0.021849151303970898, 0.0015488452704768344]], "M_G2C12_M M_G2C12H1_M": [[-0.10604218514589782, 0.019853260079892115, 0.0014073602928777813]], "M_G2C12_M M_G2C12H2_M": [[-0.10510223971280187, 0.020325528626334244, 0.0014408385225067244]], "M_G2C13_M M_G2C13H1_M": [[-0.16229139894054914, 0.017863317344334096, 0.001266296992449786]], "M_G2C13_M M_G2C13H2_M": [[-0.16063329400105203, 0.01806933340671324, 0.001280901083904826]], "M_G2C14_M M_G2C14H1_M": [[-0.17010907904233427, 0.0171091145368194, 0.0012128329729486171]], "M_G2C14_M M_G2C14H2_M": [[-0.1696985504321545, 0.016764972046756275, 0.0011884373586435657]], "M_G2C15_M M_G2C15H1_M": [[-0.17599578931815907, 0.016351621400416565, 0.0011591357082167387]], "M_G2C15_M M_G2C15H2_M": [[-0.17529415055226644, 0.016185119978653843, 0.0011473327353672628]], "M_G2C16_M M_G2C16H1_M": [[-0.15932984451178184, 0.015516857912912204, 0.0010999608935248334]], "M_G2C16_M M_G2C16H2_M": [[-0.15904147679717368, 0.015350257218669795, 0.001088150883435855]], "M_G2C17_M M_G2C17H1_M": [[-0.14356966399369, 0.01399758431097947, 0.0009922624433572904]], "M_G2C17_M M_G2C17H2_M": [[-0.14323842270333376, 0.013973111840964, 0.0009905276359538806]], "M_G2C18_M M_G2C18H1_M": [[-0.1099319716158052, 0.011824636431816303, 0.0008382262522571409]], "M_G2C18_M M_G2C18H2_M": [[-0.10998998609724225, 0.01148005895820868, 0.000813799802786171]], "M_G2C19_M M_G2C19H1_M": [[-0.03685712149550465, 0.005269150870132187, 0.0003735202018190026]], "M_G2C19_M M_G2C19H2_M": [[-0.03645806762062681, 0.0050011614047704, 0.0003545229323054823]], "M_G2C19_M M_G2C19H3_M": [[-0.036580766079328725, 0.005108876376827586, 0.000362158644224416]], "M_G3_M M_G3H1_M": [[-0.2431655569970735, 0.05486403151002791, 0.0038892080768443893]], "M_G3_M M_G3H2_M": [[-0.25900760339439644, 0.0435582842634978, 0.0030877649036803955]], "M_G3C4_M M_G3C4H1_M": [[0.048894857645043095, 0.046653541240149386, 0.003307181853222319]], "M_G3C4_M M_G3C4H2_M": [[0.03964732542897227, 0.039935385572718154, 0.0028309444247260956]], "M_G3C5_M M_G3C5H1_M": [[-0.04465196115705874, 0.04160805590864729, 0.00294951688105761]], "M_G3C5_M M_G3C5H2_M": [[-0.03980556830725013, 0.04610441962656935, 0.0032682556541092454]], "M_G3N6C1_M M_G3N6C1H1_M": [[0.007504348971749532, 0.01624682420677362, 0.0011517068321256283]], "M_G3N6C1_M M_G3N6C1H2_M": [[0.006847353522321441, 0.0175188337789423, 0.0012418771999557357]], "M_G3N6C1_M M_G3N6C1H3_M": [[0.0053120150506828475, 0.01722451434472109, 0.0012210134484369251]], "M_G3N6C2_M M_G3N6C2H1_M": [[0.00812677720177036, 0.01685778523374392, 0.0011950167110268122]], "M_G3N6C2_M M_G3N6C2H2_M": [[0.007593123180286494, 0.016537701098986276, 0.0011723265483117072]], "M_G3N6C2_M M_G3N6C2H3_M": [[0.007184450848815666, 0.015616670169253426, 0.0011070363967798102]], "M_G3N6C3_M M_G3N6C3H1_M": [[0.005237707163621978, 0.01652527945790559, 0.0011714460015219614]], "M_G3N6C3_M M_G3N6C3H2_M": [[0.006859715090002851, 0.01637228888281321, 0.001160600787199321]], "M_G3N6C3_M M_G3N6C3H3_M": [[0.004766948121945645, 0.01783504660098145, 0.0012642929325883555]]}