{"sn-1": 0.6267237478040715, "sn-2": 0.5999344608088176, "headgroup": 0.6786668965418756, "total": 0.6351083683849216}