{"headgroup": 0.6876924966486905, "tails": 0.6295356026273324, "total": 0.6489212339677851}