{"headgroup": 0.6786668965418756, "tails": 0.6133291043064446, "total": 0.6351083683849216}