{"sn-1": 0.6923928614933141, "sn-2": 0.4428039805672882, "headgroup": 0.556066522740775, "total": 0.5637544549337924}