{"sn-1": 0.7774048500148217, "sn-2": 0.8007303028722081, "headgroup": 0.6124122197071539, "total": 0.7301824575313945}