{"headgroup": 0.6097006097960284, "tails": 0.8324885212614652, "total": 0.7582258841063196}