{"M_G1_M M_G1H1_M": [[-0.10389881049633702, 0.054434573536390106, 0.0016952958238168594]], "M_G1_M M_G1H2_M": [[-0.16766666180027492, 0.04907726292206673, 0.0015284491724826558]], "M_G1C3_M M_G1C3H1_M": [[-0.2640978214103431, 0.03779356370769885, 0.001177032656974633]], "M_G1C3_M M_G1C3H2_M": [[-0.26400136071639907, 0.0363590847414634, 0.001132357627065813]], "M_G1C4_M M_G1C4H1_M": [[-0.2392796190018467, 0.045951015137042694, 0.0014310861461952376]], "M_G1C4_M M_G1C4H2_M": [[-0.244109590887299, 0.04482571629833027, 0.001396040139624803]], "M_G1C5_M M_G1C5H1_M": [[-0.27372624296067793, 0.04609708909599454, 0.0014356354345700956]], "M_G1C5_M M_G1C5H2_M": [[-0.2777677622893114, 0.045332611637480535, 0.001411826752722804]], "M_G1C6_M M_G1C6H1_M": [[-0.26664759053848314, 0.05219394730065052, 0.0016255143585933937]], "M_G1C6_M M_G1C6H2_M": [[-0.2675557323415781, 0.05183893065600522, 0.0016144578150044133]], "M_G1C7_M M_G1C7H1_M": [[-0.27941543503144184, 0.052457567431133716, 0.0016337244735487987]], "M_G1C7_M M_G1C7H2_M": [[-0.2792859487959068, 0.05235889175149482, 0.0016306513445292008]], "M_G1C8_M M_G1C8H1_M": [[-0.27119392367481854, 0.057015514926973064, 0.0017756759733563122]], "M_G1C8_M M_G1C8H2_M": [[-0.270992497796232, 0.056929199946179135, 0.0017729878026411516]], "M_G1C9_M M_G1C9H1_M": [[-0.2718389630546233, 0.05854381190486472, 0.0018232728463701072]], "M_G1C9_M M_G1C9H2_M": [[-0.27192083642610243, 0.05856936078181723, 0.0018240685337721928]], "M_G1C10_M M_G1C10H1_M": [[-0.25982730984347424, 0.06262322838778793, 0.0019503211040823878]], "M_G1C10_M M_G1C10H2_M": [[-0.26005768639276716, 0.06260121064710919, 0.0019496353894455753]], "M_G1C11_M M_G1C11H1_M": [[-0.2541044636904927, 0.06429422398081852, 0.0020023621446645717]], "M_G1C11_M M_G1C11H2_M": [[-0.2541727461406078, 0.06451683435213677, 0.0020092950626304277]], "M_G1C12_M M_G1C12H1_M": [[-0.2379110438580193, 0.06762600594033626, 0.0021061262724034026]], "M_G1C12_M M_G1C12H2_M": [[-0.23813814603512937, 0.06754445515774221, 0.002103586476604906]], "M_G1C13_M M_G1C13H1_M": [[-0.22484292039271572, 0.06838689194027095, 0.002129823102823644]], "M_G1C13_M M_G1C13H2_M": [[-0.2249568496196644, 0.06839551271592953, 0.002130091585958949]], "M_G1C14_M M_G1C14H1_M": [[-0.19847585732484893, 0.06881299175482236, 0.0021430934416764914]], "M_G1C14_M M_G1C14H2_M": [[-0.19860936448727964, 0.06861932765819893, 0.0021370620187608795]], "M_G1C15_M M_G1C15H1_M": [[-0.17009674354916643, 0.06322682179721734, 0.0019691192560621217]], "M_G1C15_M M_G1C15H2_M": [[-0.17034669372843828, 0.06303272825955326, 0.001963074458749403]], "M_G1C16_M M_G1C16H1_M": [[-0.12117396871817228, 0.05003577223237433, 0.0015583007305143863]], "M_G1C16_M M_G1C16H2_M": [[-0.12183325377963661, 0.05040600291211031, 0.0015698310959499802]], "M_G1C17_M M_G1C17H1_M": [[-0.037358462853788445, 0.01538063422557963, 0.00047901036558775585]], "M_G1C17_M M_G1C17H2_M": [[-0.03700105354263226, 0.015691720219218542, 0.000488698744711575]], "M_G1C17_M M_G1C17H3_M": [[-0.036966582022264216, 0.015723560327677463, 0.0004896903645478947]], "M_G2_M M_G2H1_M": [[-0.04135490798211503, 0.0657659226565906, 0.0020481963352692854]], "M_G2C3_M M_G2C3H1_M": [[-0.1615096696613923, 0.04450713475137722, 0.0013861183209899317]], "M_G2C3_M M_G2C3H2_M": [[-0.16204338745400704, 0.04334075865317375, 0.001349793015217815]], "M_G2C4_M M_G2C4H1_M": [[-0.2441907845348754, 0.04002490123193504, 0.0012465248370471863]], "M_G2C4_M M_G2C4H2_M": [[-0.21410995836934, 0.04280554829137481, 0.0013331245666147469]], "M_G2C5_M M_G2C5H1_M": [[-0.2535649777413272, 0.04403724576419495, 0.001371484223836675]], "M_G2C5_M M_G2C5H2_M": [[-0.2508340121980497, 0.04487769677083767, 0.0013976590055814345]], "M_G2C6_M M_G2C6H1_M": [[-0.27000339905263054, 0.0480045476331194, 0.0014950408139459406]], "M_G2C6_M M_G2C6H2_M": [[-0.26741090138930096, 0.04843451930648412, 0.0015084317369358574]], "M_G2C7_M M_G2C7H1_M": [[-0.272452879182945, 0.050736783612723955, 0.0015801328417692]], "M_G2C7_M M_G2C7H2_M": [[-0.2723415726311816, 0.05070567753193863, 0.0015791640822947566]], "M_G2C8_M M_G2C8H1_M": [[-0.27939485729446173, 0.05312360594720954, 0.0016544673992566611]], "M_G2C8_M M_G2C8H2_M": [[-0.2788231062149583, 0.05319945301766864, 0.001656829560167357]], "M_G2C9_M M_G2C9H1_M": [[-0.27571199047931605, 0.05624046567009053, 0.0017515380462433728]], "M_G2C9_M M_G2C9H2_M": [[-0.2752512969336963, 0.05620234932366059, 0.0017503509609274818]], "M_G2C10_M M_G2C10H1_M": [[-0.27428737946649306, 0.05851034030518391, 0.0018222304158067922]], "M_G2C10_M M_G2C10H2_M": [[-0.2749884073695486, 0.05865288548718605, 0.0018266698048945362]], "M_G2C11_M M_G2C11H1_M": [[-0.26482928974451436, 0.06231929998121126, 0.0019408556389389107]], "M_G2C11_M M_G2C11H2_M": [[-0.26491399796029813, 0.06211976166467263, 0.001934641270886716]], "M_G2C12_M M_G2C12H1_M": [[-0.25836040627763035, 0.0643920906133226, 0.0020054100769362235]], "M_G2C12_M M_G2C12H2_M": [[-0.2584839883013604, 0.0642899557340404, 0.0020022292155265644]], "M_G2C13_M M_G2C13H1_M": [[-0.24358454762540824, 0.06777064558028706, 0.002110630890730265]], "M_G2C13_M M_G2C13H2_M": [[-0.24330535366174671, 0.0676110430180816, 0.0021056602711479054]], "M_G2C14_M M_G2C14H1_M": [[-0.22866154014111306, 0.069165878650175, 0.002154083656922159]], "M_G2C14_M M_G2C14H2_M": [[-0.22858717446711793, 0.06926023944919071, 0.0021570224044517305]], "M_G2C15_M M_G2C15H1_M": [[-0.19874944009867232, 0.06983379984367527, 0.0021748852162330407]], "M_G2C15_M M_G2C15H2_M": [[-0.1986994424815362, 0.06976921085766137, 0.002172873674098321]], "M_G2C16_M M_G2C16H1_M": [[-0.1582338256616509, 0.06287151921064447, 0.001958053807174098]], "M_G2C16_M M_G2C16H2_M": [[-0.1580219934097514, 0.062324207504297714, 0.0019410084775275734]], "M_G2C17_M M_G2C17H1_M": [[-0.0416615114742769, 0.021656849602928473, 0.0006744751415078183]], "M_G2C17_M M_G2C17H2_M": [[-0.0413795285286135, 0.021226335180882305, 0.000661067315297884]], "M_G2C17_M M_G2C17H3_M": [[-0.04157080100104209, 0.021073251005221474, 0.0006562997026056168]], "M_G3_M M_G3H1_M": [[-0.03128491599905648, 0.06272713711059176, 0.0019535572096010564]], "M_G3_M M_G3H2_M": [[-0.03241448408827522, 0.06372048071135034, 0.0019844936374736003]], "M_G3C4_M M_G3C4H1_M": [[0.051418001899772886, 0.026771246604938806, 0.0008337565561597272]], "M_G3C4_M M_G3C4H2_M": [[0.03643367456654886, 0.023856543519440918, 0.0007429818215104811]], "M_G3C5_M M_G3C5H1_M": [[-0.05411337348985546, 0.018522216908958736, 0.0005768509778550226]], "M_G3C5_M M_G3C5H2_M": [[-0.02342164528830515, 0.021047020281471585, 0.0006554827799489315]], "M_G3N6C1_M M_G3N6C1H1_M": [[0.012988568218647578, 0.00887207490361879, 0.00027630953189410713]], "M_G3N6C1_M M_G3N6C1H2_M": [[0.01378069358492444, 0.00863607635940984, 0.00026895965624647614]], "M_G3N6C1_M M_G3N6C1H3_M": [[0.013208901696400101, 0.008472999926507381, 0.00026388084736267604]], "M_G3N6C2_M M_G3N6C2H1_M": [[0.013403939708835156, 0.008922970473071869, 0.0002778946099196914]], "M_G3N6C2_M M_G3N6C2H2_M": [[0.013267114518838694, 0.008801144251772806, 0.0002741004866119811]], "M_G3N6C2_M M_G3N6C2H3_M": [[0.012745335843357783, 0.008489311976272444, 0.00026438886548513116]], "M_G3N6C3_M M_G3N6C3H1_M": [[0.012940155871131044, 0.00866279930104737, 0.0002697919084056286]], "M_G3N6C3_M M_G3N6C3H2_M": [[0.01311839779482956, 0.008261973753670387, 0.00025730870458126067]], "M_G3N6C3_M M_G3N6C3H3_M": [[0.013071948376619996, 0.008471475834425698, 0.000263833381445827]]}