{"headgroup": 127.85319323377236, "sn-1": 27.743748492603075, "sn-2": 43.6454200348157, "total": 66.41412058706372}