{
    "10.1021/acs.jctc.9b00824": {
        "M_G1C3_M M_G1C3H1_M": [-0.241721, 0.0121461, 0.00144147, -0.220769, 0.02, 0.30295],
        "M_G1C3_M M_G1C3H2_M": [-0.248771, 0.0135187, 0.00160437, -0.220769, 0.02, 0.052352],
        "M_G1C4_M M_G1C4H1_M": [-0.17402, 0.0107534, 0.00127619, -0.196239, 0.02, 0.156499],
        "M_G1C4_M M_G1C4H2_M": [-0.173991, 0.0101436, 0.00120382, -0.196239, 0.02, 0.147419],
        "M_G1C5_M M_G1C5H1_M": [-0.216339, 0.0104206, 0.0012367, -0.220769, 0.02, 0.95867],
        "M_G1C5_M M_G1C5H2_M": [-0.212145, 0.00954279, 0.00113252, -0.220769, 0.02, 0.955827],
        "M_G1C6_M M_G1C6H1_M": [-0.220153, 0.00989576, 0.00117441, -0.220769, 0.02, 0.962625],
        "M_G1C6_M M_G1C6H2_M": [-0.219937, 0.00875973, 0.00103959, -0.220769, 0.02, 0.966882],
        "M_G1C7_M M_G1C7H1_M": [-0.234324, 0.00876577, 0.00104031, -0.220769, 0.02, 0.939192],
        "M_G1C7_M M_G1C7H2_M": [-0.233656, 0.00918898, 0.00109053, -0.220769, 0.02, 0.941026],
        "M_G1C8_M M_G1C8H1_M": [-0.225118, 0.00892137, 0.00105877, -0.220769, 0.02, 0.964667],
        "M_G1C8_M M_G1C8H2_M": [-0.224734, 0.00913179, 0.00108374, -0.220769, 0.02, 0.964134],
        "M_G1C9_M M_G1C9H1_M": [-0.224661, 0.0087965, 0.00104395, -0.220769, 0.02, 0.9655],
        "M_G1C9_M M_G1C9H2_M": [-0.225106, 0.00891794, 0.00105836, -0.220769, 0.02, 0.96469],
        "M_G1C10_M M_G1C10H1_M": [-0.207853, 0.00906569, 0.0010759, -0.196239, 0.02, 0.948554],
        "M_G1C10_M M_G1C10H2_M": [-0.20733, 0.00926047, 0.00109902, -0.196239, 0.02, 0.949684],
        "M_G1C11_M M_G1C11H1_M": [-0.200305, 0.00871491, 0.00103427, -0.17171, 0.02, 0.0313457],
        "M_G1C11_M M_G1C11H2_M": [-0.200459, 0.00830112, 0.000985162, -0.17171, 0.02, 0.029261],
        "M_G1C12_M M_G1C12H1_M": [-0.178793, 0.00850955, 0.0010099, -0.17171, 0.02, 0.963299],
        "M_G1C12_M M_G1C12H2_M": [-0.178908, 0.00841881, 0.000999129, -0.17171, 0.02, 0.96352],
        "M_G1C13_M M_G1C13H1_M": [-0.165163, 0.00808174, 0.000959127, -0.14718, 0.02, 0.850679],
        "M_G1C13_M M_G1C13H2_M": [-0.165816, 0.00836659, 0.000992932, -0.14718, 0.02, 0.791535],
        "M_G1C14_M M_G1C14H1_M": [-0.139885, 0.00722887, 0.00085791, -0.12265, 0.02, 0.896904],
        "M_G1C14_M M_G1C14H2_M": [-0.139698, 0.00768591, 0.00091215, -0.12265, 0.02, 0.896772],
        "M_G1C15_M M_G1C15H1_M": [-0.120113, 0.00622061, 0.00073825, -0.09812, 0.02, 0.107313],
        "M_G1C15_M M_G1C15H2_M": [-0.119667, 0.00621163, 0.000737185, -0.09812, 0.02, 0.135872],
        "M_G1C16_M M_G1C16H1_M": [-0.0866594, 0.00498541, 0.000591659, -0.07359, 0.02, 0.967198],
        "M_G1C16_M M_G1C16H2_M": [-0.0862698, 0.00501113, 0.000594712, -0.07359, 0.02, 0.968404],
        "M_G1C17_M M_G1C17H1_M": [-0.0278249, 0.00226173, 0.000268418, -0, 0.02, 0.00912824],
        "M_G1C17_M M_G1C17H2_M": [-0.0281546, 0.00290281, 0.0003445, -0, 0.02, 0.0111622],
        "M_G1C17_M M_G1C17H3_M": [-0.027913, 0.00240877, 0.000285868, -0, 0.02, 0.00959518],
        "M_G2C3_M M_G2C3H1_M": [-0.104243, 0.0156419, 0.00185636, -0.12, 0.02, 0.852216],
        "M_G2C3_M M_G2C3H2_M": [-0.11865, 0.0194031, 0.00230273, -0.12, 0.02, 0.926696],
        "M_G2C4_M M_G2C4H1_M": [-0.159702, 0.0141496, 0.00167925, -0.2, 0.02, 0.0174112],
        "M_G2C4_M M_G2C4H2_M": [-0.161179, 0.0128921, 0.00153001, -0.2, 0.02, 0.0175412],
        "M_G2C5_M M_G2C5H1_M": [-0.186892, 0.0134181, 0.00159244, -0.2, 0.02, 0.912426],
        "M_G2C5_M M_G2C5H2_M": [-0.186077, 0.0128027, 0.0015194, -0.2, 0.02, 0.907761],
        "M_G2C6_M M_G2C6H1_M": [-0.201018, 0.0132308, 0.00157021, -0.22, 0.02, 0.670336],
        "M_G2C6_M M_G2C6H2_M": [-0.20212, 0.0125713, 0.00149194, -0.22, 0.02, 0.792267],
        "M_G2C7_M M_G2C7H1_M": [-0.185369, 0.0120035, 0.00142456, -0.2, 0.02, 0.904354],
        "M_G2C7_M M_G2C7H2_M": [-0.186799, 0.0119197, 0.00141461, -0.2, 0.02, 0.92115],
        "M_G2C8_M M_G2C8H1_M": [-0.180556, 0.011166, 0.00132515, -0.17, 0.02, 0.941828],
        "M_G2C8_M M_G2C8H2_M": [-0.181522, 0.0106709, 0.0012664, -0.17, 0.02, 0.940019],
        "M_G2C9_M M_G2C9H1_M": [-0.132057, 0.00955192, 0.0011336, -0.12, 0.02, 0.943624],
        "M_G2C9_M M_G2C9H2_M": [-0.132237, 0.00897757, 0.00106544, -0.12, 0.02, 0.946068],
        "M_G2C10_M M_G2C10H1_M": [-0.106626, 0.00992185, 0.00117751, -0.12, 0.02, 0.932791],
        "M_G2C11_M M_G2C11H1_M": [-0.00609191, 0.011912, 0.00141369, -0, 0.02, 0.950526],
        "M_G2C12_M M_G2C12H1_M": [-0.0627592, 0.0107972, 0.00128139, -0.07, 0.02, 0.953177],
        "M_G2C12_M M_G2C12H2_M": [-0.0626492, 0.0101056, 0.00119931, -0.07, 0.02, 0.955961],
        "M_G2C13_M M_G2C13H1_M": [-0.117536, 0.00957352, 0.00113617, -0.12, 0.02, 0.96332],
        "M_G2C13_M M_G2C13H2_M": [-0.116512, 0.00963418, 0.00114337, -0.12, 0.02, 0.962512],
        "M_G2C14_M M_G2C14H1_M": [-0.123587, 0.00827328, 0.000981857],
        "M_G2C14_M M_G2C14H2_M": [-0.123236, 0.00825896, 0.000980159],
        "M_G2C15_M M_G2C15H1_M": [-0.133023, 0.00747382, 0.00088698, -0.12, 0.02, 0.9512],
        "M_G2C15_M M_G2C15H2_M": [-0.132267, 0.00783422, 0.000929751, -0.12, 0.02, 0.952742],
        "M_G2C16_M M_G2C16H1_M": [-0.120954, 0.00703713, 0.000835154, -0.1, 0.02, 0.222459],
        "M_G2C16_M M_G2C16H2_M": [-0.121005, 0.00631632, 0.000749609, -0.1, 0.02, 0.19824],
        "M_G2C17_M M_G2C17H1_M": [-0.109571, 0.0059452, 0.000705565, -0.1, 0.02, 0.970904],
        "M_G2C17_M M_G2C17H2_M": [-0.109328, 0.0058356, 0.000692558, -0.1, 0.02, 0.971857],
        "M_G2C18_M M_G2C18H1_M": [-0.0834997, 0.0047821, 0.000567531, -0.07, 0.02, 0.966887],
        "M_G2C18_M M_G2C18H2_M": [-0.0829586, 0.00477126, 0.000566245, -0.07, 0.02, 0.968989],
        "M_G2C19_M M_G2C19H1_M": [-0.0260463, 0.00257555, 0.000305662, -0, 0.02, 0.0139652],
        "M_G2C19_M M_G2C19H2_M": [-0.0256923, 0.00243366, 0.000288823, -0, 0.02, 0.014125],
        "M_G2C19_M M_G2C19H3_M": [-0.0255717, 0.00238002, 0.000282456, -0, 0.02, 0.0141499]
    },
    "10.1021/acs.jpcb.9b06091": {
        "M_G1_M M_G1H1_M": [-0.231697, 0.0311364, 0.00369521, -0.13, 0.02, 0.00472539],
        "M_G1_M M_G1H2_M": [-0.00902202, 0.0295167, 0.00350298, 0, 0.02, 0.863445],
        "M_G2_M M_G2H1_M": [-0.212079, 0.042086, 0.00499469, -0.18, 0.02, 0.0943754],
        "M_G3_M M_G3H1_M": [-0.138882, 0.0372614, 0.00442211, -0.21, 0.02, 0.0120319],
        "M_G3_M M_G3H2_M": [-0.187864, 0.0251728, 0.00298746, -0.21, 0.02, 0.279896],
        "M_G3C4_M M_G3C4H1_M": [0.0986162, 0.0187139, 0.00222093, -0, 0.02, 0.00303072],
        "M_G3C4_M M_G3C4H2_M": [0.0531401, 0.0200078, 0.00237449, 0.09, 0.02, 0.0312517],
        "M_G3C5_M M_G3C5H1_M": [-0.00681127, 0.0162157, 0.00192444, -0.11, 0.02, 0.00239009]
    }
}