{"sn-1": 0.6378277584214004, "sn-2": 0.6865909363391077, "headgroup": 0.161393286709249, "total": 0.495270660489919}