{"10.1021/acs.jctc.9b00824": {"M_G1C3_M M_G1C3H1_M": [-0.2417213960298257, 0.01214607631321381, 0.0014414740587544968, -0.220769, 0.02, 0.3029497823906724], "M_G1C3_M M_G1C3H2_M": [-0.24877072801155714, 0.013518683931604701, 0.0016043726132948428, -0.220769, 0.02, 0.05235199264523471], "M_G1C4_M M_G1C4H1_M": [-0.1740197519776419, 0.010753359988984804, 0.0012761890398882822, -0.196239, 0.02, 0.15649926497756644], "M_G1C4_M M_G1C4H2_M": [-0.1739908260669251, 0.01014357082747713, 0.0012038203806640105, -0.196239, 0.02, 0.14741879742108835], "M_G1C5_M M_G1C5H1_M": [-0.216338830979662, 0.01042058760680464, 0.0012366962239357927, -0.220769, 0.02, 0.958670292356469], "M_G1C5_M M_G1C5H2_M": [-0.2121445050149462, 0.009542793982596888, 0.001132521286646866, -0.220769, 0.02, 0.9558265338217978], "M_G1C6_M M_G1C6H1_M": [-0.22015299093272453, 0.009895760863253904, 0.0011744107486382305, -0.220769, 0.02, 0.9626249690304546], "M_G1C6_M M_G1C6H2_M": [-0.219937318923506, 0.008759734921437744, 0.0010395892735402489, -0.220769, 0.02, 0.9668815878926836], "M_G1C7_M M_G1C7H1_M": [-0.23432431412376184, 0.00876577462379751, 0.001040306054338401, -0.220769, 0.02, 0.9391922950444024], "M_G1C7_M M_G1C7H2_M": [-0.2336556790020021, 0.009188980246444335, 0.001090531321398577, -0.220769, 0.02, 0.9410260842947085], "M_G1C8_M M_G1C8H1_M": [-0.2251176075367366, 0.008921366428845497, 0.0010587714043780235, -0.220769, 0.02, 0.964667385081665], "M_G1C8_M M_G1C8H2_M": [-0.22473420205644087, 0.0091317864946391, 0.0010837436718380026, -0.220769, 0.02, 0.9641343951312334], "M_G1C9_M M_G1C9H1_M": [-0.22466086191639956, 0.008796500589396473, 0.0010439525555787153, -0.220769, 0.02, 0.9654997822100382], "M_G1C9_M M_G1C9H2_M": [-0.22510594096106384, 0.008917940535050517, 0.001058364825586143, -0.220769, 0.02, 0.9646902607492994], "M_G1C10_M M_G1C10H1_M": [-0.20785328136318, 0.00906568893643678, 0.0010758993348654112, -0.196239, 0.02, 0.9485537385322934], "M_G1C10_M M_G1C10H2_M": [-0.20732996362674536, 0.009260473544672514, 0.0010990160149006755, -0.196239, 0.02, 0.9496837073091162], "M_G1C11_M M_G1C11H1_M": [-0.20030517885358287, 0.008714906919727011, 0.0010342691685198708, -0.17171, 0.02, 0.031345682928065055], "M_G1C11_M M_G1C11H2_M": [-0.20045884510563042, 0.008301120756615816, 0.000985161785640393, -0.17171, 0.02, 0.029261036496962323], "M_G1C12_M M_G1C12H1_M": [-0.1787933656660679, 0.00850954624945381, 0.0010098973408404078, -0.17171, 0.02, 0.963299422145881], "M_G1C12_M M_G1C12H2_M": [-0.17890770814578305, 0.008418809481623444, 0.0009991288676619206, -0.17171, 0.02, 0.9635202984067471], "M_G1C13_M M_G1C13H1_M": [-0.16516292024471113, 0.00808174429643264, 0.0009591265897219045, -0.14718, 0.02, 0.8506794129096351], "M_G1C13_M M_G1C13H2_M": [-0.16581592701967607, 0.00836659286795161, 0.0009929318957260479, -0.14718, 0.02, 0.7915351671870023], "M_G1C14_M M_G1C14H1_M": [-0.139884923171761, 0.007228874127214755, 0.000857909522357057, -0.12265, 0.02, 0.8969042748901936], "M_G1C14_M M_G1C14H2_M": [-0.13969796539259832, 0.007685914456063136, 0.0009121502302902717, -0.12265, 0.02, 0.8967720709803005], "M_G1C15_M M_G1C15H1_M": [-0.12011322943711317, 0.006220605201359633, 0.0007382500155838893, -0.09812, 0.02, 0.10731330776865666], "M_G1C15_M M_G1C15H2_M": [-0.11966738962201237, 0.006211630104269223, 0.0007371848675231486, -0.09812, 0.02, 0.13587155357245795], "M_G1C16_M M_G1C16H1_M": [-0.08665939899776763, 0.004985405672107141, 0.0005916588010312354, -0.07359, 0.02, 0.967197503235806], "M_G1C16_M M_G1C16H2_M": [-0.08626981440713576, 0.005011128250260648, 0.0005947115094266395, -0.07359, 0.02, 0.9684043175517983], "M_G1C17_M M_G1C17H1_M": [-0.027824895540907144, 0.002261733895045412, 0.00026841843023552367, -0.0, 0.02, 0.009128242976732315], "M_G1C17_M M_G1C17H2_M": [-0.02815461145732119, 0.0029028060404805967, 0.0003444996966136696, -0.0, 0.02, 0.011162166651018657], "M_G1C17_M M_G1C17H3_M": [-0.02791303776006678, 0.0024087653746333432, 0.00028586785655072974, -0.0, 0.02, 0.00959518447343266], "M_G2C3_M M_G2C3H1_M": [-0.10424313970686236, 0.01564193546265405, 0.0018563562105729811, -0.12, 0.02, 0.8522161952621814], "M_G2C3_M M_G2C3H2_M": [-0.11864958888571461, 0.01940313396570941, 0.002302728350198209, -0.12, 0.02, 0.9266963039906055], "M_G2C4_M M_G2C4H1_M": [-0.15970177927986845, 0.014149583713885841, 0.0016792466422718179, -0.2, 0.02, 0.01741122295589595], "M_G2C4_M M_G2C4H2_M": [-0.16117861471432962, 0.012892068467409258, 0.001530007039330065, -0.2, 0.02, 0.017541205973742757], "M_G2C5_M M_G2C5H1_M": [-0.18689237924302518, 0.013418149240707314, 0.001592441340577922, -0.2, 0.02, 0.9124261405920048], "M_G2C5_M M_G2C5H2_M": [-0.18607659127646267, 0.01280272379495356, 0.0015194037774772888, -0.2, 0.02, 0.9077609139154458], "M_G2C6_M M_G2C6H1_M": [-0.20101842376523826, 0.013230813126405696, 0.0015702086341408752, -0.22, 0.02, 0.6703356757840773], "M_G2C6_M M_G2C6H2_M": [-0.20211994335652386, 0.012571327479779525, 0.00149194208721507, -0.22, 0.02, 0.7922665133259074], "M_G2C7_M M_G2C7H1_M": [-0.18536867266256823, 0.012003547318897878, 0.0014245589791330006, -0.2, 0.02, 0.9043538148868798], "M_G2C7_M M_G2C7H2_M": [-0.1867991083443577, 0.011919715032383408, 0.001414609917133018, -0.2, 0.02, 0.9211503526164659], "M_G2C8_M M_G2C8H1_M": [-0.18055637193760748, 0.011165954110573974, 0.0013251549534663452, -0.17, 0.02, 0.9418279863277453], "M_G2C8_M M_G2C8H2_M": [-0.18152228350327979, 0.010670859816943025, 0.0012663980707905802, -0.17, 0.02, 0.9400188741901045], "M_G2C9_M M_G2C9H1_M": [-0.1320572707110405, 0.009551918939699455, 0.0011336042198189793, -0.12, 0.02, 0.9436235070472491], "M_G2C9_M M_G2C9H2_M": [-0.13223705936065866, 0.008977569082507618, 0.0010654414322288262, -0.12, 0.02, 0.9460677471244816], "M_G2C10_M M_G2C10H1_M": [-0.10662587075289487, 0.00992185006003826, 0.001177506966660299, -0.12, 0.02, 0.9327905364353288], "M_G2C11_M M_G2C11H1_M": [-0.006091914945455902, 0.011911991820394973, 0.0014136933404999962, -0.0, 0.02, 0.950526404984184], "M_G2C12_M M_G2C12H1_M": [-0.06275917729754536, 0.010797201071399731, 0.0012813920191368222, -0.07, 0.02, 0.9531771927796563], "M_G2C12_M M_G2C12H2_M": [-0.06264917625136004, 0.01010557355517986, 0.0011993109340816307, -0.07, 0.02, 0.9559612307758152], "M_G2C13_M M_G2C13H1_M": [-0.11753585266732075, 0.009573524389661641, 0.001136168314992194, -0.12, 0.02, 0.9633196774629543], "M_G2C13_M M_G2C13H2_M": [-0.11651249640230817, 0.009634175400651368, 0.0011433662657315462, -0.12, 0.02, 0.9625115269937708], "M_G2C14_M M_G2C14H1_M": [-0.12358727168379577, 0.008273276405004018, 0.000981857269062675], "M_G2C14_M M_G2C14H2_M": [-0.12323630267396062, 0.00825896441671411, 0.0009801587485432002], "M_G2C15_M M_G2C15H1_M": [-0.13302342875101025, 0.0074738236836676625, 0.0008869796864351601, -0.12, 0.02, 0.951199555937176], "M_G2C15_M M_G2C15H2_M": [-0.13226716213285877, 0.00783421757303198, 0.0009297505721974318, -0.12, 0.02, 0.9527418559314933], "M_G2C16_M M_G2C16H1_M": [-0.12095362365662149, 0.007037130722531197, 0.0008351537667812482, -0.1, 0.02, 0.22245893914490333], "M_G2C16_M M_G2C16H2_M": [-0.12100456150108875, 0.0063163171818920935, 0.0007496089378804225, -0.1, 0.02, 0.1982398591018505], "M_G2C17_M M_G2C17H1_M": [-0.10957117601019745, 0.00594520042866619, 0.0007055654823027267, -0.1, 0.02, 0.9709040053542581], "M_G2C17_M M_G2C17H2_M": [-0.10932795139541182, 0.005835599273264589, 0.0006925582182079795, -0.1, 0.02, 0.971857075008295], "M_G2C18_M M_G2C18H1_M": [-0.08349966960019423, 0.004782103047411254, 0.0005675312184260607, -0.07, 0.02, 0.9668871767184536], "M_G2C18_M M_G2C18H2_M": [-0.08295863212257903, 0.004771261583731686, 0.0005662445734017721, -0.07, 0.02, 0.9689893159376738], "M_G2C19_M M_G2C19H1_M": [-0.0260462638784988, 0.002575554869070774, 0.00030566212782850657, -0.0, 0.02, 0.013965155158467635], "M_G2C19_M M_G2C19H2_M": [-0.025692266583742615, 0.0024336632664089014, 0.00028882269267942255, -0.0, 0.02, 0.014125018873755057],