{"headgroup": 127.85319323377236, "sn-1": 27.743748492603075, "sn-2": 41.00024306300869, "total": 65.5323949297947}