{"M_C3_M M_C3H3_M": [[-0.3885777966409732, 0.11173982026621719, 0.012119885183462426]], "M_C4_M M_C4H41_M": [[-0.3522325418296572, 0.010078044544754021, 0.00109311740850515]], "M_C4_M M_C4H42_M": [[-0.18169717939519925, 0.01781605945542585, 0.0019324229670949638]], "M_C6_M M_C6H6_M": [[-0.04611351582269203, 0.018444279595109758, 0.002000563008351229]], "M_C7_M M_C7H71_M": [[-0.308577032126197, 0.009176483060505782, 0.0009953293357403312]], "M_C7_M M_C7H72_M": [[-0.36492552322260374, 0.009453432779110078, 0.0010253687503651201]], "M_C8_M M_C8H8_M": [[-0.443556229903901, 0.0065100873866231115, 0.0007061181186098053]], "M_C14_M M_C14H14_M": [[-0.4385735584609872, 0.0068617940167751915, 0.000744266058758179]], "M_C15_M M_C15H151_M": [[-0.4088424771938856, 0.007911072875956243, 0.0008580763304089704]], "M_C15_M M_C15H152_M": [[-0.34191106934342175, 0.013409000425679277, 0.0014544103006165806]], "M_C16_M M_C16H161_M": [[-0.07439114993953243, 0.014684751506492127, 0.001592784933628269]], "M_C16_M M_C16H162_M": [[-0.20484350242677718, 0.014128250107186364, 0.001532423881964208]], "M_C17_M M_C17H17_M": [[-0.4320580056379519, 0.00696910032352275, 0.0007559050618829676]], "M_C18_M M_C18H181_M": [[0.12518472953390578, 0.008458347675523321, 0.0009174366168203202]], "M_C18_M M_C18H182_M": [[0.12612143509483564, 0.00885879401704968, 0.0009608711209198798]], "M_C18_M M_C18H183_M": [[0.12642123285460669, 0.008671506570862414, 0.0009405569451973343]], "M_C12_M M_C12H121_M": [[-0.09961325551903977, 0.01851857070054644, 0.0020086210101083455]], "M_C12_M M_C12H122_M": [[-0.43564332271701134, 0.0064598462029422645, 0.0007006686971211866]], "M_C11_M M_C11H111_M": [[-0.439987673669464, 0.0065914934452025176, 0.0007149478453882267]], "M_C11_M M_C11H112_M": [[-0.23628884252056748, 0.011186001027653672, 0.0012132921620444349]], "M_C9_M M_C9H9_M": [[-0.4403095281023006, 0.007000758520342086, 0.0007593388754478334]], "M_C19_M M_C19H191_M": [[0.1267274256484894, 0.009883673294701557, 0.0010720348863748174]], "M_C19_M M_C19H192_M": [[0.1262586652084929, 0.009985690463264576, 0.0010831002019156867]], "M_C19_M M_C19H193_M": [[0.12735978487766786, 0.0110952096812442, 0.0012034444578731453]], "M_C1_M M_C1H11_M": [[-0.23111372178015158, 0.01712735839448451, 0.0018577228488698644]], "M_C1_M M_C1H12_M": [[-0.38750471197150294, 0.008434483629567205, 0.0009148481976129873]], "M_C2_M M_C2H21_M": [[-0.2451540481588285, 0.010900884352652997, 0.00118236691662462]], "M_C2_M M_C2H22_M": [[-0.37234237639442214, 0.009310731654266382, 0.00100989064019333]], "M_C20_M M_C20H20_M": [[-0.4207098741250163, 0.0056699956602534445, 0.0006149973772042867]], "M_C21_M M_C21H211_M": [[0.11358626025236467, 0.005933912328079578, 0.0006436231589930354]], "M_C21_M M_C21H212_M": [[0.11407340163190646, 0.006065247504715869, 0.0006578684589907377]], "M_C21_M M_C21H213_M": [[0.11386553634139397, 0.007258185376470332, 0.0007872607383251922]], "M_C22_M M_C22H221_M": [[-0.29354050911195606, 0.02204245111278458, 0.0023908395056708534]], "M_C22_M M_C22H222_M": [[-0.38784655037035976, 0.01135970755233809, 0.0012321332800073741]], "M_C23_M M_C23H231_M": [[-0.23662935460984505, 0.01647758075310605, 0.0017872445682575863]], "M_C23_M M_C23H232_M": [[-0.37584678919401343, 0.0060483053978410695, 0.0006560308294903563]], "M_C24_M M_C24H241_M": [[-0.24584440299915242, 0.011659469267832625, 0.0012646470030967416]], "M_C24_M M_C24H242_M": [[-0.33418781710284706, 0.006740769689258318, 0.0007311391273704638]], "M_C25_M M_C25H25_M": [[-0.24463707699273324, 0.007349757177094636, 0.0007971930946415467]], "M_C26_M M_C26H261_M": [[0.0171690126810718, 0.006499387885275785, 0.0007049575947469518]], "M_C26_M M_C26H262_M": [[0.016760022178789566, 0.0058787428108886776, 0.0006376391846821072]], "M_C26_M M_C26H263_M": [[0.017415218873860362, 0.0061170216193333375, 0.0006634841501842992]], "M_C27_M M_C27H271_M": [[0.007869153595930772, 0.006060507351897522, 0.0006573543172302306]], "M_C27_M M_C27H272_M": [[0.006321524129650445, 0.006002977411766143, 0.0006511143191047406]], "M_C27_M M_C27H273_M": [[0.008092853163489308, 0.006249842367977085, 0.0006778905830898516]]}