{"M_G1_M M_G1H1_M": [[-0.13510679720579552, 0.06438235510805294, 0.004563944147027116]], "M_G1_M M_G1H2_M": [[0.16809926909009057, 0.08954786304160653, 0.006347879705885546]], "M_G1C3_M M_G1C3H1_M": [[-0.2487305780524496, 0.022284579581630954, 0.0015797119626930708]], "M_G1C3_M M_G1C3H2_M": [[-0.23220844338228663, 0.024004792796465856, 0.0017016546443534137]], "M_G1C4_M M_G1C4H1_M": [[-0.26857984498280163, 0.01661847477481384, 0.0011780524423770668]], "M_G1C4_M M_G1C4H2_M": [[-0.2666312772543043, 0.017463603935328992, 0.0012379620601464332]], "M_G1C5_M M_G1C5H1_M": [[-0.29946571489182683, 0.016264109362658145, 0.0011529321443388464]], "M_G1C5_M M_G1C5H2_M": [[-0.29965797805874655, 0.01691704231479538, 0.0011992173341289158]], "M_G1C6_M M_G1C6H1_M": [[-0.3251786069784889, 0.016037068049257374, 0.001136837612355825]], "M_G1C6_M M_G1C6H2_M": [[-0.3240628411380906, 0.016399538064105896, 0.0011625324304463459]], "M_G1C7_M M_G1C7H1_M": [[-0.33613600439623176, 0.01587601357461803, 0.001125420763350393]], "M_G1C7_M M_G1C7H2_M": [[-0.33621118693412555, 0.015419126768272227, 0.0010930329163669104]], "M_G1C8_M M_G1C8H1_M": [[-0.3413295520295015, 0.015685897035758435, 0.0011119437592345123]], "M_G1C8_M M_G1C8H2_M": [[-0.3406270353191948, 0.015374951274409299, 0.0010899013986347714]], "M_G1C9_M M_G1C9H1_M": [[-0.33889428207470607, 0.01512109957033679, 0.0010719063284471374]], "M_G1C9_M M_G1C9H2_M": [[-0.3387222364474934, 0.01497880265626363, 0.0010618191676554224]], "M_G1C10_M M_G1C10H1_M": [[-0.3315571181986891, 0.014731437651149716, 0.001044283927365218]], "M_G1C10_M M_G1C10H2_M": [[-0.33102368905054236, 0.014362790450463755, 0.0010181512201806965]], "M_G1C11_M M_G1C11H1_M": [[-0.31818812152167625, 0.01381808346251458, 0.0009795379655813095]], "M_G1C11_M M_G1C11H2_M": [[-0.3183247072016196, 0.013927028811902305, 0.000987260896636712]], "M_G1C12_M M_G1C12H1_M": [[-0.300378386548208, 0.013707657763704084, 0.0009717100953376422]], "M_G1C12_M M_G1C12H2_M": [[-0.2997939493245749, 0.013987992344910381, 0.0009915824869107448]], "M_G1C13_M M_G1C13H1_M": [[-0.27807985515365596, 0.013383633514049522, 0.0009487406252829374]], "M_G1C13_M M_G1C13H2_M": [[-0.2777910682155187, 0.013493833226505639, 0.0009565524757786839]], "M_G1C14_M M_G1C14H1_M": [[-0.2489652303478223, 0.013490986746216462, 0.0009563506941409414]], "M_G1C14_M M_G1C14H2_M": [[-0.24892481742446976, 0.013597909983487087, 0.0009639302814689206]], "M_G1C15_M M_G1C15H1_M": [[-0.21102498373382958, 0.0131492874596564, 0.0009321282739402229]], "M_G1C15_M M_G1C15H2_M": [[-0.21135605610201635, 0.012804486000756761, 0.000907685946572882]], "M_G1C16_M M_G1C16H1_M": [[-0.15907444549472302, 0.011586832801704854, 0.0008213687998702649]], "M_G1C16_M M_G1C16H2_M": [[-0.15966173906637068, 0.012489163619748635, 0.0008853333356313683]], "M_G1C17_M M_G1C17H1_M": [[-0.0400930083711901, 0.005886948977245448, 0.00041731474848123436]], "M_G1C17_M M_G1C17H2_M": [[-0.04094426418516153, 0.005733738415133273, 0.00040645393969222603]], "M_G1C17_M M_G1C17H3_M": [[-0.039974210663687525, 0.006078271359932799, 0.00043087723259968195]], "M_G2_M M_G2H1_M": [[-0.21274716885864361, 0.05293260830219606, 0.003752293115749499]], "M_G2C3_M M_G2C3H1_M": [[-0.25736728402634834, 0.03078217587312093, 0.002182090592571649]], "M_G2C3_M M_G2C3H2_M": [[-0.23337885712413872, 0.040263065151084264, 0.002854173014162975]], "M_G2C4_M M_G2C4H1_M": [[-0.27558848446599865, 0.018050242889416368, 0.0012795477930142621]], "M_G2C4_M M_G2C4H2_M": [[-0.2724901187469262, 0.01888254048347734, 0.0013385478051546103]], "M_G2C5_M M_G2C5H1_M": [[-0.2834953167284297, 0.01910132199980445, 0.0013540568156473613]], "M_G2C5_M M_G2C5H2_M": [[-0.2850517115799845, 0.018384019175844386, 0.0013032085666268923]], "M_G2C6_M M_G2C6H1_M": [[-0.30634510234478607, 0.018455820155115654, 0.0013082984030975517]], "M_G2C6_M M_G2C6H2_M": [[-0.30514603842625204, 0.01841299609124779, 0.0013052626856977514]], "M_G2C7_M M_G2C7H1_M": [[-0.29333264463911257, 0.02039830864557865, 0.001445997761280975]], "M_G2C7_M M_G2C7H2_M": [[-0.2927108302969728, 0.019641200633659445, 0.0013923277972998998]], "M_G2C8_M M_G2C8H1_M": [[-0.27097733989107203, 0.019148142555156678, 0.0013573758368170862]], "M_G2C8_M M_G2C8H2_M": [[-0.2705456190378622, 0.019157934617202846, 0.0013580699776913666]], "M_G2C9_M M_G2C9H1_M": [[-0.18253175924646747, 0.02506625391876412, 0.0017768996282978432]], "M_G2C9_M M_G2C9H2_M": [[-0.1823616489079308, 0.02430055269477887, 0.001722620507664341]], "M_G2C10_M M_G2C10H1_M": [[-0.12594075704785898, 0.023193360693679006, 0.0016441337476728146]], "M_G2C11_M M_G2C11H1_M": [[-0.07839052374330943, 0.021173178673460923, 0.0015009268411899778]], "M_G2C12_M M_G2C12H1_M": [[-0.13001004009906808, 0.023035064593207727, 0.0016329124346277945]], "M_G2C12_M M_G2C12H2_M": [[-0.12905414935303433, 0.02330295822113433, 0.0016519029104056612]], "M_G2C13_M M_G2C13H1_M": [[-0.20812246881829055, 0.01761174772704909, 0.001248463695105338]], "M_G2C13_M M_G2C13H2_M": [[-0.2078724042249747, 0.01721582346703284, 0.0012203973684521026]], "M_G2C14_M M_G2C14H1_M": [[-0.2258041616597996, 0.016686944087136987, 0.0011829061032396393]], "M_G2C14_M M_G2C14H2_M": [[-0.2262618544229838, 0.0163622832100635, 0.0011598915038637475]], "M_G2C15_M M_G2C15H1_M": [[-0.23226247525168198, 0.015675789880312242, 0.001111227281981322]], "M_G2C15_M M_G2C15H2_M": [[-0.23206222042764701, 0.01545323802734827, 0.0010954509994107282]], "M_G2C16_M M_G2C16H1_M": [[-0.20531856202419682, 0.016657967396731015, 0.0011808520001184255]], "M_G2C16_M M_G2C16H2_M": [[-0.20566081177297257, 0.016175003917272057, 0.0011466156267890368]], "M_G2C17_M M_G2C17H1_M": [[-0.18157796703715712, 0.015660804421364527, 0.001110164990961676]], "M_G2C17_M M_G2C17H2_M": [[-0.18191104321826398, 0.015033793163641946, 0.0010657173413688584]], "M_G2C18_M M_G2C18H1_M": [[-0.12919568574495488, 0.014310374932927205, 0.0010144355826574522]], "M_G2C18_M M_G2C18H2_M": [[-0.12805826110872698, 0.013169304757526428, 0.0009335472625637345]], "M_G2C19_M M_G2C19H1_M": [[-0.041514005878781776, 0.007387744681632187, 0.0005237033352209349]], "M_G2C19_M M_G2C19H2_M": [[-0.04146802765874822, 0.00742376561789936, 0.0005262567916915951]], "M_G2C19_M M_G2C19H3_M": [[-0.04134082539335309, 0.0075117688512429046, 0.0005324951755013153]], "M_G3_M M_G3H1_M": [[-0.2741946126592527, 0.055715982366768266, 0.003949601271837788]], "M_G3_M M_G3H2_M": [[-0.2176596702833455, 0.04671562371964508, 0.0033115827635098]], "M_G3C4_M M_G3C4H1_M": [[0.007684712415767636, 0.03865279939201862, 0.002740024300995963]], "M_G3C4_M M_G3C4H2_M": [[0.009775989538777948, 0.041860569889515656, 0.002967417122561552]], "M_G3C5_M M_G3C5H1_M": [[-0.12114627065636299, 0.034458669396367304, 0.002442710308468072]], "M_G3C5_M M_G3C5H2_M": [[-0.12362557086174451, 0.02965158375708494, 0.0021019450424127973]], "M_G3N6C1_M M_G3N6C1H1_M": [[0.013455982380509166, 0.008158143410490258, 0.0005783154531459149]], "M_G3N6C1_M M_G3N6C1H2_M": [[0.013606922069731162, 0.008289243684361519, 0.0005876089051577931]], "M_G3N6C1_M M_G3N6C1H3_M": [[0.01381594964964767, 0.0087546651075056, 0.0006206017550853002]], "M_G3N6C2_M M_G3N6C2H1_M": [[0.013887492049322048, 0.00886662114799861, 0.0006285381083745648]], "M_G3N6C2_M M_G3N6C2H2_M": [[0.01428182174697235, 0.008526739834901901, 0.0006044445608957839]], "M_G3N6C2_M M_G3N6C2H3_M": [[0.015345433720987667, 0.008374078068164755, 0.0005936226551794509]], "M_G3N6C3_M M_G3N6C3H1_M": [[0.013666093957686587, 0.008745101510532304, 0.0006199238096706357]], "M_G3N6C3_M M_G3N6C3H2_M": [[0.01353227711089886, 0.008358534940650975, 0.0005925208320832942]], "M_G3N6C3_M M_G3N6C3H3_M": [[0.01394937818511115, 0.009016965938676168, 0.0006391957680127882]]}