{"M_G1_M M_G1H1_M": [[-0.030507252908279946, 0.17399107178529225, 0.015439211012896541]], "M_G1_M M_G1H2_M": [[-0.1859275705139426, 0.12072341283948015, 0.010712470622204156]], "M_G1C3_M M_G1C3H1_M": [[-0.23531127198631246, 0.08272036730174026, 0.007340245638649108]], "M_G1C3_M M_G1C3H2_M": [[-0.20287329111109242, 0.0994245213146952, 0.008822499618417594]], "M_G1C4_M M_G1C4H1_M": [[-0.2095432481828252, 0.07690839783255699, 0.006824516744548358]], "M_G1C4_M M_G1C4H2_M": [[-0.1786145172451294, 0.09340377067933907, 0.008288244391632147]], "M_G1C5_M M_G1C5H1_M": [[-0.22672669753157565, 0.0747073702172414, 0.006629207126362867]], "M_G1C5_M M_G1C5H2_M": [[-0.23917768782313903, 0.06620535626064271, 0.005874775383609417]], "M_G1C6_M M_G1C6H1_M": [[-0.187116891280724, 0.08912151760349875, 0.00790825587745074]], "M_G1C6_M M_G1C6H2_M": [[-0.174149412095929, 0.09197957917002052, 0.00816186783098725]], "M_G1C7_M M_G1C7H1_M": [[-0.1856134211373452, 0.08064804475779494, 0.0071563567487511436]], "M_G1C7_M M_G1C7H2_M": [[-0.18597313588615197, 0.09145741898320807, 0.008115533606914653]], "M_G1C8_M M_G1C8H1_M": [[-0.18477222633507323, 0.07417385052253056, 0.006581864908962531]], "M_G1C8_M M_G1C8H2_M": [[-0.17329984479759725, 0.08020843592819704, 0.007117347773097095]], "M_G1C9_M M_G1C9H1_M": [[-0.1804697445753678, 0.07293425158584112, 0.006471868290408864]], "M_G1C9_M M_G1C9H2_M": [[-0.1861458293810692, 0.07494725059977538, 0.006650493068255142]], "M_G1C10_M M_G1C10H1_M": [[-0.16572595327595904, 0.07257277843620233, 0.006439792735177752]], "M_G1C10_M M_G1C10H2_M": [[-0.16319851562417936, 0.06469138556822665, 0.0057404322087113565]], "M_G1C11_M M_G1C11H1_M": [[-0.16451176872490492, 0.0643984001149131, 0.005714433953795155]], "M_G1C11_M M_G1C11H2_M": [[-0.15924333025269194, 0.06600653199441385, 0.005857132582922611]], "M_G1C12_M M_G1C12H1_M": [[-0.1446433531426824, 0.05735411741270382, 0.005089354942797881]], "M_G1C12_M M_G1C12H2_M": [[-0.1445533472905329, 0.05853408027707533, 0.005194059715654816]], "M_G1C13_M M_G1C13H1_M": [[-0.13886872084329724, 0.05027683960442693, 0.0044613480895858105]], "M_G1C13_M M_G1C13H2_M": [[-0.1345421846640261, 0.051741325782185606, 0.004591300223864219]], "M_G1C14_M M_G1C14H1_M": [[-0.1137866089687525, 0.04574835859973679, 0.0040595103798579096]], "M_G1C14_M M_G1C14H2_M": [[-0.10884220923901794, 0.0488385067238386, 0.0043337166851560825]], "M_G1C15_M M_G1C15H1_M": [[-0.09302251827351786, 0.04205477013592322, 0.003731757403210986]], "M_G1C15_M M_G1C15H2_M": [[-0.09437974898215057, 0.0372521018841681, 0.0033055895096348845]], "M_G1C16_M M_G1C16H1_M": [[-0.05894075090775644, 0.03380741396761203, 0.002999922885068578]], "M_G1C16_M M_G1C16H2_M": [[-0.0598381871839176, 0.030499568578808853, 0.0027063990712789207]], "M_G1C17_M M_G1C17H1_M": [[-0.016501873241484447, 0.01356501299691764, 0.0012037002583129054]], "M_G1C17_M M_G1C17H2_M": [[-0.017300604727528035, 0.013274408016077103, 0.0011779132361711458]], "M_G1C17_M M_G1C17H3_M": [[-0.017632782092959765, 0.012139242840251223, 0.0010771836153679877]], "M_G2_M M_G2H1_M": [[-0.2085374364656489, 0.12546771742160898, 0.011133459577564628]], "M_G2C3_M M_G2C3H1_M": [[-0.11280281081599723, 0.12563986942971575, 0.011148735598064887]], "M_G2C3_M M_G2C3H2_M": [[-0.09369275865696114, 0.13408200356164982, 0.011897853865598452]], "M_G2C4_M M_G2C4H1_M": [[-0.1739032478355451, 0.10760197589666592, 0.00954813137379423]], "M_G2C4_M M_G2C4H2_M": [[-0.1542217336826725, 0.11921546003290276, 0.010578661448323283]], "M_G2C5_M M_G2C5H1_M": [[-0.1657402973728496, 0.09378551869174079, 0.00832211905000828]], "M_G2C5_M M_G2C5H2_M": [[-0.13676273416070306, 0.10940777398599902, 0.00970837004272032]], "M_G2C6_M M_G2C6H1_M": [[-0.18434863696141118, 0.09557310491035233, 0.008480741676731029]], "M_G2C6_M M_G2C6H2_M": [[-0.1760348978025325, 0.08516382204674262, 0.007557067185993261]], "M_G2C7_M M_G2C7H1_M": [[-0.16397598615747322, 0.1035850660503519, 0.009191688263807786]], "M_G2C7_M M_G2C7H2_M": [[-0.1659208199003921, 0.08776874276814349, 0.007788216521858059]], "M_G2C8_M M_G2C8H1_M": [[-0.19297587276508135, 0.07867026306037561, 0.006980857002410234]], "M_G2C8_M M_G2C8H2_M": [[-0.1884988975600655, 0.08793615453331148, 0.007803071913815525]], "M_G2C9_M M_G2C9H1_M": [[-0.15244426215942514, 0.08163745225077039, 0.007244152466686828]], "M_G2C9_M M_G2C9H2_M": [[-0.14790756595342583, 0.07539451848479617, 0.00669018167517774]], "M_G2C10_M M_G2C10H1_M": [[-0.09619151833841319, 0.1144050046668897, 0.010151802560094545]], "M_G2C11_M M_G2C11H1_M": [[-0.024410721036253337, 0.12446626043934045, 0.011044594640353008]], "M_G2C12_M M_G2C12H1_M": [[-0.11919993858073957, 0.075352148248754, 0.006686421924701988]], "M_G2C12_M M_G2C12H2_M": [[-0.11246481805897787, 0.08498904082349043, 0.007541557860375607]], "M_G2C13_M M_G2C13H1_M": [[-0.1556992805638403, 0.07282615787057177, 0.006462276524221741]], "M_G2C13_M M_G2C13H2_M": [[-0.1436672240695192, 0.08362107795777418, 0.007420170785022323]], "M_G2C14_M M_G2C14H1_M": [[-0.11906758756389954, 0.06308708270243608, 0.0055980733496079375]], "M_G2C14_M M_G2C14H2_M": [[-0.12109373225296041, 0.059070319707943825, 0.005241643270613491]], "M_G2C15_M M_G2C15H1_M": [[-0.12851825863444605, 0.05018841978315115, 0.004453502099188764]], "M_G2C15_M M_G2C15H2_M": [[-0.13083867013612172, 0.05439858276725093, 0.004827093652153135]], "M_G2C16_M M_G2C16H1_M": [[-0.10344423147384141, 0.04552758778164522, 0.004039920137605642]], "M_G2C16_M M_G2C16H2_M": [[-0.10056840967314265, 0.04571125046034608, 0.004056217564953842]], "M_G2C17_M M_G2C17H1_M": [[-0.085611662450816, 0.03724529056418574, 0.003304985102722478]], "M_G2C17_M M_G2C17H2_M": [[-0.08732626589259482, 0.03785386441314256, 0.0033589872993557033]], "M_G2C18_M M_G2C18H1_M": [[-0.05363237280885154, 0.03177677977071652, 0.0028197332377827592]], "M_G2C18_M M_G2C18H2_M": [[-0.054470329612675374, 0.02869628142898477, 0.0025463832122046377]], "M_G2C19_M M_G2C19H1_M": [[-0.015442722056761648, 0.011908418642032294, 0.0010567012798859555]], "M_G2C19_M M_G2C19H2_M": [[-0.017373885550175987, 0.012843523408826944, 0.0011396784100660825]], "M_G2C19_M M_G2C19H3_M": [[-0.01604575119139187, 0.0128694335217633, 0.0011419775608034607]], "M_G3_M M_G3H1_M": [[-0.19947547676261218, 0.13816448588942476, 0.012260115592411186]], "M_G3_M M_G3H2_M": [[-0.2526423304152477, 0.08887824422175405, 0.007886668855564856]], "M_G3C4_M M_G3C4H1_M": [[0.13467268810670607, 0.08617447939933814, 0.00764674852405475]], "M_G3C4_M M_G3C4H2_M": [[0.10080772982571082, 0.0793090575170976, 0.007037540844345353]], "M_G3C5_M M_G3C5H1_M": [[-0.039103179161245796, 0.07940249967013704, 0.0070458324946206935]], "M_G3C5_M M_G3C5H2_M": [[-0.045361517329141385, 0.08805721078196695, 0.007813813918840517]], "M_G3N6C1_M M_G3N6C1H1_M": [[0.018886750808762155, 0.011054144538305107, 0.0009808967112091619]], "M_G3N6C1_M M_G3N6C1H2_M": [[0.01941011694053974, 0.01124939356613881, 0.0009982222607897023]], "M_G3N6C1_M M_G3N6C1H3_M": [[0.020185616104297026, 0.011569949984188607, 0.0010266670432088625]], "M_G3N6C2_M M_G3N6C2H1_M": [[0.017372170545566647, 0.010946684727289673, 0.0009713611949286449]], "M_G3N6C2_M M_G3N6C2H2_M": [[0.017581523220356127, 0.011094291380657326, 0.0009844591673985363]], "M_G3N6C2_M M_G3N6C2H3_M": [[0.017641571418996, 0.011086479647279143, 0.000983765988152241]], "M_G3N6C3_M M_G3N6C3H1_M": [[0.01838502706174673, 0.00991699266332335, 0.0008799907993631819]], "M_G3N6C3_M M_G3N6C3H2_M": [[0.01752221518495344, 0.01047947064493206, 0.0009299026492015544]], "M_G3N6C3_M M_G3N6C3H3_M": [[0.017615943388436854, 0.010150581043715433, 0.00090071841634967]]}