{"sn-1": 0.6877112677019594, "sn-2": 0.5271377533021521, "headgroup": 0.5689591402866381, "total": 0.5946027204302499}