{"headgroup": 0.5948170708760725, "tails": 0.5784616031395964, "total": 0.5839134257184218}