{
    "unpublished/ferreiraDOPC": {
        "M_G1_M M_G1H1_M": [-0.170744, 0.01805, 0.00227409, -0.0047, 0.02, 0.00106545],
        "M_G1_M M_G1H2_M": [-0.047267, 0.0188125, 0.00237016, -0.135, 0.02, 0.00413218],
        "M_G1C3_M M_G1C3H1_M": [-0.192307, 0.0148671, 0.00187308, -0.1908, 0.02, 0.940217],
        "M_G1C3_M M_G1C3H2_M": [-0.227989, 0.0160761, 0.0020254, -0.1908, 0.02, 0.0260662],
        "M_G1C4_M M_G1C4H1_M": [-0.16461, 0.0146667, 0.00184783, -0.1676, 0.02, 0.940027],
        "M_G1C4_M M_G1C4H2_M": [-0.151713, 0.0124914, 0.00157377, -0.1676, 0.02, 0.869734],
        "M_G1C5_M M_G1C5H1_M": [-0.183299, 0.0111772, 0.00140819, -0.1722, 0.02, 0.93565],
        "M_G1C5_M M_G1C5H2_M": [-0.180839, 0.0132265, 0.00166638, -0.1722, 0.02, 0.935142],
        "M_G1C6_M M_G1C6H1_M": [-0.182058, 0.0120073, 0.00151278, -0.1629, 0.02, 0.649306],
        "M_G1C6_M M_G1C6H2_M": [-0.181538, 0.0126947, 0.00159938, -0.1629, 0.02, 0.711416],
        "M_G1C7_M M_G1C7H1_M": [-0.179867, 0.013148, 0.0016565, -0.1629, 0.02, 0.826625],
        "M_G1C7_M M_G1C7H2_M": [-0.180933, 0.0133169, 0.00167777, -0.1629, 0.02, 0.761191],
        "M_G1C8_M M_G1C8H1_M": [-0.160333, 0.014014, 0.0017656, -0.1536, 0.02, 0.936894],
        "M_G1C8_M M_G1C8H2_M": [-0.160094, 0.013815, 0.00174052, -0.1536, 0.02, 0.938322],
        "M_G1C9_M M_G1C9H1_M": [-0.120823, 0.0130298, 0.0016416, -0.1164, 0.02, 0.945215],
        "M_G1C9_M M_G1C9H2_M": [-0.119816, 0.0126262, 0.00159075, -0.1164, 0.02, 0.947969],
        "M_G1C10_M M_G1C10H1_M": [-0.089574, 0.0133431, 0.00168107, -0.1071, 0.02, 0.795772],
        "M_G1C11_M M_G1C11H1_M": [-0.0796128, 0.0109763, 0.00138288, -0.0279, 0.02, 0.00773419],
        "M_G1C12_M M_G1C12H1_M": [-0.0627881, 0.0131682, 0.00165904, -0.0465, 0.02, 0.851667],
        "M_G1C12_M M_G1C12H2_M": [-0.0651073, 0.0136429, 0.00171885, -0.0465, 0.02, 0.702589],
        "M_G1C13_M M_G1C13H1_M": [-0.0994655, 0.0144892, 0.00182547, -0.0838, 0.02, 0.856843],
        "M_G1C13_M M_G1C13H2_M": [-0.0995751, 0.0121324, 0.00152854, -0.0838, 0.02, 0.875909],
        "M_G1C14_M M_G1C14H1_M": [-0.0997706, 0.0130268, 0.00164122, -0.0791, 0.02, 0.36369],
        "M_G1C14_M M_G1C14H2_M": [-0.0974716, 0.0136275, 0.00171691, -0.0791, 0.02, 0.727349],
        "M_G1C15_M M_G1C15H1_M": [-0.105198, 0.0125694, 0.0015836, -0.0698, 0.02, 0.0235244],
        "M_G1C15_M M_G1C15H2_M": [-0.102796, 0.0148589, 0.00187205, -0.0698, 0.02, 0.0342984],
        "M_G1C16_M M_G1C16H1_M": [-0.0875676, 0.0138357, 0.00174313, -0.0698, 0.02, 0.774296],
        "M_G1C16_M M_G1C16H2_M": [-0.0910568, 0.0125675, 0.00158336, -0.0698, 0.02, 0.274229],
        "M_G1C17_M M_G1C17H1_M": [-0.0820911, 0.0134649, 0.00169641, -0.0605, 0.02, 0.247222],
        "M_G1C17_M M_G1C17H2_M": [-0.0798479, 0.0135757, 0.00171038, -0.0605, 0.02, 0.602109],
        "M_G1C18_M M_G1C18H1_M": [-0.061073, 0.0131006, 0.00165052, -0.0419, 0.02, 0.634445],
        "M_G1C18_M M_G1C18H2_M": [-0.0582023, 0.012114, 0.00152622, -0.0419, 0.02, 0.862023],
        "M_G1C19_M M_G1C19H1_M": [-0.0222989, 0.0143375, 0.00180636, -0.0093, 0.02, 0.902219],
        "M_G1C19_M M_G1C19H2_M": [-0.0221717, 0.014196, 0.00178853, -0.0093, 0.02, 0.904448],
        "M_G1C19_M M_G1C19H3_M": [-0.0215872, 0.011598, 0.00146122, -0.0093, 0.02, 0.926006],
        "M_G2_M M_G2H1_M": [-0.187792, 0.0168473, 0.00212256, -0.1862, 0.02, 0.932268],
        "M_G2C3_M M_G2C3H1_M": [-0.0646174, 0.0152102, 0.00191631, -0.0745, 0.02, 0.920031],
        "M_G2C3_M M_G2C3H2_M": [-0.0969682, 0.0168317, 0.00212059, -0.0745, 0.02, 0.210049],
        "M_G2C4_M M_G2C4H1_M": [-0.190801, 0.0128506, 0.00161902, -0.1676, 0.02, 0.137131],
        "M_G2C4_M M_G2C4H2_M": [-0.19787, 0.0109653, 0.0013815, -0.1676, 0.02, 0.033819],
        "M_G2C5_M M_G2C5H1_M": [-0.191072, 0.0117677, 0.00148259, -0.1722, 0.02, 0.69484],
        "M_G2C5_M M_G2C5H2_M": [-0.193852, 0.0125401, 0.0015799, -0.1722, 0.02, 0.230842],
        "M_G2C6_M M_G2C6H1_M": [-0.202348, 0.0122967, 0.00154924, -0.1629, 0.02, 0.0170103],
        "M_G2C6_M M_G2C6H2_M": [-0.200216, 0.0124909, 0.00157371, -0.1629, 0.02, 0.0201123],
        "M_G2C7_M M_G2C7H1_M": [-0.179225, 0.0114382, 0.00144108, -0.1629, 0.02, 0.868431],
        "M_G2C7_M M_G2C7H2_M": [-0.17846, 0.0125989, 0.00158731, -0.1629, 0.02, 0.876521],
        "M_G2C8_M M_G2C8H1_M": [-0.172026, 0.0126139, 0.00158921, -0.1536, 0.02, 0.735342],
        "M_G2C8_M M_G2C8H2_M": [-0.170662, 0.0141828, 0.00178687, -0.1536, 0.02, 0.810742],
        "M_G2C9_M M_G2C9H1_M": [-0.0996533, 0.0146855, 0.0018502, -0.1164, 0.02, 0.81939],
        "M_G2C9_M M_G2C9H2_M": [-0.0968214, 0.0147858, 0.00186284, -0.1164, 0.02, 0.555843],
        "M_G2C10_M M_G2C10H1_M": [-0.0602717, 0.0171079, 0.00215539, -0.1071, 0.02, 0.0152555],
        "M_G2C11_M M_G2C11H1_M": [-0.0486028, 0.0135116, 0.0017023, -0.0279, 0.02, 0.362058],
        "M_G2C12_M M_G2C12H1_M": [-0.0688318, 0.0134056, 0.00168895, -0.0465, 0.02, 0.186841],
        "M_G2C12_M M_G2C12H2_M": [-0.0717715, 0.0143501, 0.00180794, -0.0465, 0.02, 0.0924623],
        "M_G2C13_M M_G2C13H1_M": [-0.108335, 0.0137729, 0.00173522, -0.0838, 0.02, 0.103927],
        "M_G2C13_M M_G2C13H2_M": [-0.108084, 0.0146494, 0.00184564, -0.0838, 0.02, 0.116226],
        "M_G2C14_M M_G2C14H1_M": [-0.110214, 0.0131455, 0.00165618, -0.0791, 0.02, 0.0367781],
        "M_G2C14_M M_G2C14H2_M": [-0.109951, 0.013884, 0.00174922, -0.0791, 0.02, 0.0399309],
        "M_G2C15_M M_G2C15H1_M": [-0.113891, 0.0127392, 0.00160499, -0.0698, 0.02, 0.0132054],
        "M_G2C15_M M_G2C15H2_M": [-0.111938, 0.0117638, 0.0014821, -0.0698, 0.02, 0.0136879],
        "M_G2C16_M M_G2C16H1_M": [-0.101062, 0.0155366, 0.00195743, -0.0698, 0.02, 0.0426307],
        "M_G2C16_M M_G2C16H2_M": [-0.0988378, 0.0134857, 0.00169904, -0.0698, 0.02, 0.048125],
        "M_G2C17_M M_G2C17H1_M": [-0.0904697, 0.0131554, 0.00165742, -0.0605, 0.02, 0.041884],
        "M_G2C17_M M_G2C17H2_M": [-0.0877657, 0.0134177, 0.00169047, -0.0605, 0.02, 0.0613851],
        "M_G2C18_M M_G2C18H1_M": [-0.0721345, 0.0130556, 0.00164486, -0.0419, 0.02, 0.0403051],
        "M_G2C18_M M_G2C18H2_M": [-0.0643061, 0.0142021, 0.0017893, -0.0419, 0.02, 0.190116],
        "M_G2C19_M M_G2C19H1_M": [-0.0239275, 0.0161409, 0.00203356, -0.0093, 0.02, 0.866148],
        "M_G2C19_M M_G2C19H2_M": [-0.0245364, 0.012569, 0.00158354, -0.0093, 0.02, 0.883549],
        "M_G2C19_M M_G2C19H3_M": [-0.0207264, 0.0127933, 0.0016118, -0.0093, 0.02, 0.924539],
        "M_G3_M M_G3H1_M": [-0.224084, 0.0139623, 0.00175908, -0.2234, 0.02, 0.944086],
        "M_G3_M M_G3H2_M": [-0.246295, 0.0122864, 0.00154793, -0.2234, 0.02, 0.144826],
        "M_G3C4_M M_G3C4H1_M": [0.0374419, 0.0140762, 0.00177344, 0.0559, 0.02, 0.713143],
        "M_G3C4_M M_G3C4H2_M": [0.0355736, 0.0161136, 0.00203012, 0.0559, 0.02, 0.433253],
        "M_G3C5_M M_G3C5H1_M": [-0.0745979, 0.0117299, 0.00147783, -0.0186, 0.02, 0.00687132],
        "M_G3C5_M M_G3C5H2_M": [-0.0764599, 0.0161217, 0.00203114, -0.0186, 0.02, 0.00875871],
        "M_G3N6C1_M M_G3N6C1H1_M": [0.0126348, 0.0146526, 0.00184605, 0.0047, 0.02, 0.930667],
        "M_G3N6C1_M M_G3N6C1H2_M": [0.00994044, 0.0137336, 0.00173027, 0.0047, 0.02, 0.941067],
        "M_G3N6C1_M M_G3N6C1H3_M": [0.0122161, 0.0129947, 0.00163718, 0.0047, 0.02, 0.939576],
        "M_G3N6C2_M M_G3N6C2H1_M": [0.0108086, 0.0145282, 0.00183038, 0.0047, 0.02, 0.93602],
        "M_G3N6C2_M M_G3N6C2H2_M": [0.0117066, 0.0146172, 0.0018416, 0.0047, 0.02, 0.933511],
        "M_G3N6C2_M M_G3N6C2H3_M": [0.00917678, 0.0128709, 0.00162158, 0.0047, 0.02, 0.945812],
        "M_G3N6C3_M M_G3N6C3H1_M": [0.0109763, 0.0150425, 0.00189517, 0.0047, 0.02, 0.933401],
        "M_G3N6C3_M M_G3N6C3H2_M": [0.0122785, 0.0139181, 0.00175351, 0.0047, 0.02, 0.935148],
        "M_G3N6C3_M M_G3N6C3H3_M": [0.0121007, 0.016271, 0.00204995, 0.0047, 0.02, 0.92489]
    }
}