{"M_G1_M M_G1H1_M": [[0.015787173642892192, 0.0709801900193629, 0.00894266337158777]], "M_G1_M M_G1H2_M": [[-0.17238676956850496, 0.06911593567965892, 0.008707789401900642]], "M_G1C3_M M_G1C3H1_M": [[-0.23512059724034093, 0.024139862976606745, 0.0030413368628227078]], "M_G1C3_M M_G1C3H2_M": [[-0.2049052240252906, 0.030602545198533972, 0.0038555582895683166]], "M_G1C4_M M_G1C4H1_M": [[-0.21158971838527138, 0.029190767132581695, 0.003677690972000437]], "M_G1C4_M M_G1C4H2_M": [[-0.19604158893526133, 0.021621608821713132, 0.0027240666613034875]], "M_G1C5_M M_G1C5H1_M": [[-0.24220459890495794, 0.018750109012855128, 0.00236229169063645]], "M_G1C5_M M_G1C5H2_M": [[-0.24124662059710417, 0.023694844005841473, 0.002985269742567906]], "M_G1C6_M M_G1C6H1_M": [[-0.2749143691521821, 0.022397015171639705, 0.0028217586787761557]], "M_G1C6_M M_G1C6H2_M": [[-0.27154943135774223, 0.02063115449622139, 0.0025992811455787554]], "M_G1C7_M M_G1C7H1_M": [[-0.29314489724180465, 0.021748857268329615, 0.0027400984586590346]], "M_G1C7_M M_G1C7H2_M": [[-0.2922708202897366, 0.020802330595855838, 0.0026208473070087916]], "M_G1C8_M M_G1C8H1_M": [[-0.2979491077437878, 0.022115407673815805, 0.0027862794689393366]], "M_G1C8_M M_G1C8H2_M": [[-0.29903957043623763, 0.021672766381484146, 0.002730511908009917]], "M_G1C9_M M_G1C9H1_M": [[-0.2985637337970636, 0.021511573384573757, 0.0027102034992999126]], "M_G1C9_M M_G1C9H2_M": [[-0.2967824687443916, 0.022086319746443046, 0.0027826147345592117]], "M_G1C10_M M_G1C10H1_M": [[-0.2910915374176871, 0.022645914437722736, 0.002853117038755308]], "M_G1C10_M M_G1C10H2_M": [[-0.2892905360714024, 0.02135609069963192, 0.0026906145222745457]], "M_G1C11_M M_G1C11H1_M": [[-0.2806389461936028, 0.024072867911744532, 0.0030328962780277525]], "M_G1C11_M M_G1C11H2_M": [[-0.28005035928138083, 0.019376296728848483, 0.0024411839273298765]], "M_G1C12_M M_G1C12H1_M": [[-0.26518362473797275, 0.023627156961574563, 0.002976741976562608]], "M_G1C12_M M_G1C12H2_M": [[-0.2628751410940146, 0.020846754210097993, 0.0026264441563241922]], "M_G1C13_M M_G1C13H1_M": [[-0.24427845292815528, 0.019648190339704462, 0.002475439302443795]], "M_G1C13_M M_G1C13H2_M": [[-0.2455258557088585, 0.02063435206213528, 0.002599684001017274]], "M_G1C14_M M_G1C14H1_M": [[-0.21884689441022176, 0.0188191917497602, 0.0023709952973859035]], "M_G1C14_M M_G1C14H2_M": [[-0.22028183374858387, 0.01910317395909321, 0.0024067736927507522]], "M_G1C15_M M_G1C15H1_M": [[-0.18581018784078646, 0.018644998726708602, 0.0023490490393327096]], "M_G1C15_M M_G1C15H2_M": [[-0.18672829240834476, 0.01738455199176831, 0.0021902476773567403]], "M_G1C16_M M_G1C16H1_M": [[-0.13660135801191164, 0.017682856417212723, 0.0022278305023432127]], "M_G1C16_M M_G1C16H2_M": [[-0.13956437475765857, 0.013230722778207147, 0.0016669143874654142]], "M_G1C17_M M_G1C17H1_M": [[-0.03284940045063508, 0.016033048746839775, 0.0020199742734435156]], "M_G1C17_M M_G1C17H2_M": [[-0.03300065479197084, 0.016094587059034604, 0.0020277273720230474]], "M_G1C17_M M_G1C17H3_M": [[-0.03481528065507661, 0.014460075404047572, 0.0018217982599215096]], "M_G2_M M_G2H1_M": [[-0.20606444043839625, 0.06504828438297382, 0.008195313508988347]], "M_G2C3_M M_G2C3H1_M": [[-0.19893553531392333, 0.03062345694507615, 0.003858192921988822]], "M_G2C3_M M_G2C3H2_M": [[-0.16809090797923348, 0.0332504988886217, 0.004189169096577266]], "M_G2C4_M M_G2C4H1_M": [[-0.2343349120066035, 0.02639604907547281, 0.0033255895927789265]], "M_G2C4_M M_G2C4H2_M": [[-0.22741541883866032, 0.02351734241598292, 0.0029629066442781768]], "M_G2C5_M M_G2C5H1_M": [[-0.22793045832970138, 0.022610042926600175, 0.002848597653156147]], "M_G2C5_M M_G2C5H2_M": [[-0.22139812610823023, 0.021571618638119832, 0.002717768490170995]], "M_G2C6_M M_G2C6H1_M": [[-0.252128620552575, 0.023289428292637252, 0.0029341921637709416]], "M_G2C6_M M_G2C6H2_M": [[-0.24687388883871042, 0.020302513422294992, 0.002557876262140163]], "M_G2C7_M M_G2C7H1_M": [[-0.24291246356534155, 0.025521556926640293, 0.0032154139380508634]], "M_G2C7_M M_G2C7H2_M": [[-0.2384997958964209, 0.023414718656659096, 0.002949977265907825]], "M_G2C8_M M_G2C8H1_M": [[-0.23090939596469723, 0.02416761022594083, 0.003044832687646712]], "M_G2C8_M M_G2C8H2_M": [[-0.22929055438212465, 0.022804068901637012, 0.0028730426282911133]], "M_G2C9_M M_G2C9H1_M": [[-0.1447050545572156, 0.020688727099498896, 0.0026065346117979393]], "M_G2C9_M M_G2C9H2_M": [[-0.14900758358637384, 0.023309684388676442, 0.0029367441919925007]], "M_G2C10_M M_G2C10H1_M": [[-0.1081402974498687, 0.020751542191381533, 0.0026144485694980886]], "M_G2C11_M M_G2C11H1_M": [[-0.08117221410542919, 0.019261313672971868, 0.002426697423956745]], "M_G2C12_M M_G2C12H1_M": [[-0.11614573293752165, 0.020383568428174795, 0.0025680882330008695]], "M_G2C12_M M_G2C12H2_M": [[-0.11929073083416625, 0.020299282214764708, 0.002557469168256374]], "M_G2C13_M M_G2C13H1_M": [[-0.1889350236489206, 0.0195960383067855, 0.0024688687638976035]], "M_G2C13_M M_G2C13H2_M": [[-0.1905929631499383, 0.020091580113748776, 0.0025313011632052415]], "M_G2C14_M M_G2C14H1_M": [[-0.20131781370776436, 0.01937504076133961, 0.0024410256902973404]], "M_G2C14_M M_G2C14H2_M": [[-0.1992861567605806, 0.0184375092345335, 0.002322907820477738]], "M_G2C15_M M_G2C15H1_M": [[-0.20756082668931364, 0.019225480277463677, 0.0024221828404736166]], "M_G2C15_M M_G2C15H2_M": [[-0.20699938719714578, 0.019312821314126708, 0.0024331867767717575]], "M_G2C16_M M_G2C16H1_M": [[-0.1888840568529162, 0.019194508775673125, 0.00241828079802276]], "M_G2C16_M M_G2C16H2_M": [[-0.18981347089906553, 0.01802370207183303, 0.002270773018418563]], "M_G2C17_M M_G2C17H1_M": [[-0.17098247914910608, 0.017161277791648395, 0.002162117772228447]], "M_G2C17_M M_G2C17H2_M": [[-0.17186751995254126, 0.01877804783536149, 0.0023658116514114883]], "M_G2C18_M M_G2C18H1_M": [[-0.12232324118349389, 0.014907929062316114, 0.0018782225172324176]], "M_G2C18_M M_G2C18H2_M": [[-0.12477240107056667, 0.015883790662782286, 0.002001169522415797]], "M_G2C19_M M_G2C19H1_M": [[-0.03779869217926232, 0.014916725958079512, 0.001879330821922861]], "M_G2C19_M M_G2C19H2_M": [[-0.038764517000405785, 0.014929569015447418, 0.0018809488950594902]], "M_G2C19_M M_G2C19H3_M": [[-0.038504513281432846, 0.016002195693918135, 0.002016087154147431]], "M_G3_M M_G3H1_M": [[-0.2350204128795265, 0.055226781489043905, 0.006957920453834075]], "M_G3_M M_G3H2_M": [[-0.13426955594192194, 0.05968879066261354, 0.007520080769117602]], "M_G3C4_M M_G3C4H1_M": [[0.050018879960474924, 0.0561274054258677, 0.0070713884043877755]], "M_G3C4_M M_G3C4H2_M": [[0.05053876730416549, 0.043516437309523245, 0.005482555764977676]], "M_G3C5_M M_G3C5H1_M": [[0.01996774408514487, 0.04597880083205462, 0.00579278440869458]], "M_G3C5_M M_G3C5H2_M": [[0.03207895766965467, 0.05875046802341302, 0.007401863228504919]], "M_G3N6C1_M M_G3N6C1H1_M": [[-0.012033634961105221, 0.01772457232521307, 0.002233086212737697]], "M_G3N6C1_M M_G3N6C1H2_M": [[-0.013224673620927718, 0.017066543394399055, 0.002150182360051049]], "M_G3N6C1_M M_G3N6C1H3_M": [[-0.01381963077226176, 0.015618720699041697, 0.0019677738460305346]], "M_G3N6C2_M M_G3N6C2H1_M": [[-0.01100981091784015, 0.014197107681474985, 0.0017886674410279814]], "M_G3N6C2_M M_G3N6C2H2_M": [[-0.011262655219963957, 0.013713412958621803, 0.0017277276340211323]], "M_G3N6C2_M M_G3N6C2H3_M": [[-0.017512645434205026, 0.016044020900771765, 0.0020213566349030756]], "M_G3N6C3_M M_G3N6C3H1_M": [[-0.014830001799976083, 0.01603368725114851, 0.002020054717425037]], "M_G3N6C3_M M_G3N6C3H2_M": [[-0.010910531733454007, 0.017544136954434176, 0.002210353492794807]], "M_G3N6C3_M M_G3N6C3H3_M": [[-0.015151552789786412, 0.012920321547789352, 0.0016278075083066552]]}