{"M_G1_M M_G1H1_M": [[-0.22126635218433366, 0.21291454727326453, 0.018893110947231617]], "M_G1_M M_G1H2_M": [[0.022534874164468886, 0.23659257822924867, 0.020994196437126494]], "M_G1C3_M M_G1C3H1_M": [[-0.2424132576022387, 0.12362900508735149, 0.01097030024168992]], "M_G1C3_M M_G1C3H2_M": [[-0.26741224021273835, 0.11317054114490037, 0.010042261635907148]], "M_G1C4_M M_G1C4H1_M": [[-0.20253543280913205, 0.12396140188601404, 0.010999795687990149]], "M_G1C4_M M_G1C4H2_M": [[-0.201723694965729, 0.09020362028540431, 0.008004276963315293]], "M_G1C5_M M_G1C5H1_M": [[-0.21513904710238713, 0.09719688819569583, 0.008624829143544094]], "M_G1C5_M M_G1C5H2_M": [[-0.21639844284981552, 0.0682514537619978, 0.006056337177282166]], "M_G1C6_M M_G1C6H1_M": [[-0.20082924525871132, 0.07247854718037208, 0.006431431063352609]], "M_G1C6_M M_G1C6H2_M": [[-0.20102203886874237, 0.06190670838501324, 0.005493332066196662]], "M_G1C7_M M_G1C7H1_M": [[-0.19066070261621035, 0.0674475894139086, 0.005985005751085717]], "M_G1C7_M M_G1C7H2_M": [[-0.19463437016732588, 0.06608139132476148, 0.005863775274330062]], "M_G1C8_M M_G1C8H1_M": [[-0.18436338109467032, 0.05673695833876627, 0.005034590930637511]], "M_G1C8_M M_G1C8H2_M": [[-0.18747186525694712, 0.057498109179937536, 0.005102132145993598]], "M_G1C9_M M_G1C9H1_M": [[-0.17969006522343411, 0.05464650138405964, 0.004849092871996199]], "M_G1C9_M M_G1C9H2_M": [[-0.181820320897434, 0.05644466879743859, 0.005008654427924374]], "M_G1C10_M M_G1C10H1_M": [[-0.1673524942694363, 0.049111303374565596, 0.004357923473533034]], "M_G1C10_M M_G1C10H2_M": [[-0.16790331069961895, 0.04974353633192675, 0.004414025076551216]], "M_G1C11_M M_G1C11H1_M": [[-0.15768963328514463, 0.04645763989207565, 0.004122448917034305]], "M_G1C11_M M_G1C11H2_M": [[-0.15735889133978334, 0.048382207140789835, 0.004293226644629865]], "M_G1C12_M M_G1C12H1_M": [[-0.14141085897937075, 0.040648678727973085, 0.0036069869668431233]], "M_G1C12_M M_G1C12H2_M": [[-0.141678838604069, 0.04009397005380276, 0.0035577645315576618]], "M_G1C13_M M_G1C13H1_M": [[-0.12864393840530625, 0.037052871582669934, 0.003287910679144151]], "M_G1C13_M M_G1C13H2_M": [[-0.12877200118401483, 0.03736958919832061, 0.003316014822933589]], "M_G1C14_M M_G1C14H1_M": [[-0.11111946148645352, 0.03130826471046589, 0.002778159248935471]], "M_G1C14_M M_G1C14H2_M": [[-0.11157538385303904, 0.031094538788136727, 0.0027591941400944963]], "M_G1C15_M M_G1C15H1_M": [[-0.09638640554507868, 0.026228528058007725, 0.0023274055104676337]], "M_G1C15_M M_G1C15H2_M": [[-0.09608068686548271, 0.026987039244150135, 0.0023947124943164743]], "M_G1C16_M M_G1C16H1_M": [[-0.0757453815363289, 0.0202356045282409, 0.0017956195400104752]], "M_G1C16_M M_G1C16H2_M": [[-0.07580570507238546, 0.02046427179276727, 0.0018159104785772603]], "M_G1C17_M M_G1C17H1_M": [[-0.02507345533179821, 0.00849910176621447, 0.0007541733276440401]], "M_G1C17_M M_G1C17H2_M": [[-0.02495766980716892, 0.008809170030533631, 0.0007816874369147364]], "M_G1C17_M M_G1C17H3_M": [[-0.0245577865365076, 0.008803578295772798, 0.000781191250690841]], "M_G2_M M_G2H1_M": [[-0.22995909893133112, 0.2176199506851765, 0.019310647981930506]], "M_G2C3_M M_G2C3H1_M": [[-0.15316057477595343, 0.17688682908364836, 0.015696167921735095]], "M_G2C3_M M_G2C3H2_M": [[0.04300924691505688, 0.23632239983717046, 0.020970221981635076]], "M_G2C4_M M_G2C4H1_M": [[-0.1725488748335549, 0.12713474847930278, 0.01128138466360897]], "M_G2C4_M M_G2C4H2_M": [[-0.07256687477450326, 0.18600556062836973, 0.01650532450111775]], "M_G2C5_M M_G2C5H1_M": [[-0.18208631381171464, 0.07978088588572106, 0.007079408841767875]], "M_G2C5_M M_G2C5H2_M": [[-0.15543314617058052, 0.1058705859959128, 0.009394495363917168]], "M_G2C6_M M_G2C6H1_M": [[-0.18182505069401653, 0.07290507761405754, 0.006469279519032096]], "M_G2C6_M M_G2C6H2_M": [[-0.1706545709056525, 0.09177060890202493, 0.008143324718229218]], "M_G2C7_M M_G2C7H1_M": [[-0.1577261827669332, 0.06532079308014126, 0.005796283093988639]], "M_G2C7_M M_G2C7H2_M": [[-0.15657364935761958, 0.06756011360765171, 0.005994990658664191]], "M_G2C8_M M_G2C8H1_M": [[-0.1549739748273592, 0.06290567324585213, 0.005581975863390996]], "M_G2C8_M M_G2C8H2_M": [[-0.15731985829761838, 0.057419315424401186, 0.005095140330805947]], "M_G2C9_M M_G2C9H1_M": [[-0.10970296008191455, 0.05208617289616459, 0.004621900456998481]], "M_G2C9_M M_G2C9H2_M": [[-0.10382183603835982, 0.04794971671630797, 0.004254849325287452]], "M_G2C10_M M_G2C10H1_M": [[-0.09721359182149303, 0.05135161597391283, 0.004556719070348804]], "M_G2C11_M M_G2C11H1_M": [[-0.05605042082883732, 0.05288102257338916, 0.004692431960507733]], "M_G2C12_M M_G2C12H1_M": [[-0.06573471596468287, 0.042308626403752145, 0.0037542835043823932]], "M_G2C12_M M_G2C12H2_M": [[-0.06740130573429813, 0.03996950754973364, 0.0035467202702412653]], "M_G2C13_M M_G2C13H1_M": [[-0.1062533372186843, 0.03957120567022231, 0.0035113766936915604]], "M_G2C13_M M_G2C13H2_M": [[-0.1061012809812727, 0.041373449329294966, 0.003671299957934764]], "M_G2C14_M M_G2C14H1_M": [[-0.10528556915155901, 0.03808115650381821, 0.0033791562109756865]], "M_G2C14_M M_G2C14H2_M": [[-0.1047789998492708, 0.03987836081981531, 0.0035386323058307625]], "M_G2C15_M M_G2C15H1_M": [[-0.11450417341363772, 0.03943636772903444, 0.0034994117612086274]], "M_G2C15_M M_G2C15H2_M": [[-0.11449559619120525, 0.03981001405320484, 0.0035325675110058287]], "M_G2C16_M M_G2C16H1_M": [[-0.1000042173540375, 0.03430716736828042, 0.003044268828387172]], "M_G2C16_M M_G2C16H2_M": [[-0.0998578110817396, 0.033944620611583314, 0.003012098005934884]], "M_G2C17_M M_G2C17H1_M": [[-0.09303834953688678, 0.029999065381775086, 0.002661986594291772]], "M_G2C17_M M_G2C17H2_M": [[-0.09278634442701722, 0.029475598242644212, 0.0026155363969544505]], "M_G2C18_M M_G2C18H1_M": [[-0.07236027927808888, 0.023122150841964947, 0.0020517591061318874]], "M_G2C18_M M_G2C18H2_M": [[-0.0725985097651298, 0.02257971036203127, 0.002003625297047892]], "M_G2C19_M M_G2C19H1_M": [[-0.027308435970787602, 0.008007830543689176, 0.0007105800559243768]], "M_G2C19_M M_G2C19H2_M": [[-0.02719532729288183, 0.008275344665196008, 0.0007343180956323589]], "M_G2C19_M M_G2C19H3_M": [[-0.02704780098553347, 0.008483287829100761, 0.0007527700676403053]], "M_G3_M M_G3H1_M": [[-0.09667482639394981, 0.2090192740872895, 0.01854746134547872]], "M_G3_M M_G3H2_M": [[-0.15092112263878704, 0.20092448756785364, 0.017829165194443195]], "M_G3C4_M M_G3C4H1_M": [[-0.045746618574282256, 0.3191139956067624, 0.028316788124744578]], "M_G3C4_M M_G3C4H2_M": [[0.08159042703504386, 0.3082415442280626, 0.02735201407432463]], "M_G3C5_M M_G3C5H1_M": [[-0.061151921551657024, 0.28855835906554494, 0.02560541382632436]], "M_G3C5_M M_G3C5H2_M": [[-0.16868980557389876, 0.19456180683137494, 0.01726456857755811]], "M_G3N6C1_M M_G3N6C1H1_M": [[0.015534271410096945, 0.04028775454362221, 0.0035749601244041787]], "M_G3N6C1_M M_G3N6C1H2_M": [[0.01520556964342252, 0.0405354015627974, 0.0035969352438544383]], "M_G3N6C1_M M_G3N6C1H3_M": [[0.015390904236950345, 0.04069351621030217, 0.003610965650024178]], "M_G3N6C2_M M_G3N6C2H1_M": [[0.01812878334438629, 0.03864407078750635, 0.0034291067763630844]], "M_G3N6C2_M M_G3N6C2H2_M": [[0.01810989927747324, 0.03921205894561904, 0.0034795075753003414]], "M_G3N6C2_M M_G3N6C2H3_M": [[0.01787925065299286, 0.03941444209972879, 0.003497466176219886]], "M_G3N6C3_M M_G3N6C3H1_M": [[0.016980125490199963, 0.03662059372849346, 0.0032495522223661586]], "M_G3N6C3_M M_G3N6C3H2_M": [[0.016967879182655632, 0.0387418928986751, 0.0034377870850741264]], "M_G3N6C3_M M_G3N6C3H3_M": [[0.015212249580459098, 0.036814884941287776, 0.0032667927796056974]]}