{"M_G1_M M_G1H1_M": [[-0.20318503297048562, 0.049982485264517124, 0.005023428779147605]], "M_G1_M M_G1H2_M": [[-0.016768929107948444, 0.1012525792983599, 0.010176267108738377]], "M_G1C3_M M_G1C3H1_M": [[-0.3095884763306457, 0.02636393729467822, 0.002649675394027426]], "M_G1C3_M M_G1C3H2_M": [[-0.2939136370001313, 0.027907526175775497, 0.0028048119136990677]], "M_G1C4_M M_G1C4H1_M": [[-0.3091115989718566, 0.019876463711718226, 0.0019976597663904296]], "M_G1C4_M M_G1C4H2_M": [[-0.2971562993449244, 0.020906907120064645, 0.002101223225577704]], "M_G1C5_M M_G1C5H1_M": [[-0.3443224912121463, 0.016873684036509976, 0.0016958690539428229]], "M_G1C5_M M_G1C5H2_M": [[-0.34193173018812034, 0.016955574729577073, 0.0017040993782678447]], "M_G1C6_M M_G1C6H1_M": [[-0.36301566706063837, 0.0170737581186692, 0.0017159772557851529]], "M_G1C6_M M_G1C6H2_M": [[-0.3608469502661087, 0.01676594077357854, 0.0016850404485842722]], "M_G1C7_M M_G1C7H1_M": [[-0.3767119857861894, 0.015121021638765383, 0.001519719855231203]], "M_G1C7_M M_G1C7H2_M": [[-0.3760930924786809, 0.015292552546610863, 0.0015369593601182482]], "M_G1C8_M M_G1C8H1_M": [[-0.37750140486204226, 0.015481926115117435, 0.0015559921198742166]], "M_G1C8_M M_G1C8H2_M": [[-0.37751712017011035, 0.015586745698978027, 0.0015665268844301796]], "M_G1C9_M M_G1C9H1_M": [[-0.3773621089841289, 0.014760247669746318, 0.0014834607070686717]], "M_G1C9_M M_G1C9H2_M": [[-0.37687469011761265, 0.014616504784785045, 0.0014690140035626181]], "M_G1C10_M M_G1C10H1_M": [[-0.36759756129744203, 0.015676741807987338, 0.0015755718337082344]], "M_G1C10_M M_G1C10H2_M": [[-0.3674399071155134, 0.015410407761245165, 0.0015488042548615446]], "M_G1C11_M M_G1C11H1_M": [[-0.35708889378753184, 0.01621841268526699, 0.0016300118052173028]], "M_G1C11_M M_G1C11H2_M": [[-0.35865629555128464, 0.01548949693563556, 0.0015567530159655424]], "M_G1C12_M M_G1C12H1_M": [[-0.3376129570248894, 0.018749652949133732, 0.0018844110236865808]], "M_G1C12_M M_G1C12H2_M": [[-0.3377176100421614, 0.01819877108904576, 0.0018290453135737061]], "M_G1C13_M M_G1C13H1_M": [[-0.31848789275784734, 0.019755035947965866, 0.001985455816951081]], "M_G1C13_M M_G1C13H2_M": [[-0.3186011275478946, 0.019160647438537518, 0.0019257175240579765]], "M_G1C14_M M_G1C14H1_M": [[-0.2863083355331859, 0.02258690982926987, 0.0022700698508266214]], "M_G1C14_M M_G1C14H2_M": [[-0.28469904752662933, 0.02147657181954334, 0.00215847668207714]], "M_G1C15_M M_G1C15H1_M": [[-0.24593681232379783, 0.022206720622816985, 0.002231859397882767]], "M_G1C15_M M_G1C15H2_M": [[-0.24599145157029856, 0.02079133468082652, 0.0020896077583940974]], "M_G1C16_M M_G1C16H1_M": [[-0.18109011944322112, 0.022593826608857046, 0.0022707650133311137]], "M_G1C16_M M_G1C16H2_M": [[-0.18180946562218211, 0.02045298822955575, 0.0020556026605755093]], "M_G1C17_M M_G1C17H1_M": [[-0.05560564592868972, 0.011842733890672042, 0.0011902395396177258]], "M_G1C17_M M_G1C17H2_M": [[-0.05748574176806288, 0.010670920737038484, 0.0010724678864357379]], "M_G1C17_M M_G1C17H3_M": [[-0.05447750704633805, 0.010561136144199793, 0.001061434119702166]], "M_G2_M M_G2H1_M": [[-0.22592094452592168, 0.04582215914760121, 0.004605300272016504]], "M_G2C3_M M_G2C3H1_M": [[-0.09941719370494585, 0.06532531168840688, 0.006565440854044352]], "M_G2C3_M M_G2C3H2_M": [[-0.16854406173752437, 0.04129161336174323, 0.004149963288161451]], "M_G2C4_M M_G2C4H1_M": [[-0.29535940700633156, 0.021861322759272907, 0.002197145606465613]], "M_G2C4_M M_G2C4H2_M": [[-0.29823012736323573, 0.01935841940442506, 0.00194559435450949]], "M_G2C5_M M_G2C5H1_M": [[-0.30830010323131146, 0.01871396967202925, 0.001880824719400343]], "M_G2C5_M M_G2C5H2_M": [[-0.31076072958335493, 0.01733878775736187, 0.0017426137366902145]], "M_G2C6_M M_G2C6H1_M": [[-0.33921113269655373, 0.016645478418911473, 0.0016729335264087152]], "M_G2C6_M M_G2C6H2_M": [[-0.3391307291971229, 0.016349309268775484, 0.00164316740684873]], "M_G2C7_M M_G2C7H1_M": [[-0.3275302664064512, 0.01671212741692633, 0.001679632002744122]], "M_G2C7_M M_G2C7H2_M": [[-0.32724362522882217, 0.016880723338548502, 0.0016965765304169979]], "M_G2C8_M M_G2C8H1_M": [[-0.31408020224779887, 0.016079288906946602, 0.0016160293393959297]], "M_G2C8_M M_G2C8H2_M": [[-0.3147977735792662, 0.015616157926051016, 0.001569482924474114]], "M_G2C9_M M_G2C9H1_M": [[-0.21043073497391604, 0.017014575808982104, 0.0017100292098621616]], "M_G2C9_M M_G2C9H2_M": [[-0.2116856052434437, 0.01923691451219379, 0.001933382653366348]], "M_G2C10_M M_G2C10H1_M": [[-0.13678290954355077, 0.0175308070824562, 0.0017619124049882502]], "M_G2C11_M M_G2C11H1_M": [[-0.10757192460084364, 0.01708923514786426, 0.0017175327557460433]], "M_G2C12_M M_G2C12H1_M": [[-0.1896683201703347, 0.021687994082865016, 0.0021797254190397373]], "M_G2C12_M M_G2C12H2_M": [[-0.1872311625146928, 0.020419147184880106, 0.002052201507614819]], "M_G2C13_M M_G2C13H1_M": [[-0.2756491882833209, 0.019977930774479458, 0.0020078575898982614]], "M_G2C13_M M_G2C13H2_M": [[-0.27557049296964825, 0.020125780609877065, 0.0020227170574537057]], "M_G2C14_M M_G2C14H1_M": [[-0.28861470211532475, 0.01841108306383756, 0.0018503834699035182]], "M_G2C14_M M_G2C14H2_M": [[-0.2888162851258724, 0.018966763015616814, 0.001906231406375475]], "M_G2C15_M M_G2C15H1_M": [[-0.2931684505468952, 0.018437630841388813, 0.0018530516219385281]], "M_G2C15_M M_G2C15H2_M": [[-0.2935546005409006, 0.018135646965902405, 0.001822701100492291]], "M_G2C16_M M_G2C16H1_M": [[-0.26395485172338745, 0.02105916519836915, 0.0021165257382151762]], "M_G2C16_M M_G2C16H2_M": [[-0.2637451451344186, 0.02142791446183385, 0.002153586433628277]], "M_G2C17_M M_G2C17H1_M": [[-0.23574429961755672, 0.021650231974616418, 0.002175930184362362]], "M_G2C17_M M_G2C17H2_M": [[-0.2349094813109674, 0.021559810176783146, 0.002166842451747746]], "M_G2C18_M M_G2C18H1_M": [[-0.17287980870119854, 0.020186012454494934, 0.0020287705856060836]], "M_G2C18_M M_G2C18H2_M": [[-0.1725845427297391, 0.022430519265295466, 0.0022543520077522223]], "M_G2C19_M M_G2C19H1_M": [[-0.064464400004558, 0.013287908409628712, 0.0013354850437377753]], "M_G2C19_M M_G2C19H2_M": [[-0.06402753862530276, 0.012152385189158486, 0.0012213606660700252]], "M_G2C19_M M_G2C19H3_M": [[-0.06359717187715579, 0.012271151997454079, 0.0012332971794234964]], "M_G3_M M_G3H1_M": [[-0.20982351567374735, 0.0592328044966277, 0.0059531208422966735]], "M_G3_M M_G3H2_M": [[-0.22456744910997506, 0.04498843867907944, 0.004521508212194503]], "M_G3C4_M M_G3C4H1_M": [[0.03585719579333258, 0.02276067109324015, 0.0022875335149383585]], "M_G3C4_M M_G3C4H2_M": [[0.03854231265338492, 0.01954363240522275, 0.0019642089614774214]], "M_G3C5_M M_G3C5H1_M": [[-0.065082586444278, 0.024727836626600663, 0.0024852410899285455]], "M_G3C5_M M_G3C5H2_M": [[-0.06770635649842671, 0.024824728829174036, 0.002494979122687545]], "M_G3N6C1_M M_G3N6C1H1_M": [[0.009997742326731547, 0.011762002380728635, 0.0011821257175801158]], "M_G3N6C1_M M_G3N6C1H2_M": [[0.012017887380440333, 0.011396182579691659, 0.0011453594442188395]], "M_G3N6C1_M M_G3N6C1H3_M": [[0.01084782322779635, 0.01165122213945518, 0.0011709918844137795]], "M_G3N6C2_M M_G3N6C2H1_M": [[0.011951540914258749, 0.010843143601452814, 0.001089776935574604]], "M_G3N6C2_M M_G3N6C2H2_M": [[0.010139865622620032, 0.009639240792171322, 0.0009687801506521342]], "M_G3N6C2_M M_G3N6C2H3_M": [[0.008523967350223219, 0.010116535187409141, 0.0010167500422746628]], "M_G3N6C3_M M_G3N6C3H1_M": [[0.012656840254769897, 0.01126184013829605, 0.0011318575208391565]], "M_G3N6C3_M M_G3N6C3H2_M": [[0.010566873065199298, 0.010834981747764882, 0.0010889566384147055]], "M_G3N6C3_M M_G3N6C3H3_M": [[0.009660218329888986, 0.011786619724654605, 0.0011845998537358]]}