{"POPC": 1.6463280005569385, "POPG": 1.6427620716342612}