{"sn-1": 0.44037543589289324, "sn-2": 0.4060394695838842, "headgroup": 0.6788827196796845, "total": 0.5084325417188206}