{"10.1039/c2cp42738a": {"M_G1_M M_G1H1_M": [-0.1730828789256295, 0.04443825710282047, 0.0027828316051273358, -0.14991575, 0.02, 0.20897749768563], "M_G1_M M_G1H2_M": [-0.03994657100622841, 0.03471418269227632, 0.002173886444707111, 0.0, 0.02, 0.023016722981481275], "M_G1C3_M M_G1C3H1_M": [-0.23617717689992837, 0.028430430614305682, 0.0017803826256689108, -0.20987741, 0.02, 0.0754374296184337], "M_G1C3_M M_G1C3H2_M": [-0.20575320497548297, 0.029205391973336162, 0.0018289125884366354, -0.20987741, 0.02, 0.9394054736492662], "M_G1C4_M M_G1C4H1_M": [-0.17916842203206637, 0.020832613056069108, 0.0013045888342488106, -0.18840908, 0.02, 0.9473997009843641], "M_G1C4_M M_G1C4H2_M": [-0.1643827662192102, 0.0219153469325429, 0.0013723922596716783, -0.18840908, 0.02, 0.09464734218403467], "M_G1C5_M M_G1C5H1_M": [-0.20702442510538616, 0.019464532762255068, 0.0012189163230346847, -0.18619612, 0.02, 0.3005122079529825], "M_G1C5_M M_G1C5H2_M": [-0.20291005914009486, 0.02041461545444214, 0.0012784128090733966, -0.18619612, 0.02, 0.8708201824155829], "M_G1C6_M M_G1C6H1_M": [-0.20757858498480888, 0.020720824775849328, 0.0012975883805955847, -0.20173615, 0.02, 0.9549376946436291], "M_G1C6_M M_G1C6H2_M": [-0.2040305154570961, 0.020953243009009543, 0.0013121429749251867, -0.20173615, 0.02, 0.9577408291444366], "M_G1C7_M M_G1C7H1_M": [-0.220187606876032, 0.020590352157361533, 0.0012894178682937305, -0.19581075, 0.02, 0.08194777923943863], "M_G1C7_M M_G1C7H2_M": [-0.21764338254982188, 0.02132086713021098, 0.0013351644903937037, -0.19581075, 0.02, 0.19026184503878762], "M_G1C8_M M_G1C8H1_M": [-0.210364702637317, 0.020994954561571987, 0.0013147550536685344, -0.19507116, 0.02, 0.9014379350231901], "M_G1C8_M M_G1C8H2_M": [-0.20994540425482575, 0.021003608432863263, 0.0013152969801099865, -0.19507116, 0.02, 0.9080455544453448], "M_G1C9_M M_G1C9H1_M": [-0.21037297572342784, 0.020997104327053505, 0.0013148896772050007, -0.18174699, 0.02, 0.03954516591968549], "M_G1C9_M M_G1C9H2_M": [-0.20979103140042613, 0.0212776353776174, 0.0013324572130316754, -0.18174699, 0.02, 0.04342629427511824], "M_G1C10_M M_G1C10H1_M": [-0.1950921034845073, 0.021202975043125558, 0.001327781801527742, -0.17434532, 0.02, 0.32654961528433524], "M_G1C10_M M_G1C10H2_M": [-0.1951957270142859, 0.020763160651857425, 0.0013002395559896488, -0.17434532, 0.02, 0.3055038412372989], "M_G1C11_M M_G1C11H1_M": [-0.18786983888616793, 0.020521657677988598, 0.0012851160531290526, -0.14991285, 0.02, 0.015684577514267883], "M_G1C11_M M_G1C11H2_M": [-0.18826211956738337, 0.020253266940029425, 0.0012683087731678222, -0.14991285, 0.02, 0.015048913930360452], "M_G1C12_M M_G1C12H1_M": [-0.16943472062214726, 0.01921080379208337, 0.001203027198587331, -0.13658578, 0.02, 0.022471651428569994], "M_G1C12_M M_G1C12H2_M": [-0.1696985721462286, 0.019683844678526605, 0.0012326501679640516, -0.13658578, 0.02, 0.022448552997321958], "M_G1C13_M M_G1C13H1_M": [-0.15859179802393414, 0.017466923981058625, 0.0010938212087476635, -0.11585704, 0.02, 0.009753439255269614], "M_G1C13_M M_G1C13H2_M": [-0.15851055933467686, 0.018760992651173324, 0.0011748589323034714, -0.11585704, 0.02, 0.010525293628214305], "M_G1C14_M M_G1C14H1_M": [-0.13856062181800827, 0.016113772370987597, 0.0010090835679729176, -0.10623371, 0.02, 0.019861346733228702], "M_G1C14_M M_G1C14H2_M": [-0.13763941160062193, 0.016534993778180122, 0.0010354614756838206, -0.10623371, 0.02, 0.022407792974576846], "M_G1C15_M M_G1C15H1_M": [-0.1207501295862754, 0.014935881087139178, 0.0009353211545525823, -0.08994829, 0.02, 0.021633784226490205], "M_G1C15_M M_G1C15H2_M": [-0.12106478118109758, 0.01415852872690074, 0.000886641461481214, -0.08994829, 0.02, 0.019813789908403545], "M_G1C16_M M_G1C16H1_M": [-0.09115051618236027, 0.01301529033850267, 0.000815049096549623, -0.06699789, 0.02, 0.05581621120927627], "M_G1C16_M M_G1C16H2_M": [-0.09172248337021503, 0.011250379609370776, 0.0007045260995317035, -0.06699789, 0.02, 0.04210503557481016], "M_G1C17_M M_G1C17H1_M": [-0.030850801527145803, 0.00843713145331317, 0.0005283536663143257, -0.01813583, 0.02, 0.971814295824997], "M_G1C17_M M_G1C17H2_M": [-0.031120816648084502, 0.008865637670905386, 0.0005551877665480521, -0.01813583, 0.02, 0.9695033299646347], "M_G1C17_M M_G1C17H3_M": [-0.031436494275016304, 0.009449805120816007, 0.0005917697512675819, -0.01813583, 0.02, 0.966299715314962], "M_G2_M M_G2H1_M": [-0.19200283194668744, 0.038732445239576495, 0.0024255198062148164, -0.20691616, 0.02, 0.836290589465119], "M_G2C3_M M_G2C3H1_M": [-0.07379805571346339, 0.029017176505029788, 0.0018171260786154935, -0.0795825, 0.02, 0.9371355358973291], "M_G2C3_M M_G2C3H2_M": [-0.11019042497781822, 0.026303703758402394, 0.0016472018239019322, -0.122519, 0.02, 0.9164705326134094], "M_G2C4_M M_G2C4H1_M": [-0.20399019567931864, 0.021603762978200675, 0.0013528801155795317, -0.180265, 0.02, 0.10104065696250486], "M_G2C4_M M_G2C4H2_M": [-0.20886367044524876, 0.02116609897439982, 0.0013254725325281638, -0.180265, 0.02, 0.040004432075845475], "M_G2C5_M M_G2C5H1_M": [-0.20101491882732403, 0.020660712791665006, 0.00129382402212743, -0.186187, 0.02, 0.910154842394901], "M_G2C5_M M_G2C5H2_M": [-0.20442129018450805, 0.020583491977136433, 0.0012889882671439125, -0.186187, 0.02, 0.7885514196977672], "M_G2C6_M M_G2C6H1_M": [-0.21274212636731388, 0.02062134276553781, 0.0012913585754572793, -0.193592, 0.02, 0.6747814247132775], "M_G2C6_M M_G2C6H2_M": [-0.21209430449032418, 0.02205959448659936, 0.0013814253918996557, -0.193592, 0.02, 0.75143185845331], "M_G2C7_M M_G2C7H1_M": [-0.18982969195180027, 0.01991873034809331, 0.0012473592791550987, -0.166198, 0.02, 0.09621254652849975], "M_G2C7_M M_G2C7H2_M": [-0.188210705932361, 0.020800632142765424, 0.0013025861117726251, -0.166198, 0.02, 0.17296853358963593], "M_G2C8_M M_G2C8H1_M": [-0.18052266630282254, 0.019628348795210155, 0.0012291748809452527, -0.154356, 0.02, 0.05415362850639627], "M_G2C8_M M_G2C8H2_M": [-0.17953273042744305, 0.020162131111417788, 0.0012626016262013442, -0.154356, 0.02, 0.06725505462050241], "M_G2C9_M M_G2C9H1_M": [-0.10443933243143758, 0.01853885289289183, 0.0011609480010383061, -0.1203, 0.02, 0.9026593518878308], "M_G2C9_M M_G2C9H2_M": [-0.10318533850619749, 0.01918606825775173, 0.0012014781993421866, -0.1203, 0.02, 0.8641034802193963], "M_G2C10_M M_G2C10H1_M": [-0.05901448561695495, 0.022294923486360634, 0.0013961622655043837, -0.108455, 0.02, 0.008684923715551216], "M_G2C11_M M_G2C11H1_M": [-0.048973605081327365, 0.01903240993860616, 0.0011918557421445597, -0.0225792, 0.02, 0.050481346709025154], "M_G2C12_M M_G2C12H1_M": [-0.0791901262712739, 0.01940622073862346, 0.0012152646824686402, -0.0581141, 0.02, 0.25990478245849225], "M_G2C12_M M_G2C12H2_M": [-0.07869507841064696, 0.017543276025569952, 0.0010986025592423642, -0.0581141, 0.02, 0.33654370046832105], "M_G2C13_M M_G2C13H1_M": [-0.12051665005225182, 0.018289237887719394, 0.0011453165030724736, -0.0995716, 0.02, 0.2715012628934731], "M_G2C13_M M_G2C13H2_M": [-0.12218370653456807, 0.018148016506702842, 0.0011364728771511578, -0.0995716, 0.02, 0.12213956951690785], "M_G2C14_M M_G2C14H1_M": [-0.12799538769151725, 0.018270009195957792, 0.001144112355685783, -0.106234, 0.02, 0.17464722410080857], "M_G2C14_M M_G2C14H2_M": [-0.12901199463588117, 0.017499253617558545, 0.001095845769117484, -0.106234, 0.02, 0.11144723240497134], "M_G2C15_M M_G2C15H1_M": [-0.1339409229368914, 0.017308831202560618, 0.001083921054933604, -0.0943887, 0.02, 0.011835196304550988], "M_G2C15_M M_G2C15H2_M": [-0.13366625062534282, 0.016749415783959703, 0.001048889102540058, -0.0943887, 0.02, 0.011670380439297356], "M_G2C16_M M_G2C16H1_M": [-0.12309895267800991, 0.01578189340864252, 0.0009883005011808556, -0.0943887, 0.02, 0.029505501421136615], "M_G2C16_M M_G2C16H2_M": [-0.12170957672747576, 0.014751162432075556, 0.0009237536236708405, -0.0943887, 0.02, 0.033740471507311964],