{"sn-1": 0.3588002135981069, "sn-2": 0.40177512197730364, "headgroup": 0.6715931270216368, "total": 0.47738948753234905}