{"sn-1": 0.2801005727154641, "sn-2": 0.309495339135725, "headgroup": 0.6795458744302243, "total": 0.42304726209380444}