{"headgroup": 71.93060969832653, "sn-1": 19.308345421907585, "sn-2": 17.561282827952745, "total": 36.266745982728956}