{"headgroup": 0.6788827196796845, "tails": 0.4232074527383887, "total": 0.5084325417188206}