{"headgroup": 0.6795458744302243, "tails": 0.29479795592559455, "total": 0.42304726209380444}