{"M_G1_M M_G1H1_M": [[-0.24027915928539317, 0.09998149492983216, 0.008871923034714076]], "M_G1_M M_G1H2_M": [[0.026870399024019925, 0.10134991436453594, 0.008993350624013666]], "M_G1C3_M M_G1C3H1_M": [[-0.24358068112797504, 0.05115638968181713, 0.004539395538238775]], "M_G1C3_M M_G1C3H2_M": [[-0.2252475489010024, 0.06294818650133371, 0.005585748304789802]], "M_G1C4_M M_G1C4H1_M": [[-0.1936406207887818, 0.050680596174143715, 0.004497175691621582]], "M_G1C4_M M_G1C4H2_M": [[-0.18059497075838463, 0.05235072110926933, 0.00464537531489377]], "M_G1C5_M M_G1C5H1_M": [[-0.2227128125237045, 0.04967057907249647, 0.0044075511666447536]], "M_G1C5_M M_G1C5H2_M": [[-0.21559261069312663, 0.049192213038861995, 0.004365103045261842]], "M_G1C6_M M_G1C6H1_M": [[-0.20145656490671981, 0.05076758108810534, 0.004504894354584067]], "M_G1C6_M M_G1C6H2_M": [[-0.19894384708094948, 0.05065781552415426, 0.004495154235815894]], "M_G1C7_M M_G1C7H1_M": [[-0.21589492915494762, 0.05055766214400744, 0.004486267060434564]], "M_G1C7_M M_G1C7H2_M": [[-0.21425190040725356, 0.05073370289554122, 0.0045018881511141645]], "M_G1C8_M M_G1C8H1_M": [[-0.19895219775323852, 0.0533576082663593, 0.0047347221022028966]], "M_G1C8_M M_G1C8H2_M": [[-0.1988068446384979, 0.05161597346922083, 0.0045801770047762536]], "M_G1C9_M M_G1C9H1_M": [[-0.20172042518981834, 0.05162953189305125, 0.0045813801203405885]], "M_G1C9_M M_G1C9H2_M": [[-0.204184516427037, 0.05330145581998577, 0.004729739378321978]], "M_G1C10_M M_G1C10H1_M": [[-0.18370536920610128, 0.05114599427001913, 0.004538473094606073]], "M_G1C10_M M_G1C10H2_M": [[-0.1877977453026622, 0.051971622401000596, 0.00461173574424442]], "M_G1C11_M M_G1C11H1_M": [[-0.1805442058197389, 0.04849936797470273, 0.0043036229874919875]], "M_G1C11_M M_G1C11H2_M": [[-0.18247760881438896, 0.05170266847987199, 0.004587869942979774]], "M_G1C12_M M_G1C12H1_M": [[-0.16004658771009292, 0.04541432921974213, 0.00402987006539046]], "M_G1C12_M M_G1C12H2_M": [[-0.16149637707170103, 0.04683877863711492, 0.0041562695116744335]], "M_G1C13_M M_G1C13H1_M": [[-0.15178532175541476, 0.0426318761802555, 0.0037829672837171487]], "M_G1C13_M M_G1C13H2_M": [[-0.15095881335016814, 0.04381226290906808, 0.0038877096684611727]], "M_G1C14_M M_G1C14H1_M": [[-0.12759103801814914, 0.037777730032976124, 0.0033522314655725985]], "M_G1C14_M M_G1C14H2_M": [[-0.1294030491184845, 0.03919347872824831, 0.003477858847617313]], "M_G1C15_M M_G1C15H1_M": [[-0.11295376192640094, 0.03150461636384697, 0.002795582640711703]], "M_G1C15_M M_G1C15H2_M": [[-0.11354914380612462, 0.0344829493663998, 0.003059866958414112]], "M_G1C16_M M_G1C16H1_M": [[-0.08094163743861925, 0.023860420144828316, 0.002117269913291678]], "M_G1C16_M M_G1C16H2_M": [[-0.08188240362755714, 0.025493199709188587, 0.0022621556707793475]], "M_G1C17_M M_G1C17H1_M": [[-0.028336918367178852, 0.010283177747251192, 0.0009124844711506275]], "M_G1C17_M M_G1C17H2_M": [[-0.027479951616934936, 0.010510850583760759, 0.0009326871685000269]], "M_G1C17_M M_G1C17H3_M": [[-0.027464005703868803, 0.011440922523426225, 0.0010152177074887693]], "M_G2_M M_G2H1_M": [[-0.2221467994725464, 0.09539648866352331, 0.008465069519101791]], "M_G2C3_M M_G2C3H1_M": [[-0.24358068112797504, 0.05115638968181713, 0.004539395538238775]], "M_G2C3_M M_G2C3H2_M": [[-0.2252475489010024, 0.06294818650133371, 0.005585748304789802]], "M_G2C4_M M_G2C4H1_M": [[-0.1936406207887818, 0.050680596174143715, 0.004497175691621582]], "M_G2C4_M M_G2C4H2_M": [[-0.18059497075838463, 0.05235072110926933, 0.00464537531489377]], "M_G2C5_M M_G2C5H1_M": [[-0.2227128125237045, 0.04967057907249647, 0.0044075511666447536]], "M_G2C5_M M_G2C5H2_M": [[-0.21559261069312663, 0.049192213038861995, 0.004365103045261842]], "M_G2C6_M M_G2C6H1_M": [[-0.20145656490671981, 0.05076758108810534, 0.004504894354584067]], "M_G2C6_M M_G2C6H2_M": [[-0.19894384708094948, 0.05065781552415426, 0.004495154235815894]], "M_G2C7_M M_G2C7H1_M": [[-0.21589492915494762, 0.05055766214400744, 0.004486267060434564]], "M_G2C7_M M_G2C7H2_M": [[-0.21425190040725356, 0.05073370289554122, 0.0045018881511141645]], "M_G2C8_M M_G2C8H1_M": [[-0.19895219775323852, 0.0533576082663593, 0.0047347221022028966]], "M_G2C8_M M_G2C8H2_M": [[-0.1988068446384979, 0.05161597346922083, 0.0045801770047762536]], "M_G2C9_M M_G2C9H1_M": [[-0.20172042518981834, 0.05162953189305125, 0.0045813801203405885]], "M_G2C9_M M_G2C9H2_M": [[-0.204184516427037, 0.05330145581998577, 0.004729739378321978]], "M_G2C10_M M_G2C10H1_M": [[-0.18370536920610128, 0.05114599427001913, 0.004538473094606073]], "M_G2C11_M M_G2C11H1_M": [[-0.1805442058197389, 0.04849936797470273, 0.0043036229874919875]], "M_G2C12_M M_G2C12H1_M": [[-0.16004658771009292, 0.04541432921974213, 0.00402987006539046]], "M_G2C12_M M_G2C12H2_M": [[-0.16149637707170103, 0.04683877863711492, 0.0041562695116744335]], "M_G2C13_M M_G2C13H1_M": [[-0.15178532175541476, 0.0426318761802555, 0.0037829672837171487]], "M_G2C13_M M_G2C13H2_M": [[-0.15095881335016814, 0.04381226290906808, 0.0038877096684611727]], "M_G2C14_M M_G2C14H1_M": [[-0.12759103801814914, 0.037777730032976124, 0.0033522314655725985]], "M_G2C14_M M_G2C14H2_M": [[-0.1294030491184845, 0.03919347872824831, 0.003477858847617313]], "M_G2C15_M M_G2C15H1_M": [[-0.11295376192640094, 0.03150461636384697, 0.002795582640711703]], "M_G2C15_M M_G2C15H2_M": [[-0.11354914380612462, 0.0344829493663998, 0.003059866958414112]], "M_G2C16_M M_G2C16H1_M": [[-0.08094163743861925, 0.023860420144828316, 0.002117269913291678]], "M_G2C16_M M_G2C16H2_M": [[-0.08188240362755714, 0.025493199709188587, 0.0022621556707793475]], "M_G2C17_M M_G2C17H1_M": [[-0.028336918367178852, 0.010283177747251192, 0.0009124844711506275]], "M_G2C17_M M_G2C17H2_M": [[-0.027479951616934936, 0.010510850583760759, 0.0009326871685000269]], "M_G2C18_M M_G2C18H1_M": [[-0.07726775631181738, 0.023738967370928385, 0.002106492722341003]], "M_G2C18_M M_G2C18H2_M": [[-0.077442625413809, 0.022293071112543108, 0.0019781901766591455]], "M_G2C19_M M_G2C19H1_M": [[-0.02433007185846521, 0.01107970867686636, 0.0009831651616851562]], "M_G2C19_M M_G2C19H2_M": [[-0.02527400756823297, 0.009726820286299637, 0.0008631157296968691]], "M_G2C19_M M_G2C19H3_M": [[-0.02420492728467797, 0.009032055873207332, 0.0008014653572500568]], "M_G3_M M_G3H1_M": [[-0.13980825407325725, 0.08705429268436381, 0.00772481932860858]], "M_G3_M M_G3H2_M": [[-0.25247843944880244, 0.06233155177618247, 0.005531030821060305]], "M_G3C4_M M_G3C4H1_M": [[0.07100033299221475, 0.03876778968620548, 0.0034400850533729314]], "M_G3C4_M M_G3C4H2_M": [[0.06981943113082745, 0.03374784307069068, 0.0029946368227530868]], "M_G3C5_M M_G3C5H1_M": [[0.001763546210640006, 0.031738846440680216, 0.0028163671990496047]], "M_G3C5_M M_G3C5H2_M": [[-0.0034814839880171243, 0.030862202571277263, 0.0027385776346541607]], "M_G3N6C1_M M_G3N6C1H1_M": [[0.011238416341121053, 0.011224109958497201, 0.0009959787034074718]], "M_G3N6C1_M M_G3N6C1H2_M": [[0.012285286122866477, 0.010902546098766853, 0.0009674445249950025]], "M_G3N6C1_M M_G3N6C1H3_M": [[0.011319106470099916, 0.012633898327547593, 0.001121077192025071]], "M_G3N6C2_M M_G3N6C2H1_M": [[0.012625615471296401, 0.012093415710205727, 0.0010731171151526148]], "M_G3N6C2_M M_G3N6C2H2_M": [[0.012673995786932964, 0.011896995885557638, 0.0010556876741546293]], "M_G3N6C2_M M_G3N6C2H3_M": [[0.012559623258399134, 0.010235653695352932, 0.0009082673934700525]], "M_G3N6C3_M M_G3N6C3H1_M": [[0.014547254221014105, 0.012206257876176295, 0.0010831302382036743]], "M_G3N6C3_M M_G3N6C3H2_M": [[0.013361898643376904, 0.012106177033310878, 0.0010742494994652266]], "M_G3N6C3_M M_G3N6C3H3_M": [[0.011179489979080226, 0.011005527122023458, 0.0009765826131283104]]}