{"sn-1": NaN, "sn-2": NaN, "headgroup": 0.0008047928647071789, "total": 0.0008047928647071789}