{"M_G1_M M_G1H1_M": [[-0.2642085794013769, 0.17516899584702225, 0.01554373487127394]], "M_G1_M M_G1H2_M": [[0.021277285228057802, 0.2299986609415381, 0.020409080894346354]], "M_G1C3_M M_G1C3H1_M": [[-0.26036594968973104, 0.09455347682375752, 0.008390264314748689]], "M_G1C3_M M_G1C3H2_M": [[-0.24971825100401085, 0.12794346308735594, 0.011353146480780557]], "M_G1C4_M M_G1C4H1_M": [[-0.21364618882035288, 0.08856854382130883, 0.007859187388934472]], "M_G1C4_M M_G1C4H2_M": [[-0.20208496065572534, 0.09884555052391122, 0.008771124268421198]], "M_G1C5_M M_G1C5H1_M": [[-0.23066476948282114, 0.06502355189249849, 0.005769907203716501]], "M_G1C5_M M_G1C5H2_M": [[-0.224674716364691, 0.07290810988950558, 0.006469548589967812]], "M_G1C6_M M_G1C6H1_M": [[-0.21604445732091143, 0.05720437088158547, 0.0050760670868828465]], "M_G1C6_M M_G1C6H2_M": [[-0.2134887640194359, 0.06050082643410037, 0.005368580216135345]], "M_G1C7_M M_G1C7H1_M": [[-0.21076368545784976, 0.05084432387104777, 0.004511704175383534]], "M_G1C7_M M_G1C7H2_M": [[-0.21231536609469998, 0.050686305446086904, 0.004497682307583864]], "M_G1C8_M M_G1C8H1_M": [[-0.20151562246165666, 0.04475796761376979, 0.003971627391031423]], "M_G1C8_M M_G1C8H2_M": [[-0.20417012078317176, 0.045675628207740966, 0.004053056601180921]], "M_G1C9_M M_G1C9H1_M": [[-0.19729906476462686, 0.0410247828488087, 0.0036403608108272942]], "M_G1C9_M M_G1C9H2_M": [[-0.19844485194689304, 0.043030251211165105, 0.003818317351403797]], "M_G1C10_M M_G1C10H1_M": [[-0.18356502035035843, 0.0360030990290821, 0.003194758428260897]], "M_G1C10_M M_G1C10H2_M": [[-0.18358386780616875, 0.03714559734139106, 0.0032961387597033247]], "M_G1C11_M M_G1C11H1_M": [[-0.1746633529072701, 0.034821037305023075, 0.003089867411723356]], "M_G1C11_M M_G1C11H2_M": [[-0.17328833011252642, 0.03448477698212661, 0.0030600291330853016]], "M_G1C12_M M_G1C12H1_M": [[-0.15807807661125303, 0.030842164152041263, 0.0027367995124794133]], "M_G1C12_M M_G1C12H2_M": [[-0.15722777232248938, 0.03104033526024337, 0.002754384354763548]], "M_G1C13_M M_G1C13H1_M": [[-0.14372555081912763, 0.029720429400817046, 0.0026372616491457056]], "M_G1C13_M M_G1C13H2_M": [[-0.14360720474980715, 0.030523742497521947, 0.0027085441596917366]], "M_G1C14_M M_G1C14H1_M": [[-0.1255252331169672, 0.02659076272245101, 0.002359548639210625]], "M_G1C14_M M_G1C14H2_M": [[-0.12440578924342052, 0.02695099648485293, 0.002391514216608505]], "M_G1C15_M M_G1C15H1_M": [[-0.10780165511221435, 0.0229611984073062, 0.0020374768870718065]], "M_G1C15_M M_G1C15H2_M": [[-0.10767508048636443, 0.023761329471779974, 0.002108477037916491]], "M_G1C16_M M_G1C16H1_M": [[-0.08507823745980056, 0.01800106551710205, 0.0015973362663026446]], "M_G1C16_M M_G1C16H2_M": [[-0.08441490518673209, 0.019209823384863073, 0.0017045961825292134]], "M_G1C17_M M_G1C17H1_M": [[-0.02706680454520292, 0.010045047387090403, 0.0008913538186327995]], "M_G1C17_M M_G1C17H2_M": [[-0.028042539459439714, 0.010384139600692899, 0.0009214433869360488]], "M_G1C17_M M_G1C17H3_M": [[-0.026426018768328736, 0.01005044056253743, 0.0008918323855667338]], "M_G2_M M_G2H1_M": [[-0.25653440209465267, 0.1867873664208457, 0.016574698547023026]], "M_G2C3_M M_G2C3H1_M": [[-0.16814792593497258, 0.15725543400497083, 0.013954163300536697]], "M_G2C3_M M_G2C3H2_M": [[0.07609627517294712, 0.20465970840378728, 0.018160612446730437]], "M_G2C4_M M_G2C4H1_M": [[-0.18638016560961823, 0.11763947346467095, 0.010438815254315996]], "M_G2C4_M M_G2C4H2_M": [[-0.07883894367981405, 0.17472919067500323, 0.015504708473047345]], "M_G2C5_M M_G2C5H1_M": [[-0.19574129340048155, 0.07565444724818228, 0.006713246623195255]], "M_G2C5_M M_G2C5H2_M": [[-0.1701092748576621, 0.09694346617445235, 0.008602341575526114]], "M_G2C6_M M_G2C6H1_M": [[-0.19689413245511317, 0.06580626866015468, 0.005839362085597387]], "M_G2C6_M M_G2C6H2_M": [[-0.18695326957035682, 0.08594430911856557, 0.0076263242143629825]], "M_G2C7_M M_G2C7H1_M": [[-0.17050995338183705, 0.059447044044401556, 0.005275072149834615]], "M_G2C7_M M_G2C7H2_M": [[-0.17051508019561123, 0.06531353197662823, 0.0057956387752418565]], "M_G2C8_M M_G2C8H1_M": [[-0.1682241569967311, 0.05612827629528301, 0.004980579133292554]], "M_G2C8_M M_G2C8H2_M": [[-0.16800324801656302, 0.05980328242850275, 0.005306683194738222]], "M_G2C9_M M_G2C9H1_M": [[-0.11524112675857473, 0.05000653954261267, 0.004437362837651165]], "M_G2C9_M M_G2C9H2_M": [[-0.11781547470357052, 0.044857355496134496, 0.003980446639468764]], "M_G2C10_M M_G2C10H1_M": [[-0.1078269770801786, 0.04961692061126708, 0.004402789748159039]], "M_G2C11_M M_G2C11H1_M": [[-0.06628076174424946, 0.044292310621525464, 0.00393030701470911]], "M_G2C12_M M_G2C12H1_M": [[-0.0706224084560603, 0.040010628812521654, 0.0035503691922623005]], "M_G2C12_M M_G2C12H2_M": [[-0.07548970577715641, 0.033423514839351125, 0.00296585734602643]], "M_G2C13_M M_G2C13H1_M": [[-0.11367368195528674, 0.03247086831976206, 0.002881323636993433]], "M_G2C13_M M_G2C13H2_M": [[-0.11551125802682714, 0.032172148645050754, 0.0028548165522088594]], "M_G2C14_M M_G2C14H1_M": [[-0.11252914995287741, 0.029726550852993236, 0.002637804840189268]], "M_G2C14_M M_G2C14H2_M": [[-0.11280399325310836, 0.030619745883743082, 0.0027170630826606683]], "M_G2C15_M M_G2C15H1_M": [[-0.12299069469951711, 0.03163260863932, 0.0028069401185913]], "M_G2C15_M M_G2C15H2_M": [[-0.12400169527185073, 0.03119800078853161, 0.0027683749080472577]], "M_G2C16_M M_G2C16H1_M": [[-0.10831723712211147, 0.028833826815485263, 0.0025585883916097742]], "M_G2C16_M M_G2C16H2_M": [[-0.10689515086257814, 0.028415299769084246, 0.0025214501217107103]], "M_G2C17_M M_G2C17H1_M": [[-0.10035022334342361, 0.02509297599569684, 0.0022266415590403883]], "M_G2C17_M M_G2C17H2_M": [[-0.09944365049436137, 0.02581197555744045, 0.0022904424531784407]], "M_G2C18_M M_G2C18H1_M": [[-0.077020099769845, 0.019759090177166032, 0.0017533357288848272]], "M_G2C18_M M_G2C18H2_M": [[-0.07713911837226173, 0.02008583181527276, 0.0017823293608319564]], "M_G2C19_M M_G2C19H1_M": [[-0.029661228763853832, 0.010166794182578038, 0.00090215709978045]], "M_G2C19_M M_G2C19H2_M": [[-0.028849855085088708, 0.008710424956566234, 0.0007729252284989618]], "M_G2C19_M M_G2C19H3_M": [[-0.029869938197268082, 0.009177538572988414, 0.0008143748593158742]], "M_G3_M M_G3H1_M": [[-0.11610872858488483, 0.21493790206978333, 0.019072654652186546]], "M_G3_M M_G3H2_M": [[-0.15172603995484918, 0.20576948333509468, 0.018259089047658682]], "M_G3C4_M M_G3C4H1_M": [[-0.01998864136725548, 0.2932453429718902, 0.02602131639420676]], "M_G3C4_M M_G3C4H2_M": [[0.06137157136917981, 0.27438066098954456, 0.024347346558696834]], "M_G3C5_M M_G3C5H1_M": [[-0.055688840114920465, 0.29213030295813586, 0.025922372592760326]], "M_G3C5_M M_G3C5H2_M": [[-0.1605318503158059, 0.17551763338143156, 0.015574671449832428]], "M_G3N6C1_M M_G3N6C1H1_M": [[0.015437992563794233, 0.039401209519522785, 0.0034962919746016697]], "M_G3N6C1_M M_G3N6C1H2_M": [[0.013638811870477574, 0.03881232459250033, 0.0034440368872726283]], "M_G3N6C1_M M_G3N6C1H3_M": [[0.013094082324692351, 0.03957069079675442, 0.003511331006059234]], "M_G3N6C2_M M_G3N6C2H1_M": [[0.013724311882414235, 0.0403382593456779, 0.0035794417008902673]], "M_G3N6C2_M M_G3N6C2H2_M": [[0.014576478123231281, 0.04063015644106403, 0.0036053433796573216]], "M_G3N6C2_M M_G3N6C2H3_M": [[0.012584419119591385, 0.04177816998682596, 0.003707213108930293]], "M_G3N6C3_M M_G3N6C3H1_M": [[0.016215873891451883, 0.037390385491101394, 0.003317860195510664]], "M_G3N6C3_M M_G3N6C3H2_M": [[0.016887389944671396, 0.0373468864480451, 0.0033140002796097265]], "M_G3N6C3_M M_G3N6C3H3_M": [[0.015570474023804822, 0.03693765338656912, 0.003277686717512827]]}