{"headgroup": 0.1540064099995903, "tails": 0.18595924711717005, "total": 0.19639843590135597}