{"POPC": 0.30666043849782415, "POPS": 0.29355130940606927}