{"M_G1_M M_G1H1_M": [[-0.23330059122683647, 0.027080661483693643, 0.0035256018272024174]], "M_G1_M M_G1H2_M": [[-0.025487256050669496, 0.02802572993555093, 0.003648639259752051]], "M_G1C3_M M_G1C3H1_M": [[-0.24038453586264621, 0.01577178823918363, 0.0020533119350794825]], "M_G1C3_M M_G1C3H2_M": [[-0.24506812929615535, 0.011854291009678079, 0.0015432972369997602]], "M_G1C4_M M_G1C4H1_M": [[-0.17817652219269892, 0.015171787803643116, 0.001975198531788443]], "M_G1C4_M M_G1C4H2_M": [[-0.17844913373657711, 0.013098260686497127, 0.0017052482945179995]], "M_G1C5_M M_G1C5H1_M": [[-0.2205726960502197, 0.013989704933499674, 0.0018213044502353817]], "M_G1C5_M M_G1C5H2_M": [[-0.2169947847081242, 0.01308960824392215, 0.0017041218424418392]], "M_G1C6_M M_G1C6H1_M": [[-0.21784978434483407, 0.013910858137442443, 0.0018110394717223636]], "M_G1C6_M M_G1C6H2_M": [[-0.2155895622520398, 0.013914520050159066, 0.0018115162121510476]], "M_G1C7_M M_G1C7H1_M": [[-0.23057351968900058, 0.013972590744432925, 0.0018190763725984616]], "M_G1C7_M M_G1C7H2_M": [[-0.22857092452421815, 0.014992110593243076, 0.0019518065514383895]], "M_G1C8_M M_G1C8H1_M": [[-0.21866857810554158, 0.01336664048119582, 0.0017401883677190795]], "M_G1C8_M M_G1C8H2_M": [[-0.2160868384586033, 0.014040614620715548, 0.0018279323269723906]], "M_G1C9_M M_G1C9H1_M": [[-0.21871145707533385, 0.013000310995554041, 0.0016924963309232109]], "M_G1C9_M M_G1C9H2_M": [[-0.21730305683475568, 0.012427896241242816, 0.0016179742774300766]], "M_G1C10_M M_G1C10H1_M": [[-0.2006869996209586, 0.012159459454527828, 0.0015830267845004607]], "M_G1C10_M M_G1C10H2_M": [[-0.19885423258413398, 0.012081418765154882, 0.001572866752138804]], "M_G1C11_M M_G1C11H1_M": [[-0.19422119231637988, 0.011300694266796718, 0.0014712250799215046]], "M_G1C11_M M_G1C11H2_M": [[-0.19244311070743345, 0.01118409281705632, 0.001456044864161017]], "M_G1C12_M M_G1C12H1_M": [[-0.1707885814918727, 0.010986259091987331, 0.0014302891069390056]], "M_G1C12_M M_G1C12H2_M": [[-0.17035933266139444, 0.01067005948952524, 0.0013891234250418966]], "M_G1C13_M M_G1C13H1_M": [[-0.15773959337288623, 0.010660152588508708, 0.0013878336563873594]], "M_G1C13_M M_G1C13H2_M": [[-0.15837285050764677, 0.010249529752363446, 0.0013343751165257505]], "M_G1C14_M M_G1C14H1_M": [[-0.13300403606574288, 0.008382906195775532, 0.0010913614284824176]], "M_G1C14_M M_G1C14H2_M": [[-0.1330780855002646, 0.008383458177199297, 0.0010914332903428593]], "M_G1C15_M M_G1C15H1_M": [[-0.11610141240882511, 0.007258014943008861, 0.0009449130613128701]], "M_G1C15_M M_G1C15H2_M": [[-0.11602525848586825, 0.007358233477367201, 0.0009579604031610766]], "M_G1C16_M M_G1C16H1_M": [[-0.08247023436299902, 0.005867893753508271, 0.0007639346975204208]], "M_G1C16_M M_G1C16H2_M": [[-0.08194257571652322, 0.00554498941213253, 0.0007218961329657328]], "M_G1C17_M M_G1C17H1_M": [[-0.02792005135404018, 0.0035537172241292903, 0.0004626545753431887]], "M_G1C17_M M_G1C17H2_M": [[-0.02819899478783095, 0.002775294196759154, 0.00036131252912747456]], "M_G1C17_M M_G1C17H3_M": [[-0.027893791151803224, 0.002831874794101917, 0.00036867869547817337]], "M_G2_M M_G2H1_M": [[-0.2188393677635349, 0.03442629454124965, 0.004481921795430374]], "M_G2C3_M M_G2C3H1_M": [[-0.07897407083851263, 0.02160004595873771, 0.002812086460503808]], "M_G2C3_M M_G2C3H2_M": [[-0.10556342384774856, 0.017061063674850042, 0.00222116130000322]], "M_G2C4_M M_G2C4H1_M": [[-0.14802016397988366, 0.01775937537655873, 0.00231207373997384]], "M_G2C4_M M_G2C4H2_M": [[-0.15231062959643057, 0.015365818236810274, 0.002000459142579613]], "M_G2C5_M M_G2C5H1_M": [[-0.1788467418181959, 0.016258809576179062, 0.0021167167125673426]], "M_G2C5_M M_G2C5H2_M": [[-0.17767133731953208, 0.016222900173947268, 0.002112041706596813]], "M_G2C6_M M_G2C6H1_M": [[-0.192933677872441, 0.016669531079568072, 0.0021701880978099645]], "M_G2C6_M M_G2C6H2_M": [[-0.19488573635189965, 0.01738243611257413, 0.002263000427689772]], "M_G2C7_M M_G2C7H1_M": [[-0.17586954497648302, 0.01626971637229764, 0.0021181366564763104]], "M_G2C7_M M_G2C7H2_M": [[-0.1786200002214295, 0.01690765257291688, 0.0022011888757101734]], "M_G2C8_M M_G2C8H1_M": [[-0.1723261448609467, 0.0158282790184795, 0.00206066640811647]], "M_G2C8_M M_G2C8H2_M": [[-0.1733972423794474, 0.014902835961918508, 0.0019401839844080293]], "M_G2C9_M M_G2C9H1_M": [[-0.12500246771179943, 0.012140948302820193, 0.0015806168378186428]], "M_G2C9_M M_G2C9H2_M": [[-0.12609694010483627, 0.0141031229014413, 0.0018360702119673599]], "M_G2C10_M M_G2C10H1_M": [[-0.09723702141161511, 0.012316683922630356, 0.001603495666782268]], "M_G2C11_M M_G2C11H1_M": [[0.0007093126622392109, 0.014305263568678018, 0.0018623866852998455]], "M_G2C12_M M_G2C12H1_M": [[-0.06379737933275097, 0.012858842395660257, 0.0016740786879650572]], "M_G2C12_M M_G2C12H2_M": [[-0.06124444244461688, 0.012853726507200182, 0.0016734126560177408]], "M_G2C13_M M_G2C13H1_M": [[-0.1151958757083547, 0.01270614989324684, 0.0016541998173609175]], "M_G2C13_M M_G2C13H2_M": [[-0.11528290064679174, 0.013140461486640121, 0.0017107423707311354]], "M_G2C14_M M_G2C14H1_M": [[-0.11936774100209556, 0.010816585700416723, 0.0014081995128680052]], "M_G2C14_M M_G2C14H2_M": [[-0.11960569356008958, 0.011141389823547936, 0.0014504854079405393]], "M_G2C15_M M_G2C15H1_M": [[-0.12842065331533986, 0.009862568778049592, 0.0012839970886877512]], "M_G2C15_M M_G2C15H2_M": [[-0.129147495109651, 0.010301257872202412, 0.001341109544114671]], "M_G2C16_M M_G2C16H1_M": [[-0.11615582044808827, 0.008688346001337973, 0.0011311263041387863]], "M_G2C16_M M_G2C16H2_M": [[-0.11651485562592521, 0.008681351847985973, 0.0011302157429306566]], "M_G2C17_M M_G2C17H1_M": [[-0.10684063444896076, 0.007950302493497563, 0.0010350412235965764]], "M_G2C17_M M_G2C17H2_M": [[-0.10756490090658763, 0.007839305253904593, 0.0010205906138520899]], "M_G2C18_M M_G2C18H1_M": [[-0.0787281883502185, 0.006090936790382101, 0.0007929724275928805]], "M_G2C18_M M_G2C18H2_M": [[-0.0794713570373707, 0.00627798329520084, 0.0008173238083580015]], "M_G2C19_M M_G2C19H1_M": [[-0.026145368986786988, 0.0031516115875108953, 0.000410304880412589]], "M_G2C19_M M_G2C19H2_M": [[-0.025984394558338224, 0.0027503019581201905, 0.0003580588167960951]], "M_G2C19_M M_G2C19H3_M": [[-0.02624197338015315, 0.002703135646085312, 0.0003519182859972925]], "M_G3_M M_G3H1_M": [[-0.15599050269738485, 0.03944753343074262, 0.005135631418228025]], "M_G3_M M_G3H2_M": [[-0.1756822680714006, 0.02191794559842225, 0.0028534734683955346]], "M_G3C4_M M_G3C4H1_M": [[0.00014329285546718182, 0.010623610418597981, 0.0013830762710818057]], "M_G3C4_M M_G3C4H2_M": [[0.0022971455890126793, 0.010194325337981409, 0.001327188113936019]], "M_G3C5_M M_G3C5H1_M": [[-0.05320888806816295, 0.007722266730254159, 0.0010053534959152367]], "M_G3C5_M M_G3C5H2_M": [[-0.05300923971788194, 0.007017228127807418, 0.0009135652880632532]], "M_G3N6C1_M M_G3N6C1H1_M": [[0.011898738640032614, 0.0024041671892286714, 0.00031299590818150905]], "M_G3N6C1_M M_G3N6C1H2_M": [[0.012275558577921931, 0.003256467073948156, 0.0004239559020022205]], "M_G3N6C1_M M_G3N6C1H3_M": [[0.012467015931947214, 0.0033890581140880826, 0.0004412177851238522]], "M_G3N6C2_M M_G3N6C2H1_M": [[0.012111884545720387, 0.0025862309352522035, 0.000336698589005402]], "M_G3N6C2_M M_G3N6C2H2_M": [[0.01173493651431987, 0.0025051472597047023, 0.0003261423935875504]], "M_G3N6C2_M M_G3N6C2H3_M": [[0.01250949334088757, 0.0022331824209554187, 0.00029073558740570576]], "M_G3N6C3_M M_G3N6C3H1_M": [[0.011064589785606132, 0.002915630688767291, 0.00037958278419288305]], "M_G3N6C3_M M_G3N6C3H2_M": [[0.011553651124916901, 0.003222779548435003, 0.0004195701597420244]], "M_G3N6C3_M M_G3N6C3H3_M": [[0.012077814034140964, 0.002980034983447603, 0.00038796750917980094]]}