{"M_C3_M M_C3H3_M": [[-0.36150381120455716, 0.013570821366356308, 0.002961396007335801]], "M_C4_M M_C4H41_M": [[-0.3134669663264554, 0.015183486668053131, 0.0033133084271288723]], "M_C4_M M_C4H42_M": [[-0.18334684045921204, 0.015173833403791446, 0.0033112019121677963]], "M_C6_M M_C6H6_M": [[-0.039472763037939555, 0.016883129677148064, 0.0036842009387279217]], "M_C7_M M_C7H71_M": [[-0.2673838310834516, 0.013869167383111884, 0.003026500445672515]], "M_C7_M M_C7H72_M": [[-0.32595247282865314, 0.014060951527402778, 0.0030683511770203888]], "M_C8_M M_C8H8_M": [[-0.3944127607441333, 0.011540829332146653, 0.0025184154284346996]], "M_C14_M M_C14H14_M": [[-0.39187384294253486, 0.011001436336865265, 0.0024007102269963227]], "M_C15_M M_C15H151_M": [[-0.3607581108168597, 0.01303341714690989, 0.0028441247923642835]], "M_C15_M M_C15H152_M": [[-0.3182504799724758, 0.012615000190120263, 0.0027528187268146868]], "M_C16_M M_C16H161_M": [[-0.08487381302117317, 0.0190334545266573, 0.004153440290709855]], "M_C16_M M_C16H162_M": [[-0.1523178425013815, 0.013839937538838228, 0.003020121970723191]], "M_C17_M M_C17H17_M": [[-0.38957215638799986, 0.010964681304989352, 0.002392689621484804]], "M_C18_M M_C18H181_M": [[0.10896396947990294, 0.011554139408597302, 0.00252131992523664]], "M_C18_M M_C18H182_M": [[0.11531099516507984, 0.011450440411626977, 0.002498690948898187]], "M_C18_M M_C18H183_M": [[0.1135763931145455, 0.009028697504529637, 0.0019702233210174267]], "M_C12_M M_C12H121_M": [[-0.10909777765345319, 0.01428164247235357, 0.0031165098894217385]], "M_C12_M M_C12H122_M": [[-0.38527207570451655, 0.011893704353099973, 0.002595419071024115]], "M_C11_M M_C11H111_M": [[-0.3890565623386228, 0.011879777838539583, 0.0025923800563984055]], "M_C11_M M_C11H112_M": [[-0.21236606332508232, 0.015342912735506413, 0.003348098047217148]], "M_C9_M M_C9H9_M": [[-0.3905431677528551, 0.011530415520897497, 0.002516142948514593]], "M_C19_M M_C19H191_M": [[0.11162540621500475, 0.008061182369891588, 0.0017590942095653196]], "M_C19_M M_C19H192_M": [[0.11125605209358053, 0.006906925338014182, 0.0015072146752789734]], "M_C19_M M_C19H193_M": [[0.11291968532904345, 0.0069896706203877775, 0.0015252711762255209]], "M_C1_M M_C1H11_M": [[-0.1970681793963392, 0.015015571178865967, 0.0032766662633405045]], "M_C1_M M_C1H12_M": [[-0.3571790278584375, 0.013621724096510522, 0.0029725038937173055]], "M_C2_M M_C2H21_M": [[-0.21445450175384304, 0.01577526686550899, 0.0034424454533011285]], "M_C2_M M_C2H22_M": [[-0.34074323367132986, 0.014521266175873989, 0.003168800068454499]], "M_C20_M M_C20H20_M": [[-0.3722514981931575, 0.013055365460762088, 0.0028489143071073475]], "M_C21_M M_C21H211_M": [[0.10295834502861435, 0.0067103378785625, 0.0014643157746305735]], "M_C21_M M_C21H212_M": [[0.10444692269300287, 0.007707454490758572, 0.0016819044580632606]], "M_C21_M M_C21H213_M": [[0.10349956948914377, 0.0091544551899857, 0.0019976658978186103]], "M_C22_M M_C22H221_M": [[-0.21997649759566784, 0.026413207906628912, 0.005763834503749194]], "M_C22_M M_C22H222_M": [[-0.34956898084379384, 0.012783010205459144, 0.0027894815179004538]], "M_C23_M M_C23H231_M": [[-0.1798297183973852, 0.01950483657040299, 0.00425630428579117]], "M_C23_M M_C23H232_M": [[-0.3251875929506143, 0.013117264414425518, 0.0028624217661835966]], "M_C24_M M_C24H241_M": [[-0.18677809786213295, 0.01479428979864139, 0.0032283787073993887]], "M_C24_M M_C24H242_M": [[-0.280047578682677, 0.012248120377374869, 0.002672758988107211]], "M_C25_M M_C25H25_M": [[-0.16096224242352244, 0.008394980995625365, 0.001831935041436618]], "M_C26_M M_C26H261_M": [[0.012609867408965754, 0.008166006273132466, 0.0017819686605768457]], "M_C26_M M_C26H262_M": [[0.010619863688629085, 0.006558320660003382, 0.0014311428979170591]], "M_C26_M M_C26H263_M": [[0.013318526229443352, 0.005494212278569599, 0.0011989354119381424]], "M_C27_M M_C27H271_M": [[0.01060562950361735, 0.0060014318736307535, 0.0013096198018587419]], "M_C27_M M_C27H272_M": [[0.007965681359814349, 0.006052777273671311, 0.0013208242867289153]], "M_C27_M M_C27H273_M": [[0.006959726243522845, 0.007657321055664014, 0.0016709644456266433]]}