{"headgroup": 0.0799494710858851, "tails": 0.023087185802700347, "total": 0.042041280897095266}