{"headgroup": 45.176114591930755, "sn-1": 169.67572850645774, "sn-2": 90.09055596583039, "total": 101.64746635473962}