{
    "M_G1_M M_G1H1_M": [
        [-0.171028, 0.0302586, 0.00214498]
    ],
    "M_G1_M M_G1H2_M": [
        [-0.0406536, 0.0272398, 0.00193098]
    ],
    "M_G1C3_M M_G1C3H1_M": [
        [-0.234577, 0.0193921, 0.00137467]
    ],
    "M_G1C3_M M_G1C3H2_M": [
        [-0.201456, 0.0201809, 0.00143059]
    ],
    "M_G1C4_M M_G1C4H1_M": [
        [-0.17741, 0.0150011, 0.0010634]
    ],
    "M_G1C4_M M_G1C4H2_M": [
        [-0.162924, 0.0136629, 0.000968537]
    ],
    "M_G1C5_M M_G1C5H1_M": [
        [-0.204004, 0.0142679, 0.00101142]
    ],
    "M_G1C5_M M_G1C5H2_M": [
        [-0.202314, 0.0136718, 0.000969165]
    ],
    "M_G1C6_M M_G1C6H1_M": [
        [-0.20641, 0.0139167, 0.000986532]
    ],
    "M_G1C6_M M_G1C6H2_M": [
        [-0.202972, 0.0134217, 0.000951438]
    ],
    "M_G1C7_M M_G1C7H1_M": [
        [-0.218179, 0.0140488, 0.00099589]
    ],
    "M_G1C7_M M_G1C7H2_M": [
        [-0.216326, 0.0129677, 0.000919257]
    ],
    "M_G1C8_M M_G1C8H1_M": [
        [-0.208848, 0.0138218, 0.000979799]
    ],
    "M_G1C8_M M_G1C8H2_M": [
        [-0.208344, 0.0127634, 0.000904776]
    ],
    "M_G1C9_M M_G1C9H1_M": [
        [-0.208433, 0.0136347, 0.000966541]
    ],
    "M_G1C9_M M_G1C9H2_M": [
        [-0.208603, 0.0125061, 0.000886535]
    ],
    "M_G1C10_M M_G1C10H1_M": [
        [-0.193527, 0.0128599, 0.000911613]
    ],
    "M_G1C10_M M_G1C10H2_M": [
        [-0.19336, 0.0123393, 0.000874711]
    ],
    "M_G1C11_M M_G1C11H1_M": [
        [-0.186266, 0.0124218, 0.000880555]
    ],
    "M_G1C11_M M_G1C11H2_M": [
        [-0.186208, 0.0121816, 0.000863528]
    ],
    "M_G1C12_M M_G1C12H1_M": [
        [-0.167573, 0.0117001, 0.000829395]
    ],
    "M_G1C12_M M_G1C12H2_M": [
        [-0.167264, 0.0117137, 0.000830363]
    ],
    "M_G1C13_M M_G1C13H1_M": [
        [-0.156426, 0.0111391, 0.000789627]
    ],
    "M_G1C13_M M_G1C13H2_M": [
        [-0.156195, 0.0109617, 0.000777052]
    ],
    "M_G1C14_M M_G1C14H1_M": [
        [-0.136056, 0.00984036, 0.000697565]
    ],
    "M_G1C14_M M_G1C14H2_M": [
        [-0.135504, 0.00956347, 0.000677937]
    ],
    "M_G1C15_M M_G1C15H1_M": [
        [-0.118783, 0.00850019, 0.000602563]
    ],
    "M_G1C15_M M_G1C15H2_M": [
        [-0.118841, 0.00843226, 0.000597747]
    ],
    "M_G1C16_M M_G1C16H1_M": [
        [-0.0896906, 0.00662854, 0.000469885]
    ],
    "M_G1C16_M M_G1C16H2_M": [
        [-0.0903234, 0.0066322, 0.000470144]
    ],
    "M_G1C17_M M_G1C17H1_M": [
        [-0.0304819, 0.00370747, 0.000262816]
    ],
    "M_G1C17_M M_G1C17H2_M": [
        [-0.0307091, 0.00368788, 0.000261427]
    ],
    "M_G1C17_M M_G1C17H3_M": [
        [-0.0303465, 0.00372101, 0.000263775]
    ],
    "M_G2_M M_G2H1_M": [
        [-0.190963, 0.028968, 0.00205349]
    ],
    "M_G2C3_M M_G2C3H1_M": [
        [-0.0718348, 0.022761, 0.00161348]
    ],
    "M_G2C3_M M_G2C3H2_M": [
        [-0.105844, 0.0210631, 0.00149312]
    ],
    "M_G2C4_M M_G2C4H1_M": [
        [-0.200338, 0.0173975, 0.00123328]
    ],
    "M_G2C4_M M_G2C4H2_M": [
        [-0.20596, 0.0153247, 0.00108634]
    ],
    "M_G2C5_M M_G2C5H1_M": [
        [-0.198709, 0.0153581, 0.0010887]
    ],
    "M_G2C5_M M_G2C5H2_M": [
        [-0.20075, 0.0143307, 0.00101588]
    ],
    "M_G2C6_M M_G2C6H1_M": [
        [-0.209542, 0.0154765, 0.0010971]
    ],
    "M_G2C6_M M_G2C6H2_M": [
        [-0.208385, 0.0147569, 0.00104609]
    ],
    "M_G2C7_M M_G2C7H1_M": [
        [-0.187221, 0.0142322, 0.0010089]
    ],
    "M_G2C7_M M_G2C7H2_M": [
        [-0.185301, 0.0138971, 0.000985139]
    ],
    "M_G2C8_M M_G2C8H1_M": [
        [-0.177128, 0.0140975, 0.000999342]
    ],
    "M_G2C8_M M_G2C8H2_M": [
        [-0.177613, 0.0136693, 0.000968993]
    ],
    "M_G2C9_M M_G2C9H1_M": [
        [-0.100538, 0.0144218, 0.00102234]
    ],
    "M_G2C9_M M_G2C9H2_M": [
        [-0.101589, 0.0137007, 0.000971216]
    ],
    "M_G2C10_M M_G2C10H1_M": [
        [-0.0553687, 0.0163821, 0.0011613]
    ],
    "M_G2C11_M M_G2C11H1_M": [
        [-0.0483339, 0.0149647, 0.00106082]
    ],
    "M_G2C12_M M_G2C12H1_M": [
        [-0.0789233, 0.0139652, 0.000989968]
    ],
    "M_G2C12_M M_G2C12H2_M": [
        [-0.0767211, 0.013726, 0.000973008]
    ],
    "M_G2C13_M M_G2C13H1_M": [
        [-0.120025, 0.013138, 0.000931327]
    ],
    "M_G2C13_M M_G2C13H2_M": [
        [-0.119255, 0.0136295, 0.000966169]
    ],
    "M_G2C14_M M_G2C14H1_M": [
        [-0.126877, 0.0116313, 0.000824522]
    ],
    "M_G2C14_M M_G2C14H2_M": [
        [-0.126125, 0.0126323, 0.000895481]
    ],
    "M_G2C15_M M_G2C15H1_M": [
        [-0.131261, 0.0115921, 0.000821741]
    ],
    "M_G2C15_M M_G2C15H2_M": [
        [-0.131396, 0.0117702, 0.000834366]
    ],
    "M_G2C16_M M_G2C16H1_M": [
        [-0.120387, 0.010178, 0.000721501]
    ],
    "M_G2C16_M M_G2C16H2_M": [
        [-0.12056, 0.0100603, 0.000713156]
    ],
    "M_G2C17_M M_G2C17H1_M": [
        [-0.109624, 0.0084865, 0.000601592]
    ],
    "M_G2C17_M M_G2C17H2_M": [
        [-0.10975, 0.00867853, 0.000615205]
    ],
    "M_G2C18_M M_G2C18H1_M": [
        [-0.0859686, 0.00680375, 0.000482305]
    ],
    "M_G2C18_M M_G2C18H2_M": [
        [-0.0859167, 0.00669354, 0.000474492]
    ],
    "M_G2C19_M M_G2C19H1_M": [
        [-0.0286691, 0.00326073, 0.000231147]
    ],
    "M_G2C19_M M_G2C19H2_M": [
        [-0.0280384, 0.00337204, 0.000239038]
    ],
    "M_G2C19_M M_G2C19H3_M": [
        [-0.0288442, 0.00329485, 0.000233566]
    ],
    "M_G3_M M_G3H1_M": [
        [-0.222763, 0.0243597, 0.00172681]
    ],
    "M_G3_M M_G3H2_M": [
        [-0.244774, 0.0206189, 0.00146164]
    ],
    "M_G3C4_M M_G3C4H1_M": [
        [0.0355701, 0.0176302, 0.00124977]
    ],
    "M_G3C4_M M_G3C4H2_M": [
        [0.0348287, 0.0180038, 0.00127625]
    ],
    "M_G3C5_M M_G3C5H1_M": [
        [-0.0758333, 0.0152342, 0.00107992]
    ],
    "M_G3C5_M M_G3C5H2_M": [
        [-0.0788822, 0.0159886, 0.0011334]
    ],
    "M_G3N6C1_M M_G3N6C1H1_M": [
        [0.0117363, 0.00902251, 0.000639589]
    ],
    "M_G3N6C1_M M_G3N6C1H2_M": [
        [0.0121312, 0.00938171, 0.000665051]
    ],
    "M_G3N6C1_M M_G3N6C1H3_M": [
        [0.0121265, 0.00953727, 0.000676079]
    ],
    "M_G3N6C2_M M_G3N6C2H1_M": [
        [0.0115949, 0.00865855, 0.000613789]
    ],
    "M_G3N6C2_M M_G3N6C2H2_M": [
        [0.0109838, 0.00857646, 0.000607969]
    ],
    "M_G3N6C2_M M_G3N6C2H3_M": [
        [0.0110963, 0.00887734, 0.000629298]
    ],
    "M_G3N6C3_M M_G3N6C3H1_M": [
        [0.0123607, 0.00862144, 0.000611158]
    ],
    "M_G3N6C3_M M_G3N6C3H2_M": [
        [0.0133597, 0.00932731, 0.000661195]
    ],
    "M_G3N6C3_M M_G3N6C3H3_M": [
        [0.0109073, 0.00940712, 0.000666853]
    ]
}