{"M_G1_M M_G1H1_M": [[-0.04252168454804139, 0.10649786673306187, 0.007549433610055007]], "M_G1_M M_G1H2_M": [[-0.1280639383287618, 0.07595296142859115, 0.005384162682145135]], "M_G1C3_M M_G1C3H1_M": [[-0.22863910224226192, 0.03564112579357309, 0.0025265324200401773]], "M_G1C3_M M_G1C3H2_M": [[-0.23795180153851228, 0.02806317356237132, 0.0019893456291251855]], "M_G1C4_M M_G1C4H1_M": [[-0.19584838942810076, 0.026734014820644227, 0.001895124064076899]], "M_G1C4_M M_G1C4H2_M": [[-0.20850266633530035, 0.022954008471495056, 0.0016271665185044965]], "M_G1C5_M M_G1C5H1_M": [[-0.23731649701259733, 0.016489117442532855, 0.001168882544218666]], "M_G1C5_M M_G1C5H2_M": [[-0.23987448806896602, 0.016411573049313382, 0.00116338556792796]], "M_G1C6_M M_G1C6H1_M": [[-0.225182834716218, 0.014714743373693752, 0.0010431005014132453]], "M_G1C6_M M_G1C6H2_M": [[-0.22422506137811932, 0.015000167683231456, 0.0010633336942616211]], "M_G1C7_M M_G1C7H1_M": [[-0.23772538181536668, 0.01424685766497042, 0.001009932962912648]], "M_G1C7_M M_G1C7H2_M": [[-0.23696509989989742, 0.014283889159314542, 0.00101255805594604]], "M_G1C8_M M_G1C8H1_M": [[-0.2234304685918874, 0.014756697008463878, 0.0010460745157302778]], "M_G1C8_M M_G1C8H2_M": [[-0.22410569014011694, 0.01456753496705942, 0.0010326651741450151]], "M_G1C9_M M_G1C9H1_M": [[-0.22235700840264386, 0.01454081121323661, 0.001030770777463789]], "M_G1C9_M M_G1C9H2_M": [[-0.22297326506910628, 0.01418891145131577, 0.00100582526473653]], "M_G1C10_M M_G1C10H1_M": [[-0.2052900425474492, 0.014630236594546321, 0.001037109974669905]], "M_G1C10_M M_G1C10H2_M": [[-0.20508527540425145, 0.014849370461093343, 0.0010526439626075037]], "M_G1C11_M M_G1C11H1_M": [[-0.1965443573685569, 0.014850185445125378, 0.0010527017352937728]], "M_G1C11_M M_G1C11H2_M": [[-0.19622732398423948, 0.014344641953509984, 0.0010168647073417287]], "M_G1C12_M M_G1C12H1_M": [[-0.1751992959905825, 0.015469467431480049, 0.0010966014713664784]], "M_G1C12_M M_G1C12H2_M": [[-0.17574598469251707, 0.015032002231736829, 0.0010655903855721596]], "M_G1C13_M M_G1C13H1_M": [[-0.16138246105844714, 0.014973766701696228, 0.0010614621783012117]], "M_G1C13_M M_G1C13H2_M": [[-0.16150930789961643, 0.014421006431643449, 0.0010222780416696369]], "M_G1C14_M M_G1C14H1_M": [[-0.13716435298464558, 0.01426041090416359, 0.00101089372656575]], "M_G1C14_M M_G1C14H2_M": [[-0.13732533636410094, 0.01405380518543467, 0.0009962478354803327]], "M_G1C15_M M_G1C15H1_M": [[-0.11629502112751129, 0.012498235687730248, 0.0008859764374796405]], "M_G1C15_M M_G1C15H2_M": [[-0.1172172291031544, 0.01275170332816026, 0.0009039442821175053]], "M_G1C16_M M_G1C16H1_M": [[-0.08305810408556702, 0.010613881076059302, 0.000752398080701209]], "M_G1C16_M M_G1C16H2_M": [[-0.0836099050292261, 0.010012836820433147, 0.0007097911830820484]], "M_G1C17_M M_G1C17H1_M": [[-0.02706585292747576, 0.006501861583617629, 0.0004609047474192272]], "M_G1C17_M M_G1C17H2_M": [[-0.0261672190548291, 0.006393423937414282, 0.00045321780648833755]], "M_G1C17_M M_G1C17H3_M": [[-0.02652925075442363, 0.006300721993069967, 0.0004466463398869962]], "M_G2_M M_G2H1_M": [[-0.04156847995499309, 0.1542393486794593, 0.010933737535159598]], "M_G2C3_M M_G2C3H1_M": [[-0.19493662143457574, 0.05486151955190161, 0.0038890300088540394]], "M_G2C3_M M_G2C3H2_M": [[-0.1449577887274614, 0.056161084787549484, 0.00398115374587734]], "M_G2C4_M M_G2C4H1_M": [[-0.22473193749256012, 0.03526836034515419, 0.002500107778014111]], "M_G2C4_M M_G2C4H2_M": [[-0.17170069485641054, 0.04365829048951703, 0.0030948541570812805]], "M_G2C5_M M_G2C5H1_M": [[-0.2150948140042705, 0.02608999286215447, 0.001849470557878294]], "M_G2C5_M M_G2C5H2_M": [[-0.20519852941039163, 0.025339925468889694, 0.0017962996901207946]], "M_G2C6_M M_G2C6H1_M": [[-0.2154909127660631, 0.02216202407273734, 0.0015710242330105792]], "M_G2C6_M M_G2C6H2_M": [[-0.21128090051807952, 0.022424869139354466, 0.0015896568257659836]], "M_G2C7_M M_G2C7H1_M": [[-0.19777421779918833, 0.02083989442451892, 0.0014773009471899473]], "M_G2C7_M M_G2C7H2_M": [[-0.19813271680323224, 0.020570521472937985, 0.0014582056049386126]], "M_G2C8_M M_G2C8H1_M": [[-0.19282176174743604, 0.018477159617099417, 0.0013098111174500797]], "M_G2C8_M M_G2C8H2_M": [[-0.19216333417740222, 0.018644428800971304, 0.001321668515512466]], "M_G2C9_M M_G2C9H1_M": [[-0.14347106929823247, 0.018850159166214263, 0.0013362523544344894]], "M_G2C9_M M_G2C9H2_M": [[-0.14237161682472238, 0.018852915132789593, 0.0013364477197251778]], "M_G2C10_M M_G2C10H1_M": [[-0.10507727378176984, 0.02020674841333521, 0.0014324184164545342]], "M_G2C11_M M_G2C11H1_M": [[-0.02485803165155761, 0.027807406062554108, 0.001971214751777946]], "M_G2C12_M M_G2C12H1_M": [[-0.0852994837750346, 0.019491350234770607, 0.0013817051841663699]], "M_G2C12_M M_G2C12H2_M": [[-0.08501709632282452, 0.018351719905348986, 0.0013009189320479253]], "M_G2C13_M M_G2C13H1_M": [[-0.1297118566867179, 0.014927397521069639, 0.0010581751542374292]], "M_G2C13_M M_G2C13H2_M": [[-0.12988815925957328, 0.014586119908847357, 0.0010339826257379791]], "M_G2C14_M M_G2C14H1_M": [[-0.126816661177626, 0.014482195691250862, 0.001026615633278044]], "M_G2C14_M M_G2C14H2_M": [[-0.12723111504540724, 0.014226070021743977, 0.0010084593659546834]], "M_G2C15_M M_G2C15H1_M": [[-0.1349337419573243, 0.013001482647180786, 0.0009216506685828485]], "M_G2C15_M M_G2C15H2_M": [[-0.13566591793000587, 0.012948288145596754, 0.0009178798103445778]], "M_G2C16_M M_G2C16H1_M": [[-0.1180724366711437, 0.012060154882564442, 0.0008549217125739446]], "M_G2C16_M M_G2C16H2_M": [[-0.11813004667219101, 0.012376062396429192, 0.0008773158024839078]], "M_G2C17_M M_G2C17H1_M": [[-0.10680008512440388, 0.01108304102919123, 0.0007856559479929905]], "M_G2C17_M M_G2C17H2_M": [[-0.10619816729086906, 0.010765358132794433, 0.0007631360045521606]], "M_G2C18_M M_G2C18H1_M": [[-0.0768551759277346, 0.008838276630082183, 0.0006265288187729672]], "M_G2C18_M M_G2C18H2_M": [[-0.07663431347809636, 0.008731408462934511, 0.0006189531352624999]], "M_G2C19_M M_G2C19H1_M": [[-0.026681705764933908, 0.006686106976788578, 0.0004739655570520529]], "M_G2C19_M M_G2C19H2_M": [[-0.02656821564906033, 0.006198697880942285, 0.0004394140423324985]], "M_G2C19_M M_G2C19H3_M": [[-0.026580092221974338, 0.006000073360682897, 0.00042533392340593073]], "M_G3_M M_G3H1_M": [[-0.02488005911024108, 0.1539986343324335, 0.010916673747521354]], "M_G3_M M_G3H2_M": [[0.08163737938532942, 0.12157768872197405, 0.008618413848336134]], "M_G3C4_M M_G3C4H1_M": [[-0.01576085657729427, 0.09093568658144108, 0.006446259908211231]], "M_G3C4_M M_G3C4H2_M": [[-0.023889758189987845, 0.07878029425677645, 0.005584586992365497]], "M_G3C5_M M_G3C5H1_M": [[-0.07938432819941024, 0.056775166132052, 0.004024684818223748]], "M_G3C5_M M_G3C5H2_M": [[-0.1125589005325513, 0.04194531367300262, 0.002973424450097072]], "M_G3N6C1_M M_G3N6C1H1_M": [[0.01421592779231274, 0.012680178237812971, 0.0008988740028941336]], "M_G3N6C1_M M_G3N6C1H2_M": [[0.013828376175506842, 0.013505105755726811, 0.0009573515641884635]], "M_G3N6C1_M M_G3N6C1H3_M": [[0.014952742279320433, 0.013502795591532639, 0.0009571878009906902]], "M_G3N6C2_M M_G3N6C2H1_M": [[0.013342689291378815, 0.012993588229827355, 0.0009210910481742146]], "M_G3N6C2_M M_G3N6C2H2_M": [[0.014433908744732462, 0.013131740002270223, 0.0009308843676665483]], "M_G3N6C2_M M_G3N6C2H3_M": [[0.013209182545388498, 0.013380375744316102, 0.0009485096881095107]], "M_G3N6C3_M M_G3N6C3H1_M": [[0.012876287493563818, 0.012872519656808292, 0.0009125087245811753]], "M_G3N6C3_M M_G3N6C3H2_M": [[0.013725667330087557, 0.01222842175420581, 0.0008668498348471563]], "M_G3N6C3_M M_G3N6C3H3_M": [[0.013652411049838888, 0.012960039304832133, 0.0009187128279364798]]}