{"sn-1": 0.6245979983535447, "sn-2": 0.5162766563822965, "headgroup": 0.6251969228872116, "total": 0.588690525874351}