{"sn-1": 0.6255200765323932, "sn-2": 0.5132003967312677, "headgroup": 0.617382618980006, "total": 0.5853676974145556}