{"M_G1_M M_G1H1_M": [[-0.17341516249943423, 0.060619146981203346, 0.002713685711673508]], "M_G1_M M_G1H2_M": [[-0.035323939193308763, 0.04745550489887726, 0.00212440016063352]], "M_G1C3_M M_G1C3H1_M": [[-0.2332963031086856, 0.034735063969900705, 0.0015549550180640576]], "M_G1C3_M M_G1C3H2_M": [[-0.2031740896066226, 0.03907851721597773, 0.0017493946893589365]], "M_G1C4_M M_G1C4H1_M": [[-0.1800346916914455, 0.026540674475947806, 0.001188123764359305]], "M_G1C4_M M_G1C4H2_M": [[-0.165430715431605, 0.026741444847274684, 0.0011971114805369358]], "M_G1C5_M M_G1C5H1_M": [[-0.20458137728419418, 0.025753248804107964, 0.001152873750113158]], "M_G1C5_M M_G1C5H2_M": [[-0.19990854276680364, 0.02522677050685395, 0.001129305344684962]], "M_G1C6_M M_G1C6H1_M": [[-0.20410426160329162, 0.0260247271657292, 0.0011650267906564127]], "M_G1C6_M M_G1C6H2_M": [[-0.20073706203672464, 0.02672486362804385, 0.0011963692032211102]], "M_G1C7_M M_G1C7H1_M": [[-0.21489277623690178, 0.025894578116680864, 0.0011592005190511744]], "M_G1C7_M M_G1C7H2_M": [[-0.2134846864211181, 0.02628141240230694, 0.0011765175999730556]], "M_G1C8_M M_G1C8H1_M": [[-0.2055629669299988, 0.027140610621935568, 0.001214980594723287]], "M_G1C8_M M_G1C8H2_M": [[-0.20515347430017863, 0.027461217837303615, 0.0012293329448095306]], "M_G1C9_M M_G1C9H1_M": [[-0.2049131806020593, 0.026965662201500762, 0.0012071488278236142]], "M_G1C9_M M_G1C9H2_M": [[-0.20466086287877994, 0.027334067907713762, 0.001223640932230151]], "M_G1C10_M M_G1C10H1_M": [[-0.1903391606177054, 0.027363605138852658, 0.0012249632002938847]], "M_G1C10_M M_G1C10H2_M": [[-0.1896206078016133, 0.02773934808421785, 0.0012417837646349799]], "M_G1C11_M M_G1C11H1_M": [[-0.18310748683995576, 0.026749380846429277, 0.0011974667446504402]], "M_G1C11_M M_G1C11H2_M": [[-0.18273190082184532, 0.026351342782112694, 0.00117964811371238]], "M_G1C12_M M_G1C12H1_M": [[-0.16478111228307474, 0.025629384430122835, 0.001147328819202582]], "M_G1C12_M M_G1C12H2_M": [[-0.16519173522136565, 0.025247600062893585, 0.0011302378036755641]], "M_G1C13_M M_G1C13H1_M": [[-0.15360957603702774, 0.023628923090818356, 0.0010577758706117827]], "M_G1C13_M M_G1C13H2_M": [[-0.15423728970770126, 0.022735458563190595, 0.0010177789052426992]], "M_G1C14_M M_G1C14H1_M": [[-0.13341840900899332, 0.021027542260054117, 0.0009413220710679651]], "M_G1C14_M M_G1C14H2_M": [[-0.1339655360095222, 0.02005839004369875, 0.0008979368594156834]], "M_G1C15_M M_G1C15H1_M": [[-0.1170158654987092, 0.01761180076127303, 0.0007884124812499711]], "M_G1C15_M M_G1C15H2_M": [[-0.1172698136990105, 0.017137488279223075, 0.000767179338431144]], "M_G1C16_M M_G1C16H1_M": [[-0.08868530867829566, 0.01329656148563781, 0.00059523584073448]], "M_G1C16_M M_G1C16H2_M": [[-0.08870572488191725, 0.013344926885992281, 0.0005974009734098374]], "M_G1C17_M M_G1C17H1_M": [[-0.029390593270880123, 0.006783604852860953, 0.0003036758595193681]], "M_G1C17_M M_G1C17H2_M": [[-0.029741553305539032, 0.007253763915420745, 0.00032472306974616226]], "M_G1C17_M M_G1C17H3_M": [[-0.02948850554960758, 0.006744629384642335, 0.0003019310779366869]], "M_G2_M M_G2H1_M": [[-0.19339035190944373, 0.05112142453944587, 0.002288509262199054]], "M_G2C3_M M_G2C3H1_M": [[-0.0743924460679653, 0.042272853740936096, 0.0018923928313279124]], "M_G2C3_M M_G2C3H2_M": [[-0.1069006439971169, 0.03538494718890333, 0.0015840477864959633]], "M_G2C4_M M_G2C4H1_M": [[-0.20082242581466858, 0.032035101278127164, 0.0014340880883299705]], "M_G2C4_M M_G2C4H2_M": [[-0.20593371913307154, 0.030804345108950037, 0.0013789918753811868]], "M_G2C5_M M_G2C5H1_M": [[-0.19863269568465303, 0.0294172562611324, 0.001316897250586952]], "M_G2C5_M M_G2C5H2_M": [[-0.20149736785716862, 0.03055188959790579, 0.001367690414584214]], "M_G2C6_M M_G2C6H1_M": [[-0.2101025138653028, 0.030859284683736287, 0.0013814513085228161]], "M_G2C6_M M_G2C6H2_M": [[-0.20808776392124384, 0.0312679739437326, 0.0013997467524641553]], "M_G2C7_M M_G2C7H1_M": [[-0.18685393694985425, 0.02899359609503683, 0.0012979316168459285]], "M_G2C7_M M_G2C7H2_M": [[-0.18595026388775177, 0.029931166163483073, 0.001339903017387481]], "M_G2C8_M M_G2C8H1_M": [[-0.1780425658940743, 0.027653065519140648, 0.0012379212265479767]], "M_G2C8_M M_G2C8H2_M": [[-0.17704454728210295, 0.028786924467742864, 0.001288679724169678]], "M_G2C9_M M_G2C9H1_M": [[-0.10182282539520052, 0.026441083146006978, 0.001183665444133341]], "M_G2C9_M M_G2C9H2_M": [[-0.10424753628882553, 0.02727810794199201, 0.0012211358201167795]], "M_G2C10_M M_G2C10H1_M": [[-0.05844460738107229, 0.0313227136144274, 0.0014021972366696203]], "M_G2C11_M M_G2C11H1_M": [[-0.04643446195212929, 0.026796222590706846, 0.0011995636691122]], "M_G2C12_M M_G2C12H1_M": [[-0.0772057924221684, 0.026575518977481567, 0.0011896836184755609]], "M_G2C12_M M_G2C12H2_M": [[-0.07694297267998182, 0.02546267781492821, 0.0011398660061769322]], "M_G2C13_M M_G2C13H1_M": [[-0.11940918491553068, 0.025430576839941186, 0.0011384289691763936]], "M_G2C13_M M_G2C13H2_M": [[-0.11730627121704523, 0.024792245175243546, 0.0011098533193353315]], "M_G2C14_M M_G2C14H1_M": [[-0.12609828911987686, 0.024209349244394586, 0.0010837593137659701]], "M_G2C14_M M_G2C14H2_M": [[-0.12487816074492265, 0.023930364738008716, 0.0010712702520344949]], "M_G2C15_M M_G2C15H1_M": [[-0.1303842342531976, 0.023224333544471572, 0.0010396639550588605]], "M_G2C15_M M_G2C15H2_M": [[-0.12982036228900512, 0.02333858472888602, 0.0010447785405013675]], "M_G2C16_M M_G2C16H1_M": [[-0.1190545334471039, 0.020677322728301646, 0.0009256440916407659]], "M_G2C16_M M_G2C16H2_M": [[-0.11904383761889985, 0.020656341960536, 0.000924704863483642]], "M_G2C17_M M_G2C17H1_M": [[-0.10843437517193073, 0.017932154314486054, 0.0008027534758586149]], "M_G2C17_M M_G2C17H2_M": [[-0.10865810545492857, 0.01774915688009514, 0.0007945613856080953]], "M_G2C18_M M_G2C18H1_M": [[-0.08536453241378664, 0.01378100455549596, 0.0006169224909475051]], "M_G2C18_M M_G2C18H2_M": [[-0.08463385843644876, 0.013731346825050943, 0.0006146995056319156]], "M_G2C19_M M_G2C19H1_M": [[-0.028495475479980412, 0.006887600091623215, 0.0003083313257798672]], "M_G2C19_M M_G2C19H2_M": [[-0.028710827588415096, 0.007058036024007162, 0.00031596108597113946]], "M_G2C19_M M_G2C19H3_M": [[-0.027702179780399114, 0.006712408167754497, 0.00030048865816940826]], "M_G3_M M_G3H1_M": [[-0.2261983680514637, 0.043421179963696134, 0.001943798973087218]], "M_G3_M M_G3H2_M": [[-0.2444952339864115, 0.035595915321598885, 0.0015934920171693492]], "M_G3C4_M M_G3C4H1_M": [[0.033428664417644936, 0.0311498427938895, 0.0013944584759146325]], "M_G3C4_M M_G3C4H2_M": [[0.03342794454961121, 0.030378017909545387, 0.0013599068488320519]], "M_G3C5_M M_G3C5H1_M": [[-0.06947070385823267, 0.02634940489899921, 0.0011795613621499142]], "M_G3C5_M M_G3C5H2_M": [[-0.07301801736931941, 0.026015849187172525, 0.0011646293577534843]], "M_G3N6C1_M M_G3N6C1H1_M": [[0.010263343865190755, 0.015131399770937075, 0.0006773744831603141]], "M_G3N6C1_M M_G3N6C1H2_M": [[0.009785586658177201, 0.01513522539834502, 0.0006775457417634472]], "M_G3N6C1_M M_G3N6C1H3_M": [[0.011743697066894347, 0.013893018349368078, 0.0006219369170336287]], "M_G3N6C2_M M_G3N6C2H1_M": [[0.01056036133561996, 0.01434307048019986, 0.0006420840173767781]], "M_G3N6C2_M M_G3N6C2H2_M": [[0.010180788700485884, 0.01529894517933894, 0.0006848748457269075]], "M_G3N6C2_M M_G3N6C2H3_M": [[0.009955475928170131, 0.014446980654821286, 0.0006467356756433501]], "M_G3N6C3_M M_G3N6C3H1_M": [[0.010082466268154918, 0.014669234712779113, 0.000656685133718513]], "M_G3N6C3_M M_G3N6C3H2_M": [[0.009447178299169795, 0.014709143655008397, 0.0006584717033370065]], "M_G3N6C3_M M_G3N6C3H3_M": [[0.010155891754854398, 0.015753967508093228, 0.0007052444426863598]]}