{
    "M_G01_M M_G01H1_M": [
        [0.0689836, 0.0205037, 0.00254317]
    ],
    "M_G01_M M_G01H2_M": [
        [0.102144, 0.020845, 0.0025855]
    ],
    "M_G02_M M_G02H1_M": [
        [0.128774, 0.0225264, 0.00279406]
    ],
    "M_G03_M M_G03H1_M": [
        [0.0482148, 0.022765, 0.00282366]
    ],
    "M_G03_M M_G03H2_M": [
        [0.123754, 0.022608, 0.00280418]
    ],
    "M_G13_M M_G13H1_M": [
        [-0.221538, 0.0208517, 0.00258634]
    ],
    "M_G13_M M_G13H2_M": [
        [-0.18157, 0.0364131, 0.00451649]
    ],
    "M_G12_M M_G12H1_M": [
        [-0.154367, 0.0395954, 0.00491121]
    ],
    "M_G12C3_M M_G12C3H1_M": [
        [-0.0762469, 0.021786, 0.00270222]
    ],
    "M_G12C3_M M_G12C3H2_M": [
        [-0.0964572, 0.0180477, 0.00223854]
    ],
    "M_G11_M M_G11H1_M": [
        [-0.0399261, 0.0361937, 0.00448927]
    ],
    "M_G11_M M_G11H2_M": [
        [-0.159245, 0.03327, 0.00412663]
    ],
    "M_G11C3_M M_G11C3H1_M": [
        [-0.221765, 0.0163409, 0.00202684]
    ],
    "M_G11C3_M M_G11C3H2_M": [
        [-0.191049, 0.0206722, 0.00256406]
    ],
    "M_G23_M M_G23H1_M": [
        [-0.179839, 0.0338458, 0.00419805]
    ],
    "M_G23_M M_G23H2_M": [
        [-0.222858, 0.0218442, 0.00270944]
    ],
    "M_G22_M M_G22H1_M": [
        [-0.151502, 0.0383219, 0.00475324]
    ],
    "M_G22C3_M M_G22C3H1_M": [
        [-0.0814368, 0.024981, 0.00309852]
    ],
    "M_G22C3_M M_G22C3H2_M": [
        [-0.0992206, 0.0208058, 0.00258065]
    ],
    "M_G21_M M_G21H1_M": [
        [-0.146923, 0.0342198, 0.00424444]
    ],
    "M_G21_M M_G21H2_M": [
        [-0.0339652, 0.0334268, 0.00414609]
    ],
    "M_G21C3_M M_G21C3H1_M": [
        [-0.216205, 0.0183213, 0.00227248]
    ],
    "M_G21C3_M M_G21C3H2_M": [
        [-0.188426, 0.0233632, 0.00289785]
    ],
    "M_G22C4_M M_G22C4H1_M": [
        [-0.192248, 0.0148631, 0.00184354]
    ],
    "M_G22C4_M M_G22C4H2_M": [
        [-0.193418, 0.014827, 0.00183906]
    ],
    "M_G22C5_M M_G22C5H1_M": [
        [-0.200419, 0.0135976, 0.00168658]
    ],
    "M_G22C5_M M_G22C5H2_M": [
        [-0.203217, 0.0138802, 0.00172163]
    ],
    "M_G22C6_M M_G22C6H1_M": [
        [-0.210852, 0.0150874, 0.00187136]
    ],
    "M_G22C6_M M_G22C6H2_M": [
        [-0.21065, 0.0134891, 0.00167312]
    ],
    "M_G22C7_M M_G22C7H1_M": [
        [-0.191577, 0.0133905, 0.00166089]
    ],
    "M_G22C7_M M_G22C7H2_M": [
        [-0.189773, 0.0130017, 0.00161266]
    ],
    "M_G22C8_M M_G22C8H1_M": [
        [-0.181225, 0.012727, 0.00157859]
    ],
    "M_G22C8_M M_G22C8H2_M": [
        [-0.178935, 0.0128389, 0.00159246]
    ],
    "M_G22C9_M M_G22C9H1_M": [
        [-0.108302, 0.010689, 0.0013258]
    ],
    "M_G22C9_M M_G22C9H2_M": [
        [-0.10852, 0.0115441, 0.00143187]
    ],
    "M_G22C10_M M_G22C10H1_M": [
        [-0.0585885, 0.0139136, 0.00172577]
    ],
    "M_G22C11_M M_G22C11H1_M": [
        [-0.0324903, 0.0110742, 0.00137359]
    ],
    "M_G22C12_M M_G22C12H1_M": [
        [-0.0243333, 0.00912347, 0.00113163]
    ],
    "M_G22C12_M M_G22C12H2_M": [
        [-0.0241265, 0.00984581, 0.00122122]
    ],
    "M_G22C13_M M_G22C13H1_M": [
        [-0.0468194, 0.00954319, 0.00118369]
    ],
    "M_G22C14_M M_G22C14H1_M": [
        [-0.0102841, 0.00962216, 0.00119348]
    ],
    "M_G22C15_M M_G22C15H1_M": [
        [-0.042121, 0.00809628, 0.00100422]
    ],
    "M_G22C15_M M_G22C15H2_M": [
        [-0.0429616, 0.00764788, 0.000948603]
    ],
    "M_G22C16_M M_G22C16H1_M": [
        [-0.0623698, 0.00812236, 0.00100745]
    ],
    "M_G22C16_M M_G22C16H2_M": [
        [-0.061821, 0.0075468, 0.000936065]
    ],
    "M_G22C17_M M_G22C17H1_M": [
        [-0.0596055, 0.00719056, 0.000891879]
    ],
    "M_G22C17_M M_G22C17H2_M": [
        [-0.0596501, 0.00798922, 0.000990941]
    ],
    "M_G22C18_M M_G22C18H1_M": [
        [-0.0555799, 0.0066901, 0.000829805]
    ],
    "M_G22C18_M M_G22C18H2_M": [
        [-0.0548434, 0.00772274, 0.000957888]
    ],
    "M_G22C19_M M_G22C19H1_M": [
        [-0.0126989, 0.00608514, 0.000754769]
    ],
    "M_G22C19_M M_G22C19H2_M": [
        [-0.0126723, 0.00549854, 0.000682009]
    ],
    "M_G22C19_M M_G22C19H3_M": [
        [-0.012974, 0.0069326, 0.000859883]
    ],
    "M_G21C4_M M_G21C4H1_M": [
        [-0.169921, 0.0124026, 0.00153835]
    ],
    "M_G21C4_M M_G21C4H2_M": [
        [-0.160138, 0.0136417, 0.00169205]
    ],
    "M_G21C5_M M_G21C5H1_M": [
        [-0.193978, 0.0125397, 0.00155536]
    ],
    "M_G21C5_M M_G21C5H2_M": [
        [-0.192728, 0.0112331, 0.0013933]
    ],
    "M_G21C6_M M_G21C6H1_M": [
        [-0.192722, 0.0128693, 0.00159624]
    ],
    "M_G21C6_M M_G21C6H2_M": [
        [-0.191528, 0.0128195, 0.00159006]
    ],
    "M_G21C7_M M_G21C7H1_M": [
        [-0.188874, 0.013918, 0.00172632]
    ],
    "M_G21C7_M M_G21C7H2_M": [
        [-0.188501, 0.0131356, 0.00162927]
    ],
    "M_G21C8_M M_G21C8H1_M": [
        [-0.16763, 0.0133588, 0.00165695]
    ],
    "M_G21C8_M M_G21C8H2_M": [
        [-0.168529, 0.0124071, 0.00153892]
    ],
    "M_G21C9_M M_G21C9H1_M": [
        [-0.12558, 0.0112182, 0.00139144]
    ],
    "M_G21C9_M M_G21C9H2_M": [
        [-0.123034, 0.0125155, 0.00155236]
    ],
    "M_G21C10_M M_G21C10H1_M": [
        [-0.0801561, 0.0145719, 0.00180743]
    ],
    "M_G21C11_M M_G21C11H1_M": [
        [-0.0642817, 0.00984248, 0.00122081]
    ],
    "M_G21C12_M M_G21C12H1_M": [
        [-0.0222038, 0.00859227, 0.00106574]
    ],
    "M_G21C12_M M_G21C12H2_M": [
        [-0.0230619, 0.0075562, 0.000937232]
    ],
    "M_G21C13_M M_G21C13H1_M": [
        [-0.0398233, 0.00975934, 0.0012105]
    ],
    "M_G21C14_M M_G21C14H1_M": [
        [0.013005, 0.0102954, 0.00127699]
    ],
    "M_G21C15_M M_G21C15H1_M": [
        [-0.0286125, 0.00832856, 0.00103303]
    ],
    "M_G21C15_M M_G21C15H2_M": [
        [-0.029233, 0.00755928, 0.000937613]
    ],
    "M_G21C16_M M_G21C16H1_M": [
        [-0.046148, 0.00779252, 0.000966544]
    ],
    "M_G21C16_M M_G21C16H2_M": [
        [-0.0468711, 0.00734359, 0.00091086]
    ],
    "M_G21C17_M M_G21C17H1_M": [
        [-0.0458928, 0.00705685, 0.000875294]
    ],
    "M_G21C17_M M_G21C17H2_M": [
        [-0.0475509, 0.00693566, 0.000860263]
    ],
    "M_G21C18_M M_G21C18H1_M": [
        [-0.0437294, 0.0066089, 0.000819733]
    ],
    "M_G21C18_M M_G21C18H2_M": [
        [-0.0436822, 0.00622659, 0.000772313]
    ],
    "M_G21C19_M M_G21C19H1_M": [
        [-0.0119705, 0.0061588, 0.000763906]
    ],
    "M_G21C19_M M_G21C19H2_M": [
        [-0.0111239, 0.00590549, 0.000732486]
    ],
    "M_G21C19_M M_G21C19H3_M": [
        [-0.0101482, 0.00668381, 0.000829025]
    ],
    "M_G12C4_M M_G12C4H1_M": [
        [-0.189541, 0.0136764, 0.00169635]
    ],
    "M_G12C4_M M_G12C4H2_M": [
        [-0.190167, 0.0134565, 0.00166908]
    ],
    "M_G12C5_M M_G12C5H1_M": [
        [-0.195898, 0.0128736, 0.00159677]
    ],
    "M_G12C5_M M_G12C5H2_M": [
        [-0.199227, 0.0120976, 0.00150052]
    ],
    "M_G12C6_M M_G12C6H1_M": [
        [-0.207114, 0.0138436, 0.00171709]
    ],
    "M_G12C6_M M_G12C6H2_M": [
        [-0.205802, 0.0126502, 0.00156906]
    ],
    "M_G12C7_M M_G12C7H1_M": [
        [-0.186927, 0.0131903, 0.00163606]
    ],
    "M_G12C7_M M_G12C7H2_M": [
        [-0.187071, 0.0135653, 0.00168257]
    ],
    "M_G12C8_M M_G12C8H1_M": [
        [-0.176326, 0.0132858, 0.0016479]
    ],
    "M_G12C8_M M_G12C8H2_M": [
        [-0.177924, 0.0127348, 0.00157956]
    ],
    "M_G12C9_M M_G12C9H1_M": [
        [-0.105617, 0.0113744, 0.00141082]
    ],
    "M_G12C9_M M_G12C9H2_M": [
        [-0.106015, 0.013794, 0.00171094]
    ],
    "M_G12C10_M M_G12C10H1_M": [
        [-0.0549332, 0.0145857, 0.00180914]
    ],
    "M_G12C11_M M_G12C11H1_M": [
        [-0.0315603, 0.0117417, 0.00145638]
    ],
    "M_G12C12_M M_G12C12H1_M": [
        [-0.0240312, 0.00805743, 0.000999401]
    ],
    "M_G12C12_M M_G12C12H2_M": [
        [-0.0245465, 0.00833275, 0.00103355]
    ],