{"M_G1_M M_G1H1_M": [[-0.23428906866680954, 0.028490821306357023, 0.008590305840204503]], "M_G1_M M_G1H2_M": [[0.016427383796788042, 0.03517110184709934, 0.010604486208200387]], "M_G1C3_M M_G1C3H1_M": [[-0.23515812439046055, 0.01760627795140726, 0.005308492538138636]], "M_G1C3_M M_G1C3H2_M": [[-0.23898211163156124, 0.015811546031719602, 0.00476736050387698]], "M_G1C4_M M_G1C4H1_M": [[-0.1722146256688979, 0.013927820972232434, 0.004199396028376177]], "M_G1C4_M M_G1C4H2_M": [[-0.1695811040852089, 0.0133748686998795, 0.004032674645251713]], "M_G1C5_M M_G1C5H1_M": [[-0.2143928879755288, 0.014028200340928498, 0.0042296615467995935]], "M_G1C5_M M_G1C5H2_M": [[-0.20904265126042257, 0.013830893234699049, 0.0041701712159056045]], "M_G1C6_M M_G1C6H1_M": [[-0.2181178553072534, 0.01380067094830681, 0.004161058853699267]], "M_G1C6_M M_G1C6H2_M": [[-0.2179446961212296, 0.01322629931351498, 0.0039878792898058535]], "M_G1C7_M M_G1C7H1_M": [[-0.23202285680523335, 0.012270311286088884, 0.0036996380542563675]], "M_G1C7_M M_G1C7H2_M": [[-0.23252423126824576, 0.011150001584378798, 0.003361851969750246]], "M_G1C8_M M_G1C8H1_M": [[-0.22407087595352124, 0.009756988282738554, 0.0029418426561579865]], "M_G1C8_M M_G1C8H2_M": [[-0.22436679791223077, 0.012086289940169345, 0.0036441535308171574]], "M_G1C9_M M_G1C9H1_M": [[-0.2246456060289298, 0.01160540113550848, 0.003499160100731467]], "M_G1C9_M M_G1C9H2_M": [[-0.22410709748998794, 0.010247167579262586, 0.0030896372749371296]], "M_G1C10_M M_G1C10H1_M": [[-0.20901141575905977, 0.010185044082984599, 0.003070906336044482]], "M_G1C10_M M_G1C10H2_M": [[-0.20914369935923358, 0.00860512146110085, 0.0025945417419914875]], "M_G1C11_M M_G1C11H1_M": [[-0.20135274276920498, 0.009707821107822626, 0.002927018195139995]], "M_G1C11_M M_G1C11H2_M": [[-0.20267894567298747, 0.007859977523904431, 0.002369872391583426]], "M_G1C12_M M_G1C12H1_M": [[-0.18151331076310082, 0.006557334489556405, 0.001977110738792295]], "M_G1C12_M M_G1C12H2_M": [[-0.18152968715842435, 0.007075158207530887, 0.0021332404642530377]], "M_G1C13_M M_G1C13H1_M": [[-0.1681166418215226, 0.006558509719421814, 0.0019774650839292024]], "M_G1C13_M M_G1C13H2_M": [[-0.16893742851098728, 0.005187277908068671, 0.001564023136760314]], "M_G1C14_M M_G1C14H1_M": [[-0.14286746495171768, 0.004710648107016035, 0.0014203138445791018]], "M_G1C14_M M_G1C14H2_M": [[-0.14368559265215086, 0.004569499853459168, 0.0013777560448643676]], "M_G1C15_M M_G1C15H1_M": [[-0.12304992375732947, 0.004144138955492521, 0.001249504908587639]], "M_G1C15_M M_G1C15H2_M": [[-0.12346959787989792, 0.003853323945511135, 0.0011618208839047556]], "M_G1C16_M M_G1C16H1_M": [[-0.08984553267167782, 0.002900105837041196, 0.0008744148103441116]], "M_G1C16_M M_G1C16H2_M": [[-0.08871858282881694, 0.003232989063466653, 0.0009747828795310352]], "M_G1C17_M M_G1C17H1_M": [[-0.028681534220059608, 0.002113612473210766, 0.0006372781387141105]], "M_G1C17_M M_G1C17H2_M": [[-0.02815566602941584, 0.002207260965065651, 0.0006655142214109566]], "M_G1C17_M M_G1C17H3_M": [[-0.028014481222067497, 0.0029811116055192947, 0.0008988389685164982]], "M_G2_M M_G2H1_M": [[-0.22207230466426142, 0.039644828793282454, 0.01195336563501783]], "M_G2C3_M M_G2C3H1_M": [[-0.10528093112995701, 0.017086121351070634, 0.005151659422180142]], "M_G2C3_M M_G2C3H2_M": [[-0.12389128148943696, 0.017215038304717288, 0.005190529346213014]], "M_G2C4_M M_G2C4H1_M": [[-0.16411143487814486, 0.013284589552308414, 0.004005454458080221]], "M_G2C4_M M_G2C4H2_M": [[-0.16536152175480962, 0.01423247137048944, 0.004291251579580797]], "M_G2C5_M M_G2C5H1_M": [[-0.1903377005162132, 0.010911710447878163, 0.0032900044887829764]], "M_G2C5_M M_G2C5H2_M": [[-0.1874150477084614, 0.01295134393902231, 0.0039049771251436862]], "M_G2C6_M M_G2C6H1_M": [[-0.20257617066289532, 0.010463679068380492, 0.0031549179451376033]], "M_G2C6_M M_G2C6H2_M": [[-0.2034675911255457, 0.011995618117415072, 0.0036168149476232]], "M_G2C7_M M_G2C7H1_M": [[-0.1868636216519879, 0.008045079702990683, 0.002425682798483996]], "M_G2C7_M M_G2C7H2_M": [[-0.18840260217033775, 0.010424636112683775, 0.003143146051069196]], "M_G2C8_M M_G2C8H1_M": [[-0.18268592630475364, 0.008089834133673656, 0.0024391767670550314]], "M_G2C8_M M_G2C8H2_M": [[-0.1819817839198783, 0.00883008466161584, 0.002662370699059279]], "M_G2C9_M M_G2C9H1_M": [[-0.13191498926848325, 0.003623021333343641, 0.0010923820336503631]], "M_G2C9_M M_G2C9H2_M": [[-0.13190699586223967, 0.010056168863657894, 0.003032048995382533]], "M_G2C10_M M_G2C10H1_M": [[-0.10476928795810568, 0.007328147055200411, 0.002209519471877055]], "M_G2C11_M M_G2C11H1_M": [[-0.010010728594476727, 0.009495752938943232, 0.0028630772363990244]], "M_G2C12_M M_G2C12H1_M": [[-0.06600415198840953, 0.008012052619120203, 0.002415724758018725]], "M_G2C12_M M_G2C12H2_M": [[-0.06553596239052717, 0.008498350561389097, 0.002562349104457619]], "M_G2C13_M M_G2C13H1_M": [[-0.11926251730205849, 0.007638217638796423, 0.0023030092704511003]], "M_G2C13_M M_G2C13H2_M": [[-0.11810424922082398, 0.006245597065656798, 0.0018831183689571162]], "M_G2C14_M M_G2C14H1_M": [[-0.12499407922767103, 0.007623173231859838, 0.002298473211087276]], "M_G2C14_M M_G2C14H2_M": [[-0.12482555717762306, 0.006650079110209085, 0.002005074294067639]], "M_G2C15_M M_G2C15H1_M": [[-0.134412386019492, 0.006658379967990919, 0.002007577096858589]], "M_G2C15_M M_G2C15H2_M": [[-0.1325033618701709, 0.006478402836386652, 0.001953311949915337]], "M_G2C16_M M_G2C16H1_M": [[-0.12257272767488243, 0.006044804122141591, 0.0018225770185761193]], "M_G2C16_M M_G2C16H2_M": [[-0.12131539064496906, 0.006423634349037902, 0.0019367986296543252]], "M_G2C17_M M_G2C17H1_M": [[-0.11186512695796848, 0.005658732011040702, 0.0017061718972541144]], "M_G2C17_M M_G2C17H2_M": [[-0.110569597560436, 0.005992776672262394, 0.0018068901522080903]], "M_G2C18_M M_G2C18H1_M": [[-0.08536045583272646, 0.004600788126114732, 0.0013871898140222624]], "M_G2C18_M M_G2C18H2_M": [[-0.08442684485347664, 0.004517560103563005, 0.0013620956210361427]], "M_G2C19_M M_G2C19H1_M": [[-0.02688547336117418, 0.0017900927998469153, 0.0005397332870008169]], "M_G2C19_M M_G2C19H2_M": [[-0.026544286877558804, 0.0016717226163004853, 0.0005040433338018162]], "M_G2C19_M M_G2C19H3_M": [[-0.02688324058882503, 0.001922821973689068, 0.0005797526386706602]], "M_G3_M M_G3H1_M": [[-0.13541025875290155, 0.03452838144231247, 0.010410698714765534]], "M_G3_M M_G3H2_M": [[-0.18376243137894369, 0.030204734305008186, 0.00910707005291712]], "M_G3C4_M M_G3C4H1_M": [[0.07765478230203579, 0.02733960820537905, 0.008243202030233095]], "M_G3C4_M M_G3C4H2_M": [[0.05278935871854094, 0.02935913393371346, 0.008852111947992592]], "M_G3C5_M M_G3C5H1_M": [[0.006183323846835366, 0.03593248976709953, 0.010834053303704912]]}