{"sn-1": 0.1873727711959831, "sn-2": 0.17455906743805252, "headgroup": 0.6239817916603583, "total": 0.328637876764798}