{
    "10.1021/acs.jpcb.4c04719": {
        "M_G1_M M_G1H1_M": [-0.259695, 0.0879366, 0.00780312, -0.135, 0.02, 0.00653128],
        "M_G1_M M_G1H2_M": [0.00808909, 0.106955, 0.00949073, 0, 0.02, 0.682127],
        "M_G1C3_M M_G1C3H1_M": [-0.263213, 0.0465551, 0.00413109, -0.197, 0.02, 0.0131384],
        "M_G1C3_M M_G1C3H2_M": [-0.24824, 0.0518106, 0.00459744, -0.197, 0.02, 0.0259963],
        "M_G1C4_M M_G1C4H1_M": [-0.210879, 0.0469349, 0.0041648, -0.172, 0.02, 0.0466343],
        "M_G1C4_M M_G1C4H2_M": [-0.196496, 0.0503194, 0.00446512, -0.172, 0.02, 0.217084],
        "M_G1C5_M M_G1C5H1_M": [-0.238974, 0.0493148, 0.00437598, -0.163, 0.02, 0.0103312],
        "M_G1C5_M M_G1C5H2_M": [-0.230885, 0.0527577, 0.00468149, -0.163, 0.02, 0.0140814],
        "M_G1C6_M M_G1C6H1_M": [-0.215108, 0.0559764, 0.0049671, -0.183, 0.02, 0.0936641],
        "M_G1C6_M M_G1C6H2_M": [-0.212301, 0.0594713, 0.00527722, -0.183, 0.02, 0.13033],
        "M_G1C7_M M_G1C7H1_M": [-0.226955, 0.0562335, 0.00498991, -0.189, 0.02, 0.0589459],
        "M_G1C7_M M_G1C7H2_M": [-0.225031, 0.0583337, 0.00517627, -0.189, 0.02, 0.0700929],
        "M_G1C8_M M_G1C8H1_M": [-0.20782, 0.0633443, 0.0056209, -0.18, 0.02, 0.161141],
        "M_G1C8_M M_G1C8H2_M": [-0.206931, 0.0614946, 0.00545677, -0.18, 0.02, 0.175451],
        "M_G1C9_M M_G1C9H1_M": [-0.209505, 0.0637971, 0.00566108, -0.166, 0.02, 0.0469301],
        "M_G1C9_M M_G1C9H2_M": [-0.208776, 0.0608036, 0.00539545, -0.166, 0.02, 0.0467505],
        "M_G1C10_M M_G1C10H1_M": [-0.188969, 0.0638381, 0.00566472, -0.158, 0.02, 0.116505],
        "M_G1C10_M M_G1C10H2_M": [-0.190135, 0.0630428, 0.00559415, -0.158, 0.02, 0.103471],
        "M_G1C11_M M_G1C11H1_M": [-0.18482, 0.0614209, 0.00545022, -0.135, 0.02, 0.0327452],
        "M_G1C11_M M_G1C11H2_M": [-0.186, 0.0626839, 0.0055623, -0.135, 0.02, 0.0316258],
        "M_G1C12_M M_G1C12H1_M": [-0.163943, 0.0617734, 0.0054815, -0.132, 0.02, 0.103499],
        "M_G1C12_M M_G1C12H2_M": [-0.165338, 0.057678, 0.00511809, -0.132, 0.02, 0.0861756],
        "M_G1C13_M M_G1C13H1_M": [-0.154134, 0.0569226, 0.00505106, -0.107, 0.02, 0.0346792],
        "M_G1C13_M M_G1C13H2_M": [-0.155059, 0.0547764, 0.00486062, -0.107, 0.02, 0.0319044],
        "M_G1C14_M M_G1C14H1_M": [-0.130077, 0.0510667, 0.00453144, -0.089, 0.02, 0.0438359],
        "M_G1C14_M M_G1C14H2_M": [-0.130685, 0.0480446, 0.00426327, -0.089, 0.02, 0.0398269],
        "M_G1C15_M M_G1C15H1_M": [-0.115515, 0.043449, 0.00385548, -0.084, 0.02, 0.0790608],
        "M_G1C15_M M_G1C15H2_M": [-0.114972, 0.0411441, 0.00365095, -0.084, 0.02, 0.0794893],
        "M_G1C16_M M_G1C16H1_M": [-0.081769, 0.0319509, 0.00283519, -0.058, 0.02, 0.184698],
        "M_G1C16_M M_G1C16H2_M": [-0.0825022, 0.0286678, 0.00254385, -0.058, 0.02, 0.145532],
        "M_G1C17_M M_G1C17H1_M": [-0.0289158, 0.012315, 0.00109278, -0.013, 0.02, 0.907099],
        "M_G1C17_M M_G1C17H2_M": [-0.0296785, 0.0131742, 0.00116902, -0.013, 0.02, 0.882136],
        "M_G1C17_M M_G1C17H3_M": [-0.029118, 0.01133, 0.00100538, -0.013, 0.02, 0.910477],
        "M_G2_M M_G2H1_M": [-0.227176, 0.0901988, 0.00800385, -0.197, 0.02, 0.161791],
        "M_G2C3_M M_G2C3H1_M": [-0.263213, 0.0465551, 0.00413109, -0.072, 0.02, 0.00145382],
        "M_G2C3_M M_G2C3H2_M": [-0.24824, 0.0518106, 0.00459744, -0.118, 0.02, 0.00352962],
        "M_G2C4_M M_G2C4H1_M": [-0.210879, 0.0469349, 0.0041648, -0.172, 0.02, 0.0466343],
        "M_G2C4_M M_G2C4H2_M": [-0.196496, 0.0503194, 0.00446512, -0.172, 0.02, 0.217084],
        "M_G2C5_M M_G2C5H1_M": [-0.238974, 0.0493148, 0.00437598, -0.169, 0.02, 0.0123328],
        "M_G2C5_M M_G2C5H2_M": [-0.230885, 0.0527577, 0.00468149, -0.169, 0.02, 0.0172523],
        "M_G2C6_M M_G2C6H1_M": [-0.215108, 0.0559764, 0.0049671, -0.172, 0.02, 0.0423932],
        "M_G2C6_M M_G2C6H2_M": [-0.212301, 0.0594713, 0.00527722, -0.172, 0.02, 0.0531658],
        "M_G2C7_M M_G2C7H1_M": [-0.226955, 0.0562335, 0.00498991, -0.155, 0.02, 0.0132219],
        "M_G2C7_M M_G2C7H2_M": [-0.225031, 0.0583337, 0.00517627, -0.155, 0.02, 0.0145351],
        "M_G2C8_M M_G2C8H1_M": [-0.20782, 0.0633443, 0.0056209, -0.141, 0.02, 0.0174531],
        "M_G2C8_M M_G2C8H2_M": [-0.206931, 0.0614946, 0.00545677, -0.141, 0.02, 0.0174538],
        "M_G2C9_M M_G2C9H1_M": [-0.209505, 0.0637971, 0.00566108, -0.109, 0.02, 0.00740407],
        "M_G2C9_M M_G2C9H2_M": [-0.208776, 0.0608036, 0.00539545, -0.109, 0.02, 0.00716647],
        "M_G2C10_M M_G2C10H1_M": [-0.188969, 0.0638381, 0.00566472, -0.101, 0.02, 0.00978238],
        "M_G2C11_M M_G2C11H1_M": [-0.18482, 0.0614209, 0.00545022, -0.018, 0.02, 0.00252718],
        "M_G2C12_M M_G2C12H1_M": [-0.163943, 0.0617734, 0.0054815, -0.05, 0.02, 0.00553282],
        "M_G2C12_M M_G2C12H2_M": [-0.165338, 0.057678, 0.00511809, -0.05, 0.02, 0.00503981],
        "M_G2C13_M M_G2C13H1_M": [-0.154134, 0.0569226, 0.00505106, -0.089, 0.02, 0.0166117],
        "M_G2C13_M M_G2C13H2_M": [-0.155059, 0.0547764, 0.00486062, -0.089, 0.02, 0.0155085],
        "M_G2C14_M M_G2C14H1_M": [-0.130077, 0.0510667, 0.00453144, -0.089, 0.02, 0.0438359],
        "M_G2C14_M M_G2C14H2_M": [-0.130685, 0.0480446, 0.00426327, -0.089, 0.02, 0.0398269],
        "M_G2C15_M M_G2C15H1_M": [-0.115515, 0.043449, 0.00385548, -0.084, 0.02, 0.0790608],
        "M_G2C15_M M_G2C15H2_M": [-0.114972, 0.0411441, 0.00365095, -0.084, 0.02, 0.0794893],
        "M_G2C16_M M_G2C16H1_M": [-0.081769, 0.0319509, 0.00283519, -0.084, 0.02, 0.909259],
        "M_G2C16_M M_G2C16H2_M": [-0.0825022, 0.0286678, 0.00254385, -0.084, 0.02, 0.919017],
        "M_G2C17_M M_G2C17H1_M": [-0.0289158, 0.012315, 0.00109278, -0.084, 0.02, 0.00527894],
        "M_G2C17_M M_G2C17H2_M": [-0.0296785, 0.0131742, 0.00116902, -0.084, 0.02, 0.00583138],
        "M_G2C18_M M_G2C18H1_M": [-0.0775389, 0.0301564, 0.00267595, -0.058, 0.02, 0.532803],
        "M_G2C18_M M_G2C18H2_M": [-0.0758711, 0.0315046, 0.00279558, -0.058, 0.02, 0.683713],
        "M_G2C19_M M_G2C19H1_M": [-0.025055, 0.0124487, 0.00110465, -0.013, 0.02, 0.94506],
        "M_G2C19_M M_G2C19H2_M": [-0.0255262, 0.0115366, 0.00102371, -0.013, 0.02, 0.946655],
        "M_G2C19_M M_G2C19H3_M": [-0.025206, 0.0121113, 0.0010747, -0.013, 0.02, 0.945766],
        "M_G3_M M_G3H1_M": [-0.165656, 0.0961817, 0.00853475, -0.206, 0.02, 0.0817184],
        "M_G3_M M_G3H2_M": [-0.257843, 0.0654333, 0.00580627, -0.206, 0.02, 0.0317402],
        "M_G3C4_M M_G3C4H1_M": [0.0756106, 0.0388713, 0.00344927, 0.047, 0.02, 0.0987301],
        "M_G3C4_M M_G3C4H2_M": [0.0738314, 0.0383189, 0.00340025, 0.047, 0.02, 0.123936],
        "M_G3C5_M M_G3C5H1_M": [0.000238875, 0.0299532, 0.00265792, -0.038, 0.02, 0.0315455],
        "M_G3C5_M M_G3C5H2_M": [-0.00335047, 0.032084, 0.002847, -0.038, 0.02, 0.0445313],
        "M_G3N6C1_M M_G3N6C1H1_M": [0.0141849, 0.0117744, 0.0010448, 0.001, 0.02, 0.941559],
        "M_G3N6C1_M M_G3N6C1H2_M": [0.013265, 0.0112769, 0.00100066, 0.001, 0.02, 0.949179],
        "M_G3N6C1_M M_G3N6C1H3_M": [0.013002, 0.0111072, 0.000985601, 0.001, 0.02, 0.951171],
        "M_G3N6C2_M M_G3N6C2H1_M": [0.0134501, 0.0127578, 0.00113207, 0.001, 0.02, 0.941524],
        "M_G3N6C2_M M_G3N6C2H2_M": [0.0142556, 0.0103023, 0.000914177, 0.001, 0.02, 0.948368],
        "M_G3N6C2_M M_G3N6C2H3_M": [0.0142935, 0.0103236, 0.000916073, 0.001, 0.02, 0.948032],
        "M_G3N6C3_M M_G3N6C3H1_M": [0.0122704, 0.0126258, 0.00112036, 0.001, 0.02, 0.94797],
        "M_G3N6C3_M M_G3N6C3H2_M": [0.0122862, 0.0112424, 0.000997602, 0.001, 0.02, 0.95357],
        "M_G3N6C3_M M_G3N6C3H3_M": [0.0108641, 0.0112843, 0.00100132, 0.001, 0.02, 0.957987]
    },
    "10.1039/c2cp42738a": {
        "M_G1_M M_G1H1_M": [-0.259695, 0.0879366, 0.00780312, -0.149916, 0.02, 0.00848074],
        "M_G1_M M_G1H2_M": [0.00808909, 0.106955, 0.00949073, 0, 0.02, 0.682127],
        "M_G1C3_M M_G1C3H1_M": [-0.263213, 0.0465551, 0.00413109, -0.209877, 0.02, 0.0213348],