{"headgroup": 0.1251881110171467, "tails": 0.5528700854561683, "total": 0.4103094273098278}