{"headgroup": 87.1824241810524, "sn-1": 0.6185681689588816, "sn-2": 3.225665398982041, "total": 30.342219249664442}