{
    "M_G1_M M_G1H1_M": [
        [-0.191583, 0.0352598, 0.00373753]
    ],
    "M_G1_M M_G1H2_M": [
        [-0.0466342, 0.0335835, 0.00355984]
    ],
    "M_G1C3_M M_G1C3H1_M": [
        [-0.258381, 0.017927, 0.00190026]
    ],
    "M_G1C3_M M_G1C3H2_M": [
        [-0.235668, 0.0183245, 0.00194239]
    ],
    "M_G1C4_M M_G1C4H1_M": [
        [-0.197687, 0.0142381, 0.00150923]
    ],
    "M_G1C4_M M_G1C4H2_M": [
        [-0.189519, 0.0160031, 0.00169632]
    ],
    "M_G1C5_M M_G1C5H1_M": [
        [-0.218688, 0.0136709, 0.00144911]
    ],
    "M_G1C5_M M_G1C5H2_M": [
        [-0.217069, 0.0132489, 0.00140438]
    ],
    "M_G1C6_M M_G1C6H1_M": [
        [-0.212218, 0.0148961, 0.00157899]
    ],
    "M_G1C6_M M_G1C6H2_M": [
        [-0.211086, 0.0138985, 0.00147324]
    ],
    "M_G1C7_M M_G1C7H1_M": [
        [-0.218463, 0.0145614, 0.0015435]
    ],
    "M_G1C7_M M_G1C7H2_M": [
        [-0.216559, 0.0138304, 0.00146602]
    ],
    "M_G1C8_M M_G1C8H1_M": [
        [-0.199722, 0.0149987, 0.00158986]
    ],
    "M_G1C8_M M_G1C8H2_M": [
        [-0.20006, 0.014295, 0.00151527]
    ],
    "M_G1C9_M M_G1C9H1_M": [
        [-0.194422, 0.0147992, 0.00156871]
    ],
    "M_G1C9_M M_G1C9H2_M": [
        [-0.19321, 0.0147855, 0.00156726]
    ],
    "M_G1C10_M M_G1C10H1_M": [
        [-0.171503, 0.0142263, 0.00150798]
    ],
    "M_G1C10_M M_G1C10H2_M": [
        [-0.171323, 0.0145031, 0.00153732]
    ],
    "M_G1C11_M M_G1C11H1_M": [
        [-0.159707, 0.0137978, 0.00146256]
    ],
    "M_G1C11_M M_G1C11H2_M": [
        [-0.158716, 0.0132954, 0.00140931]
    ],
    "M_G1C12_M M_G1C12H1_M": [
        [-0.134383, 0.0123592, 0.00131008]
    ],
    "M_G1C12_M M_G1C12H2_M": [
        [-0.134427, 0.0115758, 0.00122704]
    ],
    "M_G1C13_M M_G1C13H1_M": [
        [-0.118071, 0.00972664, 0.00103102]
    ],
    "M_G1C13_M M_G1C13H2_M": [
        [-0.11774, 0.0104769, 0.00111055]
    ],
    "M_G1C14_M M_G1C14H1_M": [
        [-0.0877346, 0.00737368, 0.000781608]
    ],
    "M_G1C14_M M_G1C14H2_M": [
        [-0.0872412, 0.00789244, 0.000836597]
    ],
    "M_G1C15_M M_G1C15H1_M": [
        [-0.0315174, 0.00401477, 0.000425564]
    ],
    "M_G1C15_M M_G1C15H2_M": [
        [-0.0317595, 0.00462496, 0.000490245]
    ],
    "M_G1C15_M M_G1C15H3_M": [
        [-0.0310506, 0.00399825, 0.000423814]
    ],
    "M_G2_M M_G2H1_M": [
        [-0.202486, 0.0324741, 0.00344225]
    ],
    "M_G2C3_M M_G2C3H1_M": [
        [-0.0944305, 0.0254227, 0.0026948]
    ],
    "M_G2C3_M M_G2C3H2_M": [
        [-0.137134, 0.0169636, 0.00179814]
    ],
    "M_G2C4_M M_G2C4H1_M": [
        [-0.223223, 0.0142109, 0.00150636]
    ],
    "M_G2C4_M M_G2C4H2_M": [
        [-0.224168, 0.0129545, 0.00137318]
    ],
    "M_G2C5_M M_G2C5H1_M": [
        [-0.228304, 0.0129561, 0.00137334]
    ],
    "M_G2C5_M M_G2C5H2_M": [
        [-0.230398, 0.012514, 0.00132648]
    ],
    "M_G2C6_M M_G2C6H1_M": [
        [-0.237598, 0.0131453, 0.0013934]
    ],
    "M_G2C6_M M_G2C6H2_M": [
        [-0.236014, 0.0126061, 0.00133624]
    ],
    "M_G2C7_M M_G2C7H1_M": [
        [-0.228436, 0.0140405, 0.00148829]
    ],
    "M_G2C7_M M_G2C7H2_M": [
        [-0.2276, 0.0143778, 0.00152404]
    ],
    "M_G2C8_M M_G2C8H1_M": [
        [-0.224029, 0.0150057, 0.0015906]
    ],
    "M_G2C8_M M_G2C8H2_M": [
        [-0.224145, 0.0141955, 0.00150472]
    ],
    "M_G2C9_M M_G2C9H1_M": [
        [-0.207325, 0.0148859, 0.0015779]
    ],
    "M_G2C9_M M_G2C9H2_M": [
        [-0.207911, 0.0145443, 0.0015417]
    ],
    "M_G2C10_M M_G2C10H1_M": [
        [-0.196149, 0.0149665, 0.00158645]
    ],
    "M_G2C10_M M_G2C10H2_M": [
        [-0.196132, 0.0149552, 0.00158525]
    ],
    "M_G2C11_M M_G2C11H1_M": [
        [-0.174019, 0.0151112, 0.00160178]
    ],
    "M_G2C11_M M_G2C11H2_M": [
        [-0.174664, 0.0146365, 0.00155147]
    ],
    "M_G2C12_M M_G2C12H1_M": [
        [-0.157615, 0.0137824, 0.00146093]
    ],
    "M_G2C12_M M_G2C12H2_M": [
        [-0.158455, 0.0139432, 0.00147798]
    ],
    "M_G2C13_M M_G2C13H1_M": [
        [-0.13109, 0.0123319, 0.00130718]
    ],
    "M_G2C13_M M_G2C13H2_M": [
        [-0.131541, 0.0121469, 0.00128757]
    ],
    "M_G2C14_M M_G2C14H1_M": [
        [-0.105773, 0.00983008, 0.00104199]
    ],
    "M_G2C14_M M_G2C14H2_M": [
        [-0.105827, 0.00988462, 0.00104777]
    ],
    "M_G2C15_M M_G2C15H1_M": [
        [-0.0256492, 0.00450614, 0.00047765]
    ],
    "M_G2C15_M M_G2C15H2_M": [
        [-0.025914, 0.00472413, 0.000500756]
    ],
    "M_G2C15_M M_G2C15H3_M": [
        [-0.0261116, 0.00386057, 0.00040922]
    ],
    "M_G3_M M_G3H1_M": [
        [-0.213678, 0.0293015, 0.00310595]
    ],
    "M_G3_M M_G3H2_M": [
        [-0.239789, 0.0214757, 0.00227642]
    ],
    "M_G3C4_M M_G3C4H1_M": [
        [0.0234686, 0.0209344, 0.00221904]
    ],
    "M_G3C4_M M_G3C4H2_M": [
        [0.0285326, 0.0180284, 0.00191101]
    ],
    "M_G3C5_M M_G3C5H1_M": [
        [-0.0926323, 0.0160949, 0.00170605]
    ],
    "M_G3C5_M M_G3C5H2_M": [
        [-0.0962941, 0.0161655, 0.00171354]
    ],
    "M_G3N6C1_M M_G3N6C1H1_M": [
        [0.0156777, 0.00911962, 0.000966678]
    ],
    "M_G3N6C1_M M_G3N6C1H2_M": [
        [0.0152226, 0.00892571, 0.000946123]
    ],
    "M_G3N6C1_M M_G3N6C1H3_M": [
        [0.0162141, 0.00928122, 0.000983807]
    ],
    "M_G3N6C2_M M_G3N6C2H1_M": [
        [0.015434, 0.00938963, 0.000995298]
    ],
    "M_G3N6C2_M M_G3N6C2H2_M": [
        [0.0148682, 0.00882229, 0.000935161]
    ],
    "M_G3N6C2_M M_G3N6C2H3_M": [
        [0.014102, 0.00837819, 0.000888087]
    ],
    "M_G3N6C3_M M_G3N6C3H1_M": [
        [0.0127479, 0.00895561, 0.000949293]
    ],
    "M_G3N6C3_M M_G3N6C3H2_M": [
        [0.0147346, 0.00916077, 0.00097104]
    ],
    "M_G3N6C3_M M_G3N6C3H3_M": [
        [0.0170376, 0.00903912, 0.000958144]
    ]
}