{"M_G1_M M_G1H1_M": [[-0.13041031247248644, 0.21701712322486688, 0.015383935981908615]], "M_G1_M M_G1H2_M": [[-0.12685679113254156, 0.20922923950414332, 0.014831867542267483]], "M_G1C3_M M_G1C3H1_M": [[-0.2939938801342682, 0.11886094228986666, 0.008425828799886695]], "M_G1C3_M M_G1C3H2_M": [[-0.28635839373490934, 0.12928971414986573, 0.00916510483617401]], "M_G1C4_M M_G1C4H1_M": [[-0.2912800439080575, 0.11650083137124694, 0.008258524972692246]], "M_G1C4_M M_G1C4H2_M": [[-0.2882368407738774, 0.13161898072618164, 0.009330222165914457]], "M_G1C5_M M_G1C5H1_M": [[-0.3294772780015891, 0.10239721709001169, 0.007258746264026765]], "M_G1C5_M M_G1C5H2_M": [[-0.3307905915516093, 0.10796213402305942, 0.007653232766153781]], "M_G1C6_M M_G1C6H1_M": [[-0.3319160223149865, 0.10455885096241571, 0.007411980426452425]], "M_G1C6_M M_G1C6H2_M": [[-0.33321090073260334, 0.11022242804666908, 0.007813460761266738]], "M_G1C7_M M_G1C7H1_M": [[-0.3458778240191384, 0.09827943305507802, 0.006966844293161979]], "M_G1C7_M M_G1C7H2_M": [[-0.34740547789170845, 0.10230166371405516, 0.0072519726647976976]], "M_G1C8_M M_G1C8H1_M": [[-0.3466646401748754, 0.09949130970689106, 0.0070527519512878474]], "M_G1C8_M M_G1C8H2_M": [[-0.3484335040581826, 0.10372956761781285, 0.007353194088790883]], "M_G1C9_M M_G1C9H1_M": [[-0.3532467127370782, 0.09718356515856774, 0.006889160277661162]], "M_G1C9_M M_G1C9H2_M": [[-0.35482840233384594, 0.1003587631099269, 0.007114244092651111]], "M_G1C10_M M_G1C10H1_M": [[-0.3523036888715905, 0.09838259428778626, 0.006974157199057214]], "M_G1C10_M M_G1C10H2_M": [[-0.3533254234171978, 0.10150623298893395, 0.007195586075705239]], "M_G1C11_M M_G1C11H1_M": [[-0.3538436304215683, 0.09890252841546093, 0.007011014352152313]], "M_G1C11_M M_G1C11H2_M": [[-0.3557493298460588, 0.09934215374506068, 0.007042178565492199]], "M_G1C12_M M_G1C12H1_M": [[-0.3497230680992514, 0.10034558290197206, 0.007113309772481382]], "M_G1C12_M M_G1C12H2_M": [[-0.3508772829509435, 0.10177538431011647, 0.007214665706994185]], "M_G1C13_M M_G1C13H1_M": [[-0.3448134225708068, 0.10186846351866884, 0.007221263917146167]], "M_G1C13_M M_G1C13H2_M": [[-0.34664752521529324, 0.10262907226991469, 0.007275182041958471]], "M_G1C14_M M_G1C14H1_M": [[-0.32909015077525455, 0.10381981512071994, 0.00735959156465186]], "M_G1C14_M M_G1C14H2_M": [[-0.33033170161950126, 0.10451296991064096, 0.007408728004925511]], "M_G1C15_M M_G1C15H1_M": [[-0.2984765285753986, 0.10256186643013221, 0.007270417946289611]], "M_G1C15_M M_G1C15H2_M": [[-0.30042800547429704, 0.10213982799458052, 0.00724050043481424]], "M_G1C16_M M_G1C16H1_M": [[-0.23220309055901986, 0.09317401132042225, 0.006604930542028125]], "M_G1C16_M M_G1C16H2_M": [[-0.2326101127764722, 0.09428734262114015, 0.0066838525054307655]], "M_G1C17_M M_G1C17H1_M": [[-0.07299374447747567, 0.03807270460247326, 0.002698902471652766]], "M_G1C17_M M_G1C17H2_M": [[-0.0732662338748048, 0.03902048842332452, 0.0027660890853540105]], "M_G1C17_M M_G1C17H3_M": [[-0.07356068115556066, 0.03866903720414982, 0.0027411753689789895]], "M_G2_M M_G2H1_M": [[-0.12784388079460224, 0.20581093124181593, 0.014589550094258623]], "M_G2C3_M M_G2C3H1_M": [[-0.18743894217227117, 0.16092933833110068, 0.011407978327734483]], "M_G2C3_M M_G2C3H2_M": [[-0.22272336541144294, 0.14812249045743195, 0.01050012495243001]], "M_G2C4_M M_G2C4H1_M": [[-0.30082923690844127, 0.1083924961627566, 0.007683740329371632]], "M_G2C4_M M_G2C4H2_M": [[-0.2839089090899381, 0.12061838075188425, 0.008550410309354998]], "M_G2C5_M M_G2C5H1_M": [[-0.3187670159232423, 0.10326925770752411, 0.007320563584402607]], "M_G2C5_M M_G2C5H2_M": [[-0.320943726330444, 0.09935144875082862, 0.007042837470981131]], "M_G2C6_M M_G2C6H1_M": [[-0.34332379305892124, 0.09389275531293163, 0.006655880952778381]], "M_G2C6_M M_G2C6H2_M": [[-0.3438583988293304, 0.09248766233783913, 0.006556276552645148]], "M_G2C7_M M_G2C7H1_M": [[-0.3513079705712109, 0.09088882317116387, 0.00644293784913642]], "M_G2C7_M M_G2C7H2_M": [[-0.3523350602473456, 0.08822526098627236, 0.0062541229320123674]], "M_G2C8_M M_G2C8H1_M": [[-0.36103621946548725, 0.08697497461199609, 0.006165492480852121]], "M_G2C8_M M_G2C8H2_M": [[-0.3615814686431645, 0.0859569870681694, 0.006093329257176987]], "M_G2C9_M M_G2C9H1_M": [[-0.3631181576215181, 0.086866323506102, 0.006157790408164952]], "M_G2C9_M M_G2C9H2_M": [[-0.3636146932492085, 0.08597344436793118, 0.006094495884225618]], "M_G2C10_M M_G2C10H1_M": [[-0.36643374445209426, 0.08563309955873209, 0.00607036948037928]], "M_G2C10_M M_G2C10H2_M": [[-0.3662832046446178, 0.08576778347589135, 0.00607991697012839]], "M_G2C11_M M_G2C11H1_M": [[-0.3655691349827341, 0.08576549031918192, 0.006079754412559244]], "M_G2C11_M M_G2C11H2_M": [[-0.36601896796014954, 0.08535311434918809, 0.0060505218551066735]], "M_G2C12_M M_G2C12H1_M": [[-0.3653363719500892, 0.08615393821620322, 0.006107290753891586]], "M_G2C12_M M_G2C12H2_M": [[-0.36615383707190174, 0.08596610640747152, 0.006093975710000323]], "M_G2C13_M M_G2C13H1_M": [[-0.36161272845227005, 0.0865575436702303, 0.0061359015859514515]], "M_G2C13_M M_G2C13H2_M": [[-0.36239729340934557, 0.08746674115887662, 0.006200352887085666]], "M_G2C14_M M_G2C14H1_M": [[-0.35471919579482625, 0.08824707191091702, 0.006255669067466813]], "M_G2C14_M M_G2C14H2_M": [[-0.3556743291988513, 0.0891280221609242, 0.0063181179749445615]], "M_G2C15_M M_G2C15H1_M": [[-0.33329793125817475, 0.08984528390643767, 0.006368963311991159]], "M_G2C15_M M_G2C15H2_M": [[-0.3344515215496973, 0.08967006818529526, 0.006356542598837174]], "M_G2C16_M M_G2C16H1_M": [[-0.284033338470182, 0.0883856927807518, 0.006265495640391591]], "M_G2C16_M M_G2C16H2_M": [[-0.2858651802253654, 0.0891080179616919, 0.006316699914858859]], "M_G2C17_M M_G2C17H1_M": [[-0.08177864668894444, 0.031948915503668844, 0.0022647985720950273]], "M_G2C17_M M_G2C17H2_M": [[-0.08219880708596944, 0.03229389154111287, 0.0022892532750072594]], "M_G2C17_M M_G2C17H3_M": [[-0.08153328551769529, 0.03212182788544897, 0.002277056005850743]], "M_G3_M M_G3H1_M": [[-0.08986504811337076, 0.20389335738847153, 0.014453616887873498]], "M_G3_M M_G3H2_M": [[-0.016771875159538204, 0.2576531849379945, 0.018264550021308116]], "M_G3C4_M M_G3C4H1_M": [[-0.005186939124612869, 0.1302496629523994, 0.00923315380256265]], "M_G3C4_M M_G3C4H2_M": [[-0.01808858318111921, 0.11171518482695504, 0.007919279483786085]], "M_G3C5_M M_G3C5H1_M": [[-0.06220879784223113, 0.11577604655559542, 0.008207146339343168]], "M_G3C5_M M_G3C5H2_M": [[-0.08793203968984235, 0.09108555300960702, 0.0064568836576300885]], "M_G3N6C1_M M_G3N6C1H1_M": [[0.010325394767806115, 0.01980786107910508, 0.0014041420430393726]], "M_G3N6C1_M M_G3N6C1H2_M": [[0.011676188290131012, 0.01930648280872517, 0.001368600279792182]], "M_G3N6C1_M M_G3N6C1H3_M": [[0.01029059259707908, 0.018878264449089178, 0.0013382446851136365]], "M_G3N6C2_M M_G3N6C2H1_M": [[0.009010272605367409, 0.01812482265272707, 0.0012848346122627547]], "M_G3N6C2_M M_G3N6C2H2_M": [[0.011359664083264694, 0.018778671104204794, 0.0013311847000803912]], "M_G3N6C2_M M_G3N6C2H3_M": [[0.01184169151283091, 0.019174754287783907, 0.0013592622925263011]], "M_G3N6C3_M M_G3N6C3H1_M": [[0.010576962626525467, 0.017670871023571472, 0.0012526548344736232]], "M_G3N6C3_M M_G3N6C3H2_M": [[0.011171854917510942, 0.01909282161892625, 0.0013534542396233646]], "M_G3N6C3_M M_G3N6C3H3_M": [[0.01109900061653424, 0.01869844330326771, 0.0013254975020600464]]}