{"DPPC": 0.46139044584082817, "C20": 0.06500972310887428}