{"M_G1_M M_G1H1_M": [[-0.2565141375585548, 0.037431891789412156, 0.004715975084641195]], "M_G1_M M_G1H2_M": [[0.012268463668825696, 0.03734828570380542, 0.0047054417079456234]], "M_G1C3_M M_G1C3H1_M": [[-0.26474795013713764, 0.01653098042750356, 0.002082707768535744]], "M_G1C3_M M_G1C3H2_M": [[-0.255237396748204, 0.018256123096740785, 0.002300055315150404]], "M_G1C4_M M_G1C4H1_M": [[-0.2021798377048557, 0.01329034508096743, 0.0016744260915462098]], "M_G1C4_M M_G1C4H2_M": [[-0.19417366973625752, 0.013275495549288086, 0.0016725552264076709]], "M_G1C5_M M_G1C5H1_M": [[-0.2306946992412463, 0.011763223806507203, 0.0014820268956386969]], "M_G1C5_M M_G1C5H2_M": [[-0.22772193403200486, 0.012193539857130295, 0.0015362416220724199]], "M_G1C6_M M_G1C6H1_M": [[-0.21836311449529203, 0.011224259539748774, 0.0014141237806199788]], "M_G1C6_M M_G1C6H2_M": [[-0.21558863768769274, 0.011806813503677727, 0.0014875186812785932]], "M_G1C7_M M_G1C7H1_M": [[-0.22969379439461193, 0.011466651626037171, 0.0014446623130051793]], "M_G1C7_M M_G1C7H2_M": [[-0.23069115174619037, 0.010396337313416503, 0.0013098153846305446]], "M_G1C8_M M_G1C8H1_M": [[-0.21732804667299932, 0.010030794803027243, 0.001263761357196629]], "M_G1C8_M M_G1C8H2_M": [[-0.2170091569308053, 0.011618598485122172, 0.0014638058178450025]], "M_G1C9_M M_G1C9H1_M": [[-0.2173506092838633, 0.010186496449753172, 0.0012833779208137738]], "M_G1C9_M M_G1C9H2_M": [[-0.21808084504452654, 0.01064818775873681, 0.0013415455582447542]], "M_G1C10_M M_G1C10H1_M": [[-0.19872504367773808, 0.010183085847221655, 0.0012829482252842844]], "M_G1C10_M M_G1C10H2_M": [[-0.1989510680751389, 0.010304728886055419, 0.0012982738076402992]], "M_G1C11_M M_G1C11H1_M": [[-0.19147557273782723, 0.008987124762223075, 0.001132271291540607]], "M_G1C11_M M_G1C11H2_M": [[-0.1919848650950296, 0.009952789333660252, 0.0012539335918229182]], "M_G1C12_M M_G1C12H1_M": [[-0.16983974899207122, 0.008798398949432034, 0.001108494074082339]], "M_G1C12_M M_G1C12H2_M": [[-0.16935359464168076, 0.009124825168576123, 0.0011496199120474024]], "M_G1C13_M M_G1C13H1_M": [[-0.15756843969663212, 0.008003268084711487, 0.001008317001329848]], "M_G1C13_M M_G1C13H2_M": [[-0.15811331077402857, 0.0081292082966388, 0.0010241839766071072]], "M_G1C14_M M_G1C14H1_M": [[-0.13311226071163665, 0.007634305984030917, 0.0009618321460151451]], "M_G1C14_M M_G1C14H2_M": [[-0.1328235432335249, 0.008376686489797707, 0.0010553632982266345]], "M_G1C15_M M_G1C15H1_M": [[-0.11510309140526062, 0.006585942605503736, 0.0008297507753860788]], "M_G1C15_M M_G1C15H2_M": [[-0.11550783637816793, 0.0065533330122312435, 0.0008256423528073178]], "M_G1C16_M M_G1C16H1_M": [[-0.08322211370534771, 0.0054600421737003154, 0.0006879006542635983]], "M_G1C16_M M_G1C16H2_M": [[-0.08367648945359438, 0.005367954341428829, 0.0006762986779319136]], "M_G1C17_M M_G1C17H1_M": [[-0.02805781545057548, 0.002815538538746904, 0.0003547245133448811]], "M_G1C17_M M_G1C17H2_M": [[-0.028158913113742697, 0.0029080100670218767, 0.00036637483082915036]], "M_G1C17_M M_G1C17H3_M": [[-0.02742204338611646, 0.002751552481028606, 0.00034666302781640287]], "M_G2_M M_G2H1_M": [[-0.22018173395556964, 0.0474709049679327, 0.005980771859825263]], "M_G2C3_M M_G2C3H1_M": [[-0.14292517492245527, 0.018496797183369135, 0.0023303773999235576]], "M_G2C3_M M_G2C3H2_M": [[-0.12481762652070649, 0.019888085435798366, 0.002505663243634672]], "M_G2C4_M M_G2C4H1_M": [[-0.20370033192229442, 0.014115725105316683, 0.0017784142001913794]], "M_G2C4_M M_G2C4H2_M": [[-0.1881859761548012, 0.015160250093203233, 0.001910011979055216]], "M_G2C5_M M_G2C5H1_M": [[-0.19570254481538601, 0.014309621605991687, 0.0018028428630900333]], "M_G2C5_M M_G2C5H2_M": [[-0.19134191376045886, 0.013968630064978524, 0.0017598819670568183]], "M_G2C6_M M_G2C6H1_M": [[-0.2060120328238999, 0.014366367912225625, 0.0018099922256670099]], "M_G2C6_M M_G2C6H2_M": [[-0.20453074559144224, 0.013163065631645935, 0.0016583903882169755]], "M_G2C7_M M_G2C7H1_M": [[-0.17920156472751675, 0.014288064154044482, 0.0018001268794351508]], "M_G2C7_M M_G2C7H2_M": [[-0.17721288200677648, 0.013413807747117309, 0.0016899809253954276]], "M_G2C8_M M_G2C8H1_M": [[-0.17380928683153726, 0.013454603386584817, 0.001695120692852898]], "M_G2C8_M M_G2C8H2_M": [[-0.17433790587496273, 0.013191013622725067, 0.0016619115041236058]], "M_G2C9_M M_G2C9H1_M": [[-0.1213883943176651, 0.011890283227822606, 0.0014980348780448082]], "M_G2C9_M M_G2C9H2_M": [[-0.12071651463313429, 0.01129293196915404, 0.0014227756934834539]], "M_G2C10_M M_G2C10H1_M": [[-0.0939288567463415, 0.011607344581783922, 0.0014623879592968229]], "M_G2C11_M M_G2C11H1_M": [[0.017474058733022654, 0.012137676800980962, 0.001529203538546364]], "M_G2C12_M M_G2C12H1_M": [[-0.05121004984419136, 0.00960976757763499, 0.0012107169127406558]], "M_G2C12_M M_G2C12H2_M": [[-0.05012355502953944, 0.010021274902823606, 0.001262561962508773]], "M_G2C13_M M_G2C13H1_M": [[-0.10230815873904063, 0.009628039523836543, 0.00121301896157963]], "M_G2C13_M M_G2C13H2_M": [[-0.1025977597623689, 0.009711077825416409, 0.0012234808042117017]], "M_G2C14_M M_G2C14H1_M": [[-0.11097476048671233, 0.009213883107381656, 0.0011608401576833761]], "M_G2C14_M M_G2C14H2_M": [[-0.11080858079152507, 0.00953492118775492, 0.0012012871539714342]], "M_G2C15_M M_G2C15H1_M": [[-0.11984416696798433, 0.00903086572192087, 0.0011377821344676386]], "M_G2C15_M M_G2C15H2_M": [[-0.12011697536524857, 0.009058589826184295, 0.0011412750432868313]], "M_G2C16_M M_G2C16H1_M": [[-0.11108640309886766, 0.00851410127312682, 0.0010726759336148561]], "M_G2C16_M M_G2C16H2_M": [[-0.11194903221293229, 0.008481107161429321, 0.0010685190662681387]], "M_G2C17_M M_G2C17H1_M": [[-0.10070530693887997, 0.007835119112986521, 0.000987132222168158]], "M_G2C17_M M_G2C17H2_M": [[-0.10116777551300854, 0.007049640142004212, 0.0008881711737257718]], "M_G2C18_M M_G2C18H1_M": [[-0.07800766875210521, 0.0057256113854474025, 0.0007213592299854196]], "M_G2C18_M M_G2C18H2_M": [[-0.07773690333257213, 0.005879639009684886, 0.0007407648865933474]], "M_G2C19_M M_G2C19H1_M": [[-0.023314817974023787, 0.0032564019879845483, 0.00041026808709825985]], "M_G2C19_M M_G2C19H2_M": [[-0.02388543972693457, 0.002465251449626864, 0.00031059248833115036]], "M_G2C19_M M_G2C19H3_M": [[-0.023609847840278725, 0.0026527804073328103, 0.00033421891622224955]], "M_G3_M M_G3H1_M": [[-0.19126668533544974, 0.041183815361409117, 0.005188673023194771]], "M_G3_M M_G3H2_M": [[-0.2678963091589125, 0.033473263129473387, 0.004217234752876868]], "M_G3C4_M M_G3C4H1_M": [[0.11746357289430971, 0.04739129227803523, 0.005970741603697948]], "M_G3C4_M M_G3C4H2_M": [[0.11133918531610823, 0.03632053028900492, 0.004575956696699806]], "M_G3C5_M M_G3C5H1_M": [[0.06519493439676854, 0.04143745240498601, 0.005220628287031824]]}