{"M_G1_M M_G1H1_M": [[-0.19307623919984607, 0.07132486237726991, 0.0031929393526486487]], "M_G1_M M_G1H2_M": [[-0.032169074857403224, 0.07359065256074333, 0.0032943700515736677]], "M_G1C3_M M_G1C3H1_M": [[-0.27166709184667526, 0.03608929056231141, 0.0016155785262657277]], "M_G1C3_M M_G1C3H2_M": [[-0.25454785790615236, 0.03837489489132681, 0.001717896228164625]], "M_G1C4_M M_G1C4H1_M": [[-0.2419448091712201, 0.03137941778930155, 0.001404735664160128]], "M_G1C4_M M_G1C4H2_M": [[-0.2299920006448113, 0.03202692300141563, 0.00143372197838347]], "M_G1C5_M M_G1C5H1_M": [[-0.27094130420320617, 0.029044542761637197, 0.0013002123028683446]], "M_G1C5_M M_G1C5H2_M": [[-0.2670693047833961, 0.029273989017379223, 0.001310483727934705]], "M_G1C6_M M_G1C6H1_M": [[-0.2779122870467486, 0.02998472599998511, 0.0013423006849607349]], "M_G1C6_M M_G1C6H2_M": [[-0.27410869203555, 0.030278027726142662, 0.001355430673472941]], "M_G1C7_M M_G1C7H1_M": [[-0.2906799766977567, 0.0301289560384055, 0.0013487573082216478]], "M_G1C7_M M_G1C7H2_M": [[-0.2887131239872342, 0.03056071714198707, 0.0013680855897299474]], "M_G1C8_M M_G1C8H1_M": [[-0.2875509882251762, 0.032085639411700465, 0.0014363504859023915]], "M_G1C8_M M_G1C8H2_M": [[-0.2864809214544998, 0.031723566461763414, 0.0014201418746012078]], "M_G1C9_M M_G1C9H1_M": [[-0.2897299845409797, 0.032455864929998954, 0.0014529240562862682]], "M_G1C9_M M_G1C9H2_M": [[-0.2898314709173447, 0.031519792968454856, 0.001411019720220172]], "M_G1C10_M M_G1C10H1_M": [[-0.28043352165149144, 0.03350978671845993, 0.0015001040751581069]], "M_G1C10_M M_G1C10H2_M": [[-0.27977334685548594, 0.03298920922913244, 0.0014767998261714802]], "M_G1C11_M M_G1C11H1_M": [[-0.27492011712578557, 0.03315904675478753, 0.0014844027979985022]], "M_G1C11_M M_G1C11H2_M": [[-0.274932377699696, 0.03303260671531263, 0.0014787425644651458]], "M_G1C12_M M_G1C12H1_M": [[-0.2588285954131837, 0.03386467272710549, 0.001515990954781024]], "M_G1C12_M M_G1C12H2_M": [[-0.25849032778472875, 0.03390222113931656, 0.0015176718525631192]], "M_G1C13_M M_G1C13H1_M": [[-0.24579778378910108, 0.0333876657926738, 0.001494637191707818]], "M_G1C13_M M_G1C13H2_M": [[-0.2459394438221313, 0.03380094435900545, 0.0015131380812162577]], "M_G1C14_M M_G1C14H1_M": [[-0.2198680813757378, 0.03290092262068565, 0.001472847574782188]], "M_G1C14_M M_G1C14H2_M": [[-0.2206249010444443, 0.03274903137863031, 0.0014660479889447014]], "M_G1C15_M M_G1C15H1_M": [[-0.19299816409086237, 0.030196431522311377, 0.0013517779257275393]], "M_G1C15_M M_G1C15H2_M": [[-0.193296006817504, 0.029718870206978762, 0.0013303993451568169]], "M_G1C16_M M_G1C16H1_M": [[-0.14705489045302944, 0.02449427446836519, 0.0010965143185406852]], "M_G1C16_M M_G1C16H2_M": [[-0.1469445524903054, 0.024518457678465673, 0.0010975969077056634]], "M_G1C17_M M_G1C17H1_M": [[-0.048283711687070505, 0.00996914126445632, 0.00044628005431020755]], "M_G1C17_M M_G1C17H2_M": [[-0.04837703646592659, 0.010380593474212954, 0.0004646991848697201]], "M_G1C17_M M_G1C17H3_M": [[-0.04817694964110127, 0.010171915886549147, 0.00045535749307446335]], "M_G2_M M_G2H1_M": [[-0.20395054501763463, 0.0718862373312293, 0.0032180699469792373]], "M_G2C3_M M_G2C3H1_M": [[-0.09481062644819832, 0.05096917020235943, 0.0022816934219956294]], "M_G2C3_M M_G2C3H2_M": [[-0.14739057436270397, 0.04084793761641611, 0.0018286048250624651]], "M_G2C4_M M_G2C4H1_M": [[-0.2514401623556309, 0.031035209159518205, 0.001389326769660715]], "M_G2C4_M M_G2C4H2_M": [[-0.2501633327151204, 0.030513892164341545, 0.0013659894158457209]], "M_G2C5_M M_G2C5H1_M": [[-0.2552318628235791, 0.029449909519498253, 0.0013183590111870225]], "M_G2C5_M M_G2C5H2_M": [[-0.25623028557772043, 0.029640386665794747, 0.0013268859393284795]], "M_G2C6_M M_G2C6H1_M": [[-0.2746526478291571, 0.030585433011233253, 0.001369192023993131]], "M_G2C6_M M_G2C6H2_M": [[-0.2725270968584365, 0.030259216724328186, 0.0013545885773797372]], "M_G2C7_M M_G2C7H1_M": [[-0.2534831463141997, 0.030520058210777995, 0.0013662654459937085]], "M_G2C7_M M_G2C7H2_M": [[-0.2520862988522695, 0.030694497435952643, 0.0013740744181829515]], "M_G2C8_M M_G2C8H1_M": [[-0.24296431007406383, 0.029730046255643135, 0.001330899653806539]], "M_G2C8_M M_G2C8H2_M": [[-0.24183575865499815, 0.029136044581068433, 0.0013043084868687507]], "M_G2C9_M M_G2C9H1_M": [[-0.14728676906785568, 0.02683692109856471, 0.00120138558454256]], "M_G2C9_M M_G2C9H2_M": [[-0.14574407952026455, 0.027618525596505156, 0.00123637500725579]], "M_G2C10_M M_G2C10H1_M": [[-0.08973775851870291, 0.028731182431007453, 0.0012861843678975853]], "M_G2C11_M M_G2C11H1_M": [[-0.08244166702471162, 0.03062589868707891, 0.0013710035164311493]], "M_G2C12_M M_G2C12H1_M": [[-0.1380324511005966, 0.03341596597191603, 0.0014959040817231338]], "M_G2C12_M M_G2C12H2_M": [[-0.13866537340959234, 0.03409005576157292, 0.0015260804850820281]], "M_G2C13_M M_G2C13H1_M": [[-0.2070597056948379, 0.03628999717981922, 0.0016245633884304517]], "M_G2C13_M M_G2C13H2_M": [[-0.20680802667278117, 0.036627945845970934, 0.0016396920484708084]], "M_G2C14_M M_G2C14H1_M": [[-0.21851475564253958, 0.036846412524972005, 0.0016494719601786686]], "M_G2C14_M M_G2C14H2_M": [[-0.21862462900799198, 0.03610964131125786, 0.0016164895509070832]], "M_G2C15_M M_G2C15H1_M": [[-0.22505200536983633, 0.03609491498788335, 0.0016158303101338788]], "M_G2C15_M M_G2C15H2_M": [[-0.22485612719623935, 0.03582145534010435, 0.00160358857504105]], "M_G2C16_M M_G2C16H1_M": [[-0.20657307110991577, 0.03432421577910884, 0.001536562927106979]], "M_G2C16_M M_G2C16H2_M": [[-0.20635463051108888, 0.03452238408532892, 0.0015454341588526637]], "M_G2C17_M M_G2C17H1_M": [[-0.18652300644263323, 0.03144295464391348, 0.0014075799644037215]], "M_G2C17_M M_G2C17H2_M": [[-0.18688294535279742, 0.031587049892473976, 0.0014140305536418036]], "M_G2C18_M M_G2C18H1_M": [[-0.14350183938120317, 0.025589113320052977, 0.001145526036724899]], "M_G2C18_M M_G2C18H2_M": [[-0.1434793474548083, 0.025107449018303814, 0.0011239637812565863]], "M_G2C19_M M_G2C19H1_M": [[-0.049589347425275494, 0.011122988400108738, 0.0004979333460737205]], "M_G2C19_M M_G2C19H2_M": [[-0.04977483793038559, 0.010706137659989585, 0.0004792725441044576]], "M_G2C19_M M_G2C18H3_M": [[-0.049813323677902234, 0.010929780136586565, 0.0004892841563340504]], "M_G3_M M_G3H1_M": [[-0.21047735602891135, 0.06351004102134145, 0.0028430999024260995]], "M_G3_M M_G3H2_M": [[-0.22541635530437718, 0.04815413317495486, 0.002155675057509762]], "M_G3C4_M M_G3C4H1_M": [[0.07301695162186662, 0.031214516817310696, 0.0013973536828255605]], "M_G3C4_M M_G3C4H2_M": [[0.05567102970697427, 0.03487642256006236, 0.0015612830976469482]], "M_G3C5_M M_G3C5H1_M": [[-0.017149260457033827, 0.029112348124025376, 0.0013032476877632311]], "M_G3C5_M M_G3C5H2_M": [[-0.004961353433170099, 0.029222019565574714, 0.0013081572557583623]]}