{"headgroup": 48.17646844918066, "sn-1": 0.5260743706958244, "sn-2": 3.2265990333749404, "total": 17.309713951083808}