{"headgroup": 0.21372540024398964, "tails": 0.5502142478020408, "total": 0.4380512986160237}