{"10.1039/c2cp42738a": {"M_G1_M M_G1H1_M": [-0.17216572296982618, 0.026008434821933876, 0.002307875393896775, -0.14991575, 0.02, 0.7830369437493616], "M_G1_M M_G1H2_M": [-0.04168833950565081, 0.023703296721033655, 0.002103327464003084, 0.0, 0.02, 24.504764755511054], "M_G1C3_M M_G1C3H1_M": [-0.2358432616101323, 0.016658283929390373, 0.0014781836680446386, -0.20987741, 0.02, 4.56554669253846], "M_G1C3_M M_G1C3H2_M": [-0.2056612294745253, 0.01884629807233599, 0.0016723385272883699, -0.20987741, 0.02, 0.0], "M_G1C4_M M_G1C4H1_M": [-0.17595046969615885, 0.012692400186046053, 0.0011262683925202259, -0.18840908, 0.02, 4.654278300971052e-12], "M_G1C4_M M_G1C4H2_M": [-0.16302827827478122, 0.013399451111695883, 0.0011890090166566324, -0.18840908, 0.02, 5.520950994025341], "M_G1C5_M M_G1C5H1_M": [-0.2029915091822975, 0.011265655931077508, 0.0009996653123283878, -0.18619612, 0.02, 0.0002926871407655655], "M_G1C5_M M_G1C5H2_M": [-0.20089869405576216, 0.012022645411426305, 0.0010668372666230903, -0.18619612, 0.02, 1.487659402279543e-07], "M_G1C6_M M_G1C6H1_M": [-0.20343736371188784, 0.011879630232939933, 0.0010541467216655714, -0.20173615, 0.02, 0.0], "M_G1C6_M M_G1C6H2_M": [-0.20065748878554893, 0.01215197126154309, 0.0010783130801167806, -0.20173615, 0.02, 0.0], "M_G1C7_M M_G1C7H1_M": [-0.21520486625740734, 0.01160077670188425, 0.0010294024720699786, -0.19581075, 0.02, 0.14150621420793127], "M_G1C7_M M_G1C7H2_M": [-0.2139711940547202, 0.011685691283453193, 0.0010369374227399333, -0.19581075, 0.02, 0.01683814010996901], "M_G1C8_M M_G1C8H1_M": [-0.20672460764974893, 0.011900587399868219, 0.001056006369514845, -0.19507116, 0.02, 5.785964799319727e-16], "M_G1C8_M M_G1C8H2_M": [-0.2047688147187106, 0.01154081630543406, 0.001024081847260254, -0.19507116, 0.02, 0.0], "M_G1C9_M M_G1C9H1_M": [-0.20519693369099457, 0.011320007973974446, 0.001004488276234854, -0.18174699, 0.02, 3.527546727650107], "M_G1C9_M M_G1C9H2_M": [-0.2053522531365013, 0.0119809296109707, 0.001063135587915112, -0.18174699, 0.02, 3.4584370028059808], "M_G1C10_M M_G1C10H1_M": [-0.18928081190301743, 0.01087093033448534, 0.0009646390795714657, -0.17434532, 0.02, 3.299951204033916e-08], "M_G1C10_M M_G1C10H2_M": [-0.18952802205838162, 0.011814958442894805, 0.0010484080282783578, -0.17434532, 0.02, 9.40292957034837e-07], "M_G1C11_M M_G1C11H1_M": [-0.18221054906262912, 0.01110988003229749, 0.0009858424365491282, -0.14991285, 0.02, 35.287762611978], "M_G1C11_M M_G1C11H2_M": [-0.1818422273053873, 0.011563517824395434, 0.0010260962813226548, -0.14991285, 0.02, 30.81804920815004], "M_G1C12_M M_G1C12H1_M": [-0.16383288462535586, 0.010829992118435511, 0.000961006400321896, -0.13658578, 0.02, 13.632827504901002], "M_G1C12_M M_G1C12H2_M": [-0.16272715512457409, 0.010841631925813128, 0.0009620392662063838, -0.13658578, 0.02, 10.06335147621256], "M_G1C13_M M_G1C13H1_M": [-0.15272218710129065, 0.010211000445416929, 0.0009060797712891549, -0.11585704, 0.02, 76.90200337916042], "M_G1C13_M M_G1C13H2_M": [-0.15166477449818022, 0.01032578309275559, 0.0009162650842175524, -0.11585704, 0.02, 66.2699378777672], "M_G1C14_M M_G1C14H1_M": [-0.13126822059411614, 0.009293207412856948, 0.0008246388091152695, -0.10623371, 0.02, 9.289332955427215], "M_G1C14_M M_G1C14H2_M": [-0.1316507619485587, 0.009106114741739104, 0.0008080370191572228, -0.10623371, 0.02, 10.9938790180185], "M_G1C15_M M_G1C15H1_M": [-0.11459626215408038, 0.00835336845386115, 0.000741241587308491, -0.08994829, 0.02, 9.744922700244338], "M_G1C16_M M_G1C16H1_M": [-0.08642988495959564, 0.006336304019314417, 0.0005622560617178134, -0.06699789, 0.02, 0.07375728289748731], "M_G1C16_M M_G1C16H2_M": [-0.08698382176188746, 0.0070257066408581275, 0.0006234306521013479, -0.06699789, 0.02, 0.2932807630591211], "M_G1C17_M M_G1C17H1_M": [-0.029152998808847756, 0.00445196189442195, 0.0003950477366687811, -0.01813583, 0.02, 0.0], "M_G1C17_M M_G1C17H2_M": [-0.030060859432253912, 0.004564510087610174, 0.00040503477385364043, -0.01813583, 0.02, 0.0], "M_G1C17_M M_G1C17H3_M": [-0.029183225047384725, 0.004599310411411394, 0.00040812280323912053, -0.01813583, 0.02, 0.0], "M_G2_M M_G2H1_M": [-0.19279259077911287, 0.02439933675866703, 0.002165091029823905, -0.20691616, 0.02, 0.0014451614296322318], "M_G2C3_M M_G2C3H1_M": [-0.07495209019363724, 0.017706614999638298, 0.0015712080079654043, -0.0795825, 0.02, 0.0], "M_G2C3_M M_G2C3H2_M": [-0.10404074702226854, 0.015382056097318995, 0.0013649367606159834, -0.122519, 0.02, 0.06170545127817774], "M_G2C4_M M_G2C4H1_M": [-0.19897937917638797, 0.012779560647418628, 0.0011340026327964926, -0.180265, 0.02, 0.05971258991756694], "M_G2C4_M M_G2C4H2_M": [-0.204869324097387, 0.01268597133889384, 0.0011256979245833703, -0.180265, 0.02, 4.666542106826958], "M_G2C5_M M_G2C5H1_M": [-0.19627952069933335, 0.01216904366806174, 0.0010798280112223528, -0.186187, 0.02, 0.0], "M_G2C5_M M_G2C5H2_M": [-0.1986586703027149, 0.011957102632141167, 0.0010610212854387012, -0.186187, 0.02, 2.8013712903382023e-13], "M_G2C6_M M_G2C6H1_M": [-0.20688784683430703, 0.01344630630677422, 0.001193166742891905, -0.193592, 0.02, 4.1757326961823965e-09], "M_G2C6_M M_G2C6H2_M": [-0.20605755324828207, 0.012078323882497981, 0.0010717779319970692, -0.193592, 0.02, 4.4894265205411485e-13], "M_G2C7_M M_G2C7H1_M": [-0.18363556572473083, 0.011984584749119268, 0.0010634599289780066, -0.166198, 0.02, 0.003482474741506468], "M_G2C7_M M_G2C7H2_M": [-0.18305663706525432, 0.011612070350179825, 0.001030404621302992, -0.166198, 0.02, 0.0004994159498307031], "M_G2C8_M M_G2C8H1_M": [-0.17469124867656044, 0.012288014352051646, 0.0010903849523091658, -0.154356, 0.02, 0.4210778349689519], "M_G2C8_M M_G2C8H2_M": [-0.1748144441974877, 0.011574108616298378, 0.0010270360621361496, -0.154356, 0.02, 0.4845727938840266], "M_G2C9_M M_G2C9H1_M": [-0.10038516560437524, 0.011931606406742509, 0.0010587588612813973, -0.1203, 0.02, 0.2740426689834882], "M_G2C9_M M_G2C9H2_M": [-0.09996505812871168, 0.011759324431404997, 0.0010434713080543165, -0.1203, 0.02, 0.4270010254290487], "M_G2C10_M M_G2C10H1_M": [-0.0561289119566355, 0.012779900998466603, 0.0011340328340682833, -0.108455, 0.02, Infinity], "M_G2C11_M M_G2C11H1_M": [-0.047289271970158496, 0.011722589400265134, 0.0010402116011537605, -0.0225792, 0.02, 5.52617557895828], "M_G2C12_M M_G2C12H1_M": [-0.07670734621796878, 0.011055089726642028, 0.0009809805831115011, -0.0581141, 0.02, 0.034225630684107916], "M_G2C12_M M_G2C12H2_M": [-0.07674747237824223, 0.011126495601246667, 0.0009873168298755988, -0.0581141, 0.02, 0.037702252517639846], "M_G2C13_M M_G2C13H1_M": [-0.11760797210293765, 0.010401407032316937, 0.0009229756237212976, -0.0995716, 0.02, 0.007309280907981627], "M_G2C13_M M_G2C13H2_M": [-0.11646160825891617, 0.011137564777530385, 0.0009882990604385218, -0.0995716, 0.02, 0.0003585730180042908], "M_G2C14_M M_G2C14H1_M": [-0.12345724711049812, 0.009854610668158298, 0.0008744552924151744, -0.106234, 0.02, 0.0003250295240188567], "M_G2C14_M M_G2C14H2_M": [-0.12325840910218341, 0.010037794189431792, 0.0008907102014171545, -0.106234, 0.02, 0.0001815058013327448], "M_G2C15_M M_G2C15H1_M": [-0.1280050933484904, 0.00934952195840795, 0.0008296359169722187, -0.0943887, 0.02, 60.108795524228135], "M_G2C15_M M_G2C15H2_M": [-0.12797308762548718, 0.009883114479468474, 0.0008769845966660998, -0.0943887, 0.02, 53.692464245383334], "M_G2C16_M M_G2C16H1_M": [-0.11633587684796293, 0.008551294289852539, 0.0007588046652033495, -0.0943887, 0.02, 2.288842719442113], "M_G2C16_M M_G2C16H2_M": [-0.11665158314795211, 0.008433657144662281, 0.0007483660565499791, -0.0943887, 0.02, 2.903698054219541], "M_G2C17_M M_G2C17H1_M": [-0.10557451915930083, 0.0070945709598574285, 0.0006295413722744016, -0.0899483, 0.02, 8.069974403858681e-13], "M_G2C17_M M_G2C17H2_M": [-0.10561699182813605, 0.007683030911990728, 0.0006817587491800194, -0.0899483, 0.02, 4.581042451740333e-11],