{"headgroup": 0.6798503745972617, "tails": 0.5850978785737858, "total": 0.6166820439149444}