{"M_C3_M M_C3H3_M": [[-0.385327267974068, 0.021300369196590545, 0.001333880859998687]], "M_C4_M M_C4H41_M": [[0.3715586280587105, 0.031940449812088205, 0.0020001885540515732]], "M_C4_M M_C4H42_M": [[0.35851369349893797, 0.031872453113930437, 0.0019959304356415753]], "M_C6_M M_C6H6_M": [[0.09814437300440845, 0.0285757285080136, 0.0017894815327172515]], "M_C7_M M_C7H71_M": [[-0.2624150748878701, 0.023848942643807904, 0.0014934787200248996]], "M_C7_M M_C7H72_M": [[-0.29553196141204296, 0.02448853882622885, 0.0015335317866166322]], "M_C8_M M_C8H8_M": [[0.6398060193422127, 0.034030632818776045, 0.002131080891211705]], "M_C14_M M_C14H14_M": [[0.6470266569658942, 0.03497955110232298, 0.002190504459152897]], "M_C15_M M_C15H151_M": [[0.41032502456920683, 0.03490633977859013, 0.002185919788222496]], "M_C15_M M_C15H152_M": [[-0.19702362029629195, 0.02601733118051089, 0.0016292684774442988]], "M_C16_M M_C16H161_M": [[0.15244288077991758, 0.03643677675451024, 0.0022817594692521033]], "M_C16_M M_C16H162_M": [[0.11196535841670485, 0.028337951375286687, 0.0017745913510794342]], "M_C17_M M_C17H17_M": [[0.10676734134606417, 0.015035907522009284, 0.0009415850528792132]], "M_C18_M M_C18H181_M": [[-0.29144346252109754, 0.015873947977913264, 0.0009940651819191277]], "M_C18_M M_C18H182_M": [[-0.2917326994324164, 0.01520611853246044, 0.0009522440798146793]], "M_C18_M M_C18H183_M": [[-0.20710620427772147, 0.02863919530698208, 0.0017934559778363995]], "M_C12_M M_C12H121_M": [[0.09993751946262475, 0.016454277699906063, 0.001030406838794186]], "M_C12_M M_C12H122_M": [[0.10078922724060864, 0.017267544888619122, 0.0010813356056656508]], "M_C11_M M_C11H111_M": [[0.1308931978640403, 0.028735591109585457, 0.0017994925171512877]], "M_C11_M M_C11H112_M": [[-0.2793140177071679, 0.013914945606712812, 0.0008713876948052146]], "M_C9_M M_C9H9_M": [[-0.16981732042244516, 0.02319130393099605, 0.0014522957863528244]], "M_C19_M M_C19H191_M": [[0.3728452979783845, 0.0316930209907623, 0.0019846939602286883]], "M_C19_M M_C19H192_M": [[-0.24118293075304667, 0.023430665697148502, 0.001467285201584995]], "M_C19_M M_C19H193_M": [[-0.33468963298894905, 0.018292771346785957, 0.0011455377768623772]], "M_C1_M M_C1H11_M": [[-0.3676104869834099, 0.015991387938238, 0.0010014195575090703]], "M_C1_M M_C1H12_M": [[0.5210465079359914, 0.03094050194652803, 0.0019375693897283202]], "M_C2_M M_C2H21_M": [[-0.3218812052488682, 0.018519082264114615, 0.001159709916239274]], "M_C2_M M_C2H22_M": [[-0.20565169432851851, 0.02822969690471105, 0.0017678121931701317]], "M_C20_M M_C20H20_M": [[-0.3857226991450695, 0.045432473949804805, 0.0028450918791461037]], "M_C21_M M_C21H211_M": [[0.0918712247474853, 0.01595097916574405, 0.0009988890620182059]], "M_C21_M M_C21H212_M": [[0.09439509517526792, 0.015714592364076675, 0.000984085946288602]], "M_C21_M M_C21H213_M": [[0.09088317735853398, 0.016107583664735484, 0.0010086960161543714]], "M_C22_M M_C22H221_M": [[-0.2731314629404503, 0.04092392039500632, 0.0025627553037787924]], "M_C22_M M_C22H222_M": [[-0.35007232413174083, 0.032582421846829496, 0.002040390402286809]], "M_C23_M M_C23H231_M": [[-0.24077663827678494, 0.036584134118297404, 0.002290987345319482]], "M_C23_M M_C23H232_M": [[-0.3393599856127084, 0.031198778934994058, 0.001953743322128895]], "M_C24_M M_C24H241_M": [[-0.24159576007015965, 0.032882883056592635, 0.00205920601309506]], "M_C24_M M_C24H242_M": [[-0.31448255419784865, 0.03096948283719456, 0.0019393842434995868]], "M_C25_M M_C25H25_M": [[-0.24223214128391768, 0.02249292993077686, 0.001408561910032868]], "M_C26_M M_C26H261_M": [[0.014240141214877473, 0.015571273702808832, 0.0009751109835834292]], "M_C26_M M_C26H262_M": [[0.012050714299884118, 0.01563364873863276, 0.0009790170598424541]], "M_C26_M M_C26H263_M": [[0.009583176426199148, 0.015295932974362138, 0.0009578684783355892]], "M_C27_M M_C27H271_M": [[-0.00035741322265505824, 0.015984675955429264, 0.0010009992368414525]], "M_C27_M M_C27H272_M": [[-0.003870372212289845, 0.015988128448430693, 0.0010012154403396822]], "M_C27_M M_C27H273_M": [[-0.0020383579790359146, 0.016411930983833662, 0.0010277549845689635]]}