{"POPC": 1.0780857214444546, "POPG": 1.1370685532443918}