{"sn-1": 0.13387055180441257, "sn-2": 0.5268453111879294, "headgroup": 0.642008287411336, "total": 0.43424138346789265}