{"M_G1_M M_G1H1_M": [[-0.07272963625497461, 0.06784857431290037, 0.004809657911702644]], "M_G1_M M_G1H2_M": [[-0.16741637922685534, 0.046247646037147865, 0.0032784087051612367]], "M_G1C3_M M_G1C3H1_M": [[-0.2661568789493173, 0.025382310571445826, 0.0017993042903782339]], "M_G1C3_M M_G1C3H2_M": [[-0.27061330061021666, 0.021541020605287384, 0.0015270024643785514]], "M_G1C4_M M_G1C4H1_M": [[-0.24784244526369797, 0.025690918100244552, 0.0018211808980671826]], "M_G1C4_M M_G1C4H2_M": [[-0.25597185576002085, 0.02371322288204905, 0.0016809858011258175]], "M_G1C5_M M_G1C5H1_M": [[-0.2917249972139656, 0.02416266144402958, 0.0017128456560652145]], "M_G1C5_M M_G1C5H2_M": [[-0.29427116583856305, 0.02353574869025119, 0.0016684049892318627]], "M_G1C6_M M_G1C6H1_M": [[-0.2931147438010174, 0.02871732359467388, 0.0020357170954406734]], "M_G1C6_M M_G1C6H2_M": [[-0.2934622581667687, 0.026721771508364675, 0.0018942561586806968]], "M_G1C7_M M_G1C7H1_M": [[-0.3084742180508145, 0.02746307383336386, 0.0019468056872227872]], "M_G1C7_M M_G1C7H2_M": [[-0.30794641935511996, 0.027248030979634824, 0.0019315617034948]], "M_G1C8_M M_G1C8H1_M": [[-0.303172982403039, 0.028532531908164887, 0.002022617560099872]], "M_G1C8_M M_G1C8H2_M": [[-0.304081405370818, 0.028921227769747804, 0.002050171479173937]], "M_G1C9_M M_G1C9H1_M": [[-0.3021802724408853, 0.028376437171802577, 0.0020115522976190746]], "M_G1C9_M M_G1C9H2_M": [[-0.30310613529039926, 0.027496054350024987, 0.0019491436140620408]], "M_G1C10_M M_G1C10H1_M": [[-0.2888271457670737, 0.028784604178231286, 0.0020404864895552572]], "M_G1C10_M M_G1C10H2_M": [[-0.2890843182435798, 0.027856312380628665, 0.0019746816287468673]], "M_G1C11_M M_G1C11H1_M": [[-0.27876209884076586, 0.027211084856836938, 0.001928942662289865]], "M_G1C11_M M_G1C11H2_M": [[-0.278813843845389, 0.027201796518942972, 0.0019282842294739851]], "M_G1C12_M M_G1C12H1_M": [[-0.2564769168239276, 0.026099215015425777, 0.0018501242989906678]], "M_G1C12_M M_G1C12H2_M": [[-0.2555147653418544, 0.025990544110653022, 0.0018424208227982022]], "M_G1C13_M M_G1C13H1_M": [[-0.23677756349473433, 0.02378527372785745, 0.0016860933501656702]], "M_G1C13_M M_G1C13H2_M": [[-0.23717503439188753, 0.025081927658041025, 0.001778010710216403]], "M_G1C14_M M_G1C14H1_M": [[-0.20386133115760938, 0.02201206855180165, 0.0015603941679727248]], "M_G1C14_M M_G1C14H2_M": [[-0.20477069955163826, 0.02433336770570618, 0.0017249467021131922]], "M_G1C15_M M_G1C15H1_M": [[-0.17182671243143388, 0.019074745597429787, 0.0013521728644333476]], "M_G1C15_M M_G1C15H2_M": [[-0.17208741528301194, 0.020842265762582447, 0.0014774690468883427]], "M_G1C16_M M_G1C16H1_M": [[-0.12046022614590562, 0.015989579249334078, 0.0011334712205844223]], "M_G1C16_M M_G1C16H2_M": [[-0.12104782497711515, 0.0160275733619555, 0.001136164551818252]], "M_G1C17_M M_G1C17H1_M": [[-0.03578827204007396, 0.011146233549457178, 0.0007901355469843545]], "M_G1C17_M M_G1C17H2_M": [[-0.03687549234239324, 0.01059913339283658, 0.0007513526451558086]], "M_G1C17_M M_G1C17H3_M": [[-0.0376858174099095, 0.010568937747349983, 0.0007492121325999543]], "M_G2_M M_G2H1_M": [[-0.013556717035444059, 0.0775440913081944, 0.005496954888782927]], "M_G2C3_M M_G2C3H1_M": [[-0.16060504677266713, 0.03864119138686915, 0.0027392014313281535]], "M_G2C3_M M_G2C3H2_M": [[-0.14954643978687027, 0.03651849283271163, 0.0025887273204340897]], "M_G2C4_M M_G2C4H1_M": [[-0.24043844049381605, 0.028962930957894154, 0.0020531277398005243]], "M_G2C4_M M_G2C4H2_M": [[-0.20854893186357729, 0.034005186553371654, 0.002410563762048736]], "M_G2C5_M M_G2C5H1_M": [[-0.2461103202639083, 0.029093100802902755, 0.002062355235459069]], "M_G2C5_M M_G2C5H2_M": [[-0.24366781222764078, 0.030051026383259436, 0.002130260779430224]], "M_G2C6_M M_G2C6H1_M": [[-0.2673047571026435, 0.03087141357276274, 0.002188416485377075]], "M_G2C6_M M_G2C6H2_M": [[-0.2655199999958112, 0.030756627288105222, 0.0021802795013984295]], "M_G2C7_M M_G2C7H1_M": [[-0.2547833749749604, 0.032089115495038, 0.00227473708597742]], "M_G2C7_M M_G2C7H2_M": [[-0.2546041557248715, 0.03217160335038042, 0.0022805844950067886]], "M_G2C8_M M_G2C8H1_M": [[-0.25475365330179456, 0.030112082437666915, 0.002134588928372367]], "M_G2C8_M M_G2C8H2_M": [[-0.2543573268833073, 0.031356520127206446, 0.0022228047772642244]], "M_G2C9_M M_G2C9H1_M": [[-0.18818573025507576, 0.028878051543658564, 0.0020471107976561516]], "M_G2C9_M M_G2C9H2_M": [[-0.1881647382529132, 0.0286845310087903, 0.0020333924906610246]], "M_G2C10_M M_G2C10H1_M": [[-0.13039236156441722, 0.02828734939449858, 0.0020052370325263974]], "M_G2C11_M M_G2C11H1_M": [[-0.05253070872398487, 0.03359634193404084, 0.0023815815354074955]], "M_G2C12_M M_G2C12H1_M": [[-0.146823443979207, 0.03000542285832566, 0.002127028031259456]], "M_G2C12_M M_G2C12H2_M": [[-0.14667582557436018, 0.029308646947578062, 0.0020776348965363023]], "M_G2C13_M M_G2C13H1_M": [[-0.2105130286865574, 0.02806928044975794, 0.0019897785348941335]], "M_G2C13_M M_G2C13H2_M": [[-0.21204110638017418, 0.028309575610868148, 0.002006812607230681]], "M_G2C14_M M_G2C14H1_M": [[-0.21073014547152852, 0.0266821597679123, 0.001891448156850261]], "M_G2C14_M M_G2C14H2_M": [[-0.210390338708566, 0.02671094159186604, 0.0018934884462549276]], "M_G2C15_M M_G2C15H1_M": [[-0.21811353416887727, 0.025129100828086143, 0.0017813547275789675]], "M_G2C15_M M_G2C15H2_M": [[-0.21759636887127443, 0.02431634827324095, 0.001723740226533741]], "M_G2C16_M M_G2C16H1_M": [[-0.19166786784600817, 0.02195494799960553, 0.001556344999385572]], "M_G2C16_M M_G2C16H2_M": [[-0.19118207918036384, 0.022305347159978978, 0.001581184137289516]], "M_G2C17_M M_G2C17H1_M": [[-0.1706063925408867, 0.02035272144712605, 0.0014427661704637714]], "M_G2C17_M M_G2C17H2_M": [[-0.17040329386871592, 0.019008354592817994, 0.0013474665308982556]], "M_G2C18_M M_G2C18H1_M": [[-0.11946784301212161, 0.01574873478033143, 0.0011163982088438034]], "M_G2C18_M M_G2C18H2_M": [[-0.11796347704774543, 0.01552203469498703, 0.0011003278658763603]], "M_G2C19_M M_G2C19H1_M": [[-0.04174866177072139, 0.010757402180612287, 0.0007625720220551738]], "M_G2C19_M M_G2C19H2_M": [[-0.04340847845974904, 0.01146442581100879, 0.0008126915983636579]], "M_G2C19_M M_G2C19H3_M": [[-0.04291516236918435, 0.011465062559081243, 0.0008127367362377467]], "M_G3_M M_G3H1_M": [[-0.0011098390767638841, 0.07138855218684659, 0.005060600289801228]], "M_G3_M M_G3H2_M": [[0.010714453236875612, 0.06548819113585216, 0.00464233478461991]], "M_G3C4_M M_G3C4H1_M": [[0.055021524360223534, 0.023780849026530066, 0.0016857796914047944]], "M_G3C4_M M_G3C4H2_M": [[0.04452859252461316, 0.026021389664602483, 0.0018446074061434865]], "M_G3C5_M M_G3C5H1_M": [[-0.018701508017814165, 0.024319876093741324, 0.001723990307098477]], "M_G3C5_M M_G3C5H2_M": [[-0.04968536077942435, 0.02088048277000204, 0.0014801781787154842]], "M_G3N6C1_M M_G3N6C1H1_M": [[0.014061021854142682, 0.01319347867890491, 0.0009352609064153899]], "M_G3N6C1_M M_G3N6C1H2_M": [[0.01326299071244927, 0.013223630811207861, 0.0009373983344034387]], "M_G3N6C1_M M_G3N6C1H3_M": [[0.014525842504225714, 0.01486250845044862, 0.0010535752899800592]], "M_G3N6C2_M M_G3N6C2H1_M": [[0.014916789400647895, 0.014430027627626824, 0.0010229175372975681]], "M_G3N6C2_M M_G3N6C2H2_M": [[0.014128137501169345, 0.014150745828613623, 0.0010031197754754308]], "M_G3N6C2_M M_G3N6C2H3_M": [[0.013430612463496755, 0.014464306604239814, 0.001025347509522355]], "M_G3N6C3_M M_G3N6C3H1_M": [[0.013901943467333169, 0.013101525220288497, 0.0009287424985605213]], "M_G3N6C3_M M_G3N6C3H2_M": [[0.013563594425031624, 0.01327348567966665, 0.0009409324523262984]], "M_G3N6C3_M M_G3N6C3H3_M": [[0.013201586706484041, 0.013816813433931985, 0.0009794479356421068]]}