{"headgroup": 0.48333855864743547, "sn-1": 0.3381721331416232, "sn-2": 0.36512166961564385, "total": 0.3955441204682342}