{"M_G1_M M_G1H1_M": [[-0.17996772390570798, 0.03476516947596484, 0.002177079360954116]], "M_G1_M M_G1H2_M": [[-0.04700582935883306, 0.03232687003632788, 0.002024387127150119]], "M_G1C3_M M_G1C3H1_M": [[-0.25421601322918563, 0.017321454793290943, 0.0010847115748492085]], "M_G1C3_M M_G1C3H2_M": [[-0.228005629502908, 0.020425574008967055, 0.001279099060377265]], "M_G1C4_M M_G1C4H1_M": [[-0.21134674072127507, 0.018572478678123863, 0.001163053729390217]], "M_G1C4_M M_G1C4H2_M": [[-0.1982582306412413, 0.01853619683098463, 0.0011607816719898145]], "M_G1C5_M M_G1C5H1_M": [[-0.24182459684486962, 0.018719287880706467, 0.0011722472782714239]], "M_G1C5_M M_G1C5H2_M": [[-0.23884852300692178, 0.018770591536170604, 0.0011754600377987343]], "M_G1C6_M M_G1C6H1_M": [[-0.24819475658943263, 0.020584484835884608, 0.001289050442370485]], "M_G1C6_M M_G1C6H2_M": [[-0.24566057593072854, 0.020012557175274948, 0.0012532349429887576]], "M_G1C7_M M_G1C7H1_M": [[-0.26251482821502525, 0.020694682222517937, 0.0012959512704028742]], "M_G1C7_M M_G1C7H2_M": [[-0.26156851468604336, 0.019797518886666872, 0.001239768723004782]], "M_G1C8_M M_G1C8H1_M": [[-0.2572770073264012, 0.02144392527053398, 0.0013428706900623065]], "M_G1C8_M M_G1C8H2_M": [[-0.2561851527146658, 0.02195897664436822, 0.0013751244582074845]], "M_G1C9_M M_G1C9H1_M": [[-0.2574312726799425, 0.021729157875350683, 0.0013607326486368776]], "M_G1C9_M M_G1C9H2_M": [[-0.25795693099578443, 0.02119629850663264, 0.0013273637005945238]], "M_G1C10_M M_G1C10H1_M": [[-0.24346734394301167, 0.023457428022063635, 0.001468961123379772]], "M_G1C10_M M_G1C10H2_M": [[-0.2443137211648788, 0.021572076955034613, 0.001350895859840084]], "M_G1C11_M M_G1C11H1_M": [[-0.2365390262799295, 0.021825524366516587, 0.0013667673523983506]], "M_G1C11_M M_G1C11H2_M": [[-0.23624660402410436, 0.022029016370520398, 0.0013795105159932289]], "M_G1C12_M M_G1C12H1_M": [[-0.21688370602718796, 0.02152632202392573, 0.0013480305749103531]], "M_G1C12_M M_G1C12H2_M": [[-0.21541451703534567, 0.021009978829673925, 0.0013156959098326554]], "M_G1C13_M M_G1C13H1_M": [[-0.20201519596226758, 0.021008274472176524, 0.0013155891788260987]], "M_G1C13_M M_G1C13H2_M": [[-0.20287105231388913, 0.020638218370046396, 0.0012924153668042815]], "M_G1C14_M M_G1C14H1_M": [[-0.1770043180863627, 0.01974507569581336, 0.0012364846030033336]], "M_G1C14_M M_G1C14H2_M": [[-0.1783831860175916, 0.02018758057214876, 0.0012641953332518194]], "M_G1C15_M M_G1C15H1_M": [[-0.15507970359795445, 0.01838387432616734, 0.0011512428667302625]], "M_G1C15_M M_G1C15H2_M": [[-0.15395730942295585, 0.018591106022007652, 0.0011642202189120596]], "M_G1C16_M M_G1C16H1_M": [[-0.11497783283395938, 0.017044029703676678, 0.0010673385418419159]], "M_G1C16_M M_G1C16H2_M": [[-0.11692041317828902, 0.016561634075850686, 0.0010371297558361252]], "M_G1C17_M M_G1C17H1_M": [[-0.038807779828777825, 0.015636815081854962, 0.0009792153439464198]], "M_G1C17_M M_G1C17H2_M": [[-0.037469800204127, 0.01520031256609595, 0.0009518804960976126]], "M_G1C17_M M_G1C17H3_M": [[-0.04004483876210164, 0.015833699690005174, 0.0009915447363628641]], "M_G2_M M_G2H1_M": [[-0.2014587752729407, 0.025137718654991207, 0.0015741850044219807]], "M_G2C3_M M_G2C3H1_M": [[-0.078093050072779, 0.02196842506832918, 0.0013757161414671667]], "M_G2C3_M M_G2C3H2_M": [[-0.12340841713410614, 0.021022801958559708, 0.0013164989253122545]], "M_G2C4_M M_G2C4H1_M": [[-0.2279817267691716, 0.01749832044609709, 0.0010957873316537927]], "M_G2C4_M M_G2C4H2_M": [[-0.23093179414844528, 0.01779950782045703, 0.0011146484166530278]], "M_G2C5_M M_G2C5H1_M": [[-0.2300807552281117, 0.018459817510073775, 0.0011559986133807178]], "M_G2C5_M M_G2C5H2_M": [[-0.23059955595904003, 0.018796506060705348, 0.0011770828682742924]], "M_G2C6_M M_G2C6H1_M": [[-0.24586994735047352, 0.019733022890835394, 0.0012357298270780422]], "M_G2C6_M M_G2C6H2_M": [[-0.24299853330376553, 0.019356600425479726, 0.0012121573379264546]], "M_G2C7_M M_G2C7H1_M": [[-0.22329128065847653, 0.020796577736880997, 0.0013023322150275505]], "M_G2C7_M M_G2C7H2_M": [[-0.2225648175749484, 0.020071379623047798, 0.0012569185475544023]], "M_G2C8_M M_G2C8H1_M": [[-0.21295943330849418, 0.021070249296788607, 0.0013194701928868815]], "M_G2C8_M M_G2C8H2_M": [[-0.2134240752864795, 0.02034484324878868, 0.001274043504071118]], "M_G2C9_M M_G2C9H1_M": [[-0.12477370481230556, 0.019149677293971972, 0.0011991993087926982]], "M_G2C9_M M_G2C9H2_M": [[-0.12624881023012374, 0.019605045735499198, 0.0012277155867404918]], "M_G2C10_M M_G2C10H1_M": [[-0.07336301971060756, 0.01880356193252853, 0.0011775247241073382]], "M_G2C11_M M_G2C11H1_M": [[-0.06385269493840698, 0.016827325541243887, 0.0010537680007924482]], "M_G2C12_M M_G2C12H1_M": [[-0.10704425106764054, 0.018755412437314, 0.0011745094857566556]], "M_G2C12_M M_G2C12H2_M": [[-0.10493346271567021, 0.018636926987608972, 0.001167089639082112]], "M_G2C13_M M_G2C13H1_M": [[-0.16216566207219543, 0.020669222868810948, 0.0012943569438302097]], "M_G2C13_M M_G2C13H2_M": [[-0.1613014946212858, 0.019788386548800063, 0.0012391968338241227]], "M_G2C14_M M_G2C14H1_M": [[-0.17121762421974032, 0.020037520287586135, 0.001254798193719793]], "M_G2C14_M M_G2C14H2_M": [[-0.17087668533102518, 0.02040979700518154, 0.0012781110660761616]], "M_G2C15_M M_G2C15H1_M": [[-0.17744893440105525, 0.02126192738458717, 0.0013314735403517027]], "M_G2C15_M M_G2C15H2_M": [[-0.17776121040537196, 0.02015739410732298, 0.0012623049834982302]], "M_G2C16_M M_G2C16H1_M": [[-0.16207642679291323, 0.019575624251885512, 0.0012258731419686265]], "M_G2C16_M M_G2C16H2_M": [[-0.16195246382394687, 0.01978059804494059, 0.0012387090987933216]], "M_G2C17_M M_G2C17H1_M": [[-0.14731719325209164, 0.01882062167107551, 0.0011785930463751064]], "M_G2C17_M M_G2C17H2_M": [[-0.1457456606941287, 0.019140645427499613, 0.0011986337113748153]], "M_G2C18_M M_G2C18H1_M": [[-0.11358586697506798, 0.017362274736016935, 0.0010872678188187806]], "M_G2C18_M M_G2C18H2_M": [[-0.11199571866746269, 0.017141764232722158, 0.0010734589154585204]], "M_G2C19_M M_G2C19H1_M": [[-0.038797966771624066, 0.01648730611464764, 0.0010324751583549068]], "M_G2C19_M M_G2C19H2_M": [[-0.03799389732081452, 0.015366399367159982, 0.000962281255023105]], "M_G2C19_M M_G2C19H3_M": [[-0.03696183966557194, 0.015996423711090942, 0.0010017349098375601]], "M_G3_M M_G3H1_M": [[-0.2241431998618725, 0.02673387813425975, 0.001674140388258359]], "M_G3_M M_G3H2_M": [[-0.24134583734693807, 0.01775695417451182, 0.001111983603976515]], "M_G3C4_M M_G3C4H1_M": [[0.03515700005100202, 0.01721551978733117, 0.0010780776674483826]], "M_G3C4_M M_G3C4H2_M": [[0.03417231661569101, 0.018394761151494365, 0.0011519246261775208]], "M_G3C5_M M_G3C5H1_M": [[-0.07552536923448501, 0.017371682290305043, 0.0010878569427202722]], "M_G3C5_M M_G3C5H2_M": [[-0.07714996772970353, 0.01818762665621219, 0.0011389533609307847]], "M_G3N6C1_M M_G3N6C1H1_M": [[0.012388379411576472, 0.017009148402287236, 0.0010651541900184428]], "M_G3N6C1_M M_G3N6C1H2_M": [[0.012379448555215389, 0.01680695900995679, 0.0010524925991307356]], "M_G3N6C1_M M_G3N6C1H3_M": [[0.011204557575388973, 0.016392117224091597, 0.001026514198804143]], "M_G3N6C2_M M_G3N6C2H1_M": [[0.013457914135834671, 0.01557544935129341, 0.0009753724728346367]], "M_G3N6C2_M M_G3N6C2H2_M": [[0.011433643789891666, 0.01644695421784492, 0.0010299482245579843]], "M_G3N6C2_M M_G3N6C2H3_M": [[0.010633854856274608, 0.015027758435130054, 0.0009410747372638194]], "M_G3N6C3_M M_G3N6C3H1_M": [[0.012494401700675872, 0.015358211884227249, 0.0009617685349535728]], "M_G3N6C3_M M_G3N6C3H2_M": [[0.011209926710623042, 0.016372230882914833, 0.0010252688678135734]], "M_G3N6C3_M M_G3N6C3H3_M": [[0.011249923873372503, 0.01676555623849948, 0.0010498998570102544]]}