{"headgroup": 300.0, "sn-1": 54.818809576144936, "sn-2": 30.29958318014165, "total": 128.37279758542886}