{"headgroup": 0.1901771941469178, "sn-1": 0.07395889460496465, "sn-2": 0.07603625842040004, "total": 0.11339078239076084}