{"headgroup": 300.0, "sn-1": 54.818809576144936, "sn-2": 28.46324480558761, "total": 127.76068479391085}