{"headgroup": 0.1901771941469178, "tails": 0.07499757651268235, "total": 0.11339078239076084}