{
    "10.1039/c2cp42738a": {
        "M_G1_M M_G1H1_M": [-0.231921, 0.0467272, 0.00414637, -0.149916, 0.02, 0.00832239],
        "M_G1_M M_G1H2_M": [-0.0413838, 0.0527976, 0.00468503, 0, 0.02, 0.0444069],
        "M_G1C3_M M_G1C3H1_M": [-0.23003, 0.0288324, 0.00255846, -0.209877, 0.02, 0.460793],
        "M_G1C3_M M_G1C3H2_M": [-0.234374, 0.0267201, 0.00237103, -0.209877, 0.02, 0.137527],
        "M_G1C4_M M_G1C4H1_M": [-0.166315, 0.0275957, 0.00244872, -0.188409, 0.02, 0.256335],
        "M_G1C4_M M_G1C4H2_M": [-0.166702, 0.0252179, 0.00223772, -0.188409, 0.02, 0.275495],
        "M_G1C5_M M_G1C5H1_M": [-0.209084, 0.0262194, 0.0023266, -0.186196, 0.02, 0.198605],
        "M_G1C5_M M_G1C5H2_M": [-0.205949, 0.0261195, 0.00231773, -0.186196, 0.02, 0.515334],
        "M_G1C6_M M_G1C6H1_M": [-0.203624, 0.0257109, 0.00228148, -0.201736, 0.02, 0.927055],
        "M_G1C6_M M_G1C6H2_M": [-0.204305, 0.025532, 0.0022656, -0.201736, 0.02, 0.927011],
        "M_G1C7_M M_G1C7H1_M": [-0.217412, 0.0238783, 0.00211886, -0.195811, 0.02, 0.277777],
        "M_G1C7_M M_G1C7H2_M": [-0.218204, 0.0238786, 0.00211888, -0.195811, 0.02, 0.214777],
        "M_G1C8_M M_G1C8H1_M": [-0.205461, 0.0226839, 0.00201287, -0.195071, 0.02, 0.913229],
        "M_G1C8_M M_G1C8H2_M": [-0.204015, 0.0230549, 0.00204579, -0.195071, 0.02, 0.919301],
        "M_G1C9_M M_G1C9H1_M": [-0.205916, 0.0216284, 0.00191921, -0.181747, 0.02, 0.123518],
        "M_G1C9_M M_G1C9H2_M": [-0.205248, 0.0219464, 0.00194743, -0.181747, 0.02, 0.147345],
        "M_G1C10_M M_G1C10H1_M": [-0.186697, 0.0214702, 0.00190517, -0.174345, 0.02, 0.903564],
        "M_G1C10_M M_G1C10H2_M": [-0.186722, 0.0216071, 0.00191732, -0.174345, 0.02, 0.902741],
        "M_G1C11_M M_G1C11H1_M": [-0.180858, 0.0206555, 0.00183288, -0.149913, 0.02, 0.041369],
        "M_G1C11_M M_G1C11H2_M": [-0.179749, 0.0211604, 0.00187769, -0.149913, 0.02, 0.0480529],
        "M_G1C12_M M_G1C12H1_M": [-0.159268, 0.0192868, 0.00171143, -0.136586, 0.02, 0.167999],
        "M_G1C12_M M_G1C12H2_M": [-0.158551, 0.0214417, 0.00190264, -0.136586, 0.02, 0.230458],
        "M_G1C13_M M_G1C13H1_M": [-0.148453, 0.0177216, 0.00157254, -0.115857, 0.02, 0.0300205],
        "M_G1C13_M M_G1C13H2_M": [-0.147023, 0.0204614, 0.00181565, -0.115857, 0.02, 0.040018],
        "M_G1C14_M M_G1C14H1_M": [-0.123438, 0.0176201, 0.00156353, -0.106234, 0.02, 0.824325],
        "M_G1C14_M M_G1C14H2_M": [-0.124411, 0.0174683, 0.00155006, -0.106234, 0.02, 0.762739],
        "M_G1C15_M M_G1C15H1_M": [-0.107565, 0.0149597, 0.00132746, -0.0899483, 0.02, 0.827028],
        "M_G1C15_M M_G1C15H2_M": [-0.108665, 0.0146417, 0.00129924, -0.0899483, 0.02, 0.737316],
        "M_G1C16_M M_G1C16H1_M": [-0.0761817, 0.0103708, 0.000920259, -0.0669979, 0.02, 0.962949],
        "M_G1C16_M M_G1C16H2_M": [-0.0763198, 0.0114425, 0.00101536, -0.0669979, 0.02, 0.958805],
        "M_G1C17_M M_G1C17H1_M": [-0.0269387, 0.0051053, 0.000453022, -0.0181358, 0.02, 0.982123],
        "M_G1C17_M M_G1C17H2_M": [-0.0261049, 0.0055819, 0.000495313, -0.0181358, 0.02, 0.981266],
        "M_G1C17_M M_G1C17H3_M": [-0.0258196, 0.0051673, 0.000458524, -0.0181358, 0.02, 0.982883],
        "M_G2_M M_G2H1_M": [-0.215585, 0.0601416, 0.0053367, -0.206916, 0.02, 0.801308],
        "M_G2C3_M M_G2C3H1_M": [-0.23003, 0.0288324, 0.00255846, -0.0795825, 0.02, 0.00146464],
        "M_G2C3_M M_G2C3H2_M": [-0.234374, 0.0267201, 0.00237103, -0.122519, 0.02, 0.00249139],
        "M_G2C4_M M_G2C4H1_M": [-0.166315, 0.0275957, 0.00244872, -0.180265, 0.02, 0.854669],
        "M_G2C4_M M_G2C4H2_M": [-0.166702, 0.0252179, 0.00223772, -0.180265, 0.02, 0.872312],
        "M_G2C5_M M_G2C5H1_M": [-0.209084, 0.0262194, 0.0023266, -0.186187, 0.02, 0.198118],
        "M_G2C5_M M_G2C5H2_M": [-0.205949, 0.0261195, 0.00231773, -0.186187, 0.02, 0.5141],
        "M_G2C6_M M_G2C6H1_M": [-0.203624, 0.0257109, 0.00228148, -0.193592, 0.02, 0.904245],
        "M_G2C6_M M_G2C6H2_M": [-0.204305, 0.025532, 0.0022656, -0.193592, 0.02, 0.900396],
        "M_G2C7_M M_G2C7H1_M": [-0.217412, 0.0238783, 0.00211886, -0.166198, 0.02, 0.0121061],
        "M_G2C7_M M_G2C7H2_M": [-0.218204, 0.0238786, 0.00211888, -0.166198, 0.02, 0.0116783],
        "M_G2C8_M M_G2C8H1_M": [-0.205461, 0.0226839, 0.00201287, -0.154356, 0.02, 0.0115616],
        "M_G2C8_M M_G2C8H2_M": [-0.204015, 0.0230549, 0.00204579, -0.154356, 0.02, 0.012576],
        "M_G2C9_M M_G2C9H1_M": [-0.205916, 0.0216284, 0.00191921, -0.1203, 0.02, 0.0035241],
        "M_G2C9_M M_G2C9H2_M": [-0.205248, 0.0219464, 0.00194743, -0.1203, 0.02, 0.00363557],
        "M_G2C10_M M_G2C10H1_M": [-0.186697, 0.0214702, 0.00190517, -0.108455, 0.02, 0.00423648],
        "M_G2C11_M M_G2C11H1_M": [-0.180858, 0.0206555, 0.00183288, -0.0225792, 0.02, 0.00094652],
        "M_G2C12_M M_G2C12H1_M": [-0.159268, 0.0192868, 0.00171143, -0.0581141, 0.02, 0.00221555],
        "M_G2C12_M M_G2C12H2_M": [-0.158551, 0.0214417, 0.00190264, -0.0581141, 0.02, 0.00249968],
        "M_G2C13_M M_G2C13H1_M": [-0.148453, 0.0177216, 0.00157254, -0.0995716, 0.02, 0.0100486],
        "M_G2C13_M M_G2C13H2_M": [-0.147023, 0.0204614, 0.00181565, -0.0995716, 0.02, 0.0124562],
        "M_G2C14_M M_G2C14H1_M": [-0.123438, 0.0176201, 0.00156353, -0.106234, 0.02, 0.824339],
        "M_G2C14_M M_G2C14H2_M": [-0.124411, 0.0174683, 0.00155006, -0.106234, 0.02, 0.762764],
        "M_G2C15_M M_G2C15H1_M": [-0.107565, 0.0149597, 0.00132746, -0.0943887, 0.02, 0.926114],
        "M_G2C15_M M_G2C15H2_M": [-0.108665, 0.0146417, 0.00129924, -0.0943887, 0.02, 0.916886],
        "M_G2C16_M M_G2C16H1_M": [-0.0761817, 0.0103708, 0.000920259, -0.0943887, 0.02, 0.841397],
        "M_G2C16_M M_G2C16H2_M": [-0.0763198, 0.0114425, 0.00101536, -0.0943887, 0.02, 0.83743],
        "M_G2C17_M M_G2C17H1_M": [-0.0269387, 0.0051053, 0.000453022, -0.0899483, 0.02, 0.0016155],
        "M_G2C17_M M_G2C17H2_M": [-0.0261049, 0.0055819, 0.000495313, -0.0899483, 0.02, 0.00171547],
        "M_G2C18_M M_G2C18H1_M": [-0.0747424, 0.0124935, 0.00110862, -0.0669979, 0.02, 0.958572],
        "M_G2C18_M M_G2C18H2_M": [-0.0737529, 0.0117704, 0.00104446, -0.0669979, 0.02, 0.962531],
        "M_G2C19_M M_G2C19H1_M": [-0.0251344, 0.00526726, 0.000467394, -0.0181358, 0.02, 0.983052],
        "M_G2C19_M M_G2C19H2_M": [-0.0242291, 0.00557622, 0.00049481, -0.0181358, 0.02, 0.982644],
        "M_G2C19_M M_G2C19H3_M": [-0.0239779, 0.00561642, 0.000498377, -0.0181358, 0.02, 0.982662],
        "M_G3_M M_G3H1_M": [-0.16855, 0.0606053, 0.00537785, -0.231349, 0.02, 0.0191432],
        "M_G3_M M_G3H2_M": [-0.18442, 0.0405032, 0.00359407, -0.231349, 0.02, 0.0251571],
        "M_G3C4_M M_G3C4H1_M": [0.0112364, 0.0157557, 0.00139809, 0.0558925, 0.02, 0.0111482],
        "M_G3C4_M M_G3C4H2_M": [0.0106487, 0.0152678, 0.0013548, 0.0558925, 0.02, 0.0104581],
        "M_G3C5_M M_G3C5H1_M": [-0.0510134, 0.0126948, 0.00112648, -0.0447871, 0.02, 0.960361],
        "M_G3C5_M M_G3C5H2_M": [-0.0516671, 0.0130351, 0.00115668, -0.0447871, 0.02, 0.958321],
        "M_G3N6C1_M M_G3N6C1H1_M": [0.0124936, 0.00492133, 0.000436697, 0.00111083, 0.02, 0.979454],
        "M_G3N6C1_M M_G3N6C1H2_M": [0.0118971, 0.00516877, 0.000458654, 0.00111083, 0.02, 0.979426],
        "M_G3N6C1_M M_G3N6C1H3_M": [0.0122073, 0.00493444, 0.000437861, 0.00111083, 0.02, 0.979877],
        "M_G3N6C2_M M_G3N6C2H1_M": [0.0120609, 0.00556899, 0.000494168, 0.00111083, 0.02, 0.977554],
        "M_G3N6C2_M M_G3N6C2H2_M": [0.0121066, 0.00570714, 0.000506427, 0.00111083, 0.02, 0.976916],
        "M_G3N6C2_M M_G3N6C2H3_M": [0.0113198, 0.00538249, 0.000477619, 0.00111083, 0.02, 0.979452],
        "M_G3N6C3_M M_G3N6C3H1_M": [0.0115176, 0.00482158, 0.000427846, 0.00111083, 0.02, 0.981335],
        "M_G3N6C3_M M_G3N6C3H2_M": [0.0119676, 0.00540563, 0.000479672, 0.00111083, 0.02, 0.978368],
        "M_G3N6C3_M M_G3N6C3H3_M": [0.0119642, 0.00508501, 0.000451222, 0.00111083, 0.02, 0.979655]
    },