{"M_G1_M M_G1H1_M": [[-0.044757397428856115, 0.10134889677392142, 0.008993260327448096]], "M_G1_M M_G1H2_M": [[0.08776229007521447, 0.08529094515952058, 0.007568347538155338]], "M_G1C3_M M_G1C3H1_M": [[-0.1033122152698494, 0.06624515055863646, 0.0058783065565456575]], "M_G1C3_M M_G1C3H2_M": [[-0.07154060432709256, 0.0556298095459641, 0.004936347361818991]], "M_G1C4_M M_G1C4H1_M": [[-0.11656685834733471, 0.045684106745788516, 0.004053808949773603]], "M_G1C4_M M_G1C4H2_M": [[-0.08356970966898251, 0.0426532325734346, 0.0037848623571676613]], "M_G1C5_M M_G1C5H1_M": [[-0.1867742446677676, 0.03559250717173249, 0.003158324292527654]], "M_G1C5_M M_G1C5H2_M": [[-0.18123436147687627, 0.03106334923172619, 0.0027564265145038273]], "M_G1C6_M M_G1C6H1_M": [[-0.18205374568627516, 0.02748478646258991, 0.0024388804177491044]], "M_G1C6_M M_G1C6H2_M": [[-0.17839388987759627, 0.025552881226767694, 0.0022674515490909127]], "M_G1C7_M M_G1C7H1_M": [[-0.20743076627836027, 0.024525875466830247, 0.002176319524462079]], "M_G1C7_M M_G1C7H2_M": [[-0.20534379602717318, 0.025729251454673724, 0.0022831018760708743]], "M_G1C8_M M_G1C8H1_M": [[-0.19379241300484182, 0.02353790070265052, 0.002088650940648706]], "M_G1C8_M M_G1C8H2_M": [[-0.1938836983241508, 0.025202755826605576, 0.002236382943796335]], "M_G1C9_M M_G1C9H1_M": [[-0.19661946209091097, 0.024956421607975753, 0.0022145243165570243]], "M_G1C9_M M_G1C9H2_M": [[-0.19584463428322085, 0.025453433828216677, 0.002258627019446038]], "M_G1C10_M M_G1C10H1_M": [[-0.17728578178248136, 0.026079546009309947, 0.0023141854913978216]], "M_G1C10_M M_G1C10H2_M": [[-0.1781955412719362, 0.02573595997979848, 0.002283697161414678]], "M_G1C11_M M_G1C11H1_M": [[-0.17060332473640388, 0.024229141016529065, 0.0021499885998578026]], "M_G1C11_M M_G1C11H2_M": [[-0.17041962972517, 0.024624001728253006, 0.0021850268221438943]], "M_G1C12_M M_G1C12H1_M": [[-0.15120065197171959, 0.023242928193453898, 0.002062476363035263]], "M_G1C12_M M_G1C12H2_M": [[-0.15021711496556692, 0.02299797589004096, 0.0020407403609422692]], "M_G1C13_M M_G1C13H1_M": [[-0.13946328070127262, 0.021896114059944453, 0.0019429659342009404]], "M_G1C13_M M_G1C13H2_M": [[-0.13966598558779425, 0.021237501541252143, 0.001884523523636484]], "M_G1C14_M M_G1C14H1_M": [[-0.11794009182553579, 0.018949181819591408, 0.0016814679835723916]], "M_G1C14_M M_G1C14H2_M": [[-0.11781568161630171, 0.0191291509040307, 0.0016974376574294778]], "M_G1C15_M M_G1C15H1_M": [[-0.10190630145852417, 0.015672548205765177, 0.0013907137669523565]], "M_G1C15_M M_G1C15H2_M": [[-0.10150908011005419, 0.016248954624906546, 0.0014418615657617892]], "M_G1C16_M M_G1C16H1_M": [[-0.07314945183052368, 0.011556429869466592, 0.0010254673270281992]], "M_G1C16_M M_G1C16H2_M": [[-0.07220713966991313, 0.011226648534938117, 0.0009962039656404215]], "M_G1C17_M M_G1C17H1_M": [[-0.02399067216125728, 0.005033321336615998, 0.0004466350452029221]], "M_G1C17_M M_G1C17H2_M": [[-0.024081805189795122, 0.005588153782147911, 0.0004958684634207225]], "M_G1C17_M M_G1C17H3_M": [[-0.024365359227694047, 0.0049706827558984356, 0.0004410767699688905]], "M_G2_M M_G2H1_M": [[-0.2374038919410831, 0.053525321989277584, 0.004749604288577892]], "M_G2C3_M M_G2C3H1_M": [[-0.14861367730380176, 0.06575570621927312, 0.005834875394492565]], "M_G2C3_M M_G2C3H2_M": [[-0.12030672872382037, 0.06628968785462751, 0.005882258602496602]], "M_G2C4_M M_G2C4H1_M": [[-0.18357175039748658, 0.04665913068240969, 0.004140328333473336]], "M_G2C4_M M_G2C4H2_M": [[-0.13731887494514622, 0.0486847000377917, 0.004320068548750539]], "M_G2C5_M M_G2C5H1_M": [[-0.1919984244987386, 0.038603271967519275, 0.003425486466513882]], "M_G2C5_M M_G2C5H2_M": [[-0.1830529846539543, 0.03799761477333318, 0.0033717430811403093]], "M_G2C6_M M_G2C6H1_M": [[-0.1894948365156517, 0.03253621083163566, 0.0028871218473186973]], "M_G2C6_M M_G2C6H2_M": [[-0.18363628846161786, 0.03220984303185785, 0.002858161388159032]], "M_G2C7_M M_G2C7H1_M": [[-0.178213239075801, 0.02978872783199116, 0.0026433221548942316]], "M_G2C7_M M_G2C7H2_M": [[-0.1767409545560844, 0.029572653378573198, 0.002624148647618336]], "M_G2C8_M M_G2C8H1_M": [[-0.16361819332347444, 0.027577573746428347, 0.002447113957779612]], "M_G2C8_M M_G2C8H2_M": [[-0.16320003485810555, 0.027153541114033477, 0.002409487146123568]], "M_G2C9_M M_G2C9H1_M": [[-0.12974525354308464, 0.0250929665963369, 0.0022266407249820655]], "M_G2C9_M M_G2C9H2_M": [[-0.1295282374717636, 0.023183741817187832, 0.0020572244214104186]], "M_G2C10_M M_G2C10H1_M": [[-0.11121800631168627, 0.023768215709991977, 0.002109088092746772]], "M_G2C11_M M_G2C11H1_M": [[-0.03874116611303951, 0.021355496615435426, 0.0018949938933520414]], "M_G2C12_M M_G2C12H1_M": [[-0.05551596207733997, 0.021870794159282274, 0.0019407191563339048]], "M_G2C12_M M_G2C12H2_M": [[-0.05569101889052919, 0.020141987476956207, 0.0017873123700254939]], "M_G2C13_M M_G2C13H1_M": [[-0.09219347864597449, 0.019042053721804977, 0.0016897090322694982]], "M_G2C13_M M_G2C13H2_M": [[-0.09170602790544258, 0.020456667790495604, 0.0018152357324859225]], "M_G2C14_M M_G2C14H1_M": [[-0.08808029051603083, 0.017683600656478567, 0.001569165815244132]], "M_G2C14_M M_G2C14H2_M": [[-0.08801474429505218, 0.01908855741192347, 0.00169383556748335]], "M_G2C15_M M_G2C15H1_M": [[-0.09678761159889515, 0.017329894671679082, 0.0015377794844410062]], "M_G2C15_M M_G2C15H2_M": [[-0.09725963759642595, 0.018823838222144836, 0.0016703455378616068]], "M_G2C16_M M_G2C16H1_M": [[-0.08396620234304189, 0.016323263106616012, 0.0014484553772567616]], "M_G2C16_M M_G2C16H2_M": [[-0.08469470680405969, 0.016262070882614107, 0.0014430254454273876]], "M_G2C17_M M_G2C17H1_M": [[-0.07787202072844943, 0.013763483003117008, 0.001221311623505392]], "M_G2C17_M M_G2C17H2_M": [[-0.07753951262115027, 0.013375570644240333, 0.0011868899678321742]], "M_G2C18_M M_G2C18H1_M": [[-0.05698775937826146, 0.01041579530644202, 0.0009242523765917132]], "M_G2C18_M M_G2C18H2_M": [[-0.057115247496018415, 0.010040254305210205, 0.0008909285013921437]], "M_G2C19_M M_G2C19H1_M": [[-0.02096330529253668, 0.0049483227951295635, 0.0004390926442950357]], "M_G2C19_M M_G2C19H2_M": [[-0.020619593135252863, 0.004955777400292453, 0.00043975413353667737]], "M_G2C19_M M_G2C19H3_M": [[-0.02035291757765117, 0.004904590513722251, 0.0004352120318371961]], "M_G3_M M_G3H1_M": [[-0.31051699892228957, 0.030413990860961283, 0.002698805276779619]], "M_G3_M M_G3H2_M": [[-0.25926656203775633, 0.04222986732195915, 0.0037472947659919283]], "M_G3C4_M M_G3C4H1_M": [[-0.004833694850742046, 0.08912308007529517, 0.007908394524402671]], "M_G3C4_M M_G3C4H2_M": [[0.033828549008612235, 0.10078186368203586, 0.008942944276934196]], "M_G3C5_M M_G3C5H1_M": [[-0.006228303097185728, 0.08733833858412841, 0.007750024326421488]], "M_G3C5_M M_G3C5H2_M": [[0.026680971618707444, 0.09765026352861639, 0.008665059698831669]], "M_G3N6C1_M M_G3N6C1H1_M": [[-0.004399169514094449, 0.01893241638524226, 0.001679980291842101]], "M_G3N6C1_M M_G3N6C1H2_M": [[-0.000670233954876006, 0.01767840469997805, 0.0015687047486617942]], "M_G3N6C1_M M_G3N6C1H3_M": [[0.0017159225415796355, 0.0187681768484327, 0.001665406389632956]], "M_G3N6C2_M M_G3N6C2H1_M": [[-0.0005051693892860889, 0.0179879666236237, 0.0015961739274632284]], "M_G3N6C2_M M_G3N6C2H2_M": [[-0.0018310039597402598, 0.018647318886394235, 0.0016546819796999963]], "M_G3N6C2_M M_G3N6C2H3_M": [[-0.0018625352924235318, 0.018519349194222542, 0.0016433265057643435]], "M_G3N6C3_M M_G3N6C3H1_M": [[-0.0011179307515577462, 0.020402807330944482, 0.0018104563895476394]], "M_G3N6C3_M M_G3N6C3H2_M": [[-0.0004256544976163392, 0.018361636089356217, 0.0016293317307420076]], "M_G3N6C3_M M_G3N6C3H3_M": [[-0.0034126890903798225, 0.018433279298185147, 0.0016356890375129884]]}