{"headgroup": 0.5147348566402931, "tails": 0.7692729710546378, "total": 0.6844269329165229}