{"headgroup": 80.88231884175761, "sn-1": 52.408700587285296, "sn-2": 1.0026007886346606, "total": 44.764540072559186}