{"-18.94440460205078": [0.0027983372897792094, 0.0, 0.0], "-17.911369896236657": [0.006356899821105474, 0.0, 0.0], "-16.878335190422533": [0.016469260081551546, 0.0, 0.0], "-15.845300484608408": [0.036792978209640954, 0.0, 0.0], "-14.812265778794284": [0.07043745682164831, 1.5495034222011465e-06, 0.0], "-13.77923107298016": [0.1155531467949495, 2.857856114783749e-06, 0.0], "-12.746196367166034": [0.16613857766507517, 1.5495034222011465e-06, 0.0], "-11.71316166135191": [0.21254513266671232, 4.8230145923708784e-08, 0.0], "-10.680126955537785": [0.24489504849791602, 1.5495034222011465e-06, 0.0], "-9.647092249723661": [0.264694298785294, 7.4581362354634795e-06, 0.0], "-8.614057543909537": [0.27514951754229416, 1.8054138825144404e-05, 0.0], "-7.5810228380954126": [0.2811232037411606, 0.0001016056582930096, 0.0], "-6.5479881322812865": [0.28647924319737006, 0.0005363763534390737, 0.0], "-5.514953426467162": [0.290978087563566, 0.0021392384977010717, 0.0], "-4.481918720653038": [0.2937875376681826, 0.007052383126298814, 0.0], "-3.4488840148389137": [0.29242359691430303, 0.019931751487663074, 0.0], "-2.4158493090247894": [0.28674038587684997, 0.044245172380589885, 0.0], "-1.3828146032106652": [0.2747975154193702, 0.0799202183926458, 0.0], "-0.3497798973965409": [0.25688505932791106, 0.12153777992679285, 0.0], "0.6832548084175833": [0.23694511693554363, 0.15947138495159502, 0.0], "1.7162895142317076": [0.22550282314139417, 0.18537556567861888, 0.0], "2.749324220045832": [0.21842938713761764, 0.20461908392729897, 0.0], "3.782358925859956": [0.20868456110481073, 0.21601288346181902, 0.0], "4.81539363167408": [0.18789297936579943, 0.23080369274444132, 0.0], "5.848428337488208": [0.15661959865526992, 0.24940016243458496, 0.0], "6.8814630433023325": [0.11736608660435498, 0.27284764686412427, 0.0], "7.914497749116457": [0.07979543309579779, 0.2938819530076459, 0.0], "8.947532454930581": [0.04919262508071112, 0.3138443366766278, 0.0], "9.980567160744705": [0.026608792849178237, 0.3249124490361453, 0.0], "11.01360186655883": [0.012456013564375312, 0.3326327662072941, 0.0], "12.046636572372954": [0.0048810749303856244, 0.3338506528318452, 0.0], "13.079671278187078": [0.00152501405352004, 0.33427063914206856, 0.0], "14.112705984001202": [0.00036173808832059277, 0.333846522476264, 0.0], "15.145740689815327": [7.198896555275535e-05, 0.3318605612347896, 0.0], "16.17877539562945": [9.122630754459344e-06, 0.3317899436839422, 0.0], "17.211810101443575": [0.0, 0.3309776064521148, 0.0], "18.2448448072577": [0.0, 0.3304970236786735, 0.0], "19.277879513071824": [0.0, 0.32957690827941905, 0.0], "20.310914218885948": [0.0, 0.3300754742591714, 0.0], "21.343948924700072": [0.0, 0.3299881824410143, 0.0], "22.376983630514196": [0.0, 0.3280426894655629, 0.0], "23.41001833632832": [0.0, 0.3293925595942176, 0.0], "24.443053042142445": [0.0, 0.3287423447938485, 0.0], "25.47608774795657": [0.0, 0.32828029850439594, 0.0], "26.509122453770694": [0.0, 0.3287058496971926, 0.0], "27.542157159584818": [0.0, 0.328274171425497, 0.0], "28.575191865398942": [0.0, 0.3274126700530992, 0.0], "29.608226571213066": [0.0, 0.3283759648670406, 0.0], "30.641261277027198": [0.0, 0.3280711473804854, 0.0], "31.674295982841315": [0.0, 0.3275955809769881, 0.0]}