{"M_G1_M M_G1H1_M": [[-0.03438083121988733, 0.04290877733124361, 0.002953962053026671]], "M_G1_M M_G1H2_M": [[-0.1769731274867937, 0.04530398160210648, 0.0031188547152145654]], "M_G1C3_M M_G1C3H1_M": [[-0.2177217826117188, 0.02660347326217658, 0.0018314586288143404]], "M_G1C3_M M_G1C3H2_M": [[-0.2407726003456517, 0.025662381787465747, 0.0017666712198592378]], "M_G1C4_M M_G1C4H1_M": [[-0.18055188550097787, 0.020664806071887375, 0.0014226239190708082]], "M_G1C4_M M_G1C4H2_M": [[-0.1717096693086041, 0.021492903085643177, 0.001479632468533209]], "M_G1C5_M M_G1C5H1_M": [[-0.2046588354763497, 0.019548153332308412, 0.0013457503742093301]], "M_G1C5_M M_G1C5H2_M": [[-0.20237523357027448, 0.01957864982961152, 0.0013478498396657373]], "M_G1C6_M M_G1C6H1_M": [[-0.20144877469179373, 0.020002351793891253, 0.0013770186858114385]], "M_G1C6_M M_G1C6H2_M": [[-0.20017608698109113, 0.019175599432161, 0.001320102706012054]], "M_G1C7_M M_G1C7H1_M": [[-0.21038960033662024, 0.01850535984402042, 0.0012739615098992046]], "M_G1C7_M M_G1C7H2_M": [[-0.21081210672618653, 0.019219290259832208, 0.001323110506630789]], "M_G1C8_M M_G1C8H1_M": [[-0.19997297167804182, 0.01919694223813655, 0.0013215720053693903]], "M_G1C8_M M_G1C8H2_M": [[-0.20080210221371605, 0.018815454537548043, 0.0012953093089859559]], "M_G1C9_M M_G1C9H1_M": [[-0.19932381238019223, 0.01930846838651668, 0.0013292497820557756]], "M_G1C9_M M_G1C9H2_M": [[-0.19900980541395338, 0.019724114906081038, 0.001357864068517201]], "M_G1C10_M M_G1C10H1_M": [[-0.18351877707376205, 0.019528265320032642, 0.0013443812269805654]], "M_G1C10_M M_G1C10H2_M": [[-0.18462875323911604, 0.02026788565425144, 0.0013952987906310772]], "M_G1C11_M M_G1C11H1_M": [[-0.17788458971337562, 0.019084138953317696, 0.001313806306984668]], "M_G1C11_M M_G1C11H2_M": [[-0.17800085921633368, 0.0190148608840625, 0.0013090370080110101]], "M_G1C12_M M_G1C12H1_M": [[-0.1606524133100297, 0.017629821032860173, 0.0012136869324123215]], "M_G1C12_M M_G1C12H2_M": [[-0.16193632385500745, 0.01775662645254241, 0.0012224165775142504]], "M_G1C13_M M_G1C13H1_M": [[-0.15103278953705718, 0.016035196127015396, 0.0011039084266228586]], "M_G1C13_M M_G1C13H2_M": [[-0.15139234853927586, 0.01651630287093041, 0.0011370291807755379]], "M_G1C14_M M_G1C14H1_M": [[-0.13018024741765297, 0.014747010194266285, 0.0010152260497467206]], "M_G1C14_M M_G1C14H2_M": [[-0.13095314574722527, 0.014555360065542354, 0.0010020323107749053]], "M_G1C15_M M_G1C15H1_M": [[-0.11372358068873259, 0.01244083103014946, 0.0008564621286568155]], "M_G1C15_M M_G1C15H2_M": [[-0.1129866919909526, 0.013012997065424794, 0.0008958516629515479]], "M_G1C16_M M_G1C16H1_M": [[-0.08366286338432298, 0.010022744628363422, 0.0006899941956119206]], "M_G1C16_M M_G1C16H2_M": [[-0.08335535306228235, 0.009652041741688537, 0.0006644739564372725]], "M_G1C17_M M_G1C17H1_M": [[-0.027636167983389175, 0.006692866437432035, 0.00046075592715046564]], "M_G1C17_M M_G1C17H2_M": [[-0.025937993954975803, 0.006019741284617865, 0.0004144160805731312]], "M_G1C17_M M_G1C17H3_M": [[-0.02689777086771605, 0.0063289274812645385, 0.00043570133615530057]], "M_G2_M M_G2H1_M": [[-0.19379331438370925, 0.040804528336696705, 0.002809099578106299]], "M_G2C3_M M_G2C3H1_M": [[-0.09492228413215333, 0.032590192228204584, 0.0022436013592226703]], "M_G2C3_M M_G2C3H2_M": [[-0.11877134108389574, 0.0269590236257085, 0.0018559357252765688]], "M_G2C4_M M_G2C4H1_M": [[-0.2108625042182192, 0.021294526667511304, 0.001465975672702063]], "M_G2C4_M M_G2C4H2_M": [[-0.2061943347007813, 0.02176460426184121, 0.0014983371488846414]], "M_G2C5_M M_G2C5H1_M": [[-0.21121826914621322, 0.020687157218627687, 0.001424162635469153]], "M_G2C5_M M_G2C5H2_M": [[-0.2146678398856576, 0.02022714885092904, 0.001392494353435232]], "M_G2C6_M M_G2C6H1_M": [[-0.22239359872291084, 0.019802561560313858, 0.0013632645589110844]], "M_G2C6_M M_G2C6H2_M": [[-0.221662590628158, 0.01962448164216689, 0.00135100503176233]], "M_G2C7_M M_G2C7H1_M": [[-0.21718397273249446, 0.018833371026968807, 0.0012965427309840666]], "M_G2C7_M M_G2C7H2_M": [[-0.2166347981249858, 0.01936952588631656, 0.0013334531536892574]], "M_G2C8_M M_G2C8H1_M": [[-0.21710370996395043, 0.018725915866034355, 0.0012891452126313093]], "M_G2C8_M M_G2C8H2_M": [[-0.21713642657708596, 0.019864037360792418, 0.0013674967275508763]], "M_G2C9_M M_G2C9H1_M": [[-0.2070569843077719, 0.018710948522619477, 0.0012881148182171116]], "M_G2C9_M M_G2C9H2_M": [[-0.20648085102535024, 0.019577280089306027, 0.0013477555428543018]], "M_G2C10_M M_G2C10H1_M": [[-0.20119236379339414, 0.019636887866187582, 0.0013518591114462036]], "M_G2C10_M M_G2C10H2_M": [[-0.20127894956752718, 0.018980926527770434, 0.0013067008705814392]], "M_G2C11_M M_G2C11H1_M": [[-0.18635530077854084, 0.018693836501676057, 0.0012869367781129333]], "M_G2C11_M M_G2C11H2_M": [[-0.18707997653171632, 0.01897596452731732, 0.0013063592723827199]], "M_G2C12_M M_G2C12H1_M": [[-0.17723809865884171, 0.018102263983839493, 0.0012462112464620876]], "M_G2C12_M M_G2C12H2_M": [[-0.17741667456737995, 0.01795508563838802, 0.0012360790713097944]], "M_G2C13_M M_G2C13H1_M": [[-0.1609087765556307, 0.01621010670224078, 0.0011159497672068664]], "M_G2C13_M M_G2C13H2_M": [[-0.16155190903032068, 0.01655352316328827, 0.0011395915313729206]], "M_G2C14_M M_G2C14H1_M": [[-0.14790870108145035, 0.014408363436343146, 0.0009919126454853255]], "M_G2C14_M M_G2C14H2_M": [[-0.14817608536866836, 0.015591724492460454, 0.0010733785802476941]], "M_G2C15_M M_G2C15H1_M": [[-0.1250824144838559, 0.01286702961419185, 0.0008858028491950865]], "M_G2C15_M M_G2C15H2_M": [[-0.12524239472417878, 0.011911408069772696, 0.0008200151489892016]], "M_G2C16_M M_G2C16H1_M": [[-0.09955437016682595, 0.01005264407057772, 0.0006920525581009257]], "M_G2C16_M M_G2C16H2_M": [[-0.09927011481631694, 0.009554434835733453, 0.0006577544199173]], "M_G2C17_M M_G2C17H1_M": [[-0.025343568012036268, 0.006790439543812507, 0.00046747313681176216]], "M_G2C17_M M_G2C17H2_M": [[-0.02543616675398989, 0.006633423108598721, 0.00045666367962908646]], "M_G2C17_M M_G2C17H3_M": [[-0.026447835325884655, 0.006606414875668777, 0.000454804356195597]], "M_G3_M M_G3H1_M": [[-0.23010925078542666, 0.037441375222197135, 0.0025775705694361687]], "M_G3_M M_G3H2_M": [[-0.24816663740151715, 0.027361600627989542, 0.0018836502690627774]], "M_G3C4_M M_G3C4H1_M": [[0.03457741688133076, 0.024145952539560058, 0.0016622759251661986]], "M_G3C4_M M_G3C4H2_M": [[0.03718287946347045, 0.027156621028436245, 0.001869538891475606]], "M_G3C5_M M_G3C5H1_M": [[-0.058567597133624104, 0.023509759407362673, 0.0016184785837411641]], "M_G3C5_M M_G3C5H2_M": [[-0.06135630601515019, 0.023644404247928724, 0.0016277479168334947]], "M_G3N6C1_M M_G3N6C1H1_M": [[0.009752322910848581, 0.015204154418507046, 0.0010466971560134622]], "M_G3N6C1_M M_G3N6C1H2_M": [[0.00896941044268594, 0.014388739686313805, 0.0009905616908198673]], "M_G3N6C1_M M_G3N6C1H3_M": [[0.007021721236254062, 0.015499738216260476, 0.0010670459838374928]], "M_G3N6C2_M M_G3N6C2H1_M": [[0.010253153463857807, 0.01532811777048656, 0.001055231145105872]], "M_G3N6C2_M M_G3N6C2H2_M": [[0.009354113581851013, 0.015440224816036855, 0.0010629489124026662]], "M_G3N6C2_M M_G3N6C2H3_M": [[0.009056863312585, 0.014601625027053007, 0.001005217322075325]], "M_G3N6C3_M M_G3N6C3H1_M": [[0.008293628652055908, 0.014314316249107886, 0.0009854381701083596]], "M_G3N6C3_M M_G3N6C3H2_M": [[0.0086285114614372, 0.014410784696022383, 0.0009920793318757993]], "M_G3N6C3_M M_G3N6C3H3_M": [[0.009247914482008825, 0.016917327291945953, 0.0011646368404595237]]}