{"10.1039/c2cp42738a": {"M_G1_M M_G1H1_M": [-0.17417099487367607, 0.027767598982672944, 0.0019683929027025436, -0.14991575, 0.02, 0.12376445937029945], "M_G1_M M_G1H2_M": [-0.04510655392146859, 0.027095749917756033, 0.0019207667852303414, 0.0, 0.02, 0.014916802810576724], "M_G1C3_M M_G1C3H1_M": [-0.22446593316346714, 0.018139385374223355, 0.0012858669362190035, -0.20987741, 0.02, 0.9139127853983033], "M_G1C3_M M_G1C3H2_M": [-0.19065296616362665, 0.02008513954417242, 0.0014237977922833523, -0.20987741, 0.02, 0.6472149852943913], "M_G1C4_M M_G1C4H1_M": [-0.15549089341137165, 0.014502662726436308, 0.0010280665029345649, -0.18840908, 0.02, 0.0190955623985728], "M_G1C4_M M_G1C4H2_M": [-0.1433253759280949, 0.014157153553500638, 0.0010035740070493578, -0.18840908, 0.02, 0.00782060494321623], "M_G1C5_M M_G1C5H1_M": [-0.18494073938429928, 0.013346444574424948, 0.0009461043712495323, -0.18619612, 0.02, 0.9697884081663536], "M_G1C5_M M_G1C5H2_M": [-0.18352765603262608, 0.012525784220423317, 0.000887929301184808, -0.18619612, 0.02, 0.9712446867221939], "M_G1C6_M M_G1C6H1_M": [-0.183149814044077, 0.012863258867758244, 0.0009118522446510626, -0.20173615, 0.02, 0.8101285408590626], "M_G1C6_M M_G1C6H2_M": [-0.18101717996980596, 0.013496962599082984, 0.0009567743111190387, -0.20173615, 0.02, 0.2873936728795345], "M_G1C7_M M_G1C7H1_M": [-0.19489225034225072, 0.012711716074097998, 0.0009011096608330421, -0.19581075, 0.02, 0.9712757963970046], "M_G1C7_M M_G1C7H2_M": [-0.19334382393077917, 0.012895235055431293, 0.0009141189764959869, -0.19581075, 0.02, 0.9704753065759467], "M_G1C8_M M_G1C8H1_M": [-0.18215416846481894, 0.013391250408727037, 0.0009492805726306792, -0.19507116, 0.02, 0.9484150307468516], "M_G1C8_M M_G1C8H2_M": [-0.1808999845790127, 0.01306484511825409, 0.0009261423150675234, -0.19507116, 0.02, 0.9412179554462086], "M_G1C9_M M_G1C9H1_M": [-0.17923276206548208, 0.013015182227083184, 0.0009226218060537805, -0.18174699, 0.02, 0.9701833259568068], "M_G1C9_M M_G1C9H2_M": [-0.1788506214329827, 0.012881913369994197, 0.000913174627253448, -0.18174699, 0.02, 0.9703329260834535], "M_G1C10_M M_G1C10H1_M": [-0.16119953398621178, 0.013287693508403947, 0.0009419396186018832, -0.17434532, 0.02, 0.9474852725555326], "M_G1C10_M M_G1C10H2_M": [-0.16142510927315162, 0.013077016936517178, 0.0009270051523872715, -0.17434532, 0.02, 0.9495963096820484], "M_G1C11_M M_G1C11H1_M": [-0.15271749252807246, 0.012582081959386615, 0.0008919201420883628, -0.14991285, 0.02, 0.9710609218065877], "M_G1C11_M M_G1C11H2_M": [-0.15387222797364195, 0.012942997318744045, 0.0009175047535730939, -0.14991285, 0.02, 0.9696294019191023], "M_G1C12_M M_G1C12H1_M": [-0.13400660378649945, 0.01199211299686862, 0.0008500983511816353, -0.13658578, 0.02, 0.972500878754704], "M_G1C12_M M_G1C12H2_M": [-0.1345598229608754, 0.01190618168598128, 0.0008440068420606591, -0.13658578, 0.02, 0.9728728310555685], "M_G1C13_M M_G1C13H1_M": [-0.12396378593526058, 0.010917391311805122, 0.0007739133508659952, -0.11585704, 0.02, 0.970553838001568], "M_G1C13_M M_G1C13H2_M": [-0.12419147874905892, 0.010989744474717573, 0.0007790423305971495, -0.11585704, 0.02, 0.9700247621455204], "M_G1C14_M M_G1C14H1_M": [-0.10558624090895014, 0.009304275733627566, 0.0006595626193783727, -0.10623371, 0.02, 0.978991097426918], "M_G1C14_M M_G1C14H2_M": [-0.10514334651269382, 0.009677958739949893, 0.0006860523053596636, -0.10623371, 0.02, 0.9781058894527609], "M_G1C15_M M_G1C15H1_M": [-0.09180594256341296, 0.0077812750044224015, 0.0005515999601636196, -0.08994829, 0.02, 0.982293918982841], "M_G1C15_M M_G1C15H2_M": [-0.09162212257763228, 0.007956630209229506, 0.000564030561052434, -0.08994829, 0.02, 0.9819246707900214], "M_G1C16_M M_G1C16H1_M": [-0.06725964507272467, 0.005693667332974721, 0.00040361337599157185, -0.06699789, 0.02, 0.9871521316638805], "M_G1C16_M M_G1C16H2_M": [-0.06750247037522508, 0.005696755554226588, 0.0004038322941918074, -0.06699789, 0.02, 0.9871391849384238], "M_G1C17_M M_G1C17H1_M": [-0.022237732417016574, 0.00281568394962317, 0.00019959854311315031, -0.01813583, 0.02, 0.9933678657412904], "M_G1C17_M M_G1C17H2_M": [-0.021857691242044286, 0.0029310009408403705, 0.0002077731478823488, -0.01813583, 0.02, 0.9931494171076019], "M_G1C17_M M_G1C17H3_M": [-0.022166881038609067, 0.0030211468697577733, 0.00021416342335410523, -0.01813583, 0.02, 0.9928946399661542], "M_G2_M M_G2H1_M": [-0.1936290885037724, 0.023425236121069313, 0.001660570960910841, -0.20691616, 0.02, 0.9069433721121264], "M_G2C3_M M_G2C3H1_M": [-0.06039924669160184, 0.019514167826200385, 0.0013833226803371826, -0.0795825, 0.02, 0.65853716137196], "M_G2C3_M M_G2C3H2_M": [-0.09270024820477499, 0.017110813138676448, 0.0012129533836417426, -0.122519, 0.02, 0.03137553282103382], "M_G2C4_M M_G2C4H1_M": [-0.18262909142365713, 0.016249940560223223, 0.0011519277445644872, -0.180265, 0.02, 0.9628573864212203], "M_G2C4_M M_G2C4H2_M": [-0.1889143991819006, 0.014497359071183642, 0.001027690536781919, -0.180265, 0.02, 0.9598451007558466], "M_G2C5_M M_G2C5H1_M": [-0.17872730206502266, 0.014190815181270772, 0.001005960216574981, -0.186187, 0.02, 0.9628645490703663], "M_G2C5_M M_G2C5H2_M": [-0.18161929224734077, 0.014234221056529425, 0.0010090371774907608, -0.186187, 0.02, 0.9661507785333935], "M_G2C6_M M_G2C6H1_M": [-0.18757273561265378, 0.015056683513077007, 0.0010673399952179172, -0.193592, 0.02, 0.962695998330529], "M_G2C6_M M_G2C6H2_M": [-0.18642208167249677, 0.01363255636733749, 0.0009663862985022263, -0.193592, 0.02, 0.9647525247274039], "M_G2C7_M M_G2C7H1_M": [-0.16624708505848423, 0.014165137693766412, 0.0010041399877466135, -0.166198, 0.02, 0.9680638560145903], "M_G2C7_M M_G2C7H2_M": [-0.16408182303188198, 0.013625538769646768, 0.0009658888341914999, -0.166198, 0.02, 0.9689322131794889], "M_G2C8_M M_G2C8H1_M": [-0.1581575393403834, 0.013213311680289762, 0.0009366668306074526, -0.154356, 0.02, 0.9690943309591151], "M_G2C8_M M_G2C8H2_M": [-0.15626313587651872, 0.013379214829390236, 0.0009484273930323548, -0.154356, 0.02, 0.9695574480549427], "M_G2C9_M M_G2C9H1_M": [-0.08965898241416768, 0.012015796169347307, 0.0008517772067661466, -0.1203, 0.02, 0.02007197251855454], "M_G2C9_M M_G2C9H2_M": [-0.09079295645180195, 0.012455120772398614, 0.0008829201021662284, -0.1203, 0.02, 0.023800710208322532], "M_G2C10_M M_G2C10H1_M": [-0.043861941487960576, 0.014737504022261339, 0.0010447139610115816, -0.108455, 0.02, 0.003525024493761927], "M_G2C11_M M_G2C11H1_M": [-0.03763643907230863, 0.0131242392809372, 0.0009303526556288498, -0.0225792, 0.02, 0.9323335567320092], "M_G2C12_M M_G2C12H1_M": [-0.06508431726188943, 0.011901872038695112, 0.0008437013392645211, -0.0581141, 0.02, 0.9694632612057231], "M_G2C12_M M_G2C12H2_M": [-0.06442099877553233, 0.01224523735818534, 0.0008680418614083515, -0.0581141, 0.02, 0.9693490816870858], "M_G2C13_M M_G2C13H1_M": [-0.09790697353380941, 0.012041449909087247, 0.0008535957521601284, -0.0995716, 0.02, 0.9726568414974799], "M_G2C13_M M_G2C13H2_M": [-0.09795823407763145, 0.011794175382071878, 0.0008360669256922763, -0.0995716, 0.02, 0.9732289487198973], "M_G2C14_M M_G2C14H1_M": [-0.10259127538515937, 0.01103704010665876, 0.0007823950290533594, -0.106234, 0.02, 0.9742565141831705], "M_G2C14_M M_G2C14H2_M": [-0.10296716432944696, 0.010869716432789413, 0.000770533768297467, -0.106234, 0.02, 0.9748150190908232], "M_G2C15_M M_G2C15H1_M": [-0.10631990763844361, 0.010631187013264622, 0.0007536248660631997, -0.0943887, 0.02, 0.9628446701458847], "M_G2C15_M M_G2C15H2_M": [-0.10639872225280883, 0.010378517206313824, 0.0007357135783411491, -0.0943887, 0.02, 0.9634578858933753], "M_G2C16_M M_G2C16H1_M": [-0.09631674597768314, 0.009554943156021074, 0.0006773319618226371, -0.0943887, 0.02, 0.9782463141147917], "M_G2C16_M M_G2C16H2_M": [-0.0959525258431131, 0.008855120688451562, 0.0006277228624123789, -0.0943887, 0.02, 0.9799028487967235], "M_G2C17_M M_G2C17H1_M": [-0.08660986775835344, 0.007845544494252931, 0.0005561559035032534, -0.0899483, 0.02, 0.9817949938352897],