{"M_G1_M M_G1H1_M": [[-0.18063160030036704, 0.06005923617895153, 0.002688620661775106]], "M_G1_M M_G1H2_M": [[-0.032583072674978085, 0.05491141236013875, 0.0024581724182909733]], "M_G1C3_M M_G1C3H1_M": [[-0.23856132347636463, 0.037507274540947676, 0.001679056207061869]], "M_G1C3_M M_G1C3H2_M": [[-0.20874241985234795, 0.04313757310252897, 0.001931102986337016]], "M_G1C4_M M_G1C4H1_M": [[-0.18472185528370724, 0.03029013586274497, 0.0013559727081093383]], "M_G1C4_M M_G1C4H2_M": [[-0.17012649489388257, 0.030503414997615146, 0.001365520393448341]], "M_G1C5_M M_G1C5H1_M": [[-0.2099390147167931, 0.028278392544437127, 0.0012659147087755729]], "M_G1C5_M M_G1C5H2_M": [[-0.20545589134350994, 0.029535494215322717, 0.0013221903083557008]], "M_G1C6_M M_G1C6H1_M": [[-0.20950527973556948, 0.029366527084696975, 0.001314626300761471]], "M_G1C6_M M_G1C6H2_M": [[-0.20596449457031046, 0.029990569590181225, 0.001342562279984911]], "M_G1C7_M M_G1C7H1_M": [[-0.22084519676986394, 0.029534219112142882, 0.0013221332268979048]], "M_G1C7_M M_G1C7H2_M": [[-0.21878305487169972, 0.029300729871321447, 0.0013116808129626989]], "M_G1C8_M M_G1C8H1_M": [[-0.21210463707040786, 0.02967724006895909, 0.0013285357242326554]], "M_G1C8_M M_G1C8H2_M": [[-0.21076086087204843, 0.029907890291110534, 0.0013388610462376118]], "M_G1C9_M M_G1C9H1_M": [[-0.21213252848775954, 0.028850860874002873, 0.0012915419108015247]], "M_G1C9_M M_G1C9H2_M": [[-0.21137803049701442, 0.02949818494593161, 0.0013205201160765019]], "M_G1C10_M M_G1C10H1_M": [[-0.19785427372089287, 0.029013065735311008, 0.001298803197645966]], "M_G1C10_M M_G1C10H2_M": [[-0.19713544144660114, 0.028861406609520836, 0.001292014002759583]], "M_G1C11_M M_G1C11H1_M": [[-0.19089289792577385, 0.027817390217158604, 0.0012452774103165253]], "M_G1C11_M M_G1C11H2_M": [[-0.19102513772008192, 0.028181021432957417, 0.0012615557791780614]], "M_G1C12_M M_G1C12H1_M": [[-0.1728825079337345, 0.026344106238834014, 0.0011793241615442086]], "M_G1C12_M M_G1C12H2_M": [[-0.1726225917912543, 0.026859505117886297, 0.0012023965840962845]], "M_G1C13_M M_G1C13H1_M": [[-0.16222290484562493, 0.02488805485683326, 0.0011141423497311339]], "M_G1C13_M M_G1C13H2_M": [[-0.16233751310925656, 0.024412482782216038, 0.0010928528198048903]], "M_G1C14_M M_G1C14H1_M": [[-0.14179666485808662, 0.0223388257280117, 0.001000023181000336]], "M_G1C14_M M_G1C14H2_M": [[-0.1418951748212131, 0.021518799696039387, 0.0009633137742042689]], "M_G1C15_M M_G1C15H1_M": [[-0.12449232885672136, 0.018867389662273613, 0.0008446203599493801]], "M_G1C15_M M_G1C15H2_M": [[-0.12457176822898756, 0.018412659323956682, 0.0008242638342770913]], "M_G1C16_M M_G1C16H1_M": [[-0.09443392203581866, 0.014325316183867981, 0.0006412892259177103]], "M_G1C16_M M_G1C16H2_M": [[-0.09456575710051268, 0.014157911816097555, 0.0006337951771969125]], "M_G1C17_M M_G1C17H1_M": [[-0.032098944658804314, 0.007187027464432606, 0.00032173553589731954]], "M_G1C17_M M_G1C17H2_M": [[-0.03217194367241268, 0.007010203195896349, 0.0003138197945037175]], "M_G1C17_M M_G1C17H3_M": [[-0.03192897881532368, 0.00714272038025985, 0.000319752078405204]], "M_G2_M M_G2H1_M": [[-0.19795274438896518, 0.053376830826482514, 0.0023894751140782922]], "M_G2C3_M M_G2C3H1_M": [[-0.07539110000461373, 0.04217202062783635, 0.0018878789212531436]], "M_G2C3_M M_G2C3H2_M": [[-0.1118897552477952, 0.038536050721014764, 0.001725110553904192]], "M_G2C4_M M_G2C4H1_M": [[-0.2022769426709938, 0.03428668445732466, 0.0015348827943974653]], "M_G2C4_M M_G2C4H2_M": [[-0.20836894160800856, 0.03227562462404821, 0.0014448553920558419]], "M_G2C5_M M_G2C5H1_M": [[-0.19977145017532988, 0.032808808132317215, 0.0014687239639534007]], "M_G2C5_M M_G2C5H2_M": [[-0.20224057220811764, 0.031875243627338685, 0.0014269318770592824]], "M_G2C6_M M_G2C6H1_M": [[-0.2109738264488495, 0.033532560958703696, 0.0015011235901698059]], "M_G2C6_M M_G2C6H2_M": [[-0.21010341959744336, 0.0321630386347109, 0.0014398153509827792]], "M_G2C7_M M_G2C7H1_M": [[-0.1875305703738241, 0.03137098431604569, 0.0014043581300473285]], "M_G2C7_M M_G2C7H2_M": [[-0.1867617872085346, 0.030489664042720722, 0.0013649048161649714]], "M_G2C8_M M_G2C8H1_M": [[-0.17870315392500322, 0.030482624973934676, 0.001364589704169184]], "M_G2C8_M M_G2C8H2_M": [[-0.1779609963996422, 0.029083848605761325, 0.0013019718741077418]], "M_G2C9_M M_G2C9H1_M": [[-0.10306157917414771, 0.028215858030087988, 0.0012631152794446334]], "M_G2C9_M M_G2C9H2_M": [[-0.10290301011290404, 0.02848756761841479, 0.0012752786711168352]], "M_G2C10_M M_G2C10H1_M": [[-0.057254080949113544, 0.03105056963661619, 0.001390014399053425]], "M_G2C11_M M_G2C11H1_M": [[-0.049361451289747116, 0.028824896436428132, 0.0012903795829436275]], "M_G2C12_M M_G2C12H1_M": [[-0.08105838624228622, 0.02869458886051592, 0.0012845462147013224]], "M_G2C12_M M_G2C12H2_M": [[-0.08248522326823894, 0.027651400279477874, 0.001237846680182605]], "M_G2C13_M M_G2C13H1_M": [[-0.12345192418149392, 0.027709491015349298, 0.0012404471786680714]], "M_G2C13_M M_G2C13H2_M": [[-0.12387325802362782, 0.02863008235696665, 0.0012816585070097913]], "M_G2C14_M M_G2C14H1_M": [[-0.13061908376801262, 0.027153261822701655, 0.0012155469402504698]], "M_G2C14_M M_G2C14H2_M": [[-0.13081863431276644, 0.027472973035237873, 0.0012298591797412428]], "M_G2C15_M M_G2C15H1_M": [[-0.13495733271943833, 0.027294926198429062, 0.0012218887086752847]], "M_G2C15_M M_G2C15H2_M": [[-0.13539124420903362, 0.025862879153620857, 0.0011577814785761]], "M_G2C16_M M_G2C16H1_M": [[-0.12409276614981991, 0.023630756392002756, 0.001057857940444122]], "M_G2C16_M M_G2C16H2_M": [[-0.12441982285062614, 0.023141410485061468, 0.0010359518091001055]], "M_G2C17_M M_G2C17H1_M": [[-0.11340022335020732, 0.020628039178825375, 0.0009234378569658408]], "M_G2C17_M M_G2C17H2_M": [[-0.11353504722310044, 0.02075898508464861, 0.0009292998007794819]], "M_G2C18_M M_G2C18H1_M": [[-0.0888601264235337, 0.01591388499474754, 0.0007124033325782798]], "M_G2C18_M M_G2C18H2_M": [[-0.08905338685904984, 0.016136797713381223, 0.0007223822763548079]], "M_G2C19_M M_G2C19H1_M": [[-0.029759041484256052, 0.007461655014113097, 0.000334029553459641]], "M_G2C19_M M_G2C19H2_M": [[-0.029933844298881164, 0.007617004092845559, 0.00034098393332593373]], "M_G2C19_M M_G2C19H3_M": [[-0.030186937547332232, 0.007255043151392895, 0.0003247803362131509]], "M_G3_M M_G3H1_M": [[-0.2287576135147234, 0.04890859831337167, 0.0021894495556351204]], "M_G3_M M_G3H2_M": [[-0.2427374517925406, 0.03741399928509134, 0.0016748806331438044]], "M_G3C4_M M_G3C4H1_M": [[0.030478213510316075, 0.03305752843031007, 0.0014798582136497165]], "M_G3C4_M M_G3C4H2_M": [[0.030137249274489988, 0.0340575830343524, 0.001524626806165947]], "M_G3C5_M M_G3C5H1_M": [[-0.07540947350473709, 0.02865671572330539, 0.0012828507802318083]], "M_G3C5_M M_G3C5H2_M": [[-0.0768292563706597, 0.0283135010537035, 0.0012674863815010874]], "M_G3N6C1_M M_G3N6C1H1_M": [[0.010566691295623794, 0.015785236986976925, 0.0007066442568091893]], "M_G3N6C1_M M_G3N6C1H2_M": [[0.010622778251610369, 0.01514117983862214, 0.0006778122991187667]], "M_G3N6C1_M M_G3N6C1H3_M": [[0.010861115610883851, 0.015458580899235318, 0.0006920211220064111]], "M_G3N6C2_M M_G3N6C2H1_M": [[0.011088850786069356, 0.015217109996367046, 0.0006812113998059037]], "M_G3N6C2_M M_G3N6C2H2_M": [[0.010782702946076465, 0.015916779652168766, 0.0007125329152411075]], "M_G3N6C2_M M_G3N6C2H3_M": [[0.011021397338962742, 0.01627896167684758, 0.0007287464093983354]], "M_G3N6C3_M M_G3N6C3H1_M": [[0.011752673672120146, 0.015859652003744534, 0.0007099755304709388]], "M_G3N6C3_M M_G3N6C3H2_M": [[0.011301937556951447, 0.015740890027326263, 0.0007046590142455241]], "M_G3N6C3_M M_G3N6C3H3_M": [[0.009636696190325445, 0.015743617069527704, 0.0007047810934205985]]}