{"sn-1": 0.6259694646182018, "sn-2": 0.8399353418489622, "headgroup": 0.009523381428759296, "total": 0.49180939596530776}