{"sn-1": 0.7295125707439496, "sn-2": 0.7986323068086778, "headgroup": 0.009743953500323971, "total": 0.5126296103509838}