{"sn-1": 0.878720484990951, "sn-2": 0.8421509752170488, "headgroup": 0.009316585188385029, "total": 0.5767293484654616}