{"headgroup": 0.009743953500323971, "tails": 0.7640724387763137, "total": 0.5126296103509838}