{"POPC": 0.23313091534138788, "POPE": 0.22417436419257405}