{"M_G1_M M_G1H1_M": [[-0.1530871286623953, 0.013744291204533224, 0.00042971897511150136]], "M_G1_M M_G1H2_M": [[-0.030593305093450276, 0.013719664105137615, 0.00042894900220022023]], "M_G1C3_M M_G1C3H1_M": [[-0.2115676642189119, 0.011130694452389532, 0.00034800416705246486]], "M_G1C3_M M_G1C3H2_M": [[-0.18751228294892003, 0.011837132798400315, 0.0003700911526605035]], "M_G1C4_M M_G1C4H1_M": [[-0.14556711507999723, 0.012177628957301479, 0.0003807368569936707]], "M_G1C4_M M_G1C4H2_M": [[-0.13945384996000149, 0.012462589343720739, 0.0003896462204069745]], "M_G1C5_M M_G1C5H1_M": [[-0.1632733010533734, 0.011956524469240594, 0.0003738239654819761]], "M_G1C5_M M_G1C5H2_M": [[-0.16193997962600462, 0.01196884590159869, 0.0003742091983911188]], "M_G1C6_M M_G1C6H1_M": [[-0.15478420511077076, 0.012015853421977274, 0.0003756789012065652]], "M_G1C6_M M_G1C6H2_M": [[-0.15276866256670574, 0.01196609082166938, 0.0003741230600733289]], "M_G1C7_M M_G1C7H1_M": [[-0.14931060497821486, 0.011888749462271886, 0.0003717049615916073]], "M_G1C7_M M_G1C7H2_M": [[-0.14780147952011674, 0.012235942840759843, 0.00038256005630323095]], "M_G1C8_M M_G1C8H1_M": [[-0.1266036123947545, 0.012416482788516127, 0.00038820468651092955]], "M_G1C8_M M_G1C8H2_M": [[-0.1256445368162765, 0.012544116520578298, 0.0003921951896016471]], "M_G1C9_M M_G1C9H1_M": [[-0.09196046610766692, 0.013211385176981083, 0.0004130575242892925]], "M_G1C9_M M_G1C9H2_M": [[-0.09200159413271658, 0.012919902132893988, 0.00040394422822305563]], "M_G1C10_M M_G1C10H1_M": [[-0.07061635269097197, 0.013457357224997421, 0.0004207479067765899]], "M_G1C11_M M_G1C11H1_M": [[-0.04475709530033952, 0.013913219725766637, 0.0004350005709341787]], "M_G1C12_M M_G1C12H1_M": [[-0.024027886918387004, 0.01342565460715231, 0.0004197567158707788]], "M_G1C12_M M_G1C12H2_M": [[-0.024064177289863816, 0.013738787733388453, 0.00042954690760036574]], "M_G1C13_M M_G1C13H1_M": [[-0.04129017196049346, 0.013030142519971274, 0.0004073909236870692]], "M_G1C13_M M_G1C13H2_M": [[-0.04168611819079965, 0.013046771802621817, 0.000407910842698613]], "M_G1C14_M M_G1C14H1_M": [[-0.03365315243659318, 0.014020773207979318, 0.00043836325959220585]], "M_G1C14_M M_G1C14H2_M": [[-0.03349158532332809, 0.01324535011194002, 0.00041411944715043426]], "M_G1C15_M M_G1C15H1_M": [[-0.018101978597227696, 0.013925848423797946, 0.00043539541058754816]], "M_G1C15_M M_G1C15H2_M": [[-0.018167296899045022, 0.01397273369941818, 0.0004368612913876219]], "M_G1C15_M M_G1C15H3_M": [[-0.018291989299386083, 0.013737498852268538, 0.00042950661038418717]], "M_G2_M M_G2H1_M": [[-0.17264946469464487, 0.012317325292304789, 0.00038510450062193257]], "M_G2C3_M M_G2C3H1_M": [[-0.07734043569063259, 0.013611588236121335, 0.00042556998097774765]], "M_G2C3_M M_G2C3H2_M": [[-0.0917298017931889, 0.013121959452254568, 0.0004102616048630942]], "M_G2C4_M M_G2C4H1_M": [[-0.1762566615662765, 0.011586132554845382, 0.0003622435622822097]], "M_G2C4_M M_G2C4H2_M": [[-0.17980132821664074, 0.011497004438502052, 0.00035945694766245824]], "M_G2C5_M M_G2C5H1_M": [[-0.17324332427646338, 0.011529029711985907, 0.0003604582264839233]], "M_G2C5_M M_G2C5H2_M": [[-0.17507591915605708, 0.01188260094252143, 0.0003715127264616686]], "M_G2C6_M M_G2C6H1_M": [[-0.1795797253783736, 0.011418656375405456, 0.00035700737431780034]], "M_G2C6_M M_G2C6H2_M": [[-0.17814722372707836, 0.011461820990138878, 0.00035835692765076604]], "M_G2C7_M M_G2C7H1_M": [[-0.1555948857525729, 0.011784332433192775, 0.0003684403349875621]], "M_G2C7_M M_G2C7H2_M": [[-0.15503081334204727, 0.012276336751594607, 0.000383822982830787]], "M_G2C8_M M_G2C8H1_M": [[-0.14418095781221302, 0.012222838059471894, 0.00038215033177831255]], "M_G2C8_M M_G2C8H2_M": [[-0.143673248456975, 0.012065734930602062, 0.00037723846004043143]], "M_G2C9_M M_G2C9H1_M": [[-0.08276478257839201, 0.012686491583017103, 0.0003966465843663666]], "M_G2C9_M M_G2C9H2_M": [[-0.08298352052047, 0.013174781116182466, 0.0004119130884462777]], "M_G2C10_M M_G2C10H1_M": [[-0.05550714807133442, 0.014031298071244975, 0.0004386923222836464]], "M_G2C11_M M_G2C11H1_M": [[-0.022785734666730242, 0.013622796150719043, 0.00042592039945349094]], "M_G2C12_M M_G2C12H1_M": [[-0.030968555375320138, 0.013282726187372255, 0.00041528802023939305]], "M_G2C12_M M_G2C12H2_M": [[-0.0305527087386369, 0.01361666741318262, 0.00042572878281981467]], "M_G2C13_M M_G2C13H1_M": [[-0.0470144147071145, 0.013562921112031955, 0.0004240483902042333]], "M_G2C13_M M_G2C13H2_M": [[-0.0467648015430968, 0.013454937466277258, 0.000420672252366932]], "M_G2C14_M M_G2C14H1_M": [[-0.04039540024239191, 0.013560617831908834, 0.00042397637752935804]], "M_G2C14_M M_G2C14H2_M": [[-0.04067311044742919, 0.013695857211910314, 0.0004282046732562256]], "M_G2C15_M M_G2C15H1_M": [[-0.019231535003149766, 0.014415269844176726, 0.00045069730342676696]], "M_G2C15_M M_G2C15H2_M": [[-0.01891912547822765, 0.013553704107054988, 0.00042376021805527633]], "M_G2C15_M M_G2C15H3_M": [[-0.019256064638847076, 0.013503678863699742, 0.0004221961653162577]], "M_G3_M M_G3H1_M": [[-0.2150973073558693, 0.011714846702512818, 0.00036626784485851006]], "M_G3_M M_G3H2_M": [[-0.23724901090770528, 0.009847713633125515, 0.0003078914253666653]], "M_G3C4_M M_G3C4H1_M": [[0.03716925400335504, 0.01415159370857043, 0.0004424533978613255]], "M_G3C4_M M_G3C4H2_M": [[0.037292654356308644, 0.013888850808208396, 0.0004342386701477452]], "M_G3C5_M M_G3C5H1_M": [[-0.05874426749683414, 0.013454671623373379, 0.0004206639407167715]], "M_G3C5_M M_G3C5H2_M": [[-0.060658246821088974, 0.013511918682489073, 0.0004224537854752433]], "M_G3N6C1_M M_G3N6C1H1_M": [[0.008810898348611554, 0.013957469009189436, 0.00043638403672655013]], "M_G3N6C1_M M_G3N6C1H2_M": [[0.008785321949367863, 0.013699266314106607, 0.0004283112597567618]], "M_G3N6C1_M M_G3N6C1H3_M": [[0.008647845423188229, 0.014319208166468828, 0.00044769390913907065]], "M_G3N6C2_M M_G3N6C2H1_M": [[0.008725525664726175, 0.014202275714917008, 0.00044403798447257707]], "M_G3N6C2_M M_G3N6C2H2_M": [[0.01007392592593204, 0.014485909000609727, 0.0004529058557233829]], "M_G3N6C2_M M_G3N6C2H3_M": [[0.0077254306519152875, 0.014071263751674265, 0.00043994186007196423]], "M_G3N6C3_M M_G3N6C3H1_M": [[0.0084757008896658, 0.014770763819679273, 0.00046181191854499746]], "M_G3N6C3_M M_G3N6C3H2_M": [[0.009193513237256123, 0.014526269020218942, 0.00045416772263262236]], "M_G3N6C3_M M_G3N6C3H3_M": [[0.009328328335225435, 0.013819997082885751, 0.0004320859398368146]]}