{"-29.004180908203125": [0.0010089218742256759, 0.0, 0.0], "-27.201311409637082": [0.006039395007026161, 0.0, 0.0], "-25.398441911071043": [0.02402459449222162, 0.0, 0.0], "-23.595572412505": [0.06334339595246731, 0.0, 0.0], "-21.79270291393896": [0.11595279866757181, 0.0, 0.0], "-19.989833415372917": [0.16828183493759563, 0.0, 0.0], "-18.186963916806874": [0.21260434553458085, 0.0, 0.0], "-16.384094418240835": [0.24684958647663946, 0.0, 0.0], "-14.581224919674792": [0.2750346236836098, 4.948995460448829e-08, 0.0], "-12.77835542110875": [0.2941825501126532, 8.29870029190481e-05, 0.0], "-10.97548592254271": [0.3018345870172327, 0.0029759267810521677, 0.0], "-9.172616423976667": [0.3181978191615883, 0.006450669715104264, 0.0], "-7.369746925410624": [0.3275902207448673, 0.008508992890348186, 0.0], "-5.566877426844584": [0.3439244817111072, 0.014742792706893649, 0.0], "-3.7640079282785415": [0.35156832991451104, 0.021555514040148802, 0.0], "-1.961138429712502": [0.3519975857071768, 0.03432960439929678, 0.0], "-0.15826893114645912": [0.3495151477792092, 0.05416046286252889, 0.0], "1.6446005674195838": [0.33211710736204836, 0.07768477797574577, 0.0], "3.4474700659856268": [0.30159578543986715, 0.10952484282088283, 0.0], "5.250339564551666": [0.2593417175599082, 0.14416981214429359, 0.0], "7.053209063117706": [0.20405156706239735, 0.1814264895976688, 0.0], "8.856078561683752": [0.1650602251017639, 0.21329889032294144, 0.0], "10.658948060249791": [0.11819629160463238, 0.24615386240265788, 0.0], "12.46181755881583": [0.08088874934227848, 0.27287770897635905, 0.0], "14.264687057381877": [0.05617904927412796, 0.2940091935209717, 0.0], "16.067556555947917": [0.03338817449468612, 0.3087720060634807, 0.0], "17.870426054513956": [0.018713347700968105, 0.320327812507546, 0.0], "19.673295553079996": [0.010010472246236942, 0.32552606950024005, 0.0], "21.476165051646042": [0.004227705910551367, 0.32848289959714305, 0.0], "23.27903455021208": [0.0012731731591530706, 0.32934968722306757, 0.0], "25.08190404877812": [0.00023070374370446088, 0.33081920734490133, 0.0], "26.884773547344167": [2.7373251439683612e-05, 0.33068361940743, 0.0], "28.687643045910207": [2.421592631092834e-07, 0.33043497427817936, 0.0], "30.490512544476246": [0.0, 0.3296634927011007, 0.0], "32.29338204304229": [0.0, 0.3300344604836038, 0.0], "34.09625154160833": [0.0, 0.3304622362286807, 0.0], "35.89912104017438": [0.0, 0.3308373217536177, 0.0], "37.70199053874042": [0.0, 0.3299151879042249, 0.0], "39.50486003730646": [0.0, 0.33043602007253814, 0.0], "41.3077295358725": [0.0, 0.3304515661690093, 0.0], "43.110599034438536": [0.0, 0.3299060627458149, 0.0], "44.913468533004576": [0.0, 0.3299088403067047, 0.0], "46.71633803157063": [0.0, 0.33073475197027113, 0.0], "48.51920753013667": [0.0, 0.33017740692812847, 0.0], "50.32207702870271": [0.0, 0.32959555887149156, 0.0], "52.12494652726875": [0.0, 0.32967344458361003, 0.0], "53.92781602583479": [0.0, 0.33129626679734464, 0.0], "55.730685524400826": [0.0, 0.33008769177694164, 0.0], "57.53355502296688": [0.0, 0.3301574759962207, 0.0], "59.33642452153292": [0.0, 0.33020193430238254, 0.0]}