{"M_C3_M M_C3H3_M": [[-0.36836592991249983, 0.010048811152751152, 0.0018660173852874556]], "M_C4_M M_C4H41_M": [[-0.3292340940573675, 0.011229495998008546, 0.0020852650569080475]], "M_C4_M M_C4H42_M": [[-0.13042038873107692, 0.021340242609478286, 0.0039627835681474025]], "M_C6_M M_C6H6_M": [[-0.007929506155537551, 0.022147295784854432, 0.004112649580475739]], "M_C7_M M_C7H71_M": [[-0.28424256618960364, 0.014601582922781957, 0.002711445878766261]], "M_C7_M M_C7H72_M": [[-0.33180836189433194, 0.010931004404712605, 0.0020298365595479506]], "M_C8_M M_C8H8_M": [[-0.3975089889553672, 0.010499308163718192, 0.0019496725800867312]], "M_C14_M M_C14H14_M": [[-0.3944077895789645, 0.010720408315928628, 0.001990729847622446]], "M_C15_M M_C15H151_M": [[-0.36228302965112297, 0.011296792184037696, 0.0020977616449307564]], "M_C15_M M_C15H152_M": [[-0.28922596003243384, 0.017298984590443333, 0.003212340793641984]], "M_C16_M M_C16H161_M": [[-0.07760426124485041, 0.014670198147611418, 0.0027241874061450623]], "M_C16_M M_C16H162_M": [[-0.19089648923274305, 0.014196061273297065, 0.0026361423989270483]], "M_C17_M M_C17H17_M": [[-0.38794081534537256, 0.011064050112170369, 0.0020545425271873254]], "M_C18_M M_C18H181_M": [[0.11236594244938898, 0.010436404013905104, 0.0019379915727144499]], "M_C18_M M_C18H182_M": [[0.11209834477559612, 0.008435377493890395, 0.0015664102763790692]], "M_C18_M M_C18H183_M": [[0.11479911717721498, 0.008200878136713304, 0.001522864838945768]], "M_C12_M M_C12H121_M": [[-0.0575918479340317, 0.022451499766091985, 0.004169138841646452]], "M_C12_M M_C12H122_M": [[-0.3901361189824091, 0.010719115097463752, 0.0019904897029822738]], "M_C11_M M_C11H111_M": [[-0.3941363268425394, 0.010835172586665609, 0.002012041037687592]], "M_C11_M M_C11H112_M": [[-0.22529876832733325, 0.015463631327679351, 0.002871524248838671]], "M_C9_M M_C9H9_M": [[-0.3959098715005053, 0.010565023905956138, 0.0019618756870651627]], "M_C19_M M_C19H191_M": [[0.11199759319136865, 0.012882998697790008, 0.0023923127999206342]], "M_C19_M M_C19H192_M": [[0.11275695598726762, 0.012592069638755731, 0.002338288629917733]], "M_C19_M M_C19H193_M": [[0.11643853985028428, 0.009692845455757724, 0.001799916214804831]], "M_C1_M M_C1H11_M": [[-0.17700742274928252, 0.020502574835197015, 0.003807232567522223]], "M_C1_M M_C1H12_M": [[-0.3532179448583365, 0.010556311731176169, 0.0019602578768231384]], "M_C2_M M_C2H21_M": [[-0.2296989573561973, 0.014837128490948983, 0.0027551855927031425]], "M_C2_M M_C2H22_M": [[-0.3411694462268719, 0.010653317436423271, 0.0019782713840641028]], "M_C20_M M_C20H20_M": [[-0.3765893172948849, 0.011196323002806022, 0.002079104986345569]], "M_C21_M M_C21H211_M": [[0.09619845636435365, 0.007284659728394386, 0.0013527273517689464]], "M_C21_M M_C21H212_M": [[0.0962193004823015, 0.008215083602200489, 0.0015255027276633733]], "M_C21_M M_C21H213_M": [[0.09969810684661824, 0.008941311615884089, 0.0016603598842579981]], "M_C22_M M_C22H221_M": [[-0.20151457297676126, 0.018506500917591217, 0.003436570946366022]], "M_C22_M M_C22H222_M": [[-0.3438253012576453, 0.013274065645831125, 0.0024649321090869972]], "M_C23_M M_C23H231_M": [[-0.1584317273455356, 0.01696444937383208, 0.003150219163461224]], "M_C23_M M_C23H232_M": [[-0.32792233625761924, 0.013389013371272091, 0.0024862773658354403]], "M_C24_M M_C24H241_M": [[-0.17324457404492738, 0.014611646081839567, 0.0027133145604905933]], "M_C24_M M_C24H242_M": [[-0.2864994553605264, 0.01238762359264141, 0.002300323952245573]], "M_C25_M M_C25H25_M": [[-0.19838034941920932, 0.008450736253969566, 0.0015692623265259511]], "M_C26_M M_C26H261_M": [[0.015486988614650688, 0.005252271046086238, 0.000975322248100522]], "M_C26_M M_C26H262_M": [[0.014452926949595771, 0.005434199230930054, 0.0010091054639090316]], "M_C26_M M_C26H263_M": [[0.015378366114254916, 0.0057503482011051895, 0.0010678128538400302]], "M_C27_M M_C27H271_M": [[0.002307639505709369, 0.005755216097190152, 0.001068716799449738]], "M_C27_M M_C27H272_M": [[0.0008962786615341246, 0.005487399127222392, 0.0010189844366420213]], "M_C27_M M_C27H273_M": [[0.0015615972696927246, 0.005090266443451298, 0.0009452387486279879]]}