{"sn-1": 0.6285847336074046, "sn-2": 0.7019349437375904, "headgroup": 0.606665786680652, "total": 0.645728488008549}