{"M_G1_M M_G1H1_M": [[-0.2159103245091576, 0.03653331499845895, 0.0032418074874431893]], "M_G1_M M_G1H2_M": [[-0.013140373293915882, 0.045346715005642566, 0.00402387027408943]], "M_G1C3_M M_G1C3H1_M": [[-0.22248404843702385, 0.0224403839211304, 0.0019912620746211757]], "M_G1C3_M M_G1C3H2_M": [[-0.2274901799578563, 0.022768569683440022, 0.002020383851869489]], "M_G1C4_M M_G1C4H1_M": [[-0.1624695258748744, 0.019853264611503857, 0.0017616923586178522]], "M_G1C4_M M_G1C4H2_M": [[-0.16209928658454548, 0.02118385697689041, 0.0018797633382983663]], "M_G1C5_M M_G1C5H1_M": [[-0.20313908764707578, 0.018848551776485315, 0.0016725385111930901]], "M_G1C5_M M_G1C5H2_M": [[-0.19962826224178884, 0.01887955127607026, 0.0016752892719676241]], "M_G1C6_M M_G1C6H1_M": [[-0.199766522832232, 0.01851674545767103, 0.0016430954615065648]], "M_G1C6_M M_G1C6H2_M": [[-0.19831672235216222, 0.01880464710911437, 0.0016686426019545545]], "M_G1C7_M M_G1C7H1_M": [[-0.21239385515399717, 0.018827278914579377, 0.0016706508499444756]], "M_G1C7_M M_G1C7H2_M": [[-0.211632645372291, 0.018376335711375133, 0.0016306361112704518]], "M_G1C8_M M_G1C8H1_M": [[-0.19909357755016371, 0.019116796052094116, 0.001696341341600598]], "M_G1C8_M M_G1C8H2_M": [[-0.2003768363279054, 0.019018351777282144, 0.0016876058247936828]], "M_G1C9_M M_G1C9H1_M": [[-0.19964574713078762, 0.01893567713492898, 0.0016802696365881098]], "M_G1C9_M M_G1C9H2_M": [[-0.19947767068312122, 0.018169861316134454, 0.0016123144714059946]], "M_G1C10_M M_G1C10H1_M": [[-0.18122574715890238, 0.01815171588904438, 0.001610704325121543]], "M_G1C10_M M_G1C10H2_M": [[-0.1815941696539177, 0.018171128903888067, 0.001612426951630437]], "M_G1C11_M M_G1C11H1_M": [[-0.17376210243157264, 0.016666711689771328, 0.0014789315108480225]], "M_G1C11_M M_G1C11H2_M": [[-0.17454729696816876, 0.018517114308423142, 0.0016431281917181537]], "M_G1C12_M M_G1C12H1_M": [[-0.15245185472700368, 0.01614582314634794, 0.0014327101268793204]], "M_G1C12_M M_G1C12H2_M": [[-0.15283965968020663, 0.016453829411483854, 0.0014600412633102504]], "M_G1C13_M M_G1C13H1_M": [[-0.1406828584832884, 0.01410617950676868, 0.0012517210208323375]], "M_G1C13_M M_G1C13H2_M": [[-0.1393956012733177, 0.014754057983029995, 0.0013092109391544446]], "M_G1C14_M M_G1C14H1_M": [[-0.11627459987003445, 0.013109073493671776, 0.0011632421697023887]], "M_G1C14_M M_G1C14H2_M": [[-0.11627009487093772, 0.012557683329125408, 0.0011143142045285646]], "M_G1C15_M M_G1C15H1_M": [[-0.09985144480900299, 0.010618485938769023, 0.0009422382617910167]], "M_G1C15_M M_G1C15H2_M": [[-0.10006161778470858, 0.010821188279285852, 0.0009602251859241657]], "M_G1C16_M M_G1C16H1_M": [[-0.07080043916803401, 0.008443264286950164, 0.000749218552574583]], "M_G1C16_M M_G1C16H2_M": [[-0.07013146408304434, 0.008276052995624695, 0.0007343809497940302]], "M_G1C17_M M_G1C17H1_M": [[-0.022410331672721127, 0.004657915434774129, 0.00041332315813566114]], "M_G1C17_M M_G1C17H2_M": [[-0.022943062864234982, 0.004740212213331983, 0.00042062581635138996]], "M_G1C17_M M_G1C17H3_M": [[-0.022520943148704647, 0.004276444937631152, 0.000379473125256659]], "M_G2_M M_G2H1_M": [[-0.20460664050591665, 0.052908063673526094, 0.004694831470130561]], "M_G2C3_M M_G2C3H1_M": [[-0.22248404843702385, 0.0224403839211304, 0.0019912620746211757]], "M_G2C3_M M_G2C3H2_M": [[-0.2274901799578563, 0.022768569683440022, 0.002020383851869489]], "M_G2C4_M M_G2C4H1_M": [[-0.1624695258748744, 0.019853264611503857, 0.0017616923586178522]], "M_G2C4_M M_G2C4H2_M": [[-0.16209928658454548, 0.02118385697689041, 0.0018797633382983663]], "M_G2C5_M M_G2C5H1_M": [[-0.20313908764707578, 0.018848551776485315, 0.0016725385111930901]], "M_G2C5_M M_G2C5H2_M": [[-0.19962826224178884, 0.01887955127607026, 0.0016752892719676241]], "M_G2C6_M M_G2C6H1_M": [[-0.199766522832232, 0.01851674545767103, 0.0016430954615065648]], "M_G2C6_M M_G2C6H2_M": [[-0.19831672235216222, 0.01880464710911437, 0.0016686426019545545]], "M_G2C7_M M_G2C7H1_M": [[-0.21239385515399717, 0.018827278914579377, 0.0016706508499444756]], "M_G2C7_M M_G2C7H2_M": [[-0.211632645372291, 0.018376335711375133, 0.0016306361112704518]], "M_G2C8_M M_G2C8H1_M": [[-0.19909357755016371, 0.019116796052094116, 0.001696341341600598]], "M_G2C8_M M_G2C8H2_M": [[-0.2003768363279054, 0.019018351777282144, 0.0016876058247936828]], "M_G2C9_M M_G2C9H1_M": [[-0.19964574713078762, 0.01893567713492898, 0.0016802696365881098]], "M_G2C9_M M_G2C9H2_M": [[-0.19947767068312122, 0.018169861316134454, 0.0016123144714059946]], "M_G2C10_M M_G2C10H1_M": [[-0.18122574715890238, 0.01815171588904438, 0.001610704325121543]], "M_G2C11_M M_G2C11H1_M": [[-0.17376210243157264, 0.016666711689771328, 0.0014789315108480225]], "M_G2C12_M M_G2C12H1_M": [[-0.15245185472700368, 0.01614582314634794, 0.0014327101268793204]], "M_G2C12_M M_G2C12H2_M": [[-0.15283965968020663, 0.016453829411483854, 0.0014600412633102504]], "M_G2C13_M M_G2C13H1_M": [[-0.1406828584832884, 0.01410617950676868, 0.0012517210208323375]], "M_G2C13_M M_G2C13H2_M": [[-0.1393956012733177, 0.014754057983029995, 0.0013092109391544446]], "M_G2C14_M M_G2C14H1_M": [[-0.11627459987003445, 0.013109073493671776, 0.0011632421697023887]], "M_G2C14_M M_G2C14H2_M": [[-0.11627009487093772, 0.012557683329125408, 0.0011143142045285646]], "M_G2C15_M M_G2C15H1_M": [[-0.09985144480900299, 0.010618485938769023, 0.0009422382617910167]], "M_G2C15_M M_G2C15H2_M": [[-0.10006161778470858, 0.010821188279285852, 0.0009602251859241657]], "M_G2C16_M M_G2C16H1_M": [[-0.07080043916803401, 0.008443264286950164, 0.000749218552574583]], "M_G2C16_M M_G2C16H2_M": [[-0.07013146408304434, 0.008276052995624695, 0.0007343809497940302]], "M_G2C17_M M_G2C17H1_M": [[-0.022410331672721127, 0.004657915434774129, 0.00041332315813566114]], "M_G2C17_M M_G2C17H2_M": [[-0.022943062864234982, 0.004740212213331983, 0.00042062581635138996]], "M_G2C18_M M_G2C18H1_M": [[-0.0670306855099563, 0.007297882737022697, 0.0006475823751652575]], "M_G2C18_M M_G2C18H2_M": [[-0.06799332461219827, 0.007488460977324864, 0.0006644934593737771]], "M_G2C19_M M_G2C19H1_M": [[-0.022081359162419194, 0.004716284758007677, 0.0004185025980278113]], "M_G2C19_M M_G2C19H2_M": [[-0.021807187714945324, 0.004599163239565855, 0.0004081097438496063]], "M_G2C19_M M_G2C19H3_M": [[-0.022170586907453355, 0.004511935060804599, 0.00040036949462677506]], "M_G3_M M_G3H1_M": [[-0.1474075510868046, 0.05174729351235837, 0.0045918297742857436]], "M_G3_M M_G3H2_M": [[-0.16955496136548284, 0.032866909184533916, 0.002916466580928443]], "M_G3C4_M M_G3C4H1_M": [[-0.013729864602201694, 0.01595920141950208, 0.0014161501264678055]], "M_G3C4_M M_G3C4H2_M": [[-0.013232615757099034, 0.015805753992509986, 0.0014025338691483467]], "M_G3C5_M M_G3C5H1_M": [[-0.05581161831864889, 0.011915990039080605, 0.0010573731327315748]], "M_G3C5_M M_G3C5H2_M": [[-0.0575768383036159, 0.011920476273138674, 0.001057771221630994]], "M_G3N6C1_M M_G3N6C1H1_M": [[0.011441984774041996, 0.005146315829723121, 0.00045666168510160004]], "M_G3N6C1_M M_G3N6C1H2_M": [[0.01129370530226895, 0.0047767752074138435, 0.00042387025743161814]], "M_G3N6C1_M M_G3N6C1H3_M": [[0.011280431032501355, 0.005082613646533371, 0.0004510090304098558]], "M_G3N6C2_M M_G3N6C2H1_M": [[0.010844318130154261, 0.004871732451722005, 0.0004322963503169245]], "M_G3N6C2_M M_G3N6C2H2_M": [[0.011503827743242198, 0.004683310333773384, 0.00041557659102895654]], "M_G3N6C2_M M_G3N6C2H3_M": [[0.01081721832682978, 0.00499188020787837, 0.0004429577396686335]], "M_G3N6C3_M M_G3N6C3H1_M": [[0.01145853294432032, 0.004847617629194997, 0.00043015650584264897]], "M_G3N6C3_M M_G3N6C3H2_M": [[0.011000970832942897, 0.004966011301776378, 0.0004406622454465259]], "M_G3N6C3_M M_G3N6C3H3_M": [[0.011580263644841974, 0.005114566653221082, 0.0004538444012578315]]}