{"M_G1_M M_G1H1_M": [[-0.1708511020195658, 0.025265523214284377, 0.0007899334043298779]], "M_G1_M M_G1H2_M": [[-0.040855728144675, 0.023012984615154955, 0.0007195071769011594]], "M_G1C3_M M_G1C3H1_M": [[-0.20315429783792527, 0.019761678195566033, 0.000617854203924395]], "M_G1C3_M M_G1C3H2_M": [[-0.2357676261007252, 0.01672438386412863, 0.000522892376661395]], "M_G1C4_M M_G1C4H1_M": [[-0.18073176195621887, 0.015472226116483512, 0.00048374332663118946]], "M_G1C4_M M_G1C4H2_M": [[-0.16570293029599684, 0.015800998318924387, 0.0004940224783004618]], "M_G1C5_M M_G1C5H1_M": [[-0.204829313698351, 0.015506763427838957, 0.00048482314499489473]], "M_G1C5_M M_G1C5H2_M": [[-0.20831553623990232, 0.014240516818496503, 0.0004452336029000951]], "M_G1C6_M M_G1C6H1_M": [[-0.2103964645202031, 0.01449585117314302, 0.0004532167004317647]], "M_G1C6_M M_G1C6H2_M": [[-0.20764621424154722, 0.01532406495921203, 0.0004791110280494309]], "M_G1C7_M M_G1C7H1_M": [[-0.22255938191731037, 0.01513934849426961, 0.00047333581790435657]], "M_G1C7_M M_G1C7H2_M": [[-0.22390909833058248, 0.014423246054279078, 0.0004509466817889866]], "M_G1C8_M M_G1C8H1_M": [[-0.21795166495485643, 0.014785259800775549, 0.000462265139307511]], "M_G1C8_M M_G1C8H2_M": [[-0.21683234104867968, 0.015018744507473656, 0.000469565101697236]], "M_G1C9_M M_G1C9H1_M": [[-0.21914411451053487, 0.014830000193750475, 0.0004636639597726166]], "M_G1C9_M M_G1C9H2_M": [[-0.22000515543257476, 0.014575786163243896, 0.0004557158894776405]], "M_G1C10_M M_G1C10H1_M": [[-0.20674834872096953, 0.015304046630935575, 0.00047848514961143865]], "M_G1C10_M M_G1C10H2_M": [[-0.20796022216722848, 0.015250951481738401, 0.0004768251154374773]], "M_G1C11_M M_G1C11H1_M": [[-0.2018925202078329, 0.015085800039945899, 0.00047166161102323343]], "M_G1C11_M M_G1C11H2_M": [[-0.2027795945742813, 0.01493358151298401, 0.0004669024576827199]], "M_G1C12_M M_G1C12H1_M": [[-0.18708827390848035, 0.01564192747824891, 0.0004890490855217461]], "M_G1C12_M M_G1C12H2_M": [[-0.18661501887884865, 0.01478194124642855, 0.0004621613838099286]], "M_G1C13_M M_G1C13H1_M": [[-0.17872892769597942, 0.014612951374830206, 0.00045687786985152865]], "M_G1C13_M M_G1C13H2_M": [[-0.17810721361350537, 0.01533528722457047, 0.0004794618952055828]], "M_G1C14_M M_G1C14H1_M": [[-0.16191894676971574, 0.014504108190887205, 0.0004534748583207171]], "M_G1C14_M M_G1C14H2_M": [[-0.1619568188953059, 0.015354068548106475, 0.0004800490983564057]], "M_G1C15_M M_G1C15H1_M": [[-0.15038008497497637, 0.014975337547007469, 0.00046820797135950834]], "M_G1C15_M M_G1C15H2_M": [[-0.1504641403039248, 0.014611487113575307, 0.0004568320893280817]], "M_G1C16_M M_G1C16H1_M": [[-0.130745645265433, 0.014533743703826596, 0.0004544014206335862]], "M_G1C16_M M_G1C16H2_M": [[-0.13113418766528306, 0.01473895659199508, 0.0004608174569843255]], "M_G1C17_M M_G1C17H1_M": [[-0.1146144976663061, 0.014593523079209922, 0.00045627043894382513]], "M_G1C17_M M_G1C17H2_M": [[-0.11409214579687518, 0.01442382527519641, 0.00045096479128734163]], "M_G1C18_M M_G1C18H1_M": [[-0.08752503218786858, 0.014115744172029298, 0.00044133255242292295]], "M_G1C18_M M_G1C18H2_M": [[-0.08697586857395714, 0.014277519260049618, 0.0004463904942249517]], "M_G1C19_M M_G1C19H1_M": [[-0.029360907237272266, 0.014606620498834154, 0.00045667993330433994]], "M_G1C19_M M_G1C19H2_M": [[-0.028498424629422363, 0.014406633713658273, 0.0004504272924745765]], "M_G1C19_M M_G1C19H3_M": [[-0.029403228744470246, 0.015039845992286634, 0.00047022484531676677]], "M_G2_M M_G2H1_M": [[-0.19321934084360043, 0.022485958910332338, 0.0007030295759566236]], "M_G2C3_M M_G2C3H1_M": [[-0.10848443784722606, 0.017911582635756564, 0.0005600104667691865]], "M_G2C3_M M_G2C3H2_M": [[-0.07219945969960957, 0.019954271401596488, 0.0006238756825061023]], "M_G2C4_M M_G2C4H1_M": [[-0.20222936953417214, 0.0163073999299929, 0.0005098552613858057]], "M_G2C4_M M_G2C4H2_M": [[-0.20851696133694309, 0.015496489883876703, 0.00048450193986932476]], "M_G2C5_M M_G2C5H1_M": [[-0.20380730539270225, 0.015413169078518052, 0.00048189689239533243]], "M_G2C5_M M_G2C5H2_M": [[-0.2005305274086082, 0.016321544591494336, 0.0005102974980463395]], "M_G2C6_M M_G2C6H1_M": [[-0.21291670728507095, 0.0161457210047019, 0.0005048003261374707]], "M_G2C6_M M_G2C6H2_M": [[-0.2116839157345593, 0.01564639369392322, 0.0004891887229605658]], "M_G2C7_M M_G2C7H1_M": [[-0.18946379512356876, 0.016125665720492177, 0.0005041732922622476]], "M_G2C7_M M_G2C7H2_M": [[-0.19034806886107103, 0.01647526910217644, 0.0005151037363744422]], "M_G2C8_M M_G2C8H1_M": [[-0.18087726088103012, 0.015921834139467825, 0.0004978004428522866]], "M_G2C8_M M_G2C8H2_M": [[-0.1806779541796766, 0.015948472612490123, 0.0004986333019030249]], "M_G2C9_M M_G2C9H1_M": [[-0.10307963407020626, 0.014813088601313239, 0.0004631352142693755]], "M_G2C9_M M_G2C9H2_M": [[-0.10324960733450503, 0.016157736955323382, 0.000505176008077646]], "M_G2C10_M M_G2C10H1_M": [[-0.05643032325771857, 0.0168550285511436, 0.0005269770180715915]], "M_G2C11_M M_G2C11H1_M": [[-0.053639827793607375, 0.01546633944270276, 0.0004835592781861852]], "M_G2C12_M M_G2C12H1_M": [[-0.08646221136324914, 0.01555032879710611, 0.0004861852280265509]], "M_G2C12_M M_G2C12H2_M": [[-0.087707042206602, 0.015058319239790638, 0.00047080241638727664]], "M_G2C13_M M_G2C13H1_M": [[-0.1325785756927673, 0.014858636604127359, 0.00046455928487413716]], "M_G2C13_M M_G2C13H2_M": [[-0.1318120588267836, 0.01485599393988713, 0.00046447666126321564]], "M_G2C14_M M_G2C14H1_M": [[-0.14119609026754631, 0.014843084737943256, 0.0004640730515792911]], "M_G2C14_M M_G2C14H2_M": [[-0.14049288062611304, 0.015613053206699827, 0.0004881463236264605]], "M_G2C15_M M_G2C15H1_M": [[-0.14613093945068695, 0.0149313619030874, 0.00046683306098006534]], "M_G2C15_M M_G2C15H2_M": [[-0.1462757883302257, 0.015029187101044466, 0.0004698915922044565]], "M_G2C16_M M_G2C16H1_M": [[-0.1362448679351908, 0.014879448436877815, 0.00046520997244373465]], "M_G2C16_M M_G2C16H2_M": [[-0.13649546162724885, 0.014421689762944168, 0.0004508980239202424]], "M_G2C17_M M_G2C17H1_M": [[-0.12556066835713553, 0.014137722376000528, 0.0004420197069036279]], "M_G2C17_M M_G2C17H2_M": [[-0.12539830444891015, 0.014225196602329146, 0.0004447546122055621]], "M_G2C18_M M_G2C18H1_M": [[-0.09917408900776122, 0.014164672729656103, 0.0004428623169865652]], "M_G2C18_M M_G2C18H2_M": [[-0.10035153977083558, 0.01513291186190201, 0.00047313457485566]], "M_G2C19_M M_G2C19H1_M": [[-0.034441309947703745, 0.014703252703997733, 0.0004597011652869657]], "M_G2C19_M M_G2C19H2_M": [[-0.034246681652808746, 0.01466737856675083, 0.00045857955070085566]], "M_G2C19_M M_G2C19H3_M": [[-0.0338757097871597, 0.014572394103003325, 0.0004556098357984509]], "M_G3_M M_G3H1_M": [[-0.24235259207675758, 0.016089151980684144, 0.0005030316803293878]], "M_G3_M M_G3H2_M": [[-0.2222158669883454, 0.019551513896800057, 0.0006112833603845728]], "M_G3C4_M M_G3C4H1_M": [[0.03349321059163876, 0.01769841238297645, 0.0005533456412655826]], "M_G3C4_M M_G3C4H2_M": [[0.033040512935129225, 0.017071414972589002, 0.0005337423979567976]], "M_G3C5_M M_G3C5H1_M": [[-0.07673238702149321, 0.015382722923640391, 0.00048094498514341104]], "M_G3C5_M M_G3C5H2_M": [[-0.07819727073108529, 0.015937616671866814, 0.000498293887988615]], "M_G3N6C1_M M_G3N6C1H1_M": [[0.012199354647226029, 0.014966638668212738, 0.00046793599856551966]], "M_G3N6C1_M M_G3N6C1H2_M": [[0.011748977994493951, 0.01451310362682483, 0.00045375610305384105]], "M_G3N6C1_M M_G3N6C1H3_M": [[0.011744285535906424, 0.014973268585186616, 0.0004681432847096134]], "M_G3N6C2_M M_G3N6C2H1_M": [[0.012081236558062139, 0.015562041396216694, 0.0004865514255998409]], "M_G3N6C2_M M_G3N6C2H2_M": [[0.011120799175859692, 0.015690882184174398, 0.0004905796676190061]], "M_G3N6C2_M M_G3N6C2H3_M": [[0.011361440674723718, 0.015268798026768922, 0.00047738309248596036]], "M_G3N6C3_M M_G3N6C3H1_M": [[0.011159289316429028, 0.014835757918869494, 0.000463843976602899]],