{"-25.026596069335938": [0.0005122400870098164, 0.0, 0.0], "-23.450045305271537": [0.004743494072651169, 0.0, 0.0], "-21.873494541207137": [0.02612776758924037, 0.0, 0.0], "-20.296943777142737": [0.0869994876755988, 0.0, 0.0], "-18.72039301307834": [0.17788669276727676, 0.0, 0.0], "-17.14384224901394": [0.24935356396439054, 0.0, 0.0], "-15.56729148494954": [0.2817127631531537, 0.0, 0.0], "-13.99074072088514": [0.2947057866187261, 0.0, 0.0], "-12.41418995682074": [0.3005256865073487, 0.0, 0.0], "-10.83763919275634": [0.3041769356459861, 0.0, 0.0], "-9.261088428691941": [0.3059350360585783, 0.0, 0.0], "-7.684537664627541": [0.30507967432761773, 1.6283833524342637e-06, 0.0], "-6.107986900563141": [0.30516332712732225, 7.840873628520265e-05, 0.0], "-4.5314361364987406": [0.3138733571627579, 0.0012285245932015724, 0.0], "-2.954885372434344": [0.3357971518551136, 0.008095887163604213, 0.0], "-1.3783346083699435": [0.36371733616800117, 0.02691539005672655, 0.0], "0.19821615569445683": [0.37400849084926174, 0.055070471021388054, 0.0], "1.7747669197588571": [0.38119382608742586, 0.07972923025850419, 0.0], "3.3513176838232575": [0.37880332640506287, 0.10167232966098777, 0.0], "4.927868447887654": [0.33742905631807063, 0.14175266666900582, 0.0], "6.5044192119520545": [0.21367510277643045, 0.21153483609878632, 0.0], "8.080969976016455": [0.08695352588795881, 0.28020287726446125, 0.0], "9.657520740080855": [0.025095756758587932, 0.31977875460094546, 0.0], "11.234071504145255": [0.005337476295368946, 0.32994736820605103, 0.0], "12.810622268209656": [0.0007014954781003642, 0.3322644844567157, 0.0], "14.387173032274056": [4.380806639660915e-05, 0.33117136893193305, 0.0], "15.963723796338456": [1.0570987512570066e-07, 0.3304994717077954, 0.0], "17.54027456040285": [0.0, 0.33018344399609634, 0.0], "19.11682532446725": [0.0, 0.3300439175531201, 0.0], "20.69337608853165": [0.0, 0.3302427627247382, 0.0], "22.26992685259605": [0.0, 0.3303590646938328, 0.0], "23.84647761666045": [0.0, 0.33031110054883445, 0.0], "25.42302838072485": [0.0, 0.33053126090162077, 0.0], "26.99957914478925": [0.0, 0.32997347224411117, 0.0], "28.576129908853652": [0.0, 0.3303493416254154, 0.0], "30.152680672918052": [0.0, 0.32974673377411656, 0.0], "31.729231436982452": [0.0, 0.3307561078216342, 0.0], "33.30578220104685": [0.0, 0.330178913083768, 0.0], "34.882332965111246": [0.0, 0.3305839245319715, 0.0], "36.458883729175646": [0.0, 0.3297939129217238, 0.0], "38.03543449324005": [0.0, 0.330396767108391, 0.0], "39.611985257304454": [0.0, 0.32974096139869485, 0.0], "41.18853602136885": [0.0, 0.33083565148927363, 0.0], "42.76508678543324": [0.0, 0.3297787513618489, 0.0], "44.34163754949765": [0.0, 0.33026080685045495, 0.0], "45.91818831356204": [0.0, 0.32977267772330165, 0.0], "47.49473907762645": [0.0, 0.3304054399911159, 0.0], "49.07128984169084": [0.0, 0.3297018249415398, 0.0], "50.64784060575525": [0.0, 0.3310904319977452, 0.0], "52.22439136981964": [0.0, 0.3303009424786804, 0.0]}