{"M_G1_M M_G1H1_M": [[-0.22240907163109874, 0.03717039553877897, 0.0032983392438907196]], "M_G1_M M_G1H2_M": [[-0.004017136171305723, 0.05319077937858461, 0.004719918432250345]], "M_G1C3_M M_G1C3H1_M": [[-0.2228566181686872, 0.026193301782760414, 0.002324279684003315]], "M_G1C3_M M_G1C3H2_M": [[-0.2304536422628628, 0.02040831183004989, 0.001810944834858865]], "M_G1C4_M M_G1C4H1_M": [[-0.15819927834262945, 0.022876992516054576, 0.002030004822498475]], "M_G1C4_M M_G1C4H2_M": [[-0.15999797137135072, 0.01934636459027023, 0.0017167122552713696]], "M_G1C5_M M_G1C5H1_M": [[-0.20038546637281113, 0.02163478577324811, 0.0019197767985714843]], "M_G1C5_M M_G1C5H2_M": [[-0.1965278159684407, 0.020395668914283502, 0.0018098229574985349]], "M_G1C6_M M_G1C6H1_M": [[-0.19667560776425874, 0.02028558587603887, 0.0018000546674422672]], "M_G1C6_M M_G1C6H2_M": [[-0.1948551463639019, 0.02146911874417327, 0.0019050762269069656]], "M_G1C7_M M_G1C7H1_M": [[-0.20893800443872534, 0.020544151371014632, 0.0018229986449499814]], "M_G1C7_M M_G1C7H2_M": [[-0.20690941010417527, 0.02083690928758639, 0.0018489767092452862]], "M_G1C8_M M_G1C8H1_M": [[-0.1947299983171013, 0.020629562092098853, 0.0018305776208827822]], "M_G1C8_M M_G1C8H2_M": [[-0.19520245533550828, 0.020411061440730842, 0.0018111888233524756]], "M_G1C9_M M_G1C9H1_M": [[-0.19355178219676747, 0.01998572230964639, 0.0017734460786847572]], "M_G1C9_M M_G1C9H2_M": [[-0.19319844699776875, 0.01944892300610333, 0.0017258128430598602]], "M_G1C10_M M_G1C10H1_M": [[-0.1744377961726705, 0.018675369433979412, 0.0016571710632992357]], "M_G1C10_M M_G1C10H2_M": [[-0.1747086822190637, 0.020229762708853915, 0.0017951011623644876]], "M_G1C11_M M_G1C11H1_M": [[-0.16764584333658783, 0.017967428029286112, 0.001594351421925257]], "M_G1C11_M M_G1C11H2_M": [[-0.1661752109140884, 0.017807218446863417, 0.0015801351203418954]], "M_G1C12_M M_G1C12H1_M": [[-0.14685121103634163, 0.01611565448603742, 0.00143003309116863]], "M_G1C12_M M_G1C12H2_M": [[-0.14645481495374918, 0.016304954038563316, 0.0014468307101849712]], "M_G1C13_M M_G1C13H1_M": [[-0.13591026004639523, 0.015693434127310765, 0.0013925670927962196]], "M_G1C13_M M_G1C13H2_M": [[-0.1351883449820649, 0.014434491818625677, 0.0012808540275371133]], "M_G1C14_M M_G1C14H1_M": [[-0.11289468150824625, 0.013814497142308724, 0.001225838396353795]], "M_G1C14_M M_G1C14H2_M": [[-0.11336393259287839, 0.013110470983286517, 0.0011633661768530369]], "M_G1C15_M M_G1C15H1_M": [[-0.09775031776977358, 0.010970228684765113, 0.0009734503833209696]], "M_G1C15_M M_G1C15H2_M": [[-0.09732957080095006, 0.011041824977860807, 0.0009798035269938223]], "M_G1C16_M M_G1C16H1_M": [[-0.06876508902889743, 0.00791070263573741, 0.0007019613477876799]], "M_G1C16_M M_G1C16H2_M": [[-0.06885999968525867, 0.008771520819798756, 0.0007783466096927394]], "M_G1C17_M M_G1C17H1_M": [[-0.022117042132113178, 0.004718740460335348, 0.000418720506372376]], "M_G1C17_M M_G1C17H2_M": [[-0.02192558712611504, 0.004061005209401426, 0.0003603559407335104]], "M_G1C17_M M_G1C17H3_M": [[-0.0222338118296068, 0.004382837447181035, 0.00038891393384687944]], "M_G2_M M_G2H1_M": [[-0.21517777275331074, 0.045322685179539954, 0.0040217379718282]], "M_G2C3_M M_G2C3H1_M": [[-0.2228566181686872, 0.026193301782760414, 0.002324279684003315]], "M_G2C3_M M_G2C3H2_M": [[-0.2304536422628628, 0.02040831183004989, 0.001810944834858865]], "M_G2C4_M M_G2C4H1_M": [[-0.15819927834262945, 0.022876992516054576, 0.002030004822498475]], "M_G2C4_M M_G2C4H2_M": [[-0.15999797137135072, 0.01934636459027023, 0.0017167122552713696]], "M_G2C5_M M_G2C5H1_M": [[-0.20038546637281113, 0.02163478577324811, 0.0019197767985714843]], "M_G2C5_M M_G2C5H2_M": [[-0.1965278159684407, 0.020395668914283502, 0.0018098229574985349]], "M_G2C6_M M_G2C6H1_M": [[-0.19667560776425874, 0.02028558587603887, 0.0018000546674422672]], "M_G2C6_M M_G2C6H2_M": [[-0.1948551463639019, 0.02146911874417327, 0.0019050762269069656]], "M_G2C7_M M_G2C7H1_M": [[-0.20893800443872534, 0.020544151371014632, 0.0018229986449499814]], "M_G2C7_M M_G2C7H2_M": [[-0.20690941010417527, 0.02083690928758639, 0.0018489767092452862]], "M_G2C8_M M_G2C8H1_M": [[-0.1947299983171013, 0.020629562092098853, 0.0018305776208827822]], "M_G2C8_M M_G2C8H2_M": [[-0.19520245533550828, 0.020411061440730842, 0.0018111888233524756]], "M_G2C9_M M_G2C9H1_M": [[-0.19355178219676747, 0.01998572230964639, 0.0017734460786847572]], "M_G2C9_M M_G2C9H2_M": [[-0.19319844699776875, 0.01944892300610333, 0.0017258128430598602]], "M_G2C10_M M_G2C10H1_M": [[-0.1744377961726705, 0.018675369433979412, 0.0016571710632992357]], "M_G2C11_M M_G2C11H1_M": [[-0.16764584333658783, 0.017967428029286112, 0.001594351421925257]], "M_G2C12_M M_G2C12H1_M": [[-0.14685121103634163, 0.01611565448603742, 0.00143003309116863]], "M_G2C12_M M_G2C12H2_M": [[-0.14645481495374918, 0.016304954038563316, 0.0014468307101849712]], "M_G2C13_M M_G2C13H1_M": [[-0.13591026004639523, 0.015693434127310765, 0.0013925670927962196]], "M_G2C13_M M_G2C13H2_M": [[-0.1351883449820649, 0.014434491818625677, 0.0012808540275371133]], "M_G2C14_M M_G2C14H1_M": [[-0.11289468150824625, 0.013814497142308724, 0.001225838396353795]], "M_G2C14_M M_G2C14H2_M": [[-0.11336393259287839, 0.013110470983286517, 0.0011633661768530369]], "M_G2C15_M M_G2C15H1_M": [[-0.09775031776977358, 0.010970228684765113, 0.0009734503833209696]], "M_G2C15_M M_G2C15H2_M": [[-0.09732957080095006, 0.011041824977860807, 0.0009798035269938223]], "M_G2C16_M M_G2C16H1_M": [[-0.06876508902889743, 0.00791070263573741, 0.0007019613477876799]], "M_G2C16_M M_G2C16H2_M": [[-0.06885999968525867, 0.008771520819798756, 0.0007783466096927394]], "M_G2C17_M M_G2C17H1_M": [[-0.022117042132113178, 0.004718740460335348, 0.000418720506372376]], "M_G2C17_M M_G2C17H2_M": [[-0.02192558712611504, 0.004061005209401426, 0.0003603559407335104]], "M_G2C18_M M_G2C18H1_M": [[-0.06415350425384536, 0.008296425110913544, 0.0007361886827052437]], "M_G2C18_M M_G2C18H2_M": [[-0.06301032556428465, 0.007209571061909291, 0.0006397459811883253]], "M_G2C19_M M_G2C19H1_M": [[-0.02089058849541013, 0.004132636183926469, 0.00036671216188557205]], "M_G2C19_M M_G2C19H2_M": [[-0.020974951276010054, 0.0043704675775293345, 0.00038781628541127293]], "M_G2C19_M M_G2C19H3_M": [[-0.020638634197811437, 0.0047397272994670414, 0.00042058278720393373]], "M_G3_M M_G3H1_M": [[-0.15057680676130553, 0.048845431613519306, 0.004334331169749599]], "M_G3_M M_G3H2_M": [[-0.1608221079663738, 0.040175686784202726, 0.0035650157188225227]], "M_G3C4_M M_G3C4H1_M": [[-0.018222678998578316, 0.020623588814637703, 0.0018300475782190122]], "M_G3C4_M M_G3C4H2_M": [[-0.01785717054886926, 0.01710214768800434, 0.0015175702075946392]], "M_G3C5_M M_G3C5H1_M": [[-0.05484845163718801, 0.015819521017188178, 0.0014037554950446951]], "M_G3C5_M M_G3C5H2_M": [[-0.058180297024249664, 0.012191441330369118, 0.0010818154823667684]], "M_G3N6C1_M M_G3N6C1H1_M": [[0.011472210222728239, 0.0047561640228390096, 0.00042204131055169255]], "M_G3N6C1_M M_G3N6C1H2_M": [[0.010797237496828429, 0.004450912948165126, 0.00039495465773987904]], "M_G3N6C1_M M_G3N6C1H3_M": [[0.010400812801445657, 0.00518780025260596, 0.0004603428323700458]], "M_G3N6C2_M M_G3N6C2H1_M": [[0.0105171810605704, 0.004640549557611455, 0.00041178218572145923]], "M_G3N6C2_M M_G3N6C2H2_M": [[0.010782720463018026, 0.004534971143098917, 0.00040241361638430586]], "M_G3N6C2_M M_G3N6C2H3_M": [[0.011405983896415478, 0.004907069036560853, 0.00043543196517465316]], "M_G3N6C3_M M_G3N6C3H1_M": [[0.010598382590752766, 0.005091376652350345, 0.00045178662143523007]], "M_G3N6C3_M M_G3N6C3H2_M": [[0.011372269445135027, 0.004995504261942917, 0.00044327932246509866]], "M_G3N6C3_M M_G3N6C3H3_M": [[0.011194250450538592, 0.004719500945022048, 0.00041878798847608153]]}