{"M_G1_M M_G1H1_M": [[-0.180875208280303, 0.02907354961827999, 0.0020609692887275963]], "M_G1_M M_G1H2_M": [[-0.043359262740602554, 0.03460360777030953, 0.0024529847173852836]], "M_G1C3_M M_G1C3H1_M": [[-0.2329853822542201, 0.02139308558416418, 0.0015165156287748763]], "M_G1C3_M M_G1C3H2_M": [[-0.1978131191126205, 0.024842012669363017, 0.0017610035875890403]], "M_G1C4_M M_G1C4H1_M": [[-0.16606902515109792, 0.01674172644068269, 0.0011867895213191063]], "M_G1C4_M M_G1C4H2_M": [[-0.15326542240278423, 0.01709867762609819, 0.0012120931199637558]], "M_G1C5_M M_G1C5H1_M": [[-0.1953841439748912, 0.015057362479782753, 0.0010673881258915702]], "M_G1C5_M M_G1C5H2_M": [[-0.1944195260398169, 0.014286303366788487, 0.001012729194576367]], "M_G1C6_M M_G1C6H1_M": [[-0.19492999525559732, 0.014868974095694442, 0.0010540336274193608]], "M_G1C6_M M_G1C6H2_M": [[-0.1930122480695045, 0.014089770899349504, 0.000998797377342226]], "M_G1C7_M M_G1C7H1_M": [[-0.20736227339251095, 0.014352309290098206, 0.001017408230421715]], "M_G1C7_M M_G1C7H2_M": [[-0.20589518095329504, 0.013805577321921515, 0.0009786514287799478]], "M_G1C8_M M_G1C8H1_M": [[-0.19536381565805447, 0.014294027988655936, 0.00101327677850213]], "M_G1C8_M M_G1C8H2_M": [[-0.19446735492832773, 0.014273371775459811, 0.001011812498371992]], "M_G1C9_M M_G1C9H1_M": [[-0.19378282988833326, 0.01388003301233601, 0.0009839294527340234]], "M_G1C9_M M_G1C9H2_M": [[-0.19334677923708513, 0.013864710821073854, 0.0009828432913934948]], "M_G1C10_M M_G1C10H1_M": [[-0.17503395272920586, 0.014218832813175835, 0.0010079463338416152]], "M_G1C10_M M_G1C10H2_M": [[-0.17579969804199166, 0.013463449277948937, 0.0009543986147721053]], "M_G1C11_M M_G1C11H1_M": [[-0.16694115647277386, 0.013279812396423984, 0.0009413809413861671]], "M_G1C11_M M_G1C11H2_M": [[-0.16764533505343934, 0.012912909573859557, 0.000915371889888124]], "M_G1C12_M M_G1C12H1_M": [[-0.14697832131639096, 0.012815839652274405, 0.0009084907855897893]], "M_G1C12_M M_G1C12H2_M": [[-0.1468836377070529, 0.012787377571700216, 0.0009064731621923417]], "M_G1C13_M M_G1C13H1_M": [[-0.13587636534316783, 0.012229133332725704, 0.0008669002773110204]], "M_G1C13_M M_G1C13H2_M": [[-0.13576228159238393, 0.012188455764335911, 0.0008640167209413238]], "M_G1C14_M M_G1C14H1_M": [[-0.11485365398694208, 0.010857394952682746, 0.0007696603217309169]], "M_G1C14_M M_G1C14H2_M": [[-0.11501337400486372, 0.010831582204331988, 0.0007678305045153707]], "M_G1C15_M M_G1C15H1_M": [[-0.0996786103273073, 0.008984492842552982, 0.0006368938112617727]], "M_G1C15_M M_G1C15H2_M": [[-0.09978996654078649, 0.00906925761533321, 0.0006429026266888433]], "M_G1C16_M M_G1C16H1_M": [[-0.07249805616194986, 0.0071663457351477345, 0.0005080087800237874]], "M_G1C16_M M_G1C16H2_M": [[-0.073118088507494, 0.006790259202802807, 0.00048134871260017964]], "M_G1C17_M M_G1C17H1_M": [[-0.02408946059465946, 0.003214972743505109, 0.00022790337524848572]], "M_G1C17_M M_G1C17H2_M": [[-0.023787284267053, 0.0033289539250113925, 0.00023598328697793053]], "M_G1C17_M M_G1C17H3_M": [[-0.024037258510405522, 0.003324256000372257, 0.00023565025993000768]], "M_G2_M M_G2H1_M": [[-0.20000300997918197, 0.029548262943081438, 0.002094620824099473]], "M_G2C3_M M_G2C3H1_M": [[-0.06412834885486515, 0.02501493881071211, 0.0017732619967347387]], "M_G2C3_M M_G2C3H2_M": [[-0.10207361182055841, 0.020075165953908864, 0.0014230907832149234]], "M_G2C4_M M_G2C4H1_M": [[-0.19397099490369935, 0.01970404125285594, 0.0013967824506858479]], "M_G2C4_M M_G2C4H2_M": [[-0.20172724014353896, 0.019396104573460658, 0.0013749533982502487]], "M_G2C5_M M_G2C5H1_M": [[-0.1924203554666559, 0.01853107538502368, 0.0013136331049035898]], "M_G2C5_M M_G2C5H2_M": [[-0.1943168455849012, 0.018217811775705636, 0.0012914264364177262]], "M_G2C6_M M_G2C6H1_M": [[-0.2033709255637291, 0.019369484870756997, 0.0013730663775572952]], "M_G2C6_M M_G2C6H2_M": [[-0.20103025798644347, 0.018830388896771483, 0.0013348508771918958]], "M_G2C7_M M_G2C7H1_M": [[-0.18114124762852363, 0.01778551585433029, 0.0012607817910512517]], "M_G2C7_M M_G2C7H2_M": [[-0.17885273415955655, 0.017874187869096593, 0.0012670675835190573]], "M_G2C8_M M_G2C8H1_M": [[-0.17161225272660713, 0.01720202274146037, 0.0012194190609547224]], "M_G2C8_M M_G2C8H2_M": [[-0.17037172821165647, 0.01706291019508224, 0.0012095576340038917]], "M_G2C9_M M_G2C9H1_M": [[-0.09907513699374731, 0.01615886493235867, 0.0011454715644817358]], "M_G2C9_M M_G2C9H2_M": [[-0.09968740197743084, 0.016262991161662108, 0.0011528528771718952]], "M_G2C10_M M_G2C10H1_M": [[-0.05338134442659877, 0.01996294360377817, 0.001415135551735972]], "M_G2C11_M M_G2C11H1_M": [[-0.03923922047024245, 0.015158475294014102, 0.0010745558232509804]], "M_G2C12_M M_G2C12H1_M": [[-0.06903312119309404, 0.013790664221259966, 0.000977594267103211]], "M_G2C12_M M_G2C12H2_M": [[-0.06926857997542536, 0.01484387725564547, 0.001052254559597779]], "M_G2C13_M M_G2C13H1_M": [[-0.10690240399883084, 0.014036693070685401, 0.0009950347898279625]], "M_G2C13_M M_G2C13H2_M": [[-0.10764635160606638, 0.013014070807946435, 0.0009225430196400876]], "M_G2C14_M M_G2C14H1_M": [[-0.11219099541407652, 0.012747824953469199, 0.000903669351425058]], "M_G2C14_M M_G2C14H2_M": [[-0.11251717794185527, 0.01248708655763592, 0.0008851860966020344]], "M_G2C15_M M_G2C15H1_M": [[-0.11632641910171763, 0.012128409222616357, 0.0008597601344562497]], "M_G2C15_M M_G2C15H2_M": [[-0.1164209182868991, 0.011974622472468747, 0.0008488584807803544]], "M_G2C16_M M_G2C16H1_M": [[-0.1050914488980869, 0.010594905848779711, 0.0007510529625032828]], "M_G2C16_M M_G2C16H2_M": [[-0.1046223895649219, 0.010469848556964314, 0.0007421878861315649]], "M_G2C17_M M_G2C17H1_M": [[-0.09421706403250717, 0.009013872401294754, 0.0006389764729621207]], "M_G2C17_M M_G2C17H2_M": [[-0.09422820680359648, 0.008791587443501583, 0.0006232191100885557]], "M_G2C18_M M_G2C18H1_M": [[-0.07204048667864874, 0.0069156091059712635, 0.000490234531640753]], "M_G2C18_M M_G2C18H2_M": [[-0.07184338468325553, 0.006952026072515646, 0.000492816061953426]], "M_G2C19_M M_G2C19H1_M": [[-0.02272144718867099, 0.003219106686953519, 0.00022819642272980026]], "M_G2C19_M M_G2C19H2_M": [[-0.022609268291418246, 0.0036105309323668563, 0.0002559437518056088]], "M_G2C19_M M_G2C19H3_M": [[-0.02205098606731436, 0.003165112833187099, 0.00022436889991770187]], "M_G3_M M_G3H1_M": [[-0.23153835258492791, 0.029419730155396, 0.0020855093763577194]], "M_G3_M M_G3H2_M": [[-0.2531120549118694, 0.022861823879085003, 0.0016206317260094125]], "M_G3C4_M M_G3C4H1_M": [[0.04811990992743992, 0.021313185106719652, 0.0015108516341017144]], "M_G3C4_M M_G3C4H2_M": [[0.043103494151341376, 0.02044424126078863, 0.0014492538380428983]], "M_G3C5_M M_G3C5H1_M": [[-0.04829250331239515, 0.019443344603642783, 0.0013783021552022622]], "M_G3C5_M M_G3C5H2_M": [[-0.05408133482526702, 0.021059212176181397, 0.0014928479703977687]], "M_G3N6C1_M M_G3N6C1H1_M": [[0.009116240676497972, 0.00908814612311201, 0.0006442415975043478]], "M_G3N6C1_M M_G3N6C1H2_M": [[0.008660424936705116, 0.009433292959373046, 0.0006687084080237016]], "M_G3N6C1_M M_G3N6C1H3_M": [[0.010610149361539785, 0.010394674215394249, 0.0007368589183477754]], "M_G3N6C2_M M_G3N6C2H1_M": [[0.008302927709770652, 0.009401110550801502, 0.0006664270575668749]], "M_G3N6C2_M M_G3N6C2H2_M": [[0.009008458703936123, 0.009949046331265275, 0.0007052691951991092]], "M_G3N6C2_M M_G3N6C2H3_M": [[0.008778838956868045, 0.010091685402093212, 0.0007153806108400869]], "M_G3N6C3_M M_G3N6C3H1_M": [[0.010598250755203827, 0.010190070099284089, 0.0007223549171099917]], "M_G3N6C3_M M_G3N6C3H2_M": [[0.010029109687724835, 0.010321299894670713, 0.0007316575506586586]], "M_G3N6C3_M M_G3N6C3H3_M": [[0.007915479385442886, 0.009789251738767534, 0.0006939416568707477]]}