{
    "10.1021/acs.jpcb.4c04719": {
        "M_G1_M M_G1H1_M": [-0.180875, 0.0290735, 0.00206097, -0.155, 0.02, 0.0931005],
        "M_G1_M M_G1H2_M": [-0.0433593, 0.0346036, 0.00245298, 0, 0.02, 0.0209867],
        "M_G1C3_M M_G1C3H1_M": [-0.232985, 0.0213931, 0.00151652, -0.209, 0.02, 0.104767],
        "M_G1C3_M M_G1C3H2_M": [-0.197813, 0.024842, 0.001761, -0.209, 0.02, 0.919269],
        "M_G1C4_M M_G1C4H1_M": [-0.166069, 0.0167417, 0.00118679, -0.197, 0.02, 0.0270086],
        "M_G1C4_M M_G1C4H2_M": [-0.153265, 0.0170987, 0.00121209, -0.197, 0.02, 0.0101887],
        "M_G1C5_M M_G1C5H1_M": [-0.195384, 0.0150574, 0.00106739, -0.209, 0.02, 0.937165],
        "M_G1C5_M M_G1C5H2_M": [-0.19442, 0.0142863, 0.00101273, -0.209, 0.02, 0.931877],
        "M_G1C6_M M_G1C6H1_M": [-0.19493, 0.014869, 0.00105403, -0.206, 0.02, 0.951808],
        "M_G1C6_M M_G1C6H2_M": [-0.193012, 0.0140898, 0.000998797, -0.206, 0.02, 0.945329],
        "M_G1C7_M M_G1C7H1_M": [-0.207362, 0.0143523, 0.00101741, -0.211, 0.02, 0.966541],
        "M_G1C7_M M_G1C7H2_M": [-0.205895, 0.0138056, 0.000978651, -0.211, 0.02, 0.966714],
        "M_G1C8_M M_G1C8H1_M": [-0.195364, 0.014294, 0.00101328, -0.206, 0.02, 0.955164],
        "M_G1C8_M M_G1C8H2_M": [-0.194467, 0.0142734, 0.00101181, -0.206, 0.02, 0.951932],
        "M_G1C9_M M_G1C9H1_M": [-0.193783, 0.01388, 0.000983929, -0.203, 0.02, 0.960319],
        "M_G1C9_M M_G1C9H2_M": [-0.193347, 0.0138647, 0.000982843, -0.203, 0.02, 0.959308],
        "M_G1C10_M M_G1C10H1_M": [-0.175034, 0.0142188, 0.00100795, -0.195, 0.02, 0.502692],
        "M_G1C10_M M_G1C10H2_M": [-0.1758, 0.0134634, 0.000954399, -0.195, 0.02, 0.714251],
        "M_G1C11_M M_G1C11H1_M": [-0.166941, 0.0132798, 0.000941381, -0.166, 0.02, 0.969991],
        "M_G1C11_M M_G1C11H2_M": [-0.167645, 0.0129129, 0.000915372, -0.166, 0.02, 0.970685],
        "M_G1C12_M M_G1C12H1_M": [-0.146978, 0.0128158, 0.000908491, -0.16, 0.02, 0.950037],
        "M_G1C12_M M_G1C12H2_M": [-0.146884, 0.0127874, 0.000906473, -0.16, 0.02, 0.949612],
        "M_G1C13_M M_G1C13H1_M": [-0.135876, 0.0122291, 0.0008669, -0.132, 0.02, 0.97135],
        "M_G1C13_M M_G1C13H2_M": [-0.135762, 0.0121885, 0.000864017, -0.132, 0.02, 0.97151],
        "M_G1C14_M M_G1C14H1_M": [-0.114854, 0.0108574, 0.00076966, -0.121, 0.02, 0.972967],
        "M_G1C14_M M_G1C14H2_M": [-0.115013, 0.0108316, 0.000767831, -0.121, 0.02, 0.973174],
        "M_G1C15_M M_G1C15H1_M": [-0.0996786, 0.00898449, 0.000636894, -0.107, 0.02, 0.976605],
        "M_G1C15_M M_G1C15H2_M": [-0.09979, 0.00906926, 0.000642903, -0.107, 0.02, 0.976494],
        "M_G1C16_M M_G1C16H1_M": [-0.0724981, 0.00716635, 0.000508009, -0.078, 0.02, 0.982511],
        "M_G1C16_M M_G1C16H2_M": [-0.0731181, 0.00679026, 0.000481349, -0.078, 0.02, 0.983712],
        "M_G1C17_M M_G1C17H1_M": [-0.0240895, 0.00321497, 0.000227903, -0.016, 0.02, 0.991327],
        "M_G1C17_M M_G1C17H2_M": [-0.0237873, 0.00332895, 0.000235983, -0.016, 0.02, 0.991147],
        "M_G1C17_M M_G1C17H3_M": [-0.0240373, 0.00332426, 0.00023565, -0.016, 0.02, 0.991055],
        "M_G2_M M_G2H1_M": [-0.200003, 0.0295483, 0.00209462, -0.2, 0.02, 0.933568],
        "M_G2C3_M M_G2C3H1_M": [-0.0641283, 0.0250149, 0.00177326, -0.081, 0.02, 0.820558],
        "M_G2C3_M M_G2C3H2_M": [-0.102074, 0.0200752, 0.00142309, -0.129, 0.02, 0.054852],
        "M_G2C4_M M_G2C4H1_M": [-0.193971, 0.019704, 0.00139678, -0.197, 0.02, 0.954578],
        "M_G2C4_M M_G2C4H2_M": [-0.201727, 0.0193961, 0.00137495, -0.197, 0.02, 0.953739],
        "M_G2C5_M M_G2C5H1_M": [-0.19242, 0.0185311, 0.00131363, -0.195, 0.02, 0.957545],
        "M_G2C5_M M_G2C5H2_M": [-0.194317, 0.0182178, 0.00129143, -0.195, 0.02, 0.958902],
        "M_G2C6_M M_G2C6H1_M": [-0.203371, 0.0193695, 0.00137307, -0.206, 0.02, 0.955601],
        "M_G2C6_M M_G2C6H2_M": [-0.20103, 0.0188304, 0.00133485, -0.206, 0.02, 0.954804],
        "M_G2C7_M M_G2C7H1_M": [-0.181141, 0.0177855, 0.00126078, -0.186, 0.02, 0.957426],
        "M_G2C7_M M_G2C7H2_M": [-0.178853, 0.0178742, 0.00126707, -0.186, 0.02, 0.953875],
        "M_G2C8_M M_G2C8H1_M": [-0.171612, 0.017202, 0.00121942, -0.178, 0.02, 0.956862],
        "M_G2C8_M M_G2C8H2_M": [-0.170372, 0.0170629, 0.00120956, -0.178, 0.02, 0.955051],
        "M_G2C9_M M_G2C9H1_M": [-0.0990751, 0.0161589, 0.00114547, -0.132, 0.02, 0.0212486],
        "M_G2C9_M M_G2C9H2_M": [-0.0996874, 0.016263, 0.00115285, -0.132, 0.02, 0.0227036],
        "M_G2C10_M M_G2C10H1_M": [-0.0533813, 0.0199629, 0.00141514, -0.118, 0.02, 0.00476939],
        "M_G2C11_M M_G2C11H1_M": [-0.0392392, 0.0151585, 0.00107456, -0.027, 0.02, 0.9456],
        "M_G2C12_M M_G2C12H1_M": [-0.0690331, 0.0137907, 0.000977594, -0.072, 0.02, 0.96821],
        "M_G2C12_M M_G2C12H2_M": [-0.0692686, 0.0148439, 0.00105225, -0.072, 0.02, 0.965904],
        "M_G2C13_M M_G2C13H1_M": [-0.106902, 0.0140367, 0.000995035, -0.118, 0.02, 0.954388],
        "M_G2C13_M M_G2C13H2_M": [-0.107646, 0.0130141, 0.000922543, -0.118, 0.02, 0.959979],
        "M_G2C14_M M_G2C14H1_M": [-0.112191, 0.0127478, 0.000903669, -0.121, 0.02, 0.964371],
        "M_G2C14_M M_G2C14H2_M": [-0.112517, 0.0124871, 0.000885186, -0.121, 0.02, 0.965694],
        "M_G2C15_M M_G2C15H1_M": [-0.116326, 0.0121284, 0.00085976, -0.112, 0.02, 0.971312],
        "M_G2C15_M M_G2C15H2_M": [-0.116421, 0.0119746, 0.000848858, -0.112, 0.02, 0.971614],
        "M_G2C16_M M_G2C16H1_M": [-0.105091, 0.0105949, 0.000751053, -0.112, 0.02, 0.972877],
        "M_G2C16_M M_G2C16H2_M": [-0.104622, 0.0104698, 0.000742188, -0.112, 0.02, 0.972678],
        "M_G2C17_M M_G2C17H1_M": [-0.0942171, 0.00901387, 0.000638976, -0.107, 0.02, 0.965688],
        "M_G2C17_M M_G2C17H2_M": [-0.0942282, 0.00879159, 0.000623219, -0.107, 0.02, 0.96657],
        "M_G2C18_M M_G2C18H1_M": [-0.0720405, 0.00691561, 0.000490235, -0.078, 0.02, 0.98288],
        "M_G2C18_M M_G2C18H2_M": [-0.0718434, 0.00695203, 0.000492816, -0.078, 0.02, 0.982677],
        "M_G2C19_M M_G2C19H1_M": [-0.0227214, 0.00321911, 0.000228196, -0.016, 0.02, 0.991812],
        "M_G2C19_M M_G2C19H2_M": [-0.0226093, 0.00361053, 0.000255944, -0.016, 0.02, 0.990855],
        "M_G2C19_M M_G2C19H3_M": [-0.022051, 0.00316511, 0.000224369, -0.016, 0.02, 0.992139],
        "M_G3_M M_G3H1_M": [-0.231538, 0.0294197, 0.00208551, -0.229, 0.02, 0.932792],
        "M_G3_M M_G3H2_M": [-0.253112, 0.0228618, 0.00162063, -0.229, 0.02, 0.107812],
        "M_G3C4_M M_G3C4H1_M": [0.0481199, 0.0213132, 0.00151085, 0.067, 0.02, 0.690678],
        "M_G3C4_M M_G3C4H2_M": [0.0431035, 0.0204442, 0.00144925, 0.067, 0.02, 0.102839],
        "M_G3C5_M M_G3C5H1_M": [-0.0482925, 0.0194433, 0.0013783, -0.03, 0.02, 0.772377],
        "M_G3C5_M M_G3C5H2_M": [-0.0540813, 0.0210592, 0.00149285, -0.03, 0.02, 0.100842],
        "M_G3N6C1_M M_G3N6C1H1_M": [0.00911624, 0.00908815, 0.000644242, 0.001, 0.02, 0.975468],
        "M_G3N6C1_M M_G3N6C1H2_M": [0.00866042, 0.00943329, 0.000668708, 0.001, 0.02, 0.975073],
        "M_G3N6C1_M M_G3N6C1H3_M": [0.0106101, 0.0103947, 0.000736859, 0.001, 0.02, 0.969543],
        "M_G3N6C2_M M_G3N6C2H1_M": [0.00830293, 0.00940111, 0.000666427, 0.001, 0.02, 0.97554],
        "M_G3N6C2_M M_G3N6C2H2_M": [0.00900846, 0.00994905, 0.000705269, 0.001, 0.02, 0.973287],
        "M_G3N6C2_M M_G3N6C2H3_M": [0.00877884, 0.0100917, 0.000715381, 0.001, 0.02, 0.973193],
        "M_G3N6C3_M M_G3N6C3H1_M": [0.0105983, 0.0101901, 0.000722355, 0.001, 0.02, 0.970163],
        "M_G3N6C3_M M_G3N6C3H2_M": [0.0100291, 0.0103213, 0.000731658, 0.001, 0.02, 0.970782],
        "M_G3N6C3_M M_G3N6C3H3_M": [0.00791548, 0.00978925, 0.000693942, 0.001, 0.02, 0.974929]
    }
}