{"headgroup": 0.6640681130193316, "tails": 0.7324390208826705, "total": 0.7096487182615575}