{"M_C3_M M_C3H3_M": [[-0.35305633972988465, 0.012596024714824579, 0.0022623128232427897]], "M_C4_M M_C4H41_M": [[-0.3040795057311544, 0.01318174541977865, 0.0023675113673594012]], "M_C4_M M_C4H42_M": [[-0.17658740900811526, 0.022424270892822375, 0.0040275179464355805]], "M_C6_M M_C6H6_M": [[-0.034970346854227174, 0.021658444742251964, 0.003889971509362379]], "M_C7_M M_C7H71_M": [[-0.26154601628215934, 0.013705503051839282, 0.0024615810150544794]], "M_C7_M M_C7H72_M": [[-0.31307765383412556, 0.013766704875932154, 0.0024725731871552696]], "M_C8_M M_C8H8_M": [[-0.3828843732749213, 0.013159467396732918, 0.002363510116301713]], "M_C14_M M_C14H14_M": [[-0.37886967649385467, 0.013327706933002345, 0.0023937268290262284]], "M_C15_M M_C15H151_M": [[-0.3529858527784523, 0.015344864531772189, 0.00275601902878889]], "M_C15_M M_C15H152_M": [[-0.30321767313085723, 0.018728520256352927, 0.0033637415371568394]], "M_C16_M M_C16H161_M": [[-0.06749240762284404, 0.016223195547283794, 0.0029137719361093358]], "M_C16_M M_C16H162_M": [[-0.1680262789759127, 0.015525366323496916, 0.0027884381076079836]], "M_C17_M M_C17H17_M": [[-0.37541627902050895, 0.013549448731353655, 0.0024335528316910752]], "M_C18_M M_C18H181_M": [[0.10412678729101708, 0.01619591909422284, 0.0029088729405191043]], "M_C18_M M_C18H182_M": [[0.1101032910657412, 0.017308963695230935, 0.003108781652252434]], "M_C18_M M_C18H183_M": [[0.10808495910486698, 0.014256599788696894, 0.0025605609109237613]], "M_C12_M M_C12H121_M": [[-0.1094563694140353, 0.02223721961325271, 0.003993922544873976]], "M_C12_M M_C12H122_M": [[-0.3740446862069261, 0.012895663015605976, 0.0023161294507534225]], "M_C11_M M_C11H111_M": [[-0.3767067816263671, 0.012939334974475043, 0.002323973166116202]], "M_C11_M M_C11H112_M": [[-0.20138479241661678, 0.014117213302577177, 0.0025355263589857784]], "M_C9_M M_C9H9_M": [[-0.37827704735192313, 0.013138762769074525, 0.0023597914553977755]], "M_C19_M M_C19H191_M": [[0.10516955185842441, 0.016070077407242655, 0.002886271106321469]], "M_C19_M M_C19H192_M": [[0.11546259077819815, 0.017095384067207755, 0.0030704216186545645]], "M_C19_M M_C19H193_M": [[0.10663100193954725, 0.01711505641908828, 0.0030739548773556437]], "M_C1_M M_C1H11_M": [[-0.19044845953653866, 0.02069312992175962, 0.00371659584947693]], "M_C1_M M_C1H12_M": [[-0.34612729699231337, 0.013025046787931899, 0.0023393674622593833]], "M_C2_M M_C2H21_M": [[-0.20810992383615431, 0.014130024506942179, 0.0025378273192150813]], "M_C2_M M_C2H22_M": [[-0.33073682822244005, 0.012688500573763554, 0.0022789219778177098]], "M_C20_M M_C20H20_M": [[-0.3597484250216124, 0.012684875322614003, 0.0022782708634900718]], "M_C21_M M_C21H211_M": [[0.09706165688560411, 0.014546791131008435, 0.0026126808146051807]], "M_C21_M M_C21H212_M": [[0.09477815322057004, 0.01688604586987183, 0.003032823368496305]], "M_C21_M M_C21H213_M": [[0.0911341999810455, 0.014505853246741822, 0.0026053281535371384]], "M_C22_M M_C22H221_M": [[-0.18684926487983142, 0.02466755191671898, 0.0044304231122634635]], "M_C22_M M_C22H222_M": [[-0.32488579541396767, 0.015426031586750504, 0.002770597062212894]], "M_C23_M M_C23H231_M": [[-0.1444259036648703, 0.021277897635583003, 0.003821623231333685]], "M_C23_M M_C23H232_M": [[-0.30736399436848166, 0.01555795630064855, 0.002794291440297349]], "M_C24_M M_C24H241_M": [[-0.1601769936118564, 0.01997109120514859, 0.0035869138677049805]], "M_C24_M M_C24H242_M": [[-0.25922077606510713, 0.0148578235778008, 0.00266854389115145]], "M_C25_M M_C25H25_M": [[-0.13829429561619644, 0.013250701428866243, 0.0023798962321981395]], "M_C26_M M_C26H261_M": [[0.009567424628544298, 0.01820078803283083, 0.003268958031761892]], "M_C26_M M_C26H262_M": [[0.011713482755449155, 0.01459156954745914, 0.00262072325561609]], "M_C26_M M_C26H263_M": [[0.00926426036655251, 0.014726469062976866, 0.0026449519238439167]], "M_C27_M M_C27H271_M": [[0.004581565609504794, 0.016066091467858964, 0.002885555210474601]], "M_C27_M M_C27H272_M": [[0.0038812412096846725, 0.015316661280925981, 0.00275095357540252]], "M_C27_M M_C27H273_M": [[0.003773651075054148, 0.015623776624778277, 0.002806113119492168]]}