{"M_G1_M M_G1H1_M": [[-0.08417855320840509, 0.05365248589298262, 0.0033598489943289025]], "M_G1_M M_G1H2_M": [[0.09685891841848634, 0.03959152696014726, 0.0024793175903596804]], "M_G1C3_M M_G1C3H1_M": [[-0.13494959720994815, 0.0353162565027588, 0.002211589769222143]], "M_G1C3_M M_G1C3H2_M": [[-0.09421843222642182, 0.032632917656274955, 0.002043552572534084]], "M_G1C4_M M_G1C4H1_M": [[-0.15219273232043218, 0.025357331575482384, 0.0015879376989667534]], "M_G1C4_M M_G1C4H2_M": [[-0.10943682342409247, 0.027383776381994095, 0.0017148385952048513]], "M_G1C5_M M_G1C5H1_M": [[-0.22347081595377577, 0.02236952178055496, 0.001400833791894184]], "M_G1C5_M M_G1C5H2_M": [[-0.21260263029924412, 0.022637752302240435, 0.0014176310387231728]], "M_G1C6_M M_G1C6H1_M": [[-0.22118173422162524, 0.021125557705531206, 0.0013229337397924698]], "M_G1C6_M M_G1C6H2_M": [[-0.21628763918890812, 0.022811029148918006, 0.001428482055770386]], "M_G1C7_M M_G1C7H1_M": [[-0.24775388334136825, 0.020217287297006368, 0.001266055640523261]], "M_G1C7_M M_G1C7H2_M": [[-0.24495348728425625, 0.020940811918462567, 0.0013113645098386671]], "M_G1C8_M M_G1C8H1_M": [[-0.23880782031431427, 0.021635153237629285, 0.0013548458498752977]], "M_G1C8_M M_G1C8H2_M": [[-0.23570005952366832, 0.02181295214849796, 0.0013659800495667423]], "M_G1C9_M M_G1C9H1_M": [[-0.24321605968555413, 0.021619886332403596, 0.0013538897991850955]], "M_G1C9_M M_G1C9H2_M": [[-0.2402567412035514, 0.021738878797121573, 0.0013613413963713445]], "M_G1C10_M M_G1C10H1_M": [[-0.22647441564166815, 0.020946313006809096, 0.0013117090013536673]], "M_G1C10_M M_G1C10H2_M": [[-0.22481160087441351, 0.022884051441302348, 0.0014330548890985656]], "M_G1C11_M M_G1C11H1_M": [[-0.21952223070986904, 0.02107294909301331, 0.0013196392606845703]], "M_G1C11_M M_G1C11H2_M": [[-0.21815274985039235, 0.022096963283611114, 0.0013837655167413948]], "M_G1C12_M M_G1C12H1_M": [[-0.19801188431296557, 0.02066933089382344, 0.0012943637086188962]], "M_G1C12_M M_G1C12H2_M": [[-0.19672905815517783, 0.021779386132434204, 0.0013638780641053345]], "M_G1C13_M M_G1C13H1_M": [[-0.18315439053880064, 0.019659281471130146, 0.001231111960250189]], "M_G1C13_M M_G1C13H2_M": [[-0.18385180743103002, 0.01999726616180705, 0.0012522773825818668]], "M_G1C14_M M_G1C14H1_M": [[-0.15626505588209114, 0.019268644585042568, 0.0012066493295439986]], "M_G1C14_M M_G1C14H2_M": [[-0.15622800553117852, 0.019686227896864757, 0.0012327994108854827]], "M_G1C15_M M_G1C15H1_M": [[-0.13437099105112466, 0.017817893526115427, 0.0011157997742022308]], "M_G1C15_M M_G1C15H2_M": [[-0.1337516120278498, 0.018144183920563252, 0.001136232871297329]], "M_G1C16_M M_G1C16H1_M": [[-0.09530995342433042, 0.01604865666334744, 0.0010050058641873712]], "M_G1C16_M M_G1C16H2_M": [[-0.09534456133042837, 0.01630445634240666, 0.0010210246614552382]], "M_G1C17_M M_G1C17H1_M": [[-0.030489633447988357, 0.014551347717613319, 0.0009112407408795909]], "M_G1C17_M M_G1C17H2_M": [[-0.03315448427131133, 0.014020019569828733, 0.0008779676816115922]], "M_G1C17_M M_G1C17H3_M": [[-0.031113080581479005, 0.015444999129244819, 0.0009672033630522089]], "M_G2_M M_G2H1_M": [[-0.24751777519715815, 0.030059684541513643, 0.0018824104642252608]], "M_G2C3_M M_G2C3H1_M": [[-0.15688058696702983, 0.038125512928771255, 0.0023875122306077482]], "M_G2C3_M M_G2C3H2_M": [[-0.13222117050003532, 0.035280620733759524, 0.0022093581708042586]], "M_G2C4_M M_G2C4H1_M": [[-0.2046514141802929, 0.028071971748566175, 0.0017579350607608197]], "M_G2C4_M M_G2C4H2_M": [[-0.15752970313534903, 0.02725391190891619, 0.0017067061664458156]], "M_G2C5_M M_G2C5H1_M": [[-0.2149461586676264, 0.024466320943081443, 0.0015321404488042923]], "M_G2C5_M M_G2C5H2_M": [[-0.20653562291909988, 0.02342628007926488, 0.0014670105635399809]], "M_G2C6_M M_G2C6H1_M": [[-0.2202181300451017, 0.02242776747311307, 0.0014044812786472808]], "M_G2C6_M M_G2C6H2_M": [[-0.213729033143928, 0.0225272163403981, 0.0014107090082887597]], "M_G2C7_M M_G2C7H1_M": [[-0.20966971631793174, 0.021590485313863646, 0.0013520486359858595]], "M_G2C7_M M_G2C7H2_M": [[-0.20670559287329, 0.021744904873381182, 0.0013617187639047143]], "M_G2C8_M M_G2C8H1_M": [[-0.19505485400865102, 0.020811023457862145, 0.0013032368411656139]], "M_G2C8_M M_G2C8H2_M": [[-0.1947776354492583, 0.021990354649689518, 0.001377089425121284]], "M_G2C9_M M_G2C9H1_M": [[-0.15338011385736922, 0.019418883533062665, 0.0012160576574157251]], "M_G2C9_M M_G2C9H2_M": [[-0.15357536581272302, 0.020219181406249554, 0.0012661742542450663]], "M_G2C10_M M_G2C10H1_M": [[-0.12677177065516063, 0.017745076526899797, 0.0011112397968309551]], "M_G2C11_M M_G2C11H1_M": [[-0.05286237605028986, 0.017593253113956944, 0.0011017322459169288]], "M_G2C12_M M_G2C12H1_M": [[-0.07833119373507968, 0.01976469228870948, 0.0012377130417013215]], "M_G2C12_M M_G2C12H2_M": [[-0.07844981575343946, 0.01964147486199565, 0.001229996867132001]], "M_G2C13_M M_G2C13H1_M": [[-0.1256033472985412, 0.019687457119660343, 0.0012328763878028577]], "M_G2C13_M M_G2C13H2_M": [[-0.12515318394069253, 0.02088295735673074, 0.0013077415166480116]], "M_G2C14_M M_G2C14H1_M": [[-0.1248428358870283, 0.02062074813811381, 0.0012913213384435737]], "M_G2C14_M M_G2C14H2_M": [[-0.12219940097523191, 0.020941585267939232, 0.0013114129388614457]], "M_G2C15_M M_G2C15H1_M": [[-0.13332943572215172, 0.0204886405049406, 0.0012830484375504906]], "M_G2C15_M M_G2C15H2_M": [[-0.1328478250290714, 0.020369189654949084, 0.0012755681351649451]], "M_G2C16_M M_G2C16H1_M": [[-0.1160600467632415, 0.018014555504892824, 0.0011281152250265586]], "M_G2C16_M M_G2C16H2_M": [[-0.11842427635732747, 0.01881719713203997, 0.0011783785934221238]], "M_G2C17_M M_G2C17H1_M": [[-0.10522639762143673, 0.01723846946229974, 0.0010795148318421652]], "M_G2C17_M M_G2C17H2_M": [[-0.10822329900631991, 0.01786724020996056, 0.0011188899834130629]], "M_G2C18_M M_G2C18H1_M": [[-0.07603612050186995, 0.013664070251998992, 0.0008556772706895749]], "M_G2C18_M M_G2C18H2_M": [[-0.07797160505945498, 0.01613827416418047, 0.0010106179297801699]], "M_G2C19_M M_G2C19H1_M": [[-0.02736706209505403, 0.013502089175406969, 0.0008455336222037699]], "M_G2C19_M M_G2C19H2_M": [[-0.02813501312361674, 0.014418151410023798, 0.0009028996645500502]], "M_G2C19_M M_G2C19H3_M": [[-0.027040925739863882, 0.014339616755659004, 0.0008979816337245291]], "M_G3_M M_G3H1_M": [[-0.3085553222849635, 0.017421092934895934, 0.0010909511573083714]], "M_G3_M M_G3H2_M": [[-0.26558595137961416, 0.02376513395143224, 0.0014882304161279271]], "M_G3C4_M M_G3C4H1_M": [[-0.024835439208212615, 0.03655010086494319, 0.002288856100323976]], "M_G3C4_M M_G3C4H2_M": [[0.03905422759179106, 0.051971417460040206, 0.003254576405560404]], "M_G3C5_M M_G3C5H1_M": [[-0.026478626948549328, 0.036201075124569285, 0.002266999260640364]], "M_G3C5_M M_G3C5H2_M": [[0.03209065344915901, 0.05047087228604119, 0.0031606086217775262]], "M_G3N6C1_M M_G3N6C1H1_M": [[0.0010888287562749613, 0.017437518755440952, 0.0010919797820910008]], "M_G3N6C1_M M_G3N6C1H2_M": [[-0.0017378826981139328, 0.017202966331255887, 0.0010772915395352413]], "M_G3N6C1_M M_G3N6C1H3_M": [[0.0003517410099555012, 0.01573588953748364, 0.0009854196270204915]], "M_G3N6C2_M M_G3N6C2H1_M": [[-0.0029704862835863424, 0.015851583367117575, 0.0009926646556650352]], "M_G3N6C2_M M_G3N6C2H2_M": [[0.000599313577014652, 0.016294585977452265, 0.0010204065552256063]], "M_G3N6C2_M M_G3N6C2H3_M": [[-0.0008166095067307042, 0.01661582364195223, 0.00104052323809774]], "M_G3N6C3_M M_G3N6C3H1_M": [[0.0003712718765119631, 0.017226370703794954, 0.0010787571781953984]], "M_G3N6C3_M M_G3N6C3H2_M": [[-0.0008033599784846339, 0.01663214738329542, 0.0010415454704327898]], "M_G3N6C3_M M_G3N6C3H3_M": [[-0.0012720059633957337, 0.015520396499510428, 0.0009719249295266354]]}