{"M_C3_M M_C3H3_M": [[-0.39776017616414494, 0.0039071510310857765, 0.0006101944747916117]], "M_C4_M M_C4H41_M": [[-0.3372299772392128, 0.00563678940197269, 0.0008803186058799011]], "M_C4_M M_C4H42_M": [[-0.25142011260136116, 0.009916055170018272, 0.0015486276389967148]], "M_C6_M M_C6H6_M": [[-0.06997363848312967, 0.012562519895793304, 0.0019619359909265]], "M_C7_M M_C7H71_M": [[-0.3287327774360797, 0.007461079943621129, 0.0011652249225469406]], "M_C7_M M_C7H72_M": [[-0.37328318791414933, 0.004827292172066049, 0.0007538963782469752]], "M_C8_M M_C8H8_M": [[-0.44722872408797054, 0.003552772645767965, 0.0005548498692245192]], "M_C14_M M_C14H14_M": [[-0.4445752299286764, 0.0034148760429600937, 0.000533314038012355]], "M_C15_M M_C15H151_M": [[-0.41220030817414144, 0.005245985417622925, 0.0008192852774829423]], "M_C15_M M_C15H152_M": [[-0.3740354745561446, 0.00624153151393468, 0.0009747634564774657]], "M_C16_M M_C16H161_M": [[-0.07603226430114217, 0.009340638020634631, 0.0014587625781222536]], "M_C16_M M_C16H162_M": [[-0.19192062362806853, 0.007900479085105916, 0.0012338475394432435]], "M_C17_M M_C17H17_M": [[-0.4423007360542413, 0.003338087477374337, 0.0005213216788547974]], "M_C18_M M_C18H181_M": [[0.12588061779725215, 0.006705777869193871, 0.0010472665562213678]], "M_C18_M M_C18H182_M": [[0.12373077996970869, 0.005404168881393885, 0.0008439893840886232]], "M_C18_M M_C18H183_M": [[0.124242537110638, 0.007965725447605354, 0.0012440373093243284]], "M_C12_M M_C12H121_M": [[-0.13319329119499196, 0.011434443865048804, 0.0017857601135087644]], "M_C12_M M_C12H122_M": [[-0.4387010491384838, 0.0035315625470625943, 0.0005515374083196727]], "M_C11_M M_C11H111_M": [[-0.44314421902911394, 0.003276884447481905, 0.0005117633714375156]], "M_C11_M M_C11H112_M": [[-0.24622525512499288, 0.009386334798562344, 0.0014658992158374127]], "M_C9_M M_C9H9_M": [[-0.4425085986353259, 0.00360713926871632, 0.0005633405092515432]], "M_C19_M M_C19H191_M": [[0.1240740452369687, 0.003967385362472982, 0.0006196014969191966]], "M_C19_M M_C19H192_M": [[0.12489421401668083, 0.0037284770825600604, 0.0005822902920988595]], "M_C19_M M_C19H193_M": [[0.12452903224753997, 0.00474566925886711, 0.0007411490208363897]], "M_C1_M M_C1H11_M": [[-0.2704640172662594, 0.00964345747566939, 0.0015060550315880896]], "M_C1_M M_C1H12_M": [[-0.39436166811811535, 0.0046036094224061195, 0.0007189630017629966]], "M_C2_M M_C2H21_M": [[-0.2320256942929008, 0.00920380412966214, 0.0014373927146152242]], "M_C2_M M_C2H22_M": [[-0.36319335994581486, 0.004991343998822616, 0.0007795169691762462]], "M_C20_M M_C20H20_M": [[-0.4288064502532522, 0.0033034678081852787, 0.0005159149948822031]], "M_C21_M M_C21H211_M": [[0.11088965572047756, 0.00447942527971879, 0.0006995686970326049]], "M_C21_M M_C21H212_M": [[0.11043249582504175, 0.004624915127080876, 0.0007222903938117409]], "M_C21_M M_C21H213_M": [[0.10975970892586397, 0.003853650013533945, 0.0006018390196156738]], "M_C22_M M_C22H221_M": [[-0.2569756001118487, 0.021942481124626354, 0.003426839822402629]], "M_C22_M M_C22H222_M": [[-0.38759140770347456, 0.003471154467863045, 0.0005421032513426143]], "M_C23_M M_C23H231_M": [[-0.19193654098191237, 0.016321306631144422, 0.0025489598555232763]], "M_C23_M M_C23H232_M": [[-0.3676822003797788, 0.004001238868075107, 0.0006248885262421975]], "M_C24_M M_C24H241_M": [[-0.232003575948313, 0.014352812118383277, 0.0022415326622082896]], "M_C24_M M_C24H242_M": [[-0.3057577398440121, 0.014403270466904806, 0.002249412932315583]], "M_C25_M M_C25H25_M": [[-0.2216462154116257, 0.007052697380782103, 0.00110144628141866]], "M_C26_M M_C26H261_M": [[0.006597377850493176, 0.0032479231459041358, 0.0005072403760209248]], "M_C26_M M_C26H262_M": [[0.0048815001742080364, 0.004942361826153678, 0.0007718672390050607]], "M_C26_M M_C26H263_M": [[0.00499872018308877, 0.003994375494667747, 0.0006238166473979239]], "M_C27_M M_C27H271_M": [[0.01029126698606656, 0.003664079933435664, 0.000572233147065201]], "M_C27_M M_C27H272_M": [[0.010009738391352638, 0.0046730613544179265, 0.0007298095712557122]], "M_C27_M M_C27H273_M": [[0.01101857163201016, 0.0036644617450749405, 0.0005722927760252396]]}