{"M_G1_M M_G1H1_M": [[-0.19487720209352222, 0.07921030168427716, 0.006718530100521465]], "M_G1_M M_G1H2_M": [[-0.023459207128321564, 0.0959939974065385, 0.00814210459159538]], "M_G1C3_M M_G1C3H1_M": [[-0.24975793965214166, 0.051570735239489934, 0.004374172672559213]], "M_G1C3_M M_G1C3H2_M": [[-0.22068788111815102, 0.054376932579210065, 0.0046121912243640125]], "M_G1C4_M M_G1C4H1_M": [[-0.19780467171080085, 0.04608415719403044, 0.003908807196560821]], "M_G1C4_M M_G1C4H2_M": [[-0.18696440184418486, 0.04212833289827882, 0.003573278559019262]], "M_G1C5_M M_G1C5H1_M": [[-0.22860125462187456, 0.041418391846182186, 0.0035130621449078908]], "M_G1C5_M M_G1C5H2_M": [[-0.22374744140075717, 0.04089992336595471, 0.003469086222376196]], "M_G1C6_M M_G1C6H1_M": [[-0.2320254710499651, 0.04229664510910927, 0.003587554614414897]], "M_G1C6_M M_G1C6H2_M": [[-0.22750750852481716, 0.04095754938486799, 0.0034739739975065734]], "M_G1C7_M M_G1C7H1_M": [[-0.24507017973831488, 0.0415070570716154, 0.003520582631173894]], "M_G1C7_M M_G1C7H2_M": [[-0.24283623613767744, 0.04087420651166818, 0.0034669049472649937]], "M_G1C8_M M_G1C8H1_M": [[-0.23679562385090414, 0.043307434687011495, 0.003673288667436153]], "M_G1C8_M M_G1C8H2_M": [[-0.23669804765095753, 0.04089105341324466, 0.0034683338828066512]], "M_G1C9_M M_G1C9H1_M": [[-0.23729731859438274, 0.04086864416738442, 0.003466433155380538]], "M_G1C9_M M_G1C9H2_M": [[-0.23722376583709237, 0.04184447155814734, 0.003549201754392898]], "M_G1C10_M M_G1C10H1_M": [[-0.22224747931934027, 0.04214886923140037, 0.0035750204280602543]], "M_G1C10_M M_G1C10H2_M": [[-0.22172827708789616, 0.04326506048833332, 0.003669694534813864]], "M_G1C11_M M_G1C11H1_M": [[-0.2145306909580328, 0.0421128046221845, 0.0035719614678312406]], "M_G1C11_M M_G1C11H2_M": [[-0.21493473229195287, 0.0423212321541981, 0.003589640060360686]], "M_G1C12_M M_G1C12H1_M": [[-0.1951491448787903, 0.039723111983225874, 0.0033692703836609985]], "M_G1C12_M M_G1C12H2_M": [[-0.19456957348952875, 0.041201359356321306, 0.0034946536893798027]], "M_G1C13_M M_G1C13H1_M": [[-0.1828995894408789, 0.03935644255719263, 0.003338169888859648]], "M_G1C13_M M_G1C13H2_M": [[-0.18155252036695058, 0.038043612105520916, 0.0032268170632941775]], "M_G1C14_M M_G1C14H1_M": [[-0.1573147657922977, 0.03341287417571915, 0.002834042998463477]], "M_G1C14_M M_G1C14H2_M": [[-0.155484560071773, 0.03466439420429643, 0.002940195541814678]], "M_G1C15_M M_G1C15H1_M": [[-0.13560325884950938, 0.028281057315602195, 0.002398767973473854]], "M_G1C15_M M_G1C15H2_M": [[-0.13534253352953424, 0.02917890993796682, 0.0024749228389512345]], "M_G1C16_M M_G1C16H1_M": [[-0.10036688514945014, 0.02225354479553415, 0.0018875210341709398]], "M_G1C16_M M_G1C16H2_M": [[-0.1003627036935958, 0.022318120102855263, 0.001892998240250985]], "M_G1C17_M M_G1C17H1_M": [[-0.03521278181360284, 0.0116957417292699, 0.000992019865916281]], "M_G1C17_M M_G1C17H2_M": [[-0.033978563558224165, 0.009895253712866436, 0.0008393044655627941]], "M_G1C17_M M_G1C17H3_M": [[-0.033470509529799984, 0.011052163104148778, 0.0009374322393956419]], "M_G2_M M_G2H1_M": [[-0.22463975075368411, 0.06858925357999865, 0.005817664558156717]], "M_G2C3_M M_G2C3H1_M": [[-0.07801402212630267, 0.06705290183966658, 0.005687352904332295]], "M_G2C3_M M_G2C3H2_M": [[-0.12661169560549876, 0.05096169569537149, 0.004322514612653353]], "M_G2C4_M M_G2C4H1_M": [[-0.2186523322669099, 0.044745136544948154, 0.003795232947444373]], "M_G2C4_M M_G2C4H2_M": [[-0.2239064396681527, 0.04313666666174531, 0.003658804312578744]], "M_G2C5_M M_G2C5H1_M": [[-0.216244763287476, 0.044243871852346475, 0.0037527162311339554]], "M_G2C5_M M_G2C5H2_M": [[-0.21940043861643485, 0.042167463826833486, 0.003576597601060079]], "M_G2C6_M M_G2C6H1_M": [[-0.2294856165829751, 0.04652390991133305, 0.003946106535222098]], "M_G2C6_M M_G2C6H2_M": [[-0.22802252826919306, 0.045716448793540455, 0.003877618577096228]], "M_G2C7_M M_G2C7H1_M": [[-0.20546614617164824, 0.04551865120772609, 0.003860841604835711]], "M_G2C7_M M_G2C7H2_M": [[-0.20388533464458186, 0.046537265710539434, 0.003947239359325486]], "M_G2C8_M M_G2C8H1_M": [[-0.19420039576340445, 0.04436845272497296, 0.0037632830428351205]], "M_G2C8_M M_G2C8H2_M": [[-0.19318938056285437, 0.0447165875151358, 0.0037928114503403784]], "M_G2C9_M M_G2C9H1_M": [[-0.111257666030579, 0.036717544567319606, 0.003114341482703145]], "M_G2C9_M M_G2C9H2_M": [[-0.11250760469253988, 0.039373086949036386, 0.0033395816477499608]], "M_G2C10_M M_G2C10H1_M": [[-0.06367842294340043, 0.04081072565474319, 0.0034615205712559558]], "M_G2C11_M M_G2C11H1_M": [[-0.051558200003674476, 0.039694391898372046, 0.00336683437785775]], "M_G2C12_M M_G2C12H1_M": [[-0.09110991460558666, 0.04038978871270331, 0.0034258171658227993]], "M_G2C12_M M_G2C12H2_M": [[-0.08611958476427788, 0.03962552650506762, 0.0033609932914338628]], "M_G2C13_M M_G2C13H1_M": [[-0.13922485441594726, 0.041911300436768634, 0.003554870105895849]], "M_G2C13_M M_G2C13H2_M": [[-0.13648604160693095, 0.04406826578113684, 0.0037378215185754947]], "M_G2C14_M M_G2C14H1_M": [[-0.14848975841828935, 0.041397220108981767, 0.0035112663815963416]], "M_G2C14_M M_G2C14H2_M": [[-0.14522055377274568, 0.043376893109851114, 0.0036791800539687125]], "M_G2C15_M M_G2C15H1_M": [[-0.15236925131054818, 0.04127460266787263, 0.003500866105982896]], "M_G2C15_M M_G2C15H2_M": [[-0.15128514119606473, 0.04165698537705366, 0.0035332993840657347]], "M_G2C16_M M_G2C16H1_M": [[-0.13889152565231574, 0.03789455569866362, 0.0032141742638747543]], "M_G2C16_M M_G2C16H2_M": [[-0.1394116319804552, 0.03661298886091008, 0.003105473183432002]], "M_G2C17_M M_G2C17H1_M": [[-0.12579040047574513, 0.032798846631378, 0.0027819618619006024]], "M_G2C17_M M_G2C17H2_M": [[-0.1254177761909261, 0.03198298743187982, 0.002712761587781411]], "M_G2C18_M M_G2C18H1_M": [[-0.09674711800610873, 0.024339568734702777, 0.002064455275395963]], "M_G2C18_M M_G2C18H2_M": [[-0.09767236435863585, 0.0240742025797027, 0.0020419472118976827]], "M_G2C19_M M_G2C19H1_M": [[-0.03288731687766056, 0.010877335063222401, 0.0009226035185045028]], "M_G2C19_M M_G2C19H2_M": [[-0.03248600846171868, 0.012039170739397934, 0.001021149134368436]], "M_G2C19_M M_G2C19H3_M": [[-0.0323343966399867, 0.01115254234199757, 0.0009459462952269476]], "M_G3_M M_G3H1_M": [[-0.24344889783660953, 0.062001628142886976, 0.005258909461293087]], "M_G3_M M_G3H2_M": [[-0.24957165371023576, 0.057106687717857395, 0.004843726033297781]], "M_G3C4_M M_G3C4H1_M": [[0.024279283263319403, 0.05329889094301785, 0.004520752926208781]], "M_G3C4_M M_G3C4H2_M": [[0.036018917765373984, 0.05036371225343104, 0.004271794319094771]], "M_G3C5_M M_G3C5H1_M": [[-0.08270089292758562, 0.0474436620495429, 0.004024118893390005]], "M_G3C5_M M_G3C5H2_M": [[-0.08329080322721003, 0.04622345596022084, 0.003920622363700899]], "M_G3N6C1_M M_G3N6C1H1_M": [[0.01149588219340214, 0.0181568236760726, 0.0015400416840195975]], "M_G3N6C1_M M_G3N6C1H2_M": [[0.011574653425791141, 0.018933355336719204, 0.0016059062398302427]], "M_G3N6C1_M M_G3N6C1H3_M": [[0.013980565191782814, 0.02160232373863713, 0.0018322851850474857]], "M_G3N6C2_M M_G3N6C2H1_M": [[0.010775681835724983, 0.020085255678348783, 0.0017036091516167214]], "M_G3N6C2_M M_G3N6C2H2_M": [[0.013062207906249295, 0.019729919499016087, 0.0016734699302542444]], "M_G3N6C2_M M_G3N6C2H3_M": [[0.009996437728974527, 0.019262676586290415, 0.0016338389036497105]], "M_G3N6C3_M M_G3N6C3H1_M": [[0.011190413899088055, 0.01924988470695118, 0.0016327539106051764]], "M_G3N6C3_M M_G3N6C3H2_M": [[0.013954663687609207, 0.018192251864049064, 0.0015430466637036233]], "M_G3N6C3_M M_G3N6C3H3_M": [[0.010701242948686237, 0.017337582808031625, 0.001470554580518221]]}