{"headgroup": 0.030104902381815617, "sn-1": 0.18956606550385963, "sn-2": 0.0}