{"M_C3_M M_C3H3_M": [[-0.46213943051274653, 0.005279413367867264, 0.0001764713264531355]], "M_C4_M M_C4H41_M": [[0.44508392459303014, 0.02343109473472091, 0.0007832151187956077]], "M_C4_M M_C4H42_M": [[0.4113980090859051, 0.02414619374205015, 0.0008071182424147553]], "M_C6_M M_C6H6_M": [[0.11630803737695403, 0.021751518788995998, 0.0007270730866477081]], "M_C7_M M_C7H71_M": [[-0.29705144130987005, 0.018149286475670722, 0.0006066637399589377]], "M_C7_M M_C7H72_M": [[-0.343037061321042, 0.016608638369574744, 0.0005551655533355818]], "M_C8_M M_C8H8_M": [[0.7541414145161608, 0.015693697773864118, 0.0005245824621282149]], "M_C14_M M_C14H14_M": [[0.7456108009674782, 0.01991682214650081, 0.0006657459414556212]], "M_C15_M M_C15H151_M": [[0.46878969586735775, 0.023922314977417817, 0.0007996348006369583]], "M_C15_M M_C15H152_M": [[-0.24964247998288377, 0.01978285754916174, 0.0006612679988239504]], "M_C16_M M_C16H161_M": [[0.1524722427517946, 0.028315707301733356, 0.0009464897099001423]], "M_C16_M M_C16H162_M": [[0.135887912025184, 0.02348527364785591, 0.0007850261201324067]], "M_C17_M M_C17H17_M": [[0.12334127910224943, 0.01559910741485426, 0.0005214206551316752]], "M_C18_M M_C18H181_M": [[-0.3347378935584241, 0.009581169062995616, 0.0003202631610188953]], "M_C18_M M_C18H182_M": [[-0.3347019065939629, 0.009352288856347502, 0.0003126125394722106]], "M_C18_M M_C18H183_M": [[-0.2681434580931715, 0.02024199241961661, 0.0006766151849532287]], "M_C12_M M_C12H121_M": [[0.11740882564568753, 0.01601525327793036, 0.0005353308772222578]], "M_C12_M M_C12H122_M": [[0.11730674917012873, 0.01677325951954046, 0.0005606682315068928]], "M_C11_M M_C11H111_M": [[0.16133305751899313, 0.022126065364498244, 0.0007395927979095034]], "M_C11_M M_C11H112_M": [[-0.32505900852232683, 0.005937869972706958, 0.00019848110336795775]], "M_C9_M M_C9H9_M": [[-0.19078652927808126, 0.01847595826700461, 0.0006175831736752638]], "M_C19_M M_C19H191_M": [[0.4407628907861677, 0.023704460176478755, 0.0007923527177582254]], "M_C19_M M_C19H192_M": [[-0.2658588062901363, 0.018843309345941216, 0.0006298623660129008]], "M_C19_M M_C19H193_M": [[-0.38715194752457077, 0.011390786742859932, 0.0003807520089432449]], "M_C1_M M_C1H11_M": [[-0.42430893006441783, 0.007958781793140699, 0.0002660327354806053]], "M_C1_M M_C1H12_M": [[0.6226428620634216, 0.022289855827068814, 0.0007450677092635045]], "M_C2_M M_C2H21_M": [[-0.3723804152703424, 0.012496281493720974, 0.00041770462308382637]], "M_C2_M M_C2H22_M": [[-0.26553905817134543, 0.020429048496887963, 0.0006828677800385291]], "M_C20_M M_C20H20_M": [[-0.45156754302998214, 0.014446748347858869, 0.0004829015396669346]], "M_C21_M M_C21H211_M": [[0.11223941898835464, 0.014708256717417148, 0.0004916428004167419]], "M_C21_M M_C21H212_M": [[0.11228794622727246, 0.014987746588036208, 0.0005009851164586255]], "M_C21_M M_C21H213_M": [[0.11352716723450615, 0.015109239145474252, 0.0005050461647742902]], "M_C22_M M_C22H221_M": [[-0.3878877464889124, 0.031826053591093736, 0.0010638276455434577]], "M_C22_M M_C22H222_M": [[-0.41427260892774925, 0.013440281252684821, 0.0004492590549928185]], "M_C23_M M_C23H231_M": [[-0.34359968273209357, 0.029822676481686846, 0.0009968621341791331]], "M_C23_M M_C23H232_M": [[-0.4067938184641805, 0.012636913687621824, 0.00042240543888861777]], "M_C24_M M_C24H241_M": [[-0.3369206872772903, 0.024367436206993602, 0.0008145135624126103]], "M_C24_M M_C24H242_M": [[-0.37776238800733475, 0.016397481835591813, 0.0005481073688281869]], "M_C25_M M_C25H25_M": [[-0.3077053669139479, 0.019482910283023038, 0.0006512418674655583]], "M_C26_M M_C26H261_M": [[0.014694128395993747, 0.015170052367163615, 0.0005070789265888374]], "M_C26_M M_C26H262_M": [[0.013158249994881679, 0.015241977916019991, 0.000509483132535242]], "M_C26_M M_C26H263_M": [[0.014481526696703427, 0.01603582647149061, 0.0005360185632403772]], "M_C27_M M_C27H271_M": [[0.004580093510872084, 0.01587221686922854, 0.000530549697379752]], "M_C27_M M_C27H272_M": [[0.003767440528068109, 0.015785128419632186, 0.000527638651559291]], "M_C27_M M_C27H273_M": [[0.004449297823186015, 0.016324349089618412, 0.0005456628107324642]]}