{"M_G1_M M_G1H1_M": [[-0.17918613141336054, 0.03518485841046654, 0.0024941884828059203]], "M_G1_M M_G1H2_M": [[-0.01347058814594396, 0.04796585968184458, 0.003400209641052674]], "M_G1C3_M M_G1C3H1_M": [[-0.2616734454121826, 0.015647952631914142, 0.0011092539517624659]], "M_G1C3_M M_G1C3H2_M": [[-0.24694993964882994, 0.016363806080908573, 0.0011599994573157203]], "M_G1C4_M M_G1C4H1_M": [[-0.23038341156028166, 0.01277261305612229, 0.0009054265334329172]], "M_G1C4_M M_G1C4H2_M": [[-0.22208994384745862, 0.012976866476249837, 0.0009199056744916261]], "M_G1C5_M M_G1C5H1_M": [[-0.26316924703740474, 0.011499557002491544, 0.0008151819824988252]], "M_G1C5_M M_G1C5H2_M": [[-0.26050442674443924, 0.011606542402352166, 0.0008227659764159749]], "M_G1C6_M M_G1C6H1_M": [[-0.271747229719058, 0.011549142017369389, 0.0008186969710085216]], "M_G1C6_M M_G1C6H2_M": [[-0.26947224643335227, 0.011990175090615904, 0.0008499609766496735]], "M_G1C7_M M_G1C7H1_M": [[-0.285881531513527, 0.01115967214028667, 0.000791088183430437]], "M_G1C7_M M_G1C7H2_M": [[-0.28471933156067314, 0.011486787448981899, 0.0008142767728508916]], "M_G1C8_M M_G1C8H1_M": [[-0.2827970336389617, 0.01163207551235706, 0.0008245759705947629]], "M_G1C8_M M_G1C8H2_M": [[-0.2821376446307222, 0.011956752633690811, 0.0008475917214957336]], "M_G1C9_M M_G1C9H1_M": [[-0.2837746680856828, 0.01163651909247436, 0.0008248909676375731]], "M_G1C9_M M_G1C9H2_M": [[-0.28375540539192157, 0.011693680965944638, 0.0008289430654121877]], "M_G1C10_M M_G1C10H1_M": [[-0.2718962964799026, 0.012234853081453058, 0.0008673057395480395]], "M_G1C10_M M_G1C10H2_M": [[-0.2716701119847307, 0.01226527875085674, 0.0008694625580670463]], "M_G1C11_M M_G1C11H1_M": [[-0.2641331753426547, 0.012225197864027907, 0.0008666212993317437]], "M_G1C11_M M_G1C11H2_M": [[-0.2641121168065695, 0.012438199148373384, 0.0008817205600432581]], "M_G1C12_M M_G1C12H1_M": [[-0.2442566608112709, 0.01284486608012655, 0.0009105484145050808]], "M_G1C12_M M_G1C12H2_M": [[-0.24436439458290152, 0.012971659125995879, 0.0009195365352193336]], "M_G1C13_M M_G1C13H1_M": [[-0.2286131360935172, 0.012997865519154468, 0.0009213942571754519]], "M_G1C13_M M_G1C13H2_M": [[-0.2287851621049838, 0.012760255265709713, 0.0009045505128970264]], "M_G1C14_M M_G1C14H1_M": [[-0.2003532066155335, 0.013340543826293483, 0.000945686078304944]], "M_G1C14_M M_G1C14H2_M": [[-0.20050289044131694, 0.012955497167107564, 0.0009183908443301292]], "M_G1C15_M M_G1C15H1_M": [[-0.17330878524752452, 0.012583222621821594, 0.0008920010015045043]], "M_G1C15_M M_G1C15H2_M": [[-0.17313091886414295, 0.012022899529286979, 0.0008522807506015108]], "M_G1C16_M M_G1C16H1_M": [[-0.12908612089770416, 0.010522311701420045, 0.0007459068998375955]], "M_G1C16_M M_G1C16H2_M": [[-0.12892876178988877, 0.010346769441248165, 0.0007334630389455426]], "M_G1C17_M M_G1C17H1_M": [[-0.04131054618412811, 0.004519757542589215, 0.0003203971173136158]], "M_G1C17_M M_G1C17H2_M": [[-0.041313510250547233, 0.004470449431909626, 0.0003169017580220926]], "M_G1C17_M M_G1C17H3_M": [[-0.0416674085240043, 0.004871977968197343, 0.00034536536128697965]], "M_G2_M M_G2H1_M": [[-0.20632669074421148, 0.04384059882285906, 0.0031077776521835363]], "M_G2C3_M M_G2C3H1_M": [[-0.11077730905621821, 0.033478607269751916, 0.002373235546338257]], "M_G2C3_M M_G2C3H2_M": [[-0.14109547346318776, 0.020788873755855593, 0.0014736841878817083]], "M_G2C4_M M_G2C4H1_M": [[-0.24252278808566843, 0.01370080530494713, 0.0009712243374155522]], "M_G2C4_M M_G2C4H2_M": [[-0.23532672639828597, 0.013067508300963425, 0.0009263311030843384]], "M_G2C5_M M_G2C5H1_M": [[-0.24677019387936078, 0.011383182690001681, 0.0008069324262118422]], "M_G2C5_M M_G2C5H2_M": [[-0.24495579682080496, 0.010961537769720949, 0.0007770428102944173]], "M_G2C6_M M_G2C6H1_M": [[-0.26469556078067596, 0.011510450596177519, 0.0008159542088807237]], "M_G2C6_M M_G2C6H2_M": [[-0.26126226110078804, 0.011371586502401939, 0.0008061103942679214]], "M_G2C7_M M_G2C7H1_M": [[-0.24545887899010788, 0.011512730721130524, 0.0008161158426531494]], "M_G2C7_M M_G2C7H2_M": [[-0.24344513042073784, 0.011504597634955857, 0.0008155393034603559]], "M_G2C8_M M_G2C8H1_M": [[-0.23497456728565994, 0.010968643262306574, 0.0007775465053090449]], "M_G2C8_M M_G2C8H2_M": [[-0.23404067009926038, 0.010944064835663988, 0.0007758041868394843]], "M_G2C9_M M_G2C9H1_M": [[-0.14365680683734933, 0.013047740354805333, 0.0009249297905350296]], "M_G2C9_M M_G2C9H2_M": [[-0.14301518974763952, 0.013075302679398873, 0.0009268836319220996]], "M_G2C10_M M_G2C10H1_M": [[-0.08887602347350355, 0.01077224482107784, 0.0007636241889410465]], "M_G2C11_M M_G2C11H1_M": [[-0.07702768365038785, 0.011659305168831152, 0.0008265062297640946]], "M_G2C12_M M_G2C12H1_M": [[-0.12660339957896177, 0.014715541661618549, 0.0010431570905438526]], "M_G2C12_M M_G2C12H2_M": [[-0.1259728668129965, 0.014746707575247181, 0.0010453663835846777]], "M_G2C13_M M_G2C13H1_M": [[-0.19027307507179217, 0.013171943092203275, 0.0009337342891502284]], "M_G2C13_M M_G2C13H2_M": [[-0.18979738704875285, 0.013581303442307924, 0.0009627530749767102]], "M_G2C14_M M_G2C14H1_M": [[-0.1998842320197913, 0.01407553783524391, 0.0009977884221788126]], "M_G2C14_M M_G2C14H2_M": [[-0.19951303149724775, 0.01384994801625972, 0.0009817967839069002]], "M_G2C15_M M_G2C15H1_M": [[-0.20503981500346646, 0.01441407987833647, 0.0010217870313241563]], "M_G2C15_M M_G2C15H2_M": [[-0.20448391018596432, 0.013904277445647355, 0.0009856480950440724]], "M_G2C16_M M_G2C16H1_M": [[-0.18493672441144596, 0.013890070639045054, 0.0009846410012257164]], "M_G2C16_M M_G2C16H2_M": [[-0.18438390128978108, 0.01357811388535416, 0.0009625269732790275]], "M_G2C17_M M_G2C17H1_M": [[-0.16528528143514926, 0.01289402292871046, 0.0009140330511109384]], "M_G2C17_M M_G2C17H2_M": [[-0.16546760688941944, 0.012901428931399854, 0.0009145580487220136]], "M_G2C18_M M_G2C18H1_M": [[-0.12472890113860079, 0.010829118122833645, 0.0007676558304091923]], "M_G2C18_M M_G2C18H2_M": [[-0.1246694858019131, 0.010505093015490413, 0.0007446862995545497]], "M_G2C19_M M_G2C19H1_M": [[-0.04278588165476063, 0.0052142291772272545, 0.000369626906234248]], "M_G2C19_M M_G2C19H2_M": [[-0.042159954993797856, 0.005411541706833383, 0.00038361402060929157]], "M_G2C19_M M_G2C19H3_M": [[-0.042591953838153944, 0.005656211499224597, 0.00040095820233523383]], "M_G3_M M_G3H1_M": [[-0.17872265082597888, 0.04461276511340357, 0.003162515069234337]], "M_G3_M M_G3H2_M": [[-0.1902802123148623, 0.04408868971370707, 0.003125364349149129]], "M_G3C4_M M_G3C4H1_M": [[-0.021617560319522413, 0.04561067671046238, 0.003233255146775821]], "M_G3C4_M M_G3C4H2_M": [[-0.027397107573131338, 0.049416652365689304, 0.0035030536076467865]], "M_G3C5_M M_G3C5H1_M": [[-0.12760224006340215, 0.046927860285553236, 0.0033266278147685807]], "M_G3C5_M M_G3C5H2_M": [[-0.12778824171972486, 0.051007337996681015, 0.0036158143223354714]], "M_G3N6C1_M M_G3N6C1H1_M": [[0.015123057896011332, 0.007352878772826971, 0.0005212317564761797]], "M_G3N6C1_M M_G3N6C1H2_M": [[0.015630769260902965, 0.007532248951684048, 0.0005339469713292563]], "M_G3N6C1_M M_G3N6C1H3_M": [[0.014655690693859358, 0.007420966507143837, 0.0005260583679910625]], "M_G3N6C2_M M_G3N6C2H1_M": [[0.01510073270878637, 0.007204332630544147, 0.000510701599642101]], "M_G3N6C2_M M_G3N6C2H2_M": [[0.015017581093974046, 0.007188704815298641, 0.0005095937731918127]], "M_G3N6C2_M M_G3N6C2H3_M": [[0.014458182886672794, 0.007112418250120034, 0.0005041859619668369]], "M_G3N6C3_M M_G3N6C3H1_M": [[0.014626799553494645, 0.008318534320705949, 0.0005896852633165232]], "M_G3N6C3_M M_G3N6C3H2_M": [[0.015388867402862286, 0.00793589725295674, 0.0005625608407498317]], "M_G3N6C3_M M_G3N6C3H3_M": [[0.015568329503369711, 0.007874219482994849, 0.0005581886195605504]]}