{"POPC": 2.3475057588627117, "POPG": 2.6696941610176945}