{"M_G1_M M_G1H1_M": [[-0.2552087525123917, 0.21118099053892703, 0.017300620845631852]], "M_G1_M M_G1H2_M": [[0.10946029505056214, 0.2847317837533848, 0.02332613660370976]], "M_G1C3_M M_G1C3H1_M": [[-0.27793246880207173, 0.09661456997537904, 0.0079149739711051]], "M_G1C3_M M_G1C3H2_M": [[-0.2891940219574684, 0.07897172212886294, 0.00646961555863244]], "M_G1C4_M M_G1C4H1_M": [[-0.25208031837247113, 0.07721014040293575, 0.006325301160584182]], "M_G1C4_M M_G1C4H2_M": [[-0.2535832860142211, 0.06607405639225798, 0.0054129976114712895]], "M_G1C5_M M_G1C5H1_M": [[-0.29045794323518986, 0.05576315701850068, 0.004568295821847113]], "M_G1C5_M M_G1C5H2_M": [[-0.2877009122758437, 0.05326137694229166, 0.004363342012192214]], "M_G1C6_M M_G1C6H1_M": [[-0.2926970030725787, 0.05067176044891575, 0.004151192362864601]], "M_G1C6_M M_G1C6H2_M": [[-0.2930110457011069, 0.04689133690176093, 0.0038414879985734962]], "M_G1C7_M M_G1C7H1_M": [[-0.3066581871294804, 0.04726803853705756, 0.003872348598988169]], "M_G1C7_M M_G1C7H2_M": [[-0.30656417780825523, 0.04570874122126848, 0.003744605985520761]], "M_G1C8_M M_G1C8H1_M": [[-0.30387858703513143, 0.04656553785539752, 0.0038147975007279396]], "M_G1C8_M M_G1C8H2_M": [[-0.30377803618557225, 0.04640820990144991, 0.003801908692541556]], "M_G1C9_M M_G1C9H1_M": [[-0.3063508522228852, 0.04615819855951113, 0.003781426965360751]], "M_G1C9_M M_G1C9H2_M": [[-0.30605542415271403, 0.04475213636428371, 0.0036662378621042137]], "M_G1C10_M M_G1C10H1_M": [[-0.29713994894300394, 0.048458202456039136, 0.003969850626296143]], "M_G1C10_M M_G1C10H2_M": [[-0.2971376802254656, 0.04762798496746727, 0.0039018365595350204]], "M_G1C11_M M_G1C11H1_M": [[-0.2910846013601817, 0.04707630619541905, 0.0038566412735415554]], "M_G1C11_M M_G1C11H2_M": [[-0.2917712796397404, 0.0458768913163977, 0.003758381378057578]], "M_G1C12_M M_G1C12H1_M": [[-0.2737092752119188, 0.05018031115565368, 0.00411093126802892]], "M_G1C12_M M_G1C12H2_M": [[-0.2748227502400816, 0.04948877649382332, 0.004054278541117243]], "M_G1C13_M M_G1C13H1_M": [[-0.2596954668556064, 0.04838209694398902, 0.003963615819816252]], "M_G1C13_M M_G1C13H2_M": [[-0.25950592385341686, 0.04877574450719213, 0.003995864684737305]], "M_G1C14_M M_G1C14H1_M": [[-0.23045144621057517, 0.052267710788006704, 0.00428193770899925]], "M_G1C14_M M_G1C14H2_M": [[-0.23131053588725525, 0.05208196069942573, 0.004266720468818773]], "M_G1C15_M M_G1C15H1_M": [[-0.20139137618871547, 0.047993625170152376, 0.003931790972081489]], "M_G1C15_M M_G1C15H2_M": [[-0.2018474310434371, 0.047424346685833646, 0.003885153861479629]], "M_G1C16_M M_G1C16H1_M": [[-0.1516990602621815, 0.046088209090499765, 0.0037756932046493223]], "M_G1C16_M M_G1C16H2_M": [[-0.1513489901565581, 0.046462315574317334, 0.0038063412019709716]], "M_G1C17_M M_G1C17H1_M": [[-0.04660007051303688, 0.013815175903482234, 0.001131783308771812]], "M_G1C17_M M_G1C17H2_M": [[-0.04632677561961491, 0.01439611128497817, 0.0011793753895998499]], "M_G1C17_M M_G1C17H3_M": [[-0.046386107694037663, 0.01375505045365975, 0.0011268576399987977]], "M_G2_M M_G2H1_M": [[-0.2586977460678109, 0.20101591367835653, 0.01646786530176097]], "M_G2C3_M M_G2C3H1_M": [[-0.20875057239886266, 0.12996189308021555, 0.010646893126239518]], "M_G2C3_M M_G2C3H2_M": [[-0.2025180808630082, 0.12911581110749357, 0.010577579390296563]], "M_G2C4_M M_G2C4H1_M": [[-0.2482432529118165, 0.06726756819684947, 0.005510773908255052]], "M_G2C4_M M_G2C4H2_M": [[-0.23913065452164042, 0.07066150306659015, 0.005788815886400472]], "M_G2C5_M M_G2C5H1_M": [[-0.25154934002925433, 0.06425036506529021, 0.005263594996648717]], "M_G2C5_M M_G2C5H2_M": [[-0.24981576500647742, 0.05561006364431685, 0.004555753923951977]], "M_G2C6_M M_G2C6H1_M": [[-0.26653673401350153, 0.04918161822865606, 0.004029115155569616]], "M_G2C6_M M_G2C6H2_M": [[-0.266371171602206, 0.04955202795130475, 0.004059460302416057]], "M_G2C7_M M_G2C7H1_M": [[-0.24668420828033258, 0.0475388415845041, 0.0038945336490523725]], "M_G2C7_M M_G2C7H2_M": [[-0.24647919366309215, 0.0481961544974899, 0.003948382821061105]], "M_G2C8_M M_G2C8H1_M": [[-0.23957274347771934, 0.04265116354761996, 0.0034941194625488395]], "M_G2C8_M M_G2C8H2_M": [[-0.239606784058501, 0.043468860394856396, 0.0035611077984052265]], "M_G2C9_M M_G2C9H1_M": [[-0.16994470893092553, 0.040289818705536724, 0.0033006705555500815]], "M_G2C9_M M_G2C9H2_M": [[-0.16898348381948713, 0.03683035927638561, 0.0030172605963399643]], "M_G2C10_M M_G2C10H1_M": [[-0.12537353922680733, 0.034948363807926944, 0.0028630815201366117]], "M_G2C11_M M_G2C11H1_M": [[-0.05265850601206931, 0.05981198522356382, 0.004899988752475666]], "M_G2C12_M M_G2C12H1_M": [[-0.12431378019344223, 0.046071232011273736, 0.003774302388127408]], "M_G2C12_M M_G2C12H2_M": [[-0.12342345911962042, 0.04578477040345516, 0.0037508345388145895]], "M_G2C13_M M_G2C13H1_M": [[-0.2004631695227013, 0.04877697465146191, 0.00399596546208257]], "M_G2C13_M M_G2C13H2_M": [[-0.20121266238898775, 0.047192572321859826, 0.003866166165747094]], "M_G2C14_M M_G2C14H1_M": [[-0.2115278055334517, 0.047158810995821795, 0.0038634003301501537]], "M_G2C14_M M_G2C14H2_M": [[-0.21374361527007504, 0.04628637761858798, 0.0037919278030345365]], "M_G2C15_M M_G2C15H1_M": [[-0.2219771671595719, 0.046321708248956144, 0.0037948222010515025]], "M_G2C15_M M_G2C15H2_M": [[-0.2233690658672422, 0.04622471050076966, 0.0037868758358982186]], "M_G2C16_M M_G2C16H1_M": [[-0.20477898097672578, 0.045791544402565075, 0.0037513894864446306]], "M_G2C16_M M_G2C16H2_M": [[-0.2055859660305555, 0.04624981732364092, 0.003788932666970114]], "M_G2C17_M M_G2C17H1_M": [[-0.18461577352439545, 0.043734326904744894, 0.0035828556622781705]], "M_G2C17_M M_G2C17H2_M": [[-0.1848699773299702, 0.043928192879814115, 0.003598737781786096]], "M_G2C18_M M_G2C18H1_M": [[-0.1387342013442374, 0.03757240270838791, 0.0030780511629307427]], "M_G2C18_M M_G2C18H2_M": [[-0.13931367673270165, 0.037365499102377873, 0.003061100959079351]], "M_G2C19_M M_G2C19H1_M": [[-0.04478988939979497, 0.014686800731088618, 0.0012031895969210177]], "M_G2C19_M M_G2C19H2_M": [[-0.04501962183361792, 0.01370700855857245, 0.0011229218946010233]], "M_G2C19_M M_G2C19H3_M": [[-0.044542781655692136, 0.01444720539525618, 0.0011835611822088763]], "M_G3_M M_G3H1_M": [[-0.09318763959415982, 0.26917947802231534, 0.022052042074453427]], "M_G3_M M_G3H2_M": [[-0.1480773308738586, 0.23866758257633205, 0.01955241020396452]], "M_G3C4_M M_G3C4H1_M": [[-0.010153901404176536, 0.24133311376787572, 0.019770779027689693]], "M_G3C4_M M_G3C4H2_M": [[0.02246540035757365, 0.21496501313386313, 0.017610620055405545]], "M_G3C5_M M_G3C5H1_M": [[-0.12892474770563275, 0.12543289897283763, 0.010275863472178856]], "M_G3C5_M M_G3C5H2_M": [[-0.11915792251325338, 0.13721296792056514, 0.011240924322968209]], "M_G3N6C1_M M_G3N6C1H1_M": [[0.020343522467534837, 0.017956275100467257, 0.001471035373592402]], "M_G3N6C1_M M_G3N6C1H2_M": [[0.019728975699953633, 0.017805349427467004, 0.0014586710606976393]], "M_G3N6C1_M M_G3N6C1H3_M": [[0.019210293751408734, 0.01910189646375506, 0.0015648883325557925]], "M_G3N6C2_M M_G3N6C2H1_M": [[0.018906516207544716, 0.016404176879597176, 0.0013438825329606435]], "M_G3N6C2_M M_G3N6C2H2_M": [[0.01968137969113421, 0.017747571252213212, 0.0014539376881499142]], "M_G3N6C2_M M_G3N6C2H3_M": [[0.018488563718384476, 0.018497740721501437, 0.0015153939656538885]], "M_G3N6C3_M M_G3N6C3H1_M": [[0.021561634918829186, 0.017959381721469967, 0.0014712898779014392]], "M_G3N6C3_M M_G3N6C3H2_M": [[0.020374723068300328, 0.01803856257305012, 0.0014777766260122734]], "M_G3N6C3_M M_G3N6C3H3_M": [[0.02048464027870265, 0.018212494799468452, 0.0014920257092011578]]}