{"POPC": 0.7367837723571187, "POPG": 0.7499257947133485}