{"headgroup": 0.00016358869233859985, "tails": 0.0, "total": 0.00016358869233859985}