{"M_G1_M M_G1H1_M": [[-0.1091102159653376, 0.19008638494218885, 0.013474866561349722]], "M_G1_M M_G1H2_M": [[-0.1537996857743597, 0.21638418776280594, 0.015339068376604788]], "M_G1C3_M M_G1C3H1_M": [[-0.3077541690421314, 0.11983681052637465, 0.00849500626502921]], "M_G1C3_M M_G1C3H2_M": [[-0.30770697980232, 0.12575250952872585, 0.008914359048754542]], "M_G1C4_M M_G1C4H1_M": [[-0.3129698701174566, 0.11654694846556117, 0.008261794126831142]], "M_G1C4_M M_G1C4H2_M": [[-0.3151008174045106, 0.12448201546101961, 0.008824296112187388]], "M_G1C5_M M_G1C5H1_M": [[-0.3546482984007905, 0.10423280429044977, 0.007388867590681207]], "M_G1C5_M M_G1C5H2_M": [[-0.35793959027989286, 0.10413902740316883, 0.007382219923395443]], "M_G1C6_M M_G1C6H1_M": [[-0.3625171617939773, 0.10646651249714345, 0.00754721096720101]], "M_G1C6_M M_G1C6H2_M": [[-0.3638025028071792, 0.10782343656950934, 0.007643400764353365]], "M_G1C7_M M_G1C7H1_M": [[-0.37739839963036786, 0.09945205984926102, 0.007049969602650529]], "M_G1C7_M M_G1C7H2_M": [[-0.37812236314107217, 0.10113654000771102, 0.007169379235103996]], "M_G1C8_M M_G1C8H1_M": [[-0.37882341981293954, 0.10478422500014549, 0.007427956768396773]], "M_G1C8_M M_G1C8H2_M": [[-0.3790318117964969, 0.10552102809787514, 0.00748018735517402]], "M_G1C9_M M_G1C9H1_M": [[-0.38269341469530543, 0.10545074319927138, 0.007475204990812407]], "M_G1C9_M M_G1C9H2_M": [[-0.3825301666849697, 0.10676524111889846, 0.007568387277737027]], "M_G1C10_M M_G1C10H1_M": [[-0.37946866634400506, 0.11066604520602298, 0.007844907947915255]], "M_G1C10_M M_G1C10H2_M": [[-0.3810177114259755, 0.10781623891338402, 0.0076428905360386296]], "M_G1C11_M M_G1C11H1_M": [[-0.3790453793581559, 0.10934468696013439, 0.007751239345355933]], "M_G1C11_M M_G1C11H2_M": [[-0.379291683030598, 0.10917843814007223, 0.007739454278966247]], "M_G1C12_M M_G1C12H1_M": [[-0.3725824007565528, 0.11129115663773743, 0.007889220922413077]], "M_G1C12_M M_G1C12H2_M": [[-0.37235810716319706, 0.11271803475413211, 0.007990369630268066]], "M_G1C13_M M_G1C13H1_M": [[-0.3627963474305808, 0.11359115188466642, 0.008052263262628723]], "M_G1C13_M M_G1C13H2_M": [[-0.36258118004343814, 0.11471006237570676, 0.008131580724347238]], "M_G1C14_M M_G1C14H1_M": [[-0.3420661105601272, 0.1154241512303391, 0.008182201141122718]], "M_G1C14_M M_G1C14H2_M": [[-0.3427235592733882, 0.11581808642288198, 0.008210126466521216]], "M_G1C15_M M_G1C15H1_M": [[-0.30528283054535543, 0.11206806766657011, 0.007944294685043395]], "M_G1C15_M M_G1C15H2_M": [[-0.30605670051019673, 0.11181511467461601, 0.007926363322868706]], "M_G1C16_M M_G1C16H1_M": [[-0.235343567937393, 0.09929423067778269, 0.0070387813893242265]], "M_G1C16_M M_G1C16H2_M": [[-0.2339593511599734, 0.10038055687700354, 0.007115789011837806]], "M_G1C17_M M_G1C17H1_M": [[-0.07149567105287702, 0.038362833720604096, 0.0027194691795396253]], "M_G1C17_M M_G1C17H2_M": [[-0.07117372040591913, 0.03791357946489898, 0.002687622389725689]], "M_G1C17_M M_G1C17H3_M": [[-0.07207971701263242, 0.03810962977490955, 0.0027015200277259437]], "M_G2_M M_G2H1_M": [[-0.04916327040364342, 0.25366437657218505, 0.017981790893217883]], "M_G2C3_M M_G2C3H1_M": [[-0.17155434459604563, 0.17063111869626535, 0.012095719303332897]], "M_G2C3_M M_G2C3H2_M": [[-0.1911850408518476, 0.17246833188643002, 0.01222595589334301]], "M_G2C4_M M_G2C4H1_M": [[-0.2906928362788581, 0.1293121561870036, 0.009166695710006924]], "M_G2C4_M M_G2C4H2_M": [[-0.2639173540365244, 0.14580574315592731, 0.010335895090550967]], "M_G2C5_M M_G2C5H1_M": [[-0.31529421301368876, 0.12975313299079105, 0.009197955726811882]], "M_G2C5_M M_G2C5H2_M": [[-0.3127175378620002, 0.13649176453402725, 0.009675644651659529]], "M_G2C6_M M_G2C6H1_M": [[-0.346318199508392, 0.1267911553757828, 0.008987986700718407]], "M_G2C6_M M_G2C6H2_M": [[-0.34319569200574634, 0.13375128318308377, 0.009481377079423559]], "M_G2C7_M M_G2C7H1_M": [[-0.3569559686524453, 0.12538352902567293, 0.008888202714391669]], "M_G2C7_M M_G2C7H2_M": [[-0.3554952494122496, 0.1312444727528305, 0.009303673999571018]], "M_G2C8_M M_G2C8H1_M": [[-0.3692215274394232, 0.12180251648895035, 0.008634351466173482]], "M_G2C8_M M_G2C8H2_M": [[-0.36826809436282476, 0.12575569565174374, 0.008914584907026965]], "M_G2C9_M M_G2C9H1_M": [[-0.37211922639840955, 0.1226175774787019, 0.008692129607830518]], "M_G2C9_M M_G2C9H2_M": [[-0.37197207874863963, 0.12327079024060471, 0.008738434632808968]], "M_G2C10_M M_G2C10H1_M": [[-0.37525971183005, 0.12323088569310763, 0.008735605874437464]], "M_G2C10_M M_G2C10H2_M": [[-0.3765516710936014, 0.11896534251774565, 0.008433229535820895]], "M_G2C11_M M_G2C11H1_M": [[-0.3748550782337925, 0.12030711203990142, 0.00852834505539182]], "M_G2C11_M M_G2C11H2_M": [[-0.3756923722324869, 0.11993074643267194, 0.008501665204874167]], "M_G2C12_M M_G2C12H1_M": [[-0.37398210742656857, 0.11915960948536408, 0.008447000756030762]], "M_G2C12_M M_G2C12H2_M": [[-0.3740667471990527, 0.11978529800518779, 0.008491354639220013]], "M_G2C13_M M_G2C13H1_M": [[-0.36917601925849425, 0.118928787451348, 0.008430638215869183]], "M_G2C13_M M_G2C13H2_M": [[-0.36890212278871276, 0.11975474614719368, 0.008489188875429002]], "M_G2C14_M M_G2C14H1_M": [[-0.3601894748756749, 0.118417369427698, 0.008394384753382382]], "M_G2C14_M M_G2C14H2_M": [[-0.36078059452928884, 0.11918218222196056, 0.008448600894902647]], "M_G2C15_M M_G2C15H1_M": [[-0.33855057021646145, 0.11660765649662685, 0.008266097605052695]], "M_G2C15_M M_G2C15H2_M": [[-0.3378434966128029, 0.11827385548619648, 0.008384211319803674]], "M_G2C16_M M_G2C16H1_M": [[-0.2874947224716983, 0.10965109286902, 0.007772959884347184]], "M_G2C16_M M_G2C16H2_M": [[-0.2879314268958776, 0.1119690110175967, 0.007937272745374558]], "M_G2C17_M M_G2C17H1_M": [[-0.08613647216901638, 0.03940726775913672, 0.002793507145518298]], "M_G2C17_M M_G2C17H2_M": [[-0.08624414478979454, 0.03894545693323803, 0.0027607702440434023]], "M_G2C17_M M_G2C17H3_M": [[-0.08841175334826529, 0.03894944595472869, 0.0027610530182795127]], "M_G3_M M_G3H1_M": [[-0.02003185078906651, 0.239003476030196, 0.016942507208946626]], "M_G3_M M_G3H2_M": [[-0.03608467056673934, 0.2426713828093204, 0.01720251822669102]], "M_G3C4_M M_G3C4H1_M": [[0.03663402154261225, 0.0996037356245883, 0.007060721613288986]], "M_G3C4_M M_G3C4H2_M": [[0.01686516233756568, 0.08978611686675884, 0.006364769071752728]], "M_G3C5_M M_G3C5H1_M": [[-0.02133230021344598, 0.08282681133045766, 0.005871436982293292]], "M_G3C5_M M_G3C5H2_M": [[-0.056997400953916255, 0.08292930302522027, 0.005878702425901957]], "M_G3N6C1_M M_G3N6C1H1_M": [[0.010769776573138365, 0.027225085866549, 0.0019299351675534668]], "M_G3N6C1_M M_G3N6C1H2_M": [[0.013519065887994614, 0.026396717901220865, 0.0018712137194082559]], "M_G3N6C1_M M_G3N6C1H3_M": [[0.012333490314157376, 0.02588646216203208, 0.0018350426490823994]], "M_G3N6C2_M M_G3N6C2H1_M": [[0.010555983812295985, 0.02678207321768942, 0.0018985308335177154]], "M_G3N6C2_M M_G3N6C2H2_M": [[0.01006523259451506, 0.027313577119623993, 0.0019362081461647169]], "M_G3N6C2_M M_G3N6C2H3_M": [[0.011295568421149118, 0.026441822726639194, 0.0018744111157076792]], "M_G3N6C3_M M_G3N6C3H1_M": [[0.011974843592321633, 0.024708647924988728, 0.0017515496115192728]], "M_G3N6C3_M M_G3N6C3H2_M": [[0.010420363646094723, 0.02549467050497895, 0.0018072692748859957]], "M_G3N6C3_M M_G3N6C3H3_M": [[0.012196599197660281, 0.02872487266931111, 0.0020362522351532273]]}