{"M_C3_M M_C3H3_M": [[-0.3919794701567299, 0.0080327230607154, 0.0006717300478122956]], "M_C4_M M_C4H41_M": [[-0.34856965283630953, 0.008684886456555041, 0.0007262666907112947]], "M_C4_M M_C4H42_M": [[-0.18608699171447912, 0.011990883495488916, 0.00100272805160285]], "M_C6_M M_C6H6_M": [[-0.058401425537151094, 0.012034836880800138, 0.0010064036183307773]], "M_C7_M M_C7H71_M": [[-0.289705129826171, 0.007273351699902372, 0.000608228224501485]], "M_C7_M M_C7H72_M": [[-0.3540417623956605, 0.008730746561380755, 0.0007301017053351539]], "M_C8_M M_C8H8_M": [[-0.4307549502136492, 0.008184780478099889, 0.0006844457278473048]], "M_C14_M M_C14H14_M": [[-0.4267833890647711, 0.007753276708117896, 0.0006483615698537669]], "M_C15_M M_C15H151_M": [[-0.39657174285620717, 0.008891761144842865, 0.0007435664212266348]], "M_C15_M M_C15H152_M": [[-0.33747915759539193, 0.010471160131019144, 0.000875642399506956]], "M_C16_M M_C16H161_M": [[-0.07364256822081577, 0.009527291340650895, 0.0007967121260629054]], "M_C16_M M_C16H162_M": [[-0.18971978068612466, 0.00910700949936339, 0.0007615663928901311]], "M_C17_M M_C17H17_M": [[-0.41866931766563453, 0.007601822834672818, 0.0006356963606984598]], "M_C18_M M_C18H181_M": [[0.12168171338015034, 0.008466359479537255, 0.0007079925468610821]], "M_C18_M M_C18H182_M": [[0.1242725043951755, 0.007341419063050106, 0.0006139203033589393]], "M_C18_M M_C18H183_M": [[0.12192924705710029, 0.0074760395330242795, 0.0006251778325988696]], "M_C12_M M_C12H121_M": [[-0.10583304665847958, 0.011742605943267223, 0.0009819660396718991]], "M_C12_M M_C12H122_M": [[-0.42299048090902747, 0.00819055770292802, 0.0006849288436575589]], "M_C11_M M_C11H111_M": [[-0.4276568996659649, 0.008196427709142744, 0.0006854197182371342]], "M_C11_M M_C11H112_M": [[-0.21892635237106342, 0.008123229457841379, 0.0006792985729574085]], "M_C9_M M_C9H9_M": [[-0.4291558535663542, 0.00802973696602693, 0.0006714803380298598]], "M_C19_M M_C19H191_M": [[0.12437160384471896, 0.012102789553272899, 0.0010120861062721748]], "M_C19_M M_C19H192_M": [[0.12294824639631721, 0.012764452722532045, 0.001067417160133068]], "M_C19_M M_C19H193_M": [[0.12373700766978847, 0.011718600742700133, 0.0009799586239546145]], "M_C1_M M_C1H11_M": [[-0.23419451750067902, 0.012061221112986487, 0.001008609978666378]], "M_C1_M M_C1H12_M": [[-0.3764971048223093, 0.008618362062854575, 0.0007207036414410366]], "M_C2_M M_C2H21_M": [[-0.2282870263676977, 0.007340580236633726, 0.0006138501571700913]], "M_C2_M M_C2H22_M": [[-0.360809212779381, 0.008415044165402785, 0.0007037013447174867]], "M_C20_M M_C20H20_M": [[-0.4002694411893326, 0.010154202746237349, 0.0008491370914533042]], "M_C21_M M_C21H211_M": [[0.1052372828431285, 0.006151908922730503, 0.0005144484682924712]], "M_C21_M M_C21H212_M": [[0.10551149908110356, 0.005980044248999469, 0.000500076422271466]], "M_C21_M M_C21H213_M": [[0.10492030435357548, 0.006266802793888124, 0.0005240563764679056]], "M_C22_M M_C22H221_M": [[-0.2037676542883932, 0.02767505486913905, 0.0023143043510825364]], "M_C22_M M_C22H222_M": [[-0.360575637443628, 0.008697631178642189, 0.0007273324579128086]], "M_C23_M M_C23H231_M": [[-0.1481855808194038, 0.021549746488522016, 0.0018020803318704896]], "M_C23_M M_C23H232_M": [[-0.3416817487625619, 0.008430164501753974, 0.0007049657707637167]], "M_C24_M M_C24H241_M": [[-0.17122051531292098, 0.013966638429334956, 0.0011679489793189341]], "M_C24_M M_C24H242_M": [[-0.2921603104803845, 0.00790189848303781, 0.000660789947032752]], "M_C25_M M_C25H25_M": [[-0.18454326412445962, 0.00936251868974872, 0.0007829331447844423]], "M_C26_M M_C26H261_M": [[0.013490795096115872, 0.006959747323002073, 0.0005820033090528723]], "M_C26_M M_C26H262_M": [[0.013086481121086771, 0.006853653691200642, 0.0005731313138622142]], "M_C26_M M_C26H263_M": [[0.014143993655846584, 0.0066995803026759695, 0.0005602470498513666]], "M_C27_M M_C27H271_M": [[-0.0027701192854075038, 0.006034955406165671, 0.000504668323915514]], "M_C27_M M_C27H272_M": [[-0.001471504824739835, 0.006511825621550187, 0.0005445462146580802]], "M_C27_M M_C27H273_M": [[-0.0019314140791513996, 0.006163752460132003, 0.0005154388746446936]]}