{"M_G1_M M_G1H1_M": [[-0.15151631192133153, 0.017474945884204417, 0.0014613283870972239]], "M_G1_M M_G1H2_M": [[-0.0222402417847837, 0.019680119724681276, 0.0016457342875747663]], "M_G1C3_M M_G1C3H1_M": [[-0.197986456055289, 0.012342779791892891, 0.0010321550982247414]], "M_G1C3_M M_G1C3H2_M": [[-0.17454755130606325, 0.014658018255362013, 0.001225765064858456]], "M_G1C4_M M_G1C4H1_M": [[-0.13971181885090378, 0.014146617049555901, 0.0011829995476321208]], "M_G1C4_M M_G1C4H2_M": [[-0.13204647038204634, 0.014015853119143993, 0.0011720645184317125]], "M_G1C5_M M_G1C5H1_M": [[-0.1074837468107691, 0.011498398173254081, 0.0009615443600263854]], "M_G1C5_M M_G1C5H2_M": [[-0.11234281182972117, 0.011187057008703144, 0.000935508703902183]], "M_G1C6_M M_G1C6H1_M": [[-0.032748293951708946, 0.010838018231798394, 0.0009063206150652584]], "M_G1C7_M M_G1C7H1_M": [[-0.1533927545207395, 0.006382750274151657, 0.0005337523918629891]], "M_G1C8_M M_G1C8H1_M": [[-0.07212828059938461, 0.00776304244448517, 0.0006491782217546638]], "M_G1C8_M M_G1C8H2_M": [[-0.07023632325321928, 0.007554897937456457, 0.0006317723036617012]], "M_G1C9_M M_G1C9H1_M": [[-0.07118621743416857, 0.01365052411107483, 0.0011415141720295472]], "M_G1C10_M M_G1C10H1_M": [[-0.05753409815634531, 0.007582964789284223, 0.0006341193717204034]], "M_G1C11_M M_G1C11H1_M": [[-0.055750133513708645, 0.005828777441421758, 0.0004874268563498519]], "M_G1C11_M M_G1C11H2_M": [[-0.05475398285292951, 0.005902774720462778, 0.0004936148196858837]], "M_G1C12_M M_G1C12H1_M": [[-0.08150668409047408, 0.01049807692133171, 0.0008778932945903481]], "M_G1C13_M M_G1C13H1_M": [[-0.03397425699158988, 0.006329952610363258, 0.0005293372294139802]], "M_G1C14_M M_G1C14H1_M": [[-0.039466151854799875, 0.005806359947956216, 0.0004855522113703573]], "M_G1C14_M M_G1C14H2_M": [[-0.04073282501501988, 0.005480086140459567, 0.00045826782491099086]], "M_G1C15_M M_G1C15H1_M": [[-0.08680207181948253, 0.009258340647598609, 0.0007742213392478211]], "M_G1C16_M M_G1C16H1_M": [[-0.014446377945924032, 0.006548393148362456, 0.0005476041448703281]], "M_G1C17_M M_G1C17H1_M": [[-0.050474087072989865, 0.006226411444307995, 0.0005206786821319271]], "M_G1C17_M M_G1C17H2_M": [[-0.049434129901103914, 0.0060460899116890204, 0.000505599438043442]], "M_G1C18_M M_G1C18H1_M": [[-0.07969184258267738, 0.006616302608866599, 0.0005532830192453762]], "M_G1C18_M M_G1C18H2_M": [[-0.07837041468853109, 0.006785258311094675, 0.0005674118048487129]], "M_G1C19_M M_G1C19H1_M": [[-0.07524054989750092, 0.006572645151567056, 0.0005496321992609794]], "M_G1C19_M M_G1C19H2_M": [[-0.07494898100132996, 0.006316512431789751, 0.0005282133052194639]], "M_G1C20_M M_G1C20H1_M": [[-0.07014144137687771, 0.006092540299648926, 0.0005094838146227621]], "M_G1C20_M M_G1C20H2_M": [[-0.07044273304156218, 0.005607667958072181, 0.0004689367524710639]], "M_G1C21_M M_G1C21H1_M": [[-0.014393658158260967, 0.0044386210943750575, 0.0003711761425620071]], "M_G1C21_M M_G1C21H2_M": [[-0.014666939791790713, 0.00430565570352422, 0.00036005701799135884]], "M_G1C21_M M_G1C21H3_M": [[-0.014700148690400717, 0.004477051839179928, 0.00037438988289017653]], "M_G2_M M_G2H1_M": [[-0.14406187388080677, 0.020505480635741247, 0.0017147544342993738]], "M_G2C3_M M_G2C3H1_M": [[-0.06667245975256136, 0.013917669386812864, 0.0011638539822642544]], "M_G2C3_M M_G2C3H2_M": [[-0.05653681851963213, 0.013832207523629712, 0.0011567073022395312]], "M_G2C4_M M_G2C4H1_M": [[-0.14277200555328387, 0.009778675887529972, 0.0008177339579395936]], "M_G2C4_M M_G2C4H2_M": [[-0.1376603154391913, 0.011194475481171475, 0.0009361290677349928]], "M_G2C5_M M_G2C5H1_M": [[-0.07022503044227768, 0.009333806281095767, 0.0007805320925520332]], "M_G2C5_M M_G2C5H2_M": [[-0.06315106718630295, 0.009446991397803434, 0.000789997107501884]], "M_G2C6_M M_G2C6H1_M": [[-0.003556569065377331, 0.009663651449179335, 0.0008081151311869662]], "M_G2C7_M M_G2C7H1_M": [[-0.13105721828823713, 0.010595304357110296, 0.0008860238612226801]], "M_G2C8_M M_G2C8H1_M": [[-0.06660676609537429, 0.008528292713437495, 0.0007131716640613796]], "M_G2C8_M M_G2C8H2_M": [[-0.06793126162063604, 0.008552304156733135, 0.0007151796018218514]], "M_G2C9_M M_G2C9H1_M": [[-0.053405391327561655, 0.012037600810774495, 0.001006634749766505]], "M_G2C10_M M_G2C10H1_M": [[-0.08931840152024696, 0.007834782398547697, 0.0006551774180929701]], "M_G2C11_M M_G2C11H1_M": [[-0.06812885186968498, 0.006458328771386912, 0.0005400725833071216]], "M_G2C11_M M_G2C11H2_M": [[-0.06689121436896205, 0.006215132100186407, 0.0005197354559919472]], "M_G2C12_M M_G2C12H1_M": [[-0.08437965532309377, 0.012414995495098374, 0.001038194078705004]], "M_G2C13_M M_G2C13H1_M": [[-0.04402468827318834, 0.006417107874443957, 0.0005366255187357345]], "M_G2C14_M M_G2C14H1_M": [[-0.043798016865039965, 0.005698885569372004, 0.00047656475233320486]], "M_G2C14_M M_G2C14H2_M": [[-0.04511002831018326, 0.005725723019059644, 0.00047880901262023045]], "M_G2C15_M M_G2C15H1_M": [[-0.0956423776409388, 0.01097320153571807, 0.0009176252108441774]], "M_G2C16_M M_G2C16H1_M": [[-0.02567186239920338, 0.005656434163993459, 0.0004730147874770668]], "M_G2C17_M M_G2C17H1_M": [[-0.06489566457981819, 0.006142914865428428, 0.0005136963474368306]], "M_G2C17_M M_G2C17H2_M": [[-0.06356787555705738, 0.0066945681283852405, 0.0005598279107810281]], "M_G2C18_M M_G2C18H1_M": [[-0.09778915633259426, 0.008361910615913251, 0.0006992580940950927]], "M_G2C18_M M_G2C18H2_M": [[-0.09734400029324508, 0.007372643596060918, 0.0006165314299835888]], "M_G2C19_M M_G2C19H1_M": [[-0.09270656568003198, 0.007196514419442588, 0.0006018027683159682]], "M_G2C19_M M_G2C19H2_M": [[-0.0924907153293049, 0.006954135686611335, 0.0005815340404433903]], "M_G2C20_M M_G2C20H1_M": [[-0.08546698539980592, 0.006650117679102578, 0.0005561107774756429]], "M_G2C20_M M_G2C20H2_M": [[-0.08509897543442742, 0.006323581441838437, 0.0005288044455366512]], "M_G2C21_M M_G2C21H1_M": [[-0.01718670563645609, 0.004550944962546268, 0.0003805691362911335]], "M_G2C21_M M_G2C21H2_M": [[-0.017377248068796456, 0.004398426895307776, 0.00036781493478014223]], "M_G2C21_M M_G2C21H3_M": [[-0.017137563933498648, 0.005116132344695748, 0.0004278324795390663]], "M_G3_M M_G3H1_M": [[-0.13730531247382405, 0.022922675848705876, 0.0019168904526462797]], "M_G3_M M_G3H2_M": [[-0.18632363264196014, 0.014196285678343941, 0.0011871530470293212]], "M_G3C4_M M_G3C4H1_M": [[0.033440470643505256, 0.007906483799936637, 0.0006611733904947514]], "M_G3C4_M M_G3C4H2_M": [[0.03694921215461702, 0.008499831559665928, 0.0007107916228176741]], "M_G3C5_M M_G3C5H1_M": [[-0.06087821780450983, 0.006926427542513276, 0.0005792169690319776]], "M_G3C5_M M_G3C5H2_M": [[-0.06189268970407294, 0.006686315081287671, 0.0005591377563116726]], "M_G3N6C1_M M_G3N6C1H1_M": [[0.010640532346261484, 0.005525169854562783, 0.00046203791448101673]], "M_G3N6C1_M M_G3N6C1H2_M": [[0.010598762110022995, 0.0053629574094938804, 0.0004484730283697583]], "M_G3N6C1_M M_G3N6C1H3_M": [[0.010347976672622784, 0.0054630503203014795, 0.000456843218061879]], "M_G3N6C2_M M_G3N6C2H1_M": [[0.010192065718023337, 0.005052572409768238, 0.00042251733076509616]], "M_G3N6C2_M M_G3N6C2H2_M": [[0.010689885019198063, 0.0052841582203486375, 0.00044188350913798363]], "M_G3N6C2_M M_G3N6C2H3_M": [[0.010386518848270953, 0.00496581724958925, 0.00041526249981243976]], "M_G3N6C3_M M_G3N6C3H1_M": [[0.011005489694393184, 0.0049297653947023784, 0.0004122476922529316]], "M_G3N6C3_M M_G3N6C3H2_M": [[0.010430005644283199, 0.004974246617793399, 0.0004159673989934525]], "M_G3N6C3_M M_G3N6C3H3_M": [[0.010002717635645086, 0.005136979155078873, 0.00042957577740076834]]}