{"M_G1_M M_G1H1_M": [[-0.1877339312659933, 0.06798821653221812, 0.0030076216254610313]], "M_G1_M M_G1H2_M": [[-0.034768435914917614, 0.10962670683253574, 0.004849599989747725]], "M_G1C3_M M_G1C3H1_M": [[-0.27354904141248293, 0.06285938519129868, 0.0027807354848754526]], "M_G1C3_M M_G1C3H2_M": [[-0.2546461049097549, 0.0692970718133492, 0.003065521974211366]], "M_G1C4_M M_G1C4H1_M": [[-0.25369044789509476, 0.0740863180447649, 0.003277385753994996]], "M_G1C4_M M_G1C4H2_M": [[-0.24281258675756606, 0.07303535374447126, 0.003230893830565106]], "M_G1C5_M M_G1C5H1_M": [[-0.28516804045750976, 0.0714670710028921, 0.0031615170866380817]], "M_G1C5_M M_G1C5H2_M": [[-0.282268389750553, 0.07065834868708362, 0.0031257413176875035]], "M_G1C6_M M_G1C6H1_M": [[-0.29255227016224594, 0.07328490108185275, 0.003241933154829909]], "M_G1C6_M M_G1C6H2_M": [[-0.29067201562368034, 0.07315788422359938, 0.0032363142598335988]], "M_G1C7_M M_G1C7H1_M": [[-0.30636271605986903, 0.07247104219417759, 0.003205930157318046]], "M_G1C7_M M_G1C7H2_M": [[-0.3044309219106568, 0.07179992775592907, 0.0031762418024738077]], "M_G1C8_M M_G1C8H1_M": [[-0.3056544546742795, 0.07494068594489404, 0.0033151807647129267]], "M_G1C8_M M_G1C8H2_M": [[-0.304308870442242, 0.07435171900730617, 0.0032891264013464243]], "M_G1C9_M M_G1C9H1_M": [[-0.30998997419518914, 0.07581338520122444, 0.0033537867068855563]], "M_G1C9_M M_G1C9H2_M": [[-0.30861472391577216, 0.07501809850041385, 0.0033186052945497]], "M_G1C10_M M_G1C10H1_M": [[-0.30547426924048693, 0.07869572450634552, 0.003481293890750137]], "M_G1C10_M M_G1C10H2_M": [[-0.30433856184265157, 0.07788981942722167, 0.003445642749013052]], "M_G1C11_M M_G1C11H1_M": [[-0.30423356157812376, 0.080548212493547, 0.003563243134536724]], "M_G1C11_M M_G1C11H2_M": [[-0.303648005392174, 0.08001007388377551, 0.0035394372840114744]], "M_G1C12_M M_G1C12H1_M": [[-0.2961162111376724, 0.0833152823207186, 0.0036856510969138253]], "M_G1C12_M M_G1C12H2_M": [[-0.2956556500217867, 0.08328871703027187, 0.00368447591765322]], "M_G1C13_M M_G1C13H1_M": [[-0.28860198188268704, 0.08511843963652252, 0.003765418080278512]], "M_G1C13_M M_G1C13H2_M": [[-0.28866661126955007, 0.08523166090491519, 0.0037704266943097177]], "M_G1C14_M M_G1C14H1_M": [[-0.2712765593597687, 0.08691055731319931, 0.0038446966987607293]], "M_G1C14_M M_G1C14H2_M": [[-0.2714855488383294, 0.08628588336736737, 0.0038170627503476846]], "M_G1C15_M M_G1C15H1_M": [[-0.24479059498697614, 0.08282567943407586, 0.0036639923403694904]], "M_G1C15_M M_G1C15H2_M": [[-0.2458009193683957, 0.08248179051584256, 0.0036487795902785283]], "M_G1C16_M M_G1C16H1_M": [[-0.19605643646406556, 0.07208082434567395, 0.003188667936014678]], "M_G1C16_M M_G1C16H2_M": [[-0.1953262212156303, 0.07198024477467897, 0.003184218557751303]], "M_G1C17_M M_G1C17H1_M": [[-0.062982576980136, 0.02635781050682667, 0.0011660008884417424]], "M_G1C17_M M_G1C17H2_M": [[-0.06259302239341064, 0.02572470389103239, 0.0011379939006722808]], "M_G1C17_M M_G1C17H3_M": [[-0.06342478722897535, 0.02674646907572296, 0.0011831941312763928]], "M_G2_M M_G2H1_M": [[-0.20771741453291748, 0.06023604802753525, 0.002664685881178736]], "M_G2C3_M M_G2C3H1_M": [[-0.10258096106231049, 0.07349675438892556, 0.0032513049933671897]], "M_G2C3_M M_G2C3H2_M": [[-0.15876319904316546, 0.0659753767114495, 0.0029185788341905172]], "M_G2C4_M M_G2C4H1_M": [[-0.2576645863907266, 0.06689856517950293, 0.0029594182875916516]], "M_G2C4_M M_G2C4H2_M": [[-0.26016057737166953, 0.06280237892878987, 0.002778213676293712]], "M_G2C5_M M_G2C5H1_M": [[-0.27499050048512547, 0.0690182184341549, 0.0030531862269837532]], "M_G2C5_M M_G2C5H2_M": [[-0.27785425698485045, 0.06630361180094031, 0.00293309909966799]], "M_G2C6_M M_G2C6H1_M": [[-0.2978951076128764, 0.07058387880177518, 0.0031224469639167564]], "M_G2C6_M M_G2C6H2_M": [[-0.2969034296586628, 0.06959212777479269, 0.0030785744814783886]], "M_G2C7_M M_G2C7H1_M": [[-0.30218906883189367, 0.07239369325904184, 0.0032025084418813654]], "M_G2C7_M M_G2C7H2_M": [[-0.30161532606497543, 0.0717763401076913, 0.003175198346349318]], "M_G2C8_M M_G2C8H1_M": [[-0.31000242118115373, 0.07323868754060243, 0.0032398887881272213]], "M_G2C8_M M_G2C8H2_M": [[-0.30975857807762036, 0.07282844621504678, 0.0032217407803498107]], "M_G2C9_M M_G2C9H1_M": [[-0.30917270761206, 0.075590190515064, 0.00334391315527583]], "M_G2C9_M M_G2C9H2_M": [[-0.30877515630092633, 0.07557948881079209, 0.003343439739751211]], "M_G2C10_M M_G2C10H1_M": [[-0.31029609183224915, 0.07743705620115, 0.003425613683104236]], "M_G2C10_M M_G2C10H2_M": [[-0.31091018782049495, 0.07722571641726361, 0.0034162645614952618]], "M_G2C11_M M_G2C11H1_M": [[-0.3065448253358422, 0.0800927027191454, 0.0035430925684831207]], "M_G2C11_M M_G2C11H2_M": [[-0.30593251923827725, 0.08018791181534819, 0.0035473043709289814]], "M_G2C12_M M_G2C12H1_M": [[-0.30426077917038713, 0.08196740279117755, 0.0036260244170516934]], "M_G2C12_M M_G2C12H2_M": [[-0.3036907054217777, 0.08233162695749945, 0.003642136745555356]], "M_G2C13_M M_G2C13H1_M": [[-0.29627775003298285, 0.08503126560736628, 0.0037615617282716223]], "M_G2C13_M M_G2C13H2_M": [[-0.29610120824617225, 0.08532810094970324, 0.00377469295071501]], "M_G2C14_M M_G2C14H1_M": [[-0.2871157493808659, 0.0868592513412073, 0.003842427056185161]], "M_G2C14_M M_G2C14H2_M": [[-0.28737981724666106, 0.0870828476705139, 0.0038523183754416027]], "M_G2C15_M M_G2C15H1_M": [[-0.26504831729261, 0.08723622260649572, 0.003859103283147543]], "M_G2C15_M M_G2C15H2_M": [[-0.2653590630617523, 0.08736175922797797, 0.003864656696324346]], "M_G2C16_M M_G2C16H1_M": [[-0.22763337078335683, 0.08136903584557327, 0.0035995542218126746]], "M_G2C16_M M_G2C16H2_M": [[-0.22825356134549113, 0.0816454829146566, 0.003611783520148164]], "M_G2C17_M M_G2C17H1_M": [[-0.06684561391685673, 0.027339634996572906, 0.0012094342467262426]], "M_G2C17_M M_G2C17H2_M": [[-0.06671597839420498, 0.026495267289061902, 0.0011720816184844411]], "M_G2C17_M M_G2C17H3_M": [[-0.06652138982317199, 0.026651201314825824, 0.0011789797336572451]], "M_G3_M M_G3H1_M": [[-0.21672564513760198, 0.06571104413017916, 0.002906885449243938]], "M_G3_M M_G3H2_M": [[-0.23696634997363697, 0.052054789679624465, 0.0023027683197877884]], "M_G3C4_M M_G3C4H1_M": [[0.029515794187553193, 0.020583036272287476, 0.0009105399165875273]], "M_G3C4_M M_G3C4H2_M": [[0.02543511848639049, 0.020857445738622304, 0.0009226790766843177]], "M_G3C5_M M_G3C5H1_M": [[-0.06789929662051043, 0.0217459023472137, 0.0009619820830812715]], "M_G3C5_M M_G3C5H2_M": [[-0.06973247803796648, 0.021415251365559062, 0.0009473549448266131]], "M_G3N6C1_M M_G3N6C1H1_M": [[0.010581009633713463, 0.009432194730935178, 0.00041725572893763205]], "M_G3N6C1_M M_G3N6C1H2_M": [[0.01056593440029388, 0.009712979628278724, 0.000429676921497568]], "M_G3N6C1_M M_G3N6C1H3_M": [[0.010774920312749455, 0.009766486808514014, 0.0004320439397928169]], "M_G3N6C2_M M_G3N6C2H1_M": [[0.011099732933337294, 0.009060917825434339, 0.00040083140562140835]], "M_G3N6C2_M M_G3N6C2H2_M": [[0.0107913366944468, 0.008948136781582365, 0.00039584226597732717]], "M_G3N6C2_M M_G3N6C2H3_M": [[0.010017679066007357, 0.009544691819984257, 0.0004222323071607876]], "M_G3N6C3_M M_G3N6C3H1_M": [[0.010012621419316203, 0.009431053556258027, 0.0004172052463420811]], "M_G3N6C3_M M_G3N6C3H2_M": [[0.01021444580107182, 0.009523272310824797, 0.0004212847638622482]], "M_G3N6C3_M M_G3N6C3H3_M": [[0.00963460587023466, 0.009442079988645859, 0.0004176930269928003]]}