{"10.1021/acs.jctc.9b00824": {"M_G1C3_M M_G1C3H1_M": [-0.25315, 0.16479, 0.01457, -0.220769, 0.02, 0.18944065776783392], "M_G1C3_M M_G1C3H2_M": [-0.31132, 0.0997, 0.00881, -0.220769, 0.02, 0.014230828989681421], "M_G1C4_M M_G1C4H1_M": [-0.31602, 0.10984, 0.00971, -0.196239, 0.02, 0.008802310977225836], "M_G1C4_M M_G1C4H2_M": [-0.32457, 0.07563, 0.00668, -0.196239, 0.02, 0.005277858701116633], "M_G1C5_M M_G1C5H1_M": [-0.32487, 0.07996, 0.00707, -0.220769, 0.02, 0.008581691450081474], "M_G1C5_M M_G1C5H2_M": [-0.33261, 0.06844, 0.00605, -0.220769, 0.02, 0.006341764130359029], "M_G1C6_M M_G1C6H1_M": [-0.32996, 0.06236, 0.00551, -0.220769, 0.02, 0.006071737209760064], "M_G1C6_M M_G1C6H2_M": [-0.33208, 0.05654, 0.005, -0.220769, 0.02, 0.005297991135136626], "M_G1C7_M M_G1C7H1_M": [-0.33726, 0.06049, 0.00535, -0.220769, 0.02, 0.005160505014153438], "M_G1C7_M M_G1C7H2_M": [-0.33815, 0.05529, 0.00489, -0.220769, 0.02, 0.004645277743867915], "M_G1C8_M M_G1C8H1_M": [-0.33959, 0.0504, 0.00445, -0.220769, 0.02, 0.004123964956580073], "M_G1C8_M M_G1C8H2_M": [-0.33872, 0.04935, 0.00436, -0.220769, 0.02, 0.004102308239533503], "M_G1C9_M M_G1C9H1_M": [-0.34255, 0.04814, 0.00425, -0.220769, 0.02, 0.0037449929402492144], "M_G1C9_M M_G1C9H2_M": [-0.34223, 0.04577, 0.00405, -0.220769, 0.02, 0.0035885156721831013], "M_G1C10_M M_G1C10H1_M": [-0.34041, 0.04689, 0.00414, -0.196239, 0.02, 0.002583564488474299], "M_G1C10_M M_G1C10H2_M": [-0.3411, 0.04192, 0.00371, -0.196239, 0.02, 0.0022931976030066137], "M_G1C11_M M_G1C11H1_M": [-0.3365, 0.04368, 0.00386, -0.17171, 0.02, 0.0018358356281165111], "M_G1C11_M M_G1C11H2_M": [-0.33673, 0.04335, 0.00383, -0.17171, 0.02, 0.00181643656649777], "M_G1C12_M M_G1C12H1_M": [-0.32883, 0.0421, 0.00372, -0.17171, 0.02, 0.0019490897376032157], "M_G1C12_M M_G1C12H2_M": [-0.32955, 0.04125, 0.00365, -0.17171, 0.02, 0.0018947729433134164], "M_G1C13_M M_G1C13H1_M": [-0.31982, 0.04055, 0.00358, -0.14718, 0.02, 0.0015494787901092488], "M_G1C13_M M_G1C13H2_M": [-0.31988, 0.04037, 0.00357, -0.14718, 0.02, 0.0015440668976942629], "M_G1C14_M M_G1C14H1_M": [-0.30397, 0.03945, 0.00349, -0.12265, 0.02, 0.0013677127366126252], "M_G1C14_M M_G1C14H2_M": [-0.30322, 0.03951, 0.00349, -0.12265, 0.02, 0.0013792348653521858], "M_G1C15_M M_G1C15H1_M": [-0.27699, 0.03888, 0.00344, -0.09812, 0.02, 0.001385772743850433], "M_G1C15_M M_G1C15H2_M": [-0.27628, 0.03942, 0.00348, -0.09812, 0.02, 0.0014132079661626218], "M_G1C16_M M_G1C16H1_M": [-0.23224, 0.03784, 0.00334, -0.07359, 0.02, 0.0017160657911207133], "M_G1C16_M M_G1C16H2_M": [-0.23127, 0.03713, 0.00328, -0.07359, 0.02, 0.0017063945128500402], "M_G2C3_M M_G2C3H1_M": [-0.29823, 0.14752, 0.01304, -0.12, 0.02, 0.005264314854304897], "M_G2C3_M M_G2C3H2_M": [-0.26084, 0.16249, 0.01436, -0.12, 0.02, 0.009305775092891766], "M_G2C4_M M_G2C4H1_M": [-0.33735, 0.09509, 0.0084, -0.2, 0.02, 0.005769465798253437], "M_G2C4_M M_G2C4H2_M": [-0.30656, 0.10469, 0.00925, -0.2, 0.02, 0.010663427554568283], "M_G2C5_M M_G2C5H1_M": [-0.31762, 0.09836, 0.00869, -0.2, 0.02, 0.008188028918162171], "M_G2C5_M M_G2C5H2_M": [-0.2992, 0.09402, 0.00831, -0.2, 0.02, 0.01112161171109205], "M_G2C6_M M_G2C6H1_M": [-0.33578, 0.06552, 0.00579, -0.22, 0.02, 0.005653459681777551], "M_G2C6_M M_G2C6H2_M": [-0.31958, 0.08048, 0.00711, -0.22, 0.02, 0.009459940014381885], "M_G2C7_M M_G2C7H1_M": [-0.31568, 0.06172, 0.00546, -0.2, 0.02, 0.005342306581029077], "M_G2C7_M M_G2C7H2_M": [-0.30717, 0.07134, 0.00631, -0.2, 0.02, 0.007220315580084402], "M_G2C8_M M_G2C8H1_M": [-0.33693, 0.0517, 0.00457, -0.17, 0.02, 0.0021168998820483287], "M_G2C8_M M_G2C8H2_M": [-0.32757, 0.06173, 0.00546, -0.17, 0.02, 0.0028422888365658983], "M_G2C9_M M_G2C9H1_M": [-0.28522, 0.04668, 0.00413, -0.12, 0.02, 0.0019537324398656297], "M_G2C9_M M_G2C9H2_M": [-0.27563, 0.05193, 0.00459, -0.12, 0.02, 0.0024511834551715905], "M_G2C10_M M_G2C10H1_M": [-0.10045, 0.06737, 0.00595, -0.12, 0.02, 0.4764972343962536], "M_G2C11_M M_G2C11H1_M": [-0.00887, 0.09413, 0.00832, -0.0, 0.02, 0.7063580162237851], "M_G2C12_M M_G2C12H1_M": [-0.24833, 0.05539, 0.0049, -0.07, 0.02, 0.001985258226708808], "M_G2C12_M M_G2C12H2_M": [-0.25766, 0.05008, 0.00443, -0.07, 0.02, 0.0016191349885803508], "M_G2C13_M M_G2C13H1_M": [-0.30233, 0.04519, 0.00399, -0.12, 0.02, 0.0015460020697600774], "M_G2C13_M M_G2C13H2_M": [-0.30881, 0.04127, 0.00365, -0.12, 0.02, 0.00131791356130595], "M_G2C14_M M_G2C14H1_M": [-0.27795, 0.04455, 0.00394], "M_G2C14_M M_G2C14H2_M": [-0.28147, 0.04235, 0.00374], "M_G2C15_M M_G2C15H1_M": [-0.28534, 0.04494, 0.00397, -0.12, 0.02, 0.0018753712609516082], "M_G2C15_M M_G2C15H2_M": [-0.28972, 0.0441, 0.0039, -0.12, 0.02, 0.001747209327448429], "M_G2C16_M M_G2C16H1_M": [-0.24446, 0.05304, 0.00469, -0.1, 0.02, 0.002914166042251476], "M_G2C16_M M_G2C16H2_M": [-0.2445, 0.05413, 0.00478, -0.1, 0.02, 0.0029682872763818757], "M_G2C17_M M_G2C17H1_M": [-0.23001, 0.05216, 0.00461, -0.1, 0.02, 0.0035520716269497044], "M_G2C17_M M_G2C17H2_M": [-0.23081, 0.05333, 0.00471, -0.1, 0.02, 0.0035836652873038055], "M_G2C18_M M_G2C18H1_M": [-0.15641, 0.05463, 0.00483, -0.07, 0.02, 0.008671665434727527], "M_G2C18_M M_G2C18H2_M": [-0.15625, 0.05532, 0.00489, -0.07, 0.02, 0.0088129304751563]}, "10.1021/acs.jpcb.9b06091": {"M_G1_M M_G1H1_M": [0.23917, 0.35353, 0.03125, -0.13, 0.02, 0.0029071125542502463], "M_G1_M M_G1H2_M": [0.13877, 0.32807, 0.029, 0.0, 0.02, 0.018723292281300714], "M_G2_M M_G2H1_M": [-0.1505, 0.28878, 0.02552, -0.18, 0.02, 0.235045790268618], "M_G3_M M_G3H1_M": [-0.20101, 0.30175, 0.02667, -0.21, 0.02, 0.3878821162458258], "M_G3_M M_G3H2_M": [-0.23053, 0.24128, 0.02133, -0.21, 0.02, 0.3378879764149866], "M_G3C4_M M_G3C4H1_M": [0.17213, 0.33612, 0.02971, -0.0, 0.02, 0.012556140950525818], "M_G3C4_M M_G3C4H2_M": [0.20756, 0.39827, 0.0352, 0.09, 0.02, 0.030479413671877828], "M_G3C5_M M_G3C5H1_M": [0.16844, 0.364, 0.03217, -0.11, 0.02, 0.00523982284152303]}}