{"sn-1": 0.010494472721375936, "sn-2": 0.043977112526548276, "headgroup": 0.1288402081536135, "total": 0.0611039311338459}