{"headgroup": 300.0, "sn-1": 178.91843135054634, "sn-2": 134.9866836461467, "total": 204.63503833223103}