{"headgroup": 76.8947415098033, "sn-1": 178.91843135054634, "sn-2": 126.80567251607722, "total": 127.53961512547562}