{"M_G1_M M_G1H1_M": [[-0.16107830431828637, 0.01296641579504722, 0.0016336148375978474]], "M_G1_M M_G1H2_M": [[-0.025148027865837874, 0.014161087572685666, 0.0017841293338825513]], "M_G1C3_M M_G1C3H1_M": [[-0.22372976002344758, 0.01082957648423041, 0.0013643983895917555]], "M_G1C3_M M_G1C3H2_M": [[-0.19903368661434528, 0.011714333519380615, 0.0014758672984356734]], "M_G1C4_M M_G1C4H1_M": [[-0.16360854846398473, 0.010660500963290501, 0.0013430968762014844]], "M_G1C4_M M_G1C4H2_M": [[-0.1537130654408253, 0.011175897592094076, 0.001408030747933643]], "M_G1C5_M M_G1C5H1_M": [[-0.18973884620228915, 0.011625529717170636, 0.00146467907100117]], "M_G1C5_M M_G1C5H2_M": [[-0.18479871604693662, 0.010357958120978736, 0.0013049800608824578]], "M_G1C6_M M_G1C6H1_M": [[-0.1833561965874818, 0.011567613892487946, 0.001457382362949474]], "M_G1C6_M M_G1C6H2_M": [[-0.1825084241460974, 0.011786509877900003, 0.001484960664872842]], "M_G1C7_M M_G1C7H1_M": [[-0.19238754858668689, 0.009295979387558922, 0.0011711833167744488]], "M_G1C7_M M_G1C7H2_M": [[-0.1920339753790967, 0.010990151487351892, 0.001384628938402844]], "M_G1C8_M M_G1C8H1_M": [[-0.17960073221638673, 0.01227903784299393, 0.001547013355795853]], "M_G1C8_M M_G1C8H2_M": [[-0.17923607954892506, 0.01244268118900808, 0.0015676304794750879]], "M_G1C9_M M_G1C9H1_M": [[-0.17617217292840368, 0.012030017631501756, 0.0015156397581274244]], "M_G1C9_M M_G1C9H2_M": [[-0.17476976400375416, 0.012153897247686445, 0.001531247122743368]], "M_G1C10_M M_G1C10H1_M": [[-0.1583883072768237, 0.014368905570062943, 0.00181031194050273]], "M_G1C10_M M_G1C10H2_M": [[-0.15848142206255222, 0.012569155589953558, 0.001583564756242593]], "M_G1C11_M M_G1C11H1_M": [[-0.1499306700584012, 0.012985238443670343, 0.0016359862684203396]], "M_G1C11_M M_G1C11H2_M": [[-0.14687828075733378, 0.012377062788530612, 0.0015593633380896962]], "M_G1C12_M M_G1C12H1_M": [[-0.12882298368009465, 0.011125428983140258, 0.0014016723008713967]], "M_G1C12_M M_G1C12H2_M": [[-0.1257951173687836, 0.01206166513148352, 0.00151962696834498]], "M_G1C13_M M_G1C13H1_M": [[-0.11467003039614718, 0.011832619815412901, 0.0014907699709503588]], "M_G1C13_M M_G1C13H2_M": [[-0.11461572585984889, 0.012305872146504134, 0.0015503941602574543]], "M_G1C14_M M_G1C14H1_M": [[-0.09456013238281094, 0.013367609296301862, 0.0016841604676899934]], "M_G1C14_M M_G1C14H2_M": [[-0.09544703895368722, 0.011416127256849443, 0.0014382968408137914]], "M_G1C15_M M_G1C15H1_M": [[-0.07839987267813116, 0.012868091667135205, 0.0016212271618677285]], "M_G1C15_M M_G1C15H2_M": [[-0.08206896569416813, 0.013588635072296969, 0.001712007098005142]], "M_G1C16_M M_G1C16H1_M": [[-0.059159791441809606, 0.013471592755150278, 0.0016972611520984326]], "M_G1C16_M M_G1C16H2_M": [[-0.05881462997909036, 0.012952230909766266, 0.0016318277100345435]], "M_G1C17_M M_G1C17H1_M": [[-0.019093360201008696, 0.015118771033189829, 0.0019047861087022543]], "M_G1C17_M M_G1C17H2_M": [[-0.017828064403006445, 0.012491638232026253, 0.0015737984871299058]], "M_G1C17_M M_G1C17H3_M": [[-0.018941990700901544, 0.01515244260449675, 0.0019090283279370587]], "M_G2_M M_G2H1_M": [[-0.1837404877527876, 0.013074930923622871, 0.0016472864587263889]], "M_G2C3_M M_G2C3H1_M": [[-0.08651283294208764, 0.013017592130623746, 0.0016400624498334225]], "M_G2C3_M M_G2C3H2_M": [[-0.10051576914224514, 0.013838134606226621, 0.0017434410846243983]], "M_G2C4_M M_G2C4H1_M": [[-0.18711865534919614, 0.011304457298805182, 0.0014242277485327377]], "M_G2C4_M M_G2C4H2_M": [[-0.19129304180846984, 0.012613482814242526, 0.0015891494615653736]], "M_G2C5_M M_G2C5H1_M": [[-0.18597448657671517, 0.011371692210414003, 0.001432698551177421]], "M_G2C5_M M_G2C5H2_M": [[-0.18333645098922466, 0.012337602698599981, 0.0015543918340578538]], "M_G2C6_M M_G2C6H1_M": [[-0.19366304341559176, 0.010010036211148573, 0.0012611460204500172]], "M_G2C6_M M_G2C6H2_M": [[-0.19223687426118205, 0.011364129875276328, 0.001431745786505744]], "M_G2C7_M M_G2C7H1_M": [[-0.16701117520865033, 0.011491914001048898, 0.0014478450730912688]], "M_G2C7_M M_G2C7H2_M": [[-0.17250147006113037, 0.01208889817357439, 0.0015230580091457513]], "M_G2C8_M M_G2C8H1_M": [[-0.15838889292561636, 0.011170698703296721, 0.0014073757495121342]], "M_G2C8_M M_G2C8H2_M": [[-0.16175195526299635, 0.010988186459669647, 0.001384381368185388]], "M_G2C9_M M_G2C9H1_M": [[-0.09248421544272337, 0.015146840802183712, 0.001908322567184009]], "M_G2C9_M M_G2C9H2_M": [[-0.09457465404054421, 0.011945094998266308, 0.0015049405120216269]], "M_G2C10_M M_G2C10H1_M": [[-0.05831209393520306, 0.014010610626284498, 0.0017651710206336997]], "M_G2C11_M M_G2C11H1_M": [[-0.03559931979400559, 0.01276227790421686, 0.0016078958808215433]], "M_G2C12_M M_G2C12H1_M": [[-0.05526535978700141, 0.012142056594958357, 0.001529755340720549]], "M_G2C12_M M_G2C12H2_M": [[-0.05621040718339201, 0.012401621304513605, 0.0015624574202734965]], "M_G2C13_M M_G2C13H1_M": [[-0.08720744115910145, 0.011080246280821361, 0.0013959798154476986]], "M_G2C13_M M_G2C13H2_M": [[-0.08529348550651783, 0.01318195708493223, 0.00166077048761222]], "M_G2C14_M M_G2C14H1_M": [[-0.08527958657987691, 0.013635534706544085, 0.0017179158965193208]], "M_G2C14_M M_G2C14H2_M": [[-0.08765722937349925, 0.013399072968565488, 0.001688124517792012]], "M_G2C15_M M_G2C15H1_M": [[-0.08386798285671973, 0.014346769112037435, 0.0018075230089387626]], "M_G2C15_M M_G2C15H2_M": [[-0.08559453091250269, 0.012461295703209536, 0.0015699756878252466]], "M_G2C16_M M_G2C16H1_M": [[-0.06452700994672869, 0.015073821763484025, 0.00189912303302342]], "M_G2C16_M M_G2C16H2_M": [[-0.06710914217418618, 0.012846793939721116, 0.0016185439004282752]], "M_G2C17_M M_G2C17H1_M": [[-0.024467093817255956, 0.01154573717799802, 0.0014546261559950212]], "M_G2C17_M M_G2C17H2_M": [[-0.022016198781575083, 0.01344623480533233, 0.0016940663507185876]], "M_G2C17_M M_G2C17H3_M": [[-0.024513994508271422, 0.011646899068660371, 0.0014673713562259588]], "M_G3_M M_G3H1_M": [[-0.22345946429607688, 0.012000433211309228, 0.0015119124715316401]], "M_G3_M M_G3H2_M": [[-0.241683289004567, 0.01020801326905604, 0.001286088785236655]], "M_G3C4_M M_G3C4H1_M": [[0.032002668561498186, 0.015166126896712286, 0.0019107523867023086]], "M_G3C4_M M_G3C4H2_M": [[0.04085919094227948, 0.01338232874097183, 0.0016860149434058842]], "M_G3C5_M M_G3C5H1_M": [[-0.06243217101031613, 0.012761892852219346, 0.0016078473688297696]], "M_G3C5_M M_G3C5H2_M": [[-0.05987636454187851, 0.012829596643425908, 0.0016163772447511412]], "M_G3N6C1_M M_G3N6C1H1_M": [[0.008914340211948247, 0.01506050571795016, 0.0018974453689791617]], "M_G3N6C1_M M_G3N6C1H2_M": [[0.008189559230101824, 0.01591151154239245, 0.002004662024966866]], "M_G3N6C1_M M_G3N6C1H3_M": [[0.008665640332778949, 0.013870635202574325, 0.0017475357748814133]], "M_G3N6C2_M M_G3N6C2H1_M": [[0.010489753646651917, 0.013837880530733987, 0.001743409074121172]], "M_G3N6C2_M M_G3N6C2H2_M": [[0.011187108553775645, 0.014218298592764057, 0.0017913372449006345]], "M_G3N6C2_M M_G3N6C2H3_M": [[0.0062028546204055054, 0.013783123108820293, 0.0017365102874155212]], "M_G3N6C3_M M_G3N6C3H1_M": [[0.009082674652799624, 0.01200740775603681, 0.0015127911815724536]], "M_G3N6C3_M M_G3N6C3H2_M": [[0.006510822551754499, 0.013501930449487541, 0.0017010833423159323]], "M_G3N6C3_M M_G3N6C3H3_M": [[0.011291738587859274, 0.011836567593159611, 0.0014912673441955565]]}