{"POPC": 1.8704906195866848, "POPG": 1.887433886009216}