{"M_C3_M M_C3H3_M": [[-0.39398906493968094, 0.011982294047568294, 0.0008023937579461776]], "M_C4_M M_C4H41_M": [[-0.3506178274810453, 0.01551884791369042, 0.0010392189214375297]], "M_C4_M M_C4H42_M": [[-0.1794032530283121, 0.01199042279188993, 0.0008029380989277732]], "M_C6_M M_C6H6_M": [[-0.04897786732674297, 0.013090337626872003, 0.0008765938441764158]], "M_C7_M M_C7H71_M": [[-0.2974784268716367, 0.00839062905045351, 0.00056187808015712]], "M_C7_M M_C7H72_M": [[-0.3565476747395943, 0.016021413457542367, 0.0010728731994701628]], "M_C8_M M_C8H8_M": [[-0.43326901841482585, 0.010850324636682746, 0.0007265914795281393]], "M_C14_M M_C14H14_M": [[-0.4292545891497842, 0.008599475515770729, 0.0005758634738951136]], "M_C15_M M_C15H151_M": [[-0.39782952992381937, 0.01337206575859572, 0.0008954597552812117]], "M_C15_M M_C15H152_M": [[-0.3360346307440462, 0.009641858254858918, 0.0006456665850451812]], "M_C16_M M_C16H161_M": [[-0.07369735428609712, 0.010959340704148073, 0.0007338917353641885]], "M_C16_M M_C16H162_M": [[-0.19308428426001562, 0.011671691955245481, 0.0007815943034264127]], "M_C17_M M_C17H17_M": [[-0.41630537699639686, 0.04510917545359948, 0.003020733814941947]], "M_C18_M M_C18H181_M": [[0.12305707699937767, 0.014454920877135742, 0.0009679730974198077]], "M_C18_M M_C18H182_M": [[0.12300004742250017, 0.014470389299926258, 0.0009690089396252409]], "M_C18_M M_C18H183_M": [[0.12299615929398779, 0.014932738729409591, 0.0009999701474486037]], "M_C12_M M_C12H121_M": [[-0.09813329327293967, 0.013552459073037156, 0.0009075397851075875]], "M_C12_M M_C12H122_M": [[-0.4250429939017771, 0.010924371043295411, 0.000731549993668126]], "M_C11_M M_C11H111_M": [[-0.4297576571749885, 0.010247144751134167, 0.0006861995668308297]], "M_C11_M M_C11H112_M": [[-0.22786233589118554, 0.009763361593896945, 0.0006538030504354222]], "M_C9_M M_C9H9_M": [[-0.4309600485218531, 0.009061970407505749, 0.0006068344225913264]], "M_C19_M M_C19H191_M": [[0.1246286549766775, 0.01616611919656098, 0.0010825634124850142]], "M_C19_M M_C19H192_M": [[0.1230387036786685, 0.015138576690580956, 0.0010137540768478147]], "M_C19_M M_C19H193_M": [[0.12401128267577322, 0.015353046821697835, 0.001028116059101873]], "M_C1_M M_C1H11_M": [[-0.22896984188496022, 0.011810436313962674, 0.0007908853128894556]], "M_C1_M M_C1H12_M": [[-0.3786407947321142, 0.01435340716201981, 0.000961175236256362]], "M_C2_M M_C2H21_M": [[-0.23473634115880396, 0.009528737197640798, 0.0006380914387631958]], "M_C2_M M_C2H22_M": [[-0.36304389272190773, 0.014299257664986936, 0.0009575491177315943]], "M_C20_M M_C20H20_M": [[-0.3934039023908034, 0.09398300527922086, 0.006293567533036263]], "M_C21_M M_C21H211_M": [[0.10654242925907338, 0.013833273488313482, 0.0009263445092334119]], "M_C21_M M_C21H212_M": [[0.10820045318298718, 0.014112752363601764, 0.0009450597989866831]], "M_C21_M M_C21H213_M": [[0.10813117677037602, 0.014502616321784567, 0.0009711670206299005]], "M_C22_M M_C22H221_M": [[-0.2591690104867773, 0.019074889610293536, 0.0012773490865814687]], "M_C22_M M_C22H222_M": [[-0.35679581795291593, 0.06670769288408879, 0.004467077519938355]], "M_C23_M M_C23H231_M": [[-0.1953683700682912, 0.01766752143888615, 0.0011831047431038035]], "M_C23_M M_C23H232_M": [[-0.3424624827655846, 0.045236536876466706, 0.0030292625666405878]], "M_C24_M M_C24H241_M": [[-0.2017819064854334, 0.01867944562772073, 0.001250868198867134]], "M_C24_M M_C24H242_M": [[-0.29343172741632906, 0.0372032827450426, 0.00249131608114617]], "M_C25_M M_C25H25_M": [[-0.20033601961015535, 0.0193649554266087, 0.0012967733303432117]], "M_C26_M M_C26H261_M": [[0.016678307330028185, 0.013679901821017488, 0.0009160739827386062]], "M_C26_M M_C26H262_M": [[0.01806141472445046, 0.014587088670605453, 0.0009768237075000318]], "M_C26_M M_C26H263_M": [[0.016340357996589828, 0.014509787714284473, 0.0009716472525917321]], "M_C27_M M_C27H271_M": [[0.004598966934259678, 0.014081879191065618, 0.000942992378438276]], "M_C27_M M_C27H272_M": [[0.005783132143105851, 0.013797928729935741, 0.0009239776491492054]], "M_C27_M M_C27H273_M": [[0.005135990703816108, 0.013618951275341474, 0.0009119924323109757]]}