{"sn-1": 0.09720353752232863, "sn-2": 0.4812668001855044, "headgroup": 0.11602082640085662, "total": 0.23149705470289658}