{"headgroup": 0.11602082640085662, "tails": 0.28923516885391654, "total": 0.23149705470289658}