{"M_G1_M M_G1H1_M": [[-0.2188838927702638, 0.04026032484416737, 0.00357252613216792]], "M_G1_M M_G1H2_M": [[-0.01234048250824021, 0.052451205997483624, 0.00465429190685926]], "M_G1C3_M M_G1C3H1_M": [[-0.2274829324304269, 0.025378296240262627, 0.002251959636668753]], "M_G1C3_M M_G1C3H2_M": [[-0.23128662201385633, 0.0221945831826089, 0.0019694507860865415]], "M_G1C4_M M_G1C4H1_M": [[-0.16665597124372586, 0.021877817142661554, 0.0019413423453356173]], "M_G1C4_M M_G1C4H2_M": [[-0.1667601367560743, 0.01814711760579948, 0.0016102962934645931]], "M_G1C5_M M_G1C5H1_M": [[-0.209431491171633, 0.018789711101077692, 0.0016673172455589505]], "M_G1C5_M M_G1C5H2_M": [[-0.2050649250359513, 0.0168974435788982, 0.001499405655222683]], "M_G1C6_M M_G1C6H1_M": [[-0.20468312414289672, 0.018820151917529962, 0.001670018431222037]], "M_G1C6_M M_G1C6H2_M": [[-0.20597145460426114, 0.017617982501953833, 0.0015633431455887926]], "M_G1C7_M M_G1C7H1_M": [[-0.21791476339242483, 0.01857924479335169, 0.0016486413807416064]], "M_G1C7_M M_G1C7H2_M": [[-0.2172183877220088, 0.018545872450267162, 0.001645680064154554]], "M_G1C8_M M_G1C8H1_M": [[-0.20450051382564927, 0.019596333365609314, 0.0017388933972661608]], "M_G1C8_M M_G1C8H2_M": [[-0.2055099589852475, 0.02018210554192296, 0.0017908722726348364]], "M_G1C9_M M_G1C9H1_M": [[-0.204318899068989, 0.019578659049920594, 0.0017373250553585746]], "M_G1C9_M M_G1C9H2_M": [[-0.20454937904173623, 0.019208076772536605, 0.0017044411957474815]], "M_G1C10_M M_G1C10H1_M": [[-0.18576285047828056, 0.0200329878363381, 0.0017776402159628444]], "M_G1C10_M M_G1C10H2_M": [[-0.18664680512985288, 0.021091995276886863, 0.0018716119305519487]], "M_G1C11_M M_G1C11H1_M": [[-0.178256768048973, 0.019072116226645355, 0.0016923766482054446]], "M_G1C11_M M_G1C11H2_M": [[-0.17922302283523833, 0.019876386295478724, 0.0017637440762962283]], "M_G1C12_M M_G1C12H1_M": [[-0.1575668465434981, 0.018420987533059905, 0.0016345983197333788]], "M_G1C12_M M_G1C12H2_M": [[-0.15721232873803923, 0.018230543002013322, 0.0016176991003026902]], "M_G1C13_M M_G1C13H1_M": [[-0.14514348405581806, 0.016750865775706184, 0.0014863989784428483]], "M_G1C13_M M_G1C13H2_M": [[-0.14481950075936775, 0.01741650835730024, 0.0015454652062150515]], "M_G1C14_M M_G1C14H1_M": [[-0.12123063454342314, 0.014756641202504028, 0.001309440162815998]], "M_G1C14_M M_G1C14H2_M": [[-0.12057617222944698, 0.015409701460127542, 0.0013673898898803169]], "M_G1C15_M M_G1C15H1_M": [[-0.10391116526503143, 0.013062125970861482, 0.0011590762507057211]], "M_G1C15_M M_G1C15H2_M": [[-0.10371879731119732, 0.0126128304995249, 0.0011192077245915516]], "M_G1C16_M M_G1C16H1_M": [[-0.07292700471241986, 0.009102689956959486, 0.0008077331186504685]], "M_G1C16_M M_G1C16H2_M": [[-0.07299847615372461, 0.009784942330510627, 0.0008682732271239884]], "M_G1C17_M M_G1C17H1_M": [[-0.023174220841892423, 0.004955886522904082, 0.00043976381660265276]], "M_G1C17_M M_G1C17H2_M": [[-0.022879453244337912, 0.004293062145962408, 0.00038094766405476536]], "M_G1C17_M M_G1C17H3_M": [[-0.023036872946735693, 0.004742596145837658, 0.0004208373561540819]], "M_G2_M M_G2H1_M": [[-0.20843694805321222, 0.04975458686902584, 0.0044150056531539585]], "M_G2C3_M M_G2C3H1_M": [[-0.2274829324304269, 0.025378296240262627, 0.002251959636668753]], "M_G2C3_M M_G2C3H2_M": [[-0.23128662201385633, 0.0221945831826089, 0.0019694507860865415]], "M_G2C4_M M_G2C4H1_M": [[-0.16665597124372586, 0.021877817142661554, 0.0019413423453356173]], "M_G2C4_M M_G2C4H2_M": [[-0.1667601367560743, 0.01814711760579948, 0.0016102962934645931]], "M_G2C5_M M_G2C5H1_M": [[-0.209431491171633, 0.018789711101077692, 0.0016673172455589505]], "M_G2C5_M M_G2C5H2_M": [[-0.2050649250359513, 0.0168974435788982, 0.001499405655222683]], "M_G2C6_M M_G2C6H1_M": [[-0.20468312414289672, 0.018820151917529962, 0.001670018431222037]], "M_G2C6_M M_G2C6H2_M": [[-0.20597145460426114, 0.017617982501953833, 0.0015633431455887926]], "M_G2C7_M M_G2C7H1_M": [[-0.21791476339242483, 0.01857924479335169, 0.0016486413807416064]], "M_G2C7_M M_G2C7H2_M": [[-0.2172183877220088, 0.018545872450267162, 0.001645680064154554]], "M_G2C8_M M_G2C8H1_M": [[-0.20450051382564927, 0.019596333365609314, 0.0017388933972661608]], "M_G2C8_M M_G2C8H2_M": [[-0.2055099589852475, 0.02018210554192296, 0.0017908722726348364]], "M_G2C9_M M_G2C9H1_M": [[-0.204318899068989, 0.019578659049920594, 0.0017373250553585746]], "M_G2C9_M M_G2C9H2_M": [[-0.20454937904173623, 0.019208076772536605, 0.0017044411957474815]], "M_G2C10_M M_G2C10H1_M": [[-0.18576285047828056, 0.0200329878363381, 0.0017776402159628444]], "M_G2C11_M M_G2C11H1_M": [[-0.178256768048973, 0.019072116226645355, 0.0016923766482054446]], "M_G2C12_M M_G2C12H1_M": [[-0.1575668465434981, 0.018420987533059905, 0.0016345983197333788]], "M_G2C12_M M_G2C12H2_M": [[-0.15721232873803923, 0.018230543002013322, 0.0016176991003026902]], "M_G2C13_M M_G2C13H1_M": [[-0.14514348405581806, 0.016750865775706184, 0.0014863989784428483]], "M_G2C13_M M_G2C13H2_M": [[-0.14481950075936775, 0.01741650835730024, 0.0015454652062150515]], "M_G2C14_M M_G2C14H1_M": [[-0.12123063454342314, 0.014756641202504028, 0.001309440162815998]], "M_G2C14_M M_G2C14H2_M": [[-0.12057617222944698, 0.015409701460127542, 0.0013673898898803169]], "M_G2C15_M M_G2C15H1_M": [[-0.10391116526503143, 0.013062125970861482, 0.0011590762507057211]], "M_G2C15_M M_G2C15H2_M": [[-0.10371879731119732, 0.0126128304995249, 0.0011192077245915516]], "M_G2C16_M M_G2C16H1_M": [[-0.07292700471241986, 0.009102689956959486, 0.0008077331186504685]], "M_G2C16_M M_G2C16H2_M": [[-0.07299847615372461, 0.009784942330510627, 0.0008682732271239884]], "M_G2C17_M M_G2C17H1_M": [[-0.023174220841892423, 0.004955886522904082, 0.00043976381660265276]], "M_G2C17_M M_G2C17H2_M": [[-0.022879453244337912, 0.004293062145962408, 0.00038094766405476536]], "M_G2C18_M M_G2C18H1_M": [[-0.06972475659557294, 0.008989062576919376, 0.0007976503191178194]], "M_G2C18_M M_G2C18H2_M": [[-0.0698508565971375, 0.008429294532538255, 0.0007479789373233479]], "M_G2C19_M M_G2C19H1_M": [[-0.02293557489803496, 0.005183098109288347, 0.0004599255846219367]], "M_G2C19_M M_G2C19H2_M": [[-0.02267174038499018, 0.00483774138156586, 0.00042928013058041696]], "M_G2C19_M M_G2C19H3_M": [[-0.023025094301044227, 0.0046906737459014, 0.00041622998819728735]], "M_G3_M M_G3H1_M": [[-0.15199006497973916, 0.05303936330616086, 0.004706482428500801]], "M_G3_M M_G3H2_M": [[-0.1572599045118003, 0.03750769894957598, 0.003328270081612618]], "M_G3C4_M M_G3C4H1_M": [[-0.020733967250133892, 0.017651766345904082, 0.0015663409769730277]], "M_G3C4_M M_G3C4H2_M": [[-0.01896209917711457, 0.01898443631369176, 0.0016845963140550036]], "M_G3C5_M M_G3C5H1_M": [[-0.05708571102042792, 0.014647334251661285, 0.0012997407393805244]], "M_G3C5_M M_G3C5H2_M": [[-0.060476490437165215, 0.012796684901779163, 0.0011355221646540644]], "M_G3N6C1_M M_G3N6C1H1_M": [[0.011559507651520097, 0.00493460474984529, 0.0004378753646170892]], "M_G3N6C1_M M_G3N6C1H2_M": [[0.011055486228039143, 0.004729611012358477, 0.00041968511188224304]], "M_G3N6C1_M M_G3N6C1H3_M": [[0.010838352836696284, 0.005532305287174392, 0.000490912710865138]], "M_G3N6C2_M M_G3N6C2H1_M": [[0.010748174053752575, 0.004813995483068573, 0.00042717302282006673]], "M_G3N6C2_M M_G3N6C2H2_M": [[0.010476713028872552, 0.004854082044244854, 0.0004307301299200548]], "M_G3N6C2_M M_G3N6C2H3_M": [[0.011019524010338934, 0.005440035490823532, 0.0004827250904236945]], "M_G3N6C3_M M_G3N6C3H1_M": [[0.011285879553826985, 0.0045698372986600795, 0.0004055074873938571]], "M_G3N6C3_M M_G3N6C3H2_M": [[0.010988377844832468, 0.0054370295513341505, 0.00048245835642641313]], "M_G3N6C3_M M_G3N6C3H3_M": [[0.011107426695275284, 0.0047673404764957605, 0.0004230330604421431]]}