{"10.1039/c2cp42738a": {"M_G1_M M_G1H1_M": [0.27988, 0.26132, 0.03696, -0.0, 0.02, Infinity], "M_G1_M M_G1H2_M": [0.01754, 0.1806, 0.02554, -0.15638441, 0.02, Infinity], "M_G1C3_M M_G1C3H1_M": [-0.20699, 0.12267, 0.01735, -0.28433529, 0.02, 3.3237396830668837], "M_G1C3_M M_G1C3H2_M": [-0.16002, 0.17095, 0.02418, -0.28433529, 0.02, Infinity], "M_G1C4_M M_G1C4H1_M": [-0.25537, 0.12089, 0.0171, -0.31632301, 0.02, 2.080343711264518], "M_G1C4_M M_G1C4H2_M": [-0.2229, 0.16461, 0.02328, -0.31632301, 0.02, Infinity], "M_G1C5_M M_G1C5H1_M": [-0.31593, 0.11688, 0.01653, -0.35186492, 0.02, 0.7768531710531169], "M_G1C5_M M_G1C5H2_M": [-0.28412, 0.14455, 0.02044, -0.35186492, 0.02, Infinity], "M_G1C6_M M_G1C6H1_M": [-0.37083, 0.09573, 0.01354, -0.36252749, 0.02, 0.10353528547464241], "M_G1C6_M M_G1C6H2_M": [-0.36068, 0.11604, 0.01641, -0.36252749, 0.02, 0.11118027378862202], "M_G1C7_M M_G1C7H1_M": [-0.39964, 0.08256, 0.01168, -0.39096102, 0.02, 0.08262208801117116], "M_G1C7_M M_G1C7H2_M": [-0.39323, 0.09407, 0.0133, -0.39096102, 0.02, 0.06462865823959572], "M_G1C8_M M_G1C8H1_M": [-0.42111, 0.07173, 0.01014, -0.39096102, 0.02, 0.8001333030878418], "M_G1C8_M M_G1C8H2_M": [-0.418, 0.07993, 0.0113, -0.39096102, 0.02, 0.5740530535139743], "M_G1C9_M M_G1C9H1_M": [-0.42665, 0.05862, 0.00829, -0.36963587, 0.02, 5.397390764482344], "M_G1C9_M M_G1C9H2_M": [-0.42473, 0.06084, 0.0086, -0.36963587, 0.02, 4.648804885967093], "M_G1C10_M M_G1C10H1_M": [-0.42675, 0.04134, 0.00585, -0.3589733, 0.02, 15.800979042840531], "M_G1C10_M M_G1C10H2_M": [-0.42705, 0.04466, 0.00632, -0.3589733, 0.02, 13.853293134243362], "M_G1C11_M M_G1C11H1_M": [-0.41756, 0.03439, 0.00486, -0.34475654, 0.02, 27.0721393841523], "M_G1C11_M M_G1C11H2_M": [-0.4158, 0.03971, 0.00562, -0.34475654, 0.02, 19.275142477676948], "M_G1C12_M M_G1C12H1_M": [-0.39483, 0.03594, 0.00508, -0.31276882, 0.02, 33.89800724679717], "M_G1C12_M M_G1C12H2_M": [-0.39783, 0.03695, 0.00523, -0.31276882, 0.02, 35.1009691971931], "M_G1C13_M M_G1C13H1_M": [-0.36791, 0.04341, 0.00614, -0.27011852, 0.02, 36.360846893131004], "M_G1C13_M M_G1C13H2_M": [-0.36928, 0.04778, 0.00676, -0.27011852, 0.02, 31.248302730071668], "M_G1C14_M M_G1C14H1_M": [-0.32767, 0.05526, 0.00781, -0.24879338, 0.02, 13.624362152323066], "M_G1C14_M M_G1C14H2_M": [-0.32808, 0.05958, 0.00843, -0.24879338, 0.02, 11.994799176614805], "M_G1C15_M M_G1C15H1_M": [-0.28009, 0.06023, 0.00852, -0.1990347, 0.02, 12.41366054582905], "M_G1C16_M M_G1C16H1_M": [-0.22295, 0.05965, 0.00844, -0.14216764, 0.02, 12.526762738056005], "M_G1C16_M M_G1C16H2_M": [-0.22427, 0.06148, 0.0087, -0.14216764, 0.02, 12.325325292479315], "M_G2_M M_G2H1_M": [-0.08366, 0.16273, 0.02301, -0.22391404, 0.02, Infinity], "M_G2C3_M M_G2C3H1_M": [-0.13502, 0.15226, 0.02153, -0.11728831, 0.02, Infinity], "M_G2C3_M M_G2C3H2_M": [-0.10988, 0.1649, 0.02332, -0.19548051, 0.02, Infinity], "M_G2C4_M M_G2C4H1_M": [-0.19079, 0.14625, 0.02068, -0.31632301, 0.02, Infinity], "M_G2C4_M M_G2C4H2_M": [-0.17438, 0.149, 0.02107, -0.31632301, 0.02, Infinity], "M_G2C5_M M_G2C5H1_M": [-0.24887, 0.14322, 0.02025, -0.32698558, 0.02, Infinity], "M_G2C5_M M_G2C5H2_M": [-0.2366, 0.14694, 0.02078, -0.32698558, 0.02, Infinity], "M_G2C6_M M_G2C6H1_M": [-0.3062, 0.12692, 0.01795, -0.33764815, 0.02, 0.5854757798376735], "M_G2C6_M M_G2C6H2_M": [-0.2826, 0.14306, 0.02023, -0.33764815, 0.02, Infinity], "M_G2C7_M M_G2C7H1_M": [-0.32153, 0.12135, 0.01716, -0.33764815, 0.02, 0.24273458478390428], "M_G2C7_M M_G2C7H2_M": [-0.31003, 0.1276, 0.01805, -0.33764815, 0.02, 0.478439623350071], "M_G2C8_M M_G2C8H1_M": [-0.3314, 0.11309, 0.01599, -0.33764815, 0.02, 0.12218533217431257], "M_G2C8_M M_G2C8H2_M": [-0.32187, 0.12414, 0.01756, -0.33764815, 0.02, 0.24093807134052223], "M_G2C9_M M_G2C9H1_M": [-0.22563, 0.09742, 0.01378, -0.26656433, 0.02, 1.1914282610323144], "M_G2C9_M M_G2C9H2_M": [-0.22704, 0.11539, 0.01632, -0.26656433, 0.02, 0.9368591379114575], "M_G2C10_M M_G2C10H1_M": [-0.14854, 0.10829, 0.01531, -0.21680566, 0.02, 3.0919281382344272], "M_G2C11_M M_G2C11H1_M": [-0.08048, 0.07494, 0.0106, -0.04975868, 0.02, 0.8071515900176736], "M_G2C12_M M_G2C12H1_M": [-0.19665, 0.05364, 0.00759, -0.16704698, 0.02, 0.987600525545186], "M_G2C12_M M_G2C12H2_M": [-0.19293, 0.07606, 0.01076, -0.16704698, 0.02, 0.5342223902109563], "M_G2C13_M M_G2C13H1_M": [-0.29539, 0.06205, 0.00877, -0.24879338, 0.02, 2.9165135297917275], "M_G2C13_M M_G2C13H2_M": [-0.29695, 0.07273, 0.01029, -0.24879338, 0.02, 2.507710154574802], "M_G2C14_M M_G2C14H1_M": [-0.28962, 0.06127, 0.00866, -0.25590176, 0.02, 1.2472883265586199], "M_G2C14_M M_G2C14H2_M": [-0.29223, 0.06086, 0.00861, -0.25590176, 0.02, 1.5383248035406236], "M_G2C15_M M_G2C15H1_M": [-0.28519, 0.06206, 0.00878, -0.24168499, 0.02, 2.4302712554048225], "M_G2C15_M M_G2C15H2_M": [-0.28864, 0.05545, 0.00784, -0.24168499, 0.02, 3.5333348384069834], "M_G2C16_M M_G2C16H1_M": [-0.24678, 0.07112, 0.01006, -0.21680566, 0.02, 0.793919143644623], "M_G2C16_M M_G2C16H2_M": [-0.25039, 0.06579, 0.0093, -0.21680566, 0.02, 1.1423575776629962], "M_G2C17_M M_G2C17H1_M": [-0.22471, 0.06797, 0.00961, -0.1990347, 0.02, 0.5568841621411331], "M_G2C17_M M_G2C17H2_M": [-0.2291, 0.06415, 0.00907, -0.1990347, 0.02, 0.8743349162266504], "M_G2C18_M M_G2C18H1_M": [-0.16198, 0.06923, 0.00979, -0.14216764, 0.02, 0.29445955620438563], "M_G2C18_M M_G2C18H2_M": [-0.1637, 0.06659, 0.00942, -0.14216764, 0.02, 0.36112795243545726], "M_G3_M M_G3H1_M": [-0.23249, 0.14079, 0.01991, -0.18481794, 0.02, 1.086462655639274], "M_G3_M M_G3H2_M": [-0.09148, 0.15908, 0.0225, -0.18481794, 0.02, Infinity], "M_G3C4_M M_G3C4H1_M": [0.02777, 0.13398, 0.01895, 0.03620448, 0.02, 0.17885877953822887], "M_G3C4_M M_G3C4H2_M": [0.18637, 0.21125, 0.02988, 0.03620448, 0.02, Infinity], "M_G3C5_M M_G3C5H1_M": [0.06781, 0.10377, 0.01467, -0.033, 0.02, 7.742487607642589], "M_G3C5_M M_G3C5H2_M": [0.05181, 0.09391, 0.01328, -0.033, 0.02, 6.275969543283984]}}