{"sn-1": 0.12816185804757965, "sn-2": 0.181269527842239, "headgroup": 0.0797682375753802, "total": 0.12973320782173295}