{"sn-1": 0.8518709943799841, "sn-2": 0.8203416186866648, "headgroup": 0.7278385687105673, "total": 0.8000170605924054}