{"headgroup": 0.7369744257868276, "tails": 0.8264444532998763, "total": 0.7966211107955267}