{"-20.73040008544922": [5.435217821503023e-05, 1.4354453929629644e-06, 0.0], "-19.775213114125908": [0.00016902396317402567, 0.0, 0.0], "-18.820026142802597": [0.0006236839512219594, 0.0, 0.0], "-17.864839171479286": [0.0017762614364141651, 0.0, 0.0], "-16.909652200155975": [0.004925109042192834, 0.0, 0.0], "-15.954465228832664": [0.011871720425164685, 0.0, 0.0], "-14.999278257509355": [0.02485467463540046, 0.0, 0.0], "-14.044091286186044": [0.048401075370135535, 0.0, 0.0], "-13.088904314862733": [0.08285820052497986, 1.4354453929629644e-06, 0.0], "-12.133717343539422": [0.12683843325312902, 2.7325447395489763e-06, 0.0], "-11.17853037221611": [0.17346682017992343, 1.383460463769525e-07, 0.0], "-10.2233434008928": [0.2154134648018611, 0.0, 0.0], "-9.26815642956949": [0.2451568388375268, 3.1565426308073842e-06, 0.0], "-8.31296945824618": [0.2631772613558014, 1.5836014671384925e-05, 0.0], "-7.3577824869228685": [0.27202732290021325, 6.319088330663408e-05, 0.0], "-6.4025955155995575": [0.27910379196594376, 0.00036287393241535824, 0.0], "-5.4474085442762465": [0.28605364289745855, 0.0015651941288677572, 0.0], "-4.492221572952936": [0.2903739821008333, 0.005122964086593945, 0.0], "-3.5370346016296246": [0.2920072034871511, 0.014561020581099066, 0.0], "-2.5818476303063136": [0.28566281086414463, 0.03404327246255409, 0.0], "-1.6266606589830026": [0.27091645997557884, 0.06780031528280907, 0.0], "-0.6714736876596916": [0.2499442572651677, 0.11118144289115929, 0.0], "0.28371328366361936": [0.22438433514246264, 0.15543220990276005, 0.0], "1.2389002549869303": [0.20510049065747812, 0.1898264228676665, 0.0], "2.194087226310238": [0.19547234075580874, 0.2099317757795888, 0.0], "3.1492741976335488": [0.19413650194833218, 0.22303724361458874, 0.0], "4.10446116895686": [0.18451743548675112, 0.23249270206721248, 0.0], "5.059648140280171": [0.16477168886292132, 0.2444365367523391, 0.0], "6.014835111603482": [0.1338561176107464, 0.2609227006169917, 0.0], "6.970022082926793": [0.09926242147028266, 0.2816632360823276, 0.0], "7.925209054250104": [0.06712253708854578, 0.30007527052896577, 0.0], "8.880396025573415": [0.04106875139211632, 0.3150693150518643, 0.0], "9.835582996896726": [0.022138227036159964, 0.3264539274089161, 0.0], "10.790769968220037": [0.01012272779227571, 0.33137164669462427, 0.0], "11.745956939543348": [0.004013631772019994, 0.3329026786796447, 0.0], "12.701143910866655": [0.0012079127389848297, 0.332231676276114, 0.0], "13.65633088218997": [0.00038367892133831416, 0.33250481661049053, 0.0], "14.611517853513277": [7.42493557216499e-05, 0.33101744465936006, 0.0], "15.566704824836592": [7.5728277685591185e-06, 0.3296567860914523, 0.0], "16.5218917961599": [0.0, 0.33071024427736995, 0.0], "17.477078767483214": [0.0, 0.3285182266754072, 0.0], "18.43226573880652": [0.0, 0.32979211566363426, 0.0], "19.387452710129836": [0.0, 0.3292600770789611, 0.0], "20.342639681453143": [0.0, 0.3291296778865712, 0.0], "21.297826652776457": [0.0, 0.32791819132330935, 0.0], "22.253013624099765": [0.0, 0.3290122160505366, 0.0], "23.20820059542308": [0.0, 0.32799352211797844, 0.0], "24.163387566746387": [0.0, 0.3280614159185429, 0.0], "25.118574538069694": [0.0, 0.32742683720861293, 0.0], "26.07376150939301": [0.0, 0.3291817334301147, 0.0]}