{"M_G1_M M_G1H1_M": [[-0.14810652799916854, 0.015818585237405862, 0.0014500873312242606]], "M_G1_M M_G1H2_M": [[-0.026734532323165184, 0.014332494779835711, 0.0013138576423340081]], "M_G1C3_M M_G1C3H1_M": [[-0.18071557011147124, 0.008843900803039402, 0.0008107190574012811]], "M_G1C3_M M_G1C3H2_M": [[-0.1456556960821535, 0.010298408870890072, 0.0009440535933726928]], "M_G1C4_M M_G1C4H1_M": [[-0.10083797249640296, 0.006602470103032294, 0.0006052474420123403]], "M_G1C4_M M_G1C4H2_M": [[-0.0913245676208318, 0.006813665451084789, 0.0006246076878262476]], "M_G1C5_M M_G1C5H1_M": [[-0.08691833527332203, 0.005741280216296693, 0.0005263022945296982]], "M_G1C5_M M_G1C5H2_M": [[-0.09133487000880641, 0.007031962812917401, 0.0006446189741759655]], "M_G1C6_M M_G1C6H1_M": [[-0.03150436760631952, 0.00706754429164022, 0.0006478807229826904]], "M_G1C7_M M_G1C7H1_M": [[-0.1264023390989655, 0.006145312607289248, 0.0005633398830870573]], "M_G1C8_M M_G1C8H1_M": [[-0.043695497296886605, 0.006112131004835336, 0.0005602981305772083]], "M_G1C8_M M_G1C8H2_M": [[-0.04389952012616148, 0.005628064076145234, 0.0005159237879780804]], "M_G1C9_M M_G1C9H1_M": [[-0.03290995824316687, 0.005476138914708876, 0.0005019968312631327]], "M_G1C10_M M_G1C10H1_M": [[-0.025987954306090563, 0.0054133504573052, 0.0004962410228098657]], "M_G1C11_M M_G1C11H1_M": [[-0.03301909871597042, 0.004415447801604295, 0.00040476343634371776]], "M_G1C11_M M_G1C11H2_M": [[-0.03404260776588096, 0.004806732800691765, 0.00044063247340103457]], "M_G1C12_M M_G1C12H1_M": [[-0.04325948516195082, 0.005943812037383345, 0.0005448683561287503]], "M_G1C13_M M_G1C13H1_M": [[-0.021579433909782286, 0.004758858469261737, 0.0004362438406342208]], "M_G1C14_M M_G1C14H1_M": [[-0.022634417406840926, 0.005238608004832755, 0.00048022240845501437]], "M_G1C14_M M_G1C14H2_M": [[-0.022840047282420003, 0.005486949770218023, 0.0005029878607628151]], "M_G1C15_M M_G1C15H1_M": [[-0.043000356069213784, 0.005449266319628626, 0.0004995334245110015]], "M_G1C16_M M_G1C16H1_M": [[-0.008164381744082466, 0.005146315727136443, 0.0004717619892298624]], "M_G1C17_M M_G1C17H1_M": [[-0.02864346948249147, 0.005129443992992729, 0.0004702153598966822]], "M_G1C17_M M_G1C17H2_M": [[-0.028355568617532124, 0.005252680341951207, 0.00048151241748363026]], "M_G1C18_M M_G1C18H1_M": [[-0.045043010037818534, 0.004403126774957611, 0.0004036339696828318]], "M_G1C18_M M_G1C18H2_M": [[-0.04533484902369408, 0.005445727381307838, 0.0004992090105670272]], "M_G1C19_M M_G1C19H1_M": [[-0.044663497832608444, 0.004815722924786686, 0.00044145659672562574]], "M_G1C19_M M_G1C19H2_M": [[-0.0439182991748067, 0.0050061789074168795, 0.00045891566802833865]], "M_G1C20_M M_G1C20H1_M": [[-0.04293692508624218, 0.004397388460191363, 0.0004031079392306623]], "M_G1C20_M M_G1C20H2_M": [[-0.04192304763556799, 0.004751442960843962, 0.0004355640620920935]], "M_G1C21_M M_G1C21H1_M": [[-0.010328096851931581, 0.004270375644344706, 0.00039146469349166715]], "M_G1C21_M M_G1C21H2_M": [[-0.009773990401277657, 0.00418008220993296, 0.0003831875079299908]], "M_G1C21_M M_G1C21H3_M": [[-0.010341267591181787, 0.004183231118171313, 0.00038347616787492864]], "M_G2_M M_G2H1_M": [[-0.15617652739333962, 0.015502566883501177, 0.0014211179762184851]], "M_G2C3_M M_G2C3H1_M": [[-0.05502800171327978, 0.011293185202834899, 0.0010352445902099988]], "M_G2C3_M M_G2C3H2_M": [[-0.03168488455320497, 0.009065525156733997, 0.0008310353285949495]], "M_G2C4_M M_G2C4H1_M": [[-0.12862389027944163, 0.007337855471795966, 0.0006726601082405599]], "M_G2C4_M M_G2C4H2_M": [[-0.1185257649733031, 0.007504533404401353, 0.0006879394492712727]], "M_G2C5_M M_G2C5H1_M": [[-0.062441128825199435, 0.006340167215259989, 0.0005812021757136373]], "M_G2C5_M M_G2C5H2_M": [[-0.05208902704931984, 0.007432440359714137, 0.0006813306907001768]], "M_G2C6_M M_G2C6H1_M": [[-0.0047899799512429965, 0.007581560482906472, 0.0006950005099808843]], "M_G2C7_M M_G2C7H1_M": [[-0.09102690554236544, 0.007112379909587834, 0.0006519907973412813]], "M_G2C8_M M_G2C8H1_M": [[-0.04113761900176053, 0.0060683973458807005, 0.0005562890726338825]], "M_G2C8_M M_G2C8H2_M": [[-0.04170576571581409, 0.006666306181068922, 0.0006110992856915757]], "M_G2C9_M M_G2C9H1_M": [[-0.025398142886637918, 0.006405292674743978, 0.0005871722167963616]], "M_G2C10_M M_G2C10H1_M": [[-0.056360445332667215, 0.006264906096452695, 0.0005743030002641064]], "M_G2C11_M M_G2C11H1_M": [[-0.04372419125908817, 0.004920710197265208, 0.00045108076421444094]], "M_G2C11_M M_G2C11H2_M": [[-0.04320962678011274, 0.0052182786129290415, 0.0004783588161546512]], "M_G2C12_M M_G2C12H1_M": [[-0.04631139894633141, 0.005438954809462446, 0.0004985881699238586]], "M_G2C13_M M_G2C13H1_M": [[-0.025333311191323354, 0.004986321748849037, 0.00045709536528689944]], "M_G2C14_M M_G2C14H1_M": [[-0.025940296747814482, 0.004862310540665179, 0.0004457272764712199]], "M_G2C14_M M_G2C14H2_M": [[-0.026265403527407288, 0.004711945671300453, 0.00043194335149597117]], "M_G2C15_M M_G2C15H1_M": [[-0.05068154394342788, 0.00504286622321044, 0.00046227878875313425]], "M_G2C16_M M_G2C16H1_M": [[-0.013840821720172848, 0.004332918398059494, 0.00039719797832470235]], "M_G2C17_M M_G2C17H1_M": [[-0.03553892279926003, 0.004598990823523752, 0.0004215887975770759]], "M_G2C17_M M_G2C17H2_M": [[-0.03490565771938124, 0.004804601924866788, 0.0004404371363344235]], "M_G2C18_M M_G2C18H1_M": [[-0.05392551376084785, 0.00463283614601325, 0.0004246913932028317]], "M_G2C18_M M_G2C18H2_M": [[-0.053681020918265016, 0.004493213461885372, 0.0004118922027337247]], "M_G2C19_M M_G2C19H1_M": [[-0.052279000626852465, 0.004392521763015039, 0.00040266180983195953]], "M_G2C19_M M_G2C19H2_M": [[-0.052597525347422534, 0.004712182556869494, 0.0004319650667604819]], "M_G2C20_M M_G2C20H1_M": [[-0.049618445240460475, 0.0043711414357852415, 0.00040070187844820686]], "M_G2C20_M M_G2C20H2_M": [[-0.05031543620716573, 0.00458286716373711, 0.00042011074410777503]], "M_G2C21_M M_G2C21H1_M": [[-0.011069235274238243, 0.004259940273992201, 0.0003905080846598597]], "M_G2C21_M M_G2C21H2_M": [[-0.011542410271869452, 0.0040753584875590125, 0.0003735875000396511]], "M_G2C21_M M_G2C21H3_M": [[-0.01138841663919101, 0.004160374918927905, 0.0003813809435255077]], "M_G3_M M_G3H1_M": [[-0.18996070044079402, 0.013347707589115137, 0.0012235823485713896]], "M_G3_M M_G3H2_M": [[-0.22571345742885834, 0.009502504714067793, 0.0008710931789389439]], "M_G3C4_M M_G3C4H1_M": [[0.03526914819295373, 0.008956581271721694, 0.0008210484590298302]], "M_G3C4_M M_G3C4H2_M": [[0.034787380018634496, 0.0084584686919049, 0.0007753865537029402]], "M_G3C5_M M_G3C5H1_M": [[-0.07147786416826801, 0.006492043645494856, 0.0005951246652466685]], "M_G3C5_M M_G3C5H2_M": [[-0.07355445186973984, 0.006303436246100568, 0.0005778350532913541]], "M_G3N6C1_M M_G3N6C1H1_M": [[0.010958228972595012, 0.0055482628313403, 0.0005086084198607141]], "M_G3N6C1_M M_G3N6C1H2_M": [[0.011058082703483586, 0.004811593893101806, 0.0004410780890116546]], "M_G3N6C1_M M_G3N6C1H3_M": [[0.01146834921280526, 0.0051923723044572535, 0.00047598398875068747]], "M_G3N6C2_M M_G3N6C2H1_M": [[0.010049596621639212, 0.004609844565177944, 0.00042258375844322893]], "M_G3N6C2_M M_G3N6C2H2_M": [[0.011023537835972505, 0.005181408852469245, 0.00047497897075472257]], "M_G3N6C2_M M_G3N6C2H3_M": [[0.010681098323561867, 0.004939529319655035, 0.00045280591033545537]], "M_G3N6C3_M M_G3N6C3H1_M": [[0.011140467715156362, 0.00563714512832398, 0.0005167562466664496]], "M_G3N6C3_M M_G3N6C3H2_M": [[0.01031629222000051, 0.005489065992315902, 0.0005031818545244655]], "M_G3N6C3_M M_G3N6C3H3_M": [[0.01102391528297685, 0.005244223410069968, 0.0004807371718091301]]}