{"DOPC": 0.13060809096591003, "DAPC": 0.07491535207176286}