{"M_G1_M M_G1H1_M": [[-0.19948112255638153, 0.08329878888877895, 0.008371843279851673]], "M_G1_M M_G1H2_M": [[-0.052323619460760265, 0.08499544907014388, 0.008542364044043304]], "M_G1C3_M M_G1C3H1_M": [[-0.28854613530742557, 0.034622228809511005, 0.0034796649202115493]], "M_G1C3_M M_G1C3H2_M": [[-0.2645793970656142, 0.035637454103782225, 0.003581698901386573]], "M_G1C4_M M_G1C4H1_M": [[-0.262964611920938, 0.03390058034361938, 0.0034071365204570614]], "M_G1C4_M M_G1C4H2_M": [[-0.24521150582581083, 0.032798549590400475, 0.003296378262400702]], "M_G1C5_M M_G1C5H1_M": [[-0.2937489555845457, 0.031938828111663535, 0.0032099730027285826]], "M_G1C5_M M_G1C5H2_M": [[-0.28886193222887735, 0.032798241135143257, 0.00329634726148092]], "M_G1C6_M M_G1C6H1_M": [[-0.30306036524266444, 0.03413969360291742, 0.0034311683072295028]], "M_G1C6_M M_G1C6H2_M": [[-0.29832500426753233, 0.0336217319419746, 0.0033791112016193017]], "M_G1C7_M M_G1C7H1_M": [[-0.3185907861913723, 0.03153678679261383, 0.003169566329834418]], "M_G1C7_M M_G1C7H2_M": [[-0.31465838736541935, 0.03205702561065592, 0.0032218522983442233]], "M_G1C8_M M_G1C8H1_M": [[-0.3160649828912786, 0.031143667410724902, 0.003130056345363448]], "M_G1C8_M M_G1C8H2_M": [[-0.3122348247772441, 0.03203581092657574, 0.0032197201423702876]], "M_G1C9_M M_G1C9H1_M": [[-0.31713501215101586, 0.028891250495072494, 0.002903679927767429]], "M_G1C9_M M_G1C9H2_M": [[-0.31507461546885634, 0.030498352526793625, 0.0030651997592533935]], "M_G1C10_M M_G1C10H1_M": [[-0.3055841410613453, 0.03038088301632771, 0.00305339362923757]], "M_G1C10_M M_G1C10H2_M": [[-0.3035298449685838, 0.031208200814579926, 0.0031365421964856172]], "M_G1C11_M M_G1C11H1_M": [[-0.2981355843716644, 0.030394204935015566, 0.0030547325324428807]], "M_G1C11_M M_G1C11H2_M": [[-0.297290027152054, 0.0300488991467693, 0.0030200279949413418]], "M_G1C12_M M_G1C12H1_M": [[-0.27813404041178885, 0.031711939214709994, 0.003187169810598507]], "M_G1C12_M M_G1C12H2_M": [[-0.2765467108510331, 0.031701675187828904, 0.0031861382370832734]], "M_G1C13_M M_G1C13H1_M": [[-0.262099239996519, 0.03127657359835484, 0.00314341391980845]], "M_G1C13_M M_G1C13H2_M": [[-0.2611539645446437, 0.031124955212997813, 0.0031281756987312148]], "M_G1C14_M M_G1C14H1_M": [[-0.23129779885752894, 0.03131428602092229, 0.0031472041608869824]], "M_G1C14_M M_G1C14H2_M": [[-0.23100956530699368, 0.03180134100142303, 0.003196155028238341]], "M_G1C15_M M_G1C15H1_M": [[-0.20135039081818287, 0.028549155966577502, 0.0028692981340143553]], "M_G1C15_M M_G1C15H2_M": [[-0.2023772426351954, 0.02896224719165211, 0.0029108153642495287]], "M_G1C16_M M_G1C16H1_M": [[-0.15192714431700113, 0.023608846665681443, 0.0023727783673666214]], "M_G1C16_M M_G1C16H2_M": [[-0.15096318987520288, 0.024832639366441974, 0.0024957741615968744]], "M_G1C17_M M_G1C17H1_M": [[-0.048693025544552855, 0.0108025363118026, 0.0010856957494072392]], "M_G1C17_M M_G1C17H2_M": [[-0.04918019069565399, 0.01115983827270412, 0.0011216059476244688]], "M_G1C17_M M_G1C17H3_M": [[-0.050754305122790104, 0.01006610109245177, 0.0010116812250136095]], "M_G2_M M_G2H1_M": [[-0.22768112816526972, 0.07611672709142189, 0.007650018910064434]], "M_G2C3_M M_G2C3H1_M": [[-0.08732107117336806, 0.06627888213014986, 0.006661278289390865]], "M_G2C3_M M_G2C3H2_M": [[-0.15554139551951368, 0.04339206830308064, 0.004361066952690668]], "M_G2C4_M M_G2C4H1_M": [[-0.26712984347278856, 0.035095367507945285, 0.003527217148590447]], "M_G2C4_M M_G2C4H2_M": [[-0.27141120686301556, 0.031100065086886574, 0.003125674146934378]], "M_G2C5_M M_G2C5H1_M": [[-0.2754009344468598, 0.03265587925240387, 0.0032820393539204616]], "M_G2C5_M M_G2C5H2_M": [[-0.2787024421034652, 0.029078035414781087, 0.002922452518530158]], "M_G2C6_M M_G2C6H1_M": [[-0.2959205346817899, 0.031125894711598243, 0.003128270121893296]], "M_G2C6_M M_G2C6H2_M": [[-0.29548637484412366, 0.03082774127689109, 0.0030983045742302854]], "M_G2C7_M M_G2C7H1_M": [[-0.27546905336927213, 0.03125842969031157, 0.003141590388438443]], "M_G2C7_M M_G2C7H2_M": [[-0.27451997281527507, 0.03310949452110205, 0.0033276294037825256]], "M_G2C8_M M_G2C8H1_M": [[-0.26334834192148104, 0.028837662431551298, 0.0028982941247388976]], "M_G2C8_M M_G2C8H2_M": [[-0.2635192156234163, 0.03150209487835994, 0.003166079661263529]], "M_G2C9_M M_G2C9H1_M": [[-0.16496611022333646, 0.04147420132946713, 0.004168314069378835]], "M_G2C9_M M_G2C9H2_M": [[-0.16503770576815385, 0.0403790276778917, 0.004058244975967953]], "M_G2C10_M M_G2C10H1_M": [[-0.09849698094366684, 0.0345987149163816, 0.0034773016850336473]], "M_G2C11_M M_G2C11H1_M": [[-0.08583755779269833, 0.035441134999270124, 0.0035619680889973243]], "M_G2C12_M M_G2C12H1_M": [[-0.14949751791465302, 0.044212174424568686, 0.0044434907191527725]], "M_G2C12_M M_G2C12H2_M": [[-0.14962142045504823, 0.042374068486236365, 0.004258754121505123]], "M_G2C13_M M_G2C13H1_M": [[-0.21979246575372435, 0.03373328583589401, 0.0033903227898021437]], "M_G2C13_M M_G2C13H2_M": [[-0.21873337045813074, 0.034262167075681825, 0.0034434773543789367]], "M_G2C14_M M_G2C14H1_M": [[-0.23111053503942888, 0.030991419025686223, 0.0031147548069358462]], "M_G2C14_M M_G2C14H2_M": [[-0.23144880399378615, 0.032866863473318346, 0.0033032440659646668]], "M_G2C15_M M_G2C15H1_M": [[-0.23575124719347534, 0.02928743531130981, 0.0029434979999824313]], "M_G2C15_M M_G2C15H2_M": [[-0.23524855491093016, 0.030753467533003145, 0.0030908397821014593]], "M_G2C16_M M_G2C16H1_M": [[-0.21564681456386522, 0.028612667557168587, 0.002875681289039485]], "M_G2C16_M M_G2C16H2_M": [[-0.2156899757596908, 0.029173600659116315, 0.0029320571869682972]], "M_G2C17_M M_G2C17H1_M": [[-0.19395031138179752, 0.02636964966233096, 0.0026502495085779926]], "M_G2C17_M M_G2C17H2_M": [[-0.1943618767514515, 0.026455699905367728, 0.0026588978834044125]], "M_G2C18_M M_G2C18H1_M": [[-0.14983138347936723, 0.022988989778883712, 0.0023104804062385642]], "M_G2C18_M M_G2C18H2_M": [[-0.149325494717072, 0.022475338236097375, 0.002258856483801914]], "M_G2C19_M M_G2C19H1_M": [[-0.05109709723814947, 0.014026203156239127, 0.0014096864576528436]], "M_G2C19_M M_G2C19H2_M": [[-0.050468529255151155, 0.011446577734340073, 0.0011504243478315888]], "M_G2C19_M M_G2C19H3_M": [[-0.0506780726479173, 0.0125848434939938, 0.001264824361058264]], "M_G3_M M_G3H1_M": [[-0.23185704485741027, 0.07292814254715169, 0.007329554105650172]], "M_G3_M M_G3H2_M": [[-0.24425634748662076, 0.050320942500355965, 0.005057445011234219]], "M_G3C4_M M_G3C4H1_M": [[0.04302243131420747, 0.04214632904712931, 0.004235865446672271]], "M_G3C4_M M_G3C4H2_M": [[0.03000584854234865, 0.039924132597235165, 0.004012526300164432]], "M_G3C5_M M_G3C5H1_M": [[-0.07186296421853627, 0.03136122153614392, 0.003151921357654624]], "M_G3C5_M M_G3C5H2_M": [[-0.0761337255997058, 0.03869977462329508, 0.0038894736938420386]], "M_G3N6C1_M M_G3N6C1H1_M": [[0.011407410802326594, 0.018051763708348358, 0.0018142705159013967]], "M_G3N6C1_M M_G3N6C1H2_M": [[0.01342342228718193, 0.018061356664808664, 0.0018152346443016708]], "M_G3N6C1_M M_G3N6C1H3_M": [[0.013002468671595921, 0.01631258362024935, 0.0016394763402928616]], "M_G3N6C2_M M_G3N6C2H1_M": [[0.009953180709570684, 0.017636009130957708, 0.001772485608686925]], "M_G3N6C2_M M_G3N6C2H2_M": [[0.011966420763894805, 0.018280632197298426, 0.001837272664513002]], "M_G3N6C2_M M_G3N6C2H3_M": [[0.011481533030787654, 0.02067911326883434, 0.0020783290821207046]], "M_G3N6C3_M M_G3N6C3H1_M": [[0.010234859723636103, 0.015827383302826566, 0.0015907118735942944]], "M_G3N6C3_M M_G3N6C3H2_M": [[0.010867890005409064, 0.019288096395989066, 0.0019385266262333934]], "M_G3N6C3_M M_G3N6C3H3_M": [[0.014556332893924299, 0.01927992180831662, 0.0019377050492598974]]}