{"10.1039/c2cp42738a": {"M_G1_M M_G1H1_M": [-0.19948112255638153, 0.08329878888877895, 0.008371843279851673, -0.0, 0.02, 101.53562795526165], "M_G1_M M_G1H2_M": [-0.052323619460760265, 0.08499544907014388, 0.008542364044043304, -0.15218787, 0.02, Infinity], "M_G1C3_M M_G1C3H1_M": [-0.28854613530742557, 0.034622228809511005, 0.0034796649202115493, -0.22972154, 0.02, 28.483024329062186], "M_G1C3_M M_G1C3H2_M": [-0.2645793970656142, 0.035637454103782225, 0.003581698901386573, -0.22972154, 0.02, 4.775990423503363], "M_G1C4_M M_G1C4H1_M": [-0.262964611920938, 0.03390058034361938, 0.0034071365204570614, -0.24750643, 0.02, 0.041560756951434914], "M_G1C4_M M_G1C4H2_M": [-0.24521150582581083, 0.032798549590400475, 0.003296378262400702, -0.24750643, 0.02, 1.6999291336428013e-08], "M_G1C5_M M_G1C5H1_M": [-0.2937489555845457, 0.031938828111663535, 0.0032099730027285826, -0.22527532, 0.02, 51.09793801398234], "M_G1C5_M M_G1C5H2_M": [-0.28886193222887735, 0.032798241135143257, 0.00329634726148092, -0.22527532, 0.02, 39.48884090479278], "M_G1C6_M M_G1C6H1_M": [-0.30306036524266444, 0.03413969360291742, 0.0034311683072295028, -0.25343473, 0.02, 17.529420469114065], "M_G1C6_M M_G1C6H2_M": [-0.29832500426753233, 0.0336217319419746, 0.0033791112016193017, -0.25343473, 0.02, 13.055702870684508], "M_G1C7_M M_G1C7H1_M": [-0.3185907861913723, 0.03153678679261383, 0.003169566329834418, -0.26232718, 0.02, 29.885564584463612], "M_G1C7_M M_G1C7H2_M": [-0.31465838736541935, 0.03205702561065592, 0.0032218522983442233, -0.26232718, 0.02, 23.271701138478342], "M_G1C8_M M_G1C8H1_M": [-0.3160649828912786, 0.031143667410724902, 0.003130056345363448, -0.24602436, 0.02, 57.10485461774793], "M_G1C8_M M_G1C8H2_M": [-0.3122348247772441, 0.03203581092657574, 0.0032197201423702876, -0.24602436, 0.02, 46.288079175804846], "M_G1C9_M M_G1C9H1_M": [-0.31713501215101586, 0.028891250495072494, 0.002903679927767429, -0.23861399, 0.02, 89.90696339318662], "M_G1C9_M M_G1C9H2_M": [-0.31507461546885634, 0.030498352526793625, 0.0030651997592533935, -0.23861399, 0.02, 75.34200053039548], "M_G1C10_M M_G1C10H1_M": [-0.3055841410613453, 0.03038088301632771, 0.00305339362923757, -0.23120362, 0.02, 70.5283044191563], "M_G1C10_M M_G1C10H2_M": [-0.3035298449685838, 0.031208200814579926, 0.0031365421964856172, -0.23120362, 0.02, 62.05822885700271], "M_G1C11_M M_G1C11H1_M": [-0.2981355843716644, 0.030394204935015566, 0.0030547325324428807, -0.21786495, 0.02, 86.22700333652051], "M_G1C11_M M_G1C11H2_M": [-0.297290027152054, 0.0300488991467693, 0.0030200279949413418, -0.21786495, 0.02, 85.7701332454047], "M_G1C12_M M_G1C12H1_M": [-0.27813404041178885, 0.031711939214709994, 0.003187169810598507, -0.19563383, 0.02, 85.19660927173153], "M_G1C12_M M_G1C12H2_M": [-0.2765467108510331, 0.031701675187828904, 0.0031861382370832734, -0.19563383, 0.02, 81.04933623572335], "M_G1C13_M M_G1C13H1_M": [-0.262099239996519, 0.03127657359835484, 0.00314341391980845, -0.16895649, 0.02, 119.3359063271779], "M_G1C13_M M_G1C13H2_M": [-0.2611539645446437, 0.031124955212997813, 0.0031281756987312148, -0.16895649, 0.02, 117.4318850223397], "M_G1C14_M M_G1C14H1_M": [-0.23129779885752894, 0.03131428602092229, 0.0031472041608869824, -0.14672537, 0.02, 93.1232939696669], "M_G1C14_M M_G1C14H2_M": [-0.23100956530699368, 0.03180134100142303, 0.003196155028238341, -0.14672537, 0.02, 89.54661456250614], "M_G1C15_M M_G1C15H1_M": [-0.20135039081818287, 0.028549155966577502, 0.0028692981340143553, -0.1333867, 0.02, 62.30133369232709], "M_G1C15_M M_G1C15H2_M": [-0.2023772426351954, 0.02896224719165211, 0.0029108153642495287, -0.1333867, 0.02, 63.13724150663337], "M_G1C16_M M_G1C16H1_M": [-0.15192714431700113, 0.023608846665681443, 0.0023727783673666214, -0.09633484, 0.02, 50.43695361162651], "M_G1C16_M M_G1C16H2_M": [-0.15096318987520288, 0.024832639366441974, 0.0024957741615968744, -0.09633484, 0.02, 43.34653332384567], "M_G1C17_M M_G1C17H1_M": [-0.048693025544552855, 0.0108025363118026, 0.0010856957494072392, -0.03112356, 0.02, 0.005501642941404964], "M_G1C17_M M_G1C17H2_M": [-0.04918019069565399, 0.01115983827270412, 0.0011216059476244688, -0.03112356, 0.02, 0.018442981633633143], "M_G1C17_M M_G1C17H3_M": [-0.050754305122790104, 0.01006610109245177, 0.0010116812250136095, -0.03112356, 0.02, 0.19216670903401625], "M_G2_M M_G2H1_M": [-0.22768112816526972, 0.07611672709142189, 0.007650018910064434, -0.21515487, 0.02, 0.0779525855645309], "M_G2C3_M M_G2C3H1_M": [-0.08732107117336806, 0.06627888213014986, 0.006661278289390865, -0.08892447, 0.02, 0.0015078734466193464], "M_G2C3_M M_G2C3H2_M": [-0.15554139551951368, 0.04339206830308064, 0.004361066952690668, -0.14672537, 0.02, 0.0022494531816036533], "M_G2C4_M M_G2C4H1_M": [-0.26712984347278856, 0.035095367507945285, 0.003527217148590447, -0.22972154, 0.02, 6.398060377290018], "M_G2C4_M M_G2C4H2_M": [-0.27141120686301556, 0.031100065086886574, 0.003125674146934378, -0.22972154, 0.02, 11.7051629868759], "M_G2C5_M M_G2C5H1_M": [-0.2754009344468598, 0.03265587925240387, 0.0032820393539204616, -0.23268569, 0.02, 11.649533626196085], "M_G2C5_M M_G2C5H2_M": [-0.2787024421034652, 0.029078035414781087, 0.002922452518530158, -0.23268569, 0.02, 18.563305213293862], "M_G2C6_M M_G2C6H1_M": [-0.2959205346817899, 0.031125894711598243, 0.003128270121893296, -0.23713191, 0.02, 34.88051661795611], "M_G2C6_M M_G2C6H2_M": [-0.29548637484412366, 0.03082774127689109, 0.0030983045742302854, -0.23713191, 0.02, 34.77109492647633], "M_G2C7_M M_G2C7H1_M": [-0.27546905336927213, 0.03125842969031157, 0.003141590388438443, -0.22379324, 0.02, 23.482349924209437], "M_G2C7_M M_G2C7H2_M": [-0.27451997281527507, 0.03310949452110205, 0.0033276294037825256, -0.22379324, 0.02, 19.884144789503942], "M_G2C8_M M_G2C8H1_M": [-0.26334834192148104, 0.028837662431551298, 0.0028982941247388976, -0.21193665, 0.02, 26.944230590568775], "M_G2C8_M M_G2C8H2_M": [-0.2635192156234163, 0.03150209487835994, 0.003166079661263529, -0.21193665, 0.02, 23.009821815257546], "M_G2C9_M M_G2C9H1_M": [-0.16496611022333646, 0.04147420132946713, 0.004168314069378835, -0.16154612, 0.02, 1.5119121503157274e-05], "M_G2C9_M M_G2C9H2_M": [-0.16503770576815385, 0.0403790276778917, 0.004058244975967953, -0.16154612, 0.02, 1.0304165214829288e-05], "M_G2C10_M M_G2C10H1_M": [-0.09849698094366684, 0.0345987149163816, 0.0034773016850336473, -0.13635085, 0.02, 6.84918117350126], "M_G2C11_M M_G2C11H1_M": [-0.08583755779269833, 0.035441134999270124, 0.0035619680889973243, -0.03853394, 0.02, 14.049662452790672], "M_G2C12_M M_G2C12H1_M": [-0.14949751791465302, 0.044212174424568686, 0.0044434907191527725, -0.09337069, 0.02, 15.669285343479704], "M_G2C12_M M_G2C12H2_M": [-0.14962142045504823, 0.042374068486236365, 0.004258754121505123, -0.09337069, 0.02, 17.068328560847274], "M_G2C13_M M_G2C13H1_M": [-0.21979246575372435, 0.03373328583589401, 0.0033903227898021437, -0.15561782, 0.02, 38.38189406767734], "M_G2C13_M M_G2C13H2_M": [-0.21873337045813074, 0.034262167075681825, 0.0034434773543789367, -0.15561782, 0.02, 35.54244604384119], "M_G2C14_M M_G2C14H1_M": [-0.23111053503942888, 0.030991419025686223, 0.0031147548069358462, -0.15413574, 0.02, 74.31874510741768], "M_G2C14_M M_G2C14H2_M": [-0.23144880399378615, 0.032866863473318346, 0.0033032440659646668, -0.15413574, 0.02, 67.0100982431678], "M_G2C15_M M_G2C15H1_M": [-0.23575124719347534, 0.02928743531130981, 0.0029434979999824313, -0.14227915, 0.02, 137.0889125968972], "M_G2C15_M M_G2C15H2_M": [-0.23524855491093016, 0.030753467533003145, 0.0030908397821014593, -0.14227915, 0.02, 122.80011658138609], "M_G2C16_M M_G2C16H1_M": [-0.21564681456386522, 0.028612667557168587, 0.002875681289039485, -0.14227915, 0.02, 76.45641247107335], "M_G2C16_M M_G2C16H2_M": [-0.2156899757596908, 0.029173600659116315, 0.0029320571869682972, -0.14227915, 0.02, 73.71649374258816], "M_G2C17_M M_G2C17H1_M": [-0.19395031138179752, 0.02636964966233096, 0.0026502495085779926, -0.1333867, 0.02, 52.4548699656054],