{"headgroup": 18.19851204653656, "sn-1": 41.25851014413211, "sn-2": 26.67594034841803, "total": 28.710987513028893}