{"M_G1_M M_G1H1_M": [[-0.15519984826397584, 0.01420439611502155, 0.0004441042793542986]], "M_G1_M M_G1H2_M": [[-0.0309426688579934, 0.013593639369306654, 0.0004250088048110586]], "M_G1C3_M M_G1C3H1_M": [[-0.18752276179429722, 0.012099484619546514, 0.00037829365317681947]], "M_G1C3_M M_G1C3H2_M": [[-0.21297392598946885, 0.011870908645327414, 0.00037114716363328097]], "M_G1C4_M M_G1C4H1_M": [[-0.15036083594961752, 0.012616738254101492, 0.0003944657277062323]], "M_G1C4_M M_G1C4H2_M": [[-0.14335425550321815, 0.011578974479858336, 0.0003620197631352453]], "M_G1C5_M M_G1C5H1_M": [[-0.16948943887881557, 0.012102719182780988, 0.0003783947826695934]], "M_G1C5_M M_G1C5H2_M": [[-0.1690993841934043, 0.012257155563204161, 0.00038322327779733686]], "M_G1C6_M M_G1C6H1_M": [[-0.16767318847666104, 0.012545027252495757, 0.0003922236638809204]], "M_G1C6_M M_G1C6H2_M": [[-0.16662168595474142, 0.01243419041356799, 0.000388758320188775]], "M_G1C7_M M_G1C7H1_M": [[-0.16319062726369515, 0.012459609004246931, 0.00038955303928871166]], "M_G1C7_M M_G1C7H2_M": [[-0.1639023046752328, 0.012598339029956135, 0.0003938904709960149]], "M_G1C8_M M_G1C8H1_M": [[-0.1457342863649471, 0.01259780389912466, 0.0003938737399860974]], "M_G1C8_M M_G1C8H2_M": [[-0.14627570440218712, 0.012745544430538965, 0.0003984928875868732]], "M_G1C9_M M_G1C9H1_M": [[-0.10780457862791247, 0.013342439270390255, 0.00041715496590093284]], "M_G1C9_M M_G1C9H2_M": [[-0.10797574575017246, 0.012854005381722374, 0.00040188394850726325]], "M_G1C10_M M_G1C10H1_M": [[-0.08069358733689336, 0.013275032801365227, 0.0004150474844488688]], "M_G1C11_M M_G1C11H1_M": [[-0.06873922185935243, 0.012944747294585121, 0.0004047210189108775]], "M_G1C12_M M_G1C12H1_M": [[-0.05613192509452626, 0.013455079699406923, 0.0004206766993241302]], "M_G1C12_M M_G1C12H2_M": [[-0.055829431952469394, 0.01416345449066451, 0.00044282422841560016]], "M_G1C13_M M_G1C13H1_M": [[-0.08618969262463783, 0.013760976033847159, 0.0004302406308044722]], "M_G1C13_M M_G1C13H2_M": [[-0.08649176164358106, 0.013275002290932881, 0.0004150465305319645]], "M_G1C14_M M_G1C14H1_M": [[-0.08381502322239576, 0.012996983261193645, 0.0004063541905092477]], "M_G1C14_M M_G1C14H2_M": [[-0.08293911536165241, 0.013219512679463885, 0.000413311632848632]], "M_G1C15_M M_G1C15H1_M": [[-0.08644315364890022, 0.012700277405404515, 0.0003970776018251231]], "M_G1C15_M M_G1C15H2_M": [[-0.08548878120679475, 0.013034161393836563, 0.0004075165748634591]], "M_G1C16_M M_G1C16H1_M": [[-0.07092779976875747, 0.013194344343681236, 0.00041252473803559027]], "M_G1C16_M M_G1C16H2_M": [[-0.07170334835976903, 0.013441307215271595, 0.00042024609888942604]], "M_G1C17_M M_G1C17H1_M": [[-0.06531581524020526, 0.012650073642778745, 0.00039550796763291603]], "M_G1C17_M M_G1C17H2_M": [[-0.06480343614505879, 0.013331198528327268, 0.00041680352106562504]], "M_G1C18_M M_G1C18H1_M": [[-0.04838278868392333, 0.013580260555586384, 0.00042459051258816205]], "M_G1C18_M M_G1C18H2_M": [[-0.04717410570987238, 0.013699814054906513, 0.00042832838502074663]], "M_G1C19_M M_G1C19H1_M": [[-0.017603429968381608, 0.013816420749272034, 0.0004319741248008646]], "M_G1C19_M M_G1C19H2_M": [[-0.01670080535016316, 0.01386145433715762, 0.0004333821120840069]], "M_G1C19_M M_G1C19H3_M": [[-0.017724203098008838, 0.013441000400181775, 0.0004202365062328107]], "M_G2_M M_G2H1_M": [[-0.17342453295244725, 0.012931856036828506, 0.000404317970256812]], "M_G2C3_M M_G2C3H1_M": [[-0.07339807356654246, 0.01354409275884008, 0.0004234597166585228]], "M_G2C3_M M_G2C3H2_M": [[-0.09028559837854343, 0.013491948863195763, 0.0004218294236837053]], "M_G2C4_M M_G2C4H1_M": [[-0.17731263966027194, 0.01223671244454202, 0.00038258411817325373]], "M_G2C4_M M_G2C4H2_M": [[-0.18160382680796971, 0.011583113787139594, 0.00036214917969489935]], "M_G2C5_M M_G2C5H1_M": [[-0.17563542641472896, 0.011964397075427484, 0.0003740701046398085]], "M_G2C5_M M_G2C5H2_M": [[-0.17725288392590838, 0.01182422638167964, 0.0003696876300573342]], "M_G2C6_M M_G2C6H1_M": [[-0.18629293572930444, 0.011787013700600089, 0.00036852416553692435]], "M_G2C6_M M_G2C6H2_M": [[-0.18465578234953361, 0.011878972901595066, 0.00037139929478262893]], "M_G2C7_M M_G2C7H1_M": [[-0.16512584288509038, 0.012134419199893498, 0.0003793858922627976]], "M_G2C7_M M_G2C7H2_M": [[-0.16381519837295155, 0.011981034721180275, 0.00037459028512600186]], "M_G2C8_M M_G2C8H1_M": [[-0.15759387811193698, 0.011971492393960066, 0.00037429194168928147]], "M_G2C8_M M_G2C8H2_M": [[-0.15668360040758963, 0.012187765209457305, 0.00038105376965384756]], "M_G2C9_M M_G2C9H1_M": [[-0.09273949993204653, 0.012851785611475113, 0.0004018145467912023]], "M_G2C9_M M_G2C9H2_M": [[-0.09433211424053425, 0.012960773468629038, 0.0004052220815690114]], "M_G2C10_M M_G2C10H1_M": [[-0.06143765060783765, 0.013308813434370046, 0.00041610364505965833]], "M_G2C11_M M_G2C11H1_M": [[-0.04542705259495939, 0.01347318575535874, 0.0004212427900516288]], "M_G2C12_M M_G2C12H1_M": [[-0.062251354089650206, 0.013536033047875245, 0.0004232077276192945]], "M_G2C12_M M_G2C12H2_M": [[-0.06258067228256543, 0.013907724937825546, 0.0004348287749057504]], "M_G2C13_M M_G2C13H1_M": [[-0.09473942487474678, 0.013388061272233737, 0.0004185813501053253]], "M_G2C13_M M_G2C13H2_M": [[-0.09379528430941142, 0.013058264899345895, 0.000408270177470529]], "M_G2C14_M M_G2C14H1_M": [[-0.09446447193776344, 0.01309436047587872, 0.00040939871541569625]], "M_G2C14_M M_G2C14H2_M": [[-0.0943218801815259, 0.012655997220420621, 0.0003956931698871014]], "M_G2C15_M M_G2C15H1_M": [[-0.09567878241484579, 0.013130509611233942, 0.00041052892789190525]], "M_G2C15_M M_G2C15H2_M": [[-0.096395636840104, 0.012506168178979498, 0.0003910087244564937]], "M_G2C16_M M_G2C16H1_M": [[-0.08177910546352393, 0.013183599315279113, 0.0004121887918217192]], "M_G2C16_M M_G2C16H2_M": [[-0.08291649793606742, 0.013206668324291562, 0.00041291005061652687]], "M_G2C17_M M_G2C17H1_M": [[-0.0735219988067221, 0.013372155287666068, 0.0004180840452036143]], "M_G2C17_M M_G2C17H2_M": [[-0.07368405485016014, 0.013448511220181337, 0.0004204713340478234]], "M_G2C18_M M_G2C18H1_M": [[-0.05518869453737884, 0.0133663660772066, 0.0004179030439756625]], "M_G2C18_M M_G2C18H2_M": [[-0.05498658638282655, 0.013372244457175145, 0.000418086833112389]], "M_G2C19_M M_G2C19H1_M": [[-0.018120193753891022, 0.013679669512497196, 0.0004276985604638159]], "M_G2C19_M M_G2C19H2_M": [[-0.01865065117850806, 0.013897548542182808, 0.0004345106071486176]], "M_G2C19_M M_G2C19H3_M": [[-0.017894972051744854, 0.013800016633290073, 0.0004314612456860031]], "M_G3_M M_G3H1_M": [[-0.2165401789495197, 0.011838339904526747, 0.00037012889315943373]], "M_G3_M M_G3H2_M": [[-0.2373934264117153, 0.01060381924056313, 0.0003315312713120849]], "M_G3C4_M M_G3C4H1_M": [[0.03559550181743987, 0.014753809248501178, 0.0004612818292998203]], "M_G3C4_M M_G3C4H2_M": [[0.03826870241921072, 0.014636997733281074, 0.0004576296857403875]], "M_G3C5_M M_G3C5H1_M": [[-0.059234855435758516, 0.013297543077651576, 0.0004157512743141517]], "M_G3C5_M M_G3C5H2_M": [[-0.0603883910022708, 0.013871713316533996, 0.0004337028618438673]], "M_G3N6C1_M M_G3N6C1H1_M": [[0.008847753367881685, 0.013627014526754577, 0.0004260522881190939]], "M_G3N6C1_M M_G3N6C1H2_M": [[0.008898960264031641, 0.014435520953234601, 0.000451330459818735]], "M_G3N6C1_M M_G3N6C1H3_M": [[0.008719541326099065, 0.014234669040413834, 0.0004450507705395922]], "M_G3N6C2_M M_G3N6C2H1_M": [[0.008027185292579286, 0.01437229611582571, 0.00044935371820808154]], "M_G3N6C2_M M_G3N6C2H2_M": [[0.009254856017877521, 0.01455552100585564, 0.0004550822938608304]], "M_G3N6C2_M M_G3N6C2H3_M": [[0.009318891070592103, 0.01413968054534005, 0.00044208092959668296]], "M_G3N6C3_M M_G3N6C3H1_M": [[0.0088964655669875, 0.014017863217275042, 0.00043827227794721474]], "M_G3N6C3_M M_G3N6C3H2_M": [[0.009224411794774484, 0.014199645322643045, 0.000443955744547994]], "M_G3N6C3_M M_G3N6C3H3_M": [[0.00860266095542171, 0.014208617684862554, 0.0004442362678750918]]}