{"M_G1_M M_G1H1_M": [[0.33911812089821225, 0.03778225544543923, 0.004483928776784211]], "M_G1_M M_G1H2_M": [[-0.006095645918500373, 0.0316277934663876, 0.00375352851750522]], "M_G1C3_M M_G1C3H1_M": [[-0.0721558377351073, 0.023261732183651785, 0.0027606597093375587]], "M_G1C3_M M_G1C3H2_M": [[-0.04516685747777712, 0.02570231746771091, 0.0030503038943754794]], "M_G1C4_M M_G1C4H1_M": [[-0.1430559908997716, 0.01964036455061662, 0.0023308824408912565]], "M_G1C4_M M_G1C4H2_M": [[-0.14487259772505942, 0.019419868519703946, 0.002304714376372086]], "M_G1C5_M M_G1C5H1_M": [[-0.1352580324091515, 0.01995167723271548, 0.0023678284589990625]], "M_G1C5_M M_G1C5H2_M": [[-0.13444526065251075, 0.02025598944727844, 0.00240394367445983]], "M_G1C6_M M_G1C6H1_M": [[-0.14410615360439905, 0.020402668110271166, 0.0024213512291486466]], "M_G1C6_M M_G1C6H2_M": [[-0.14314028704500903, 0.018645644081035206, 0.0022128308400583365]], "M_G1C7_M M_G1C7H1_M": [[-0.12958048591405424, 0.013953353979544883, 0.0016559584573210078]], "M_G1C7_M M_G1C7H2_M": [[-0.12890575323852776, 0.01396560065732555, 0.0016574118705773983]], "M_G1C8_M M_G1C8H1_M": [[-0.13586299415314346, 0.013535299748005266, 0.0016063445479088535]], "M_G1C8_M M_G1C8H2_M": [[-0.1358864763455055, 0.013342496185381738, 0.0015834629747332502]], "M_G1C9_M M_G1C9H1_M": [[-0.12521195017279674, 0.012561197135737412, 0.0014907398365650326]], "M_G1C9_M M_G1C9H2_M": [[-0.1261997485983165, 0.012462353778889554, 0.001479009288270898]], "M_G1C10_M M_G1C10H1_M": [[-0.14002996101174414, 0.012054741757656386, 0.001430634641225013]], "M_G1C11_M M_G1C11H1_M": [[-0.12859290176911836, 0.011095693882972862, 0.0013168165985245927]], "M_G1C12_M M_G1C12H1_M": [[-0.09312151212745531, 0.009233676593587162, 0.0010958358018963142]], "M_G1C12_M M_G1C12H2_M": [[-0.09227156044832868, 0.009381749693213334, 0.0011134088457671395]], "M_G1C13_M M_G1C13H1_M": [[-0.07669598887409555, 0.008662608236395229, 0.001028062456707286]], "M_G1C13_M M_G1C13H2_M": [[-0.07639448275391547, 0.00902512264156955, 0.00107108500139648]], "M_G1C14_M M_G1C14H1_M": [[-0.07221453727124273, 0.008623446313444336, 0.001023414791521514]], "M_G1C14_M M_G1C14H2_M": [[-0.07120551542096873, 0.008679169834423243, 0.0010300279567842887]], "M_G1C15_M M_G1C15H1_M": [[-0.05956367650060431, 0.007737823762153601, 0.0009183107315260451]], "M_G1C15_M M_G1C15H2_M": [[-0.05952615071587981, 0.007763822632448306, 0.0009213962297659967]], "M_G1C16_M M_G1C16H1_M": [[-0.06325090626649274, 0.007531515916095766, 0.0008938264947617531]], "M_G1C16_M M_G1C16H2_M": [[-0.06339409302946909, 0.007650333623761407, 0.0009079275623743753]], "M_G1C17_M M_G1C17H1_M": [[-0.05044430613540363, 0.006399879373937506, 0.0007595259455642193]], "M_G1C17_M M_G1C17H2_M": [[-0.04982881824254128, 0.00711326494110918, 0.0008441892361981756]], "M_G1C18_M M_G1C18H1_M": [[-0.04449218040563872, 0.006036780877038488, 0.000716434081940468]], "M_G1C18_M M_G1C18H2_M": [[-0.04485982968679831, 0.006135707490081569, 0.0007281745109271449]], "M_G1C19_M M_G1C19H1_M": [[-0.01353463658352583, 0.0035230625786407867, 0.00041811060490000256]], "M_G1C19_M M_G1C19H2_M": [[-0.013905793302531768, 0.0033457521929635458, 0.00039706773354709977]], "M_G1C19_M M_G1C19H3_M": [[-0.013678434198249401, 0.003213742388468178, 0.0003814010520794139]], "M_G2_M M_G2H1_M": [[-0.0995184990364828, 0.03831393802778092, 0.0045470278904546375]], "M_G2C3_M M_G2C3H1_M": [[-0.07901325080541693, 0.03465149342512774, 0.00411237568259665]], "M_G2C3_M M_G2C3H2_M": [[-0.09565594168365998, 0.02911163253572787, 0.0034549151533481252]], "M_G2C4_M M_G2C4H1_M": [[-0.12261836418892674, 0.024053847033307284, 0.0028546664468129717]], "M_G2C4_M M_G2C4H2_M": [[-0.13075772507105018, 0.023650162882084512, 0.0028067579521754977]], "M_G2C5_M M_G2C5H1_M": [[-0.14551798533006266, 0.024427350084858423, 0.0028989931038990043]], "M_G2C5_M M_G2C5H2_M": [[-0.14669038122220446, 0.02412651609779802, 0.0028632906780985427]], "M_G2C6_M M_G2C6H1_M": [[-0.13330509400217552, 0.021095759466109715, 0.0025036060400048365]], "M_G2C6_M M_G2C6H2_M": [[-0.13194651007400388, 0.020603356425146158, 0.0024451685502593938]], "M_G2C7_M M_G2C7H1_M": [[-0.13317913396593084, 0.016418504067605838, 0.0019485179482415782]], "M_G2C7_M M_G2C7H2_M": [[-0.13308060164132046, 0.016908164694462005, 0.0020066299733108384]], "M_G2C8_M M_G2C8H1_M": [[-0.12717937679395172, 0.015291076589171884, 0.0018147169230066618]], "M_G2C8_M M_G2C8H2_M": [[-0.127642472542086, 0.014976876621591863, 0.0017774282471537547]], "M_G2C9_M M_G2C9H1_M": [[-0.12005984773729796, 0.013903333707857495, 0.0016500221432233612]], "M_G2C9_M M_G2C9H2_M": [[-0.1194982660235919, 0.013771984971810624, 0.001634433916146624]], "M_G2C10_M M_G2C10H1_M": [[-0.12846788484629082, 0.013342260106076656, 0.001583434957274335]], "M_G2C11_M M_G2C11H1_M": [[-0.11031948472330727, 0.01134978986344063, 0.001346972243428586]], "M_G2C12_M M_G2C12H1_M": [[-0.07993280409612394, 0.00897180189006741, 0.0010647569924080948]], "M_G2C12_M M_G2C12H2_M": [[-0.07963719984415897, 0.008918864551265506, 0.0010584744861357254]], "M_G2C13_M M_G2C13H1_M": [[-0.06438206235278304, 0.008603873811938289, 0.001021091962942279]], "M_G2C13_M M_G2C13H2_M": [[-0.0652116926191681, 0.007865407240087365, 0.0009334521046760821]], "M_G2C14_M M_G2C14H1_M": [[-0.06125065799190583, 0.008055511623897484, 0.0009560133442608915]], "M_G2C14_M M_G2C14H2_M": [[-0.06133573586806938, 0.008257065089917573, 0.0009799333399226956]], "M_G2C15_M M_G2C15H1_M": [[-0.0512013780541157, 0.00821698221567757, 0.000975176377927123]], "M_G2C15_M M_G2C15H2_M": [[-0.051479551838244236, 0.007817638966705847, 0.0009277830536068047]], "M_G2C16_M M_G2C16H1_M": [[-0.05545609976779628, 0.0071677504145063456, 0.000850655472244752]], "M_G2C16_M M_G2C16H2_M": [[-0.05561478288718128, 0.007517887323040166, 0.0008922090783352156]], "M_G2C17_M M_G2C17H1_M": [[-0.0450605778821286, 0.005968344450441845, 0.0007083121723567454]], "M_G2C17_M M_G2C17H2_M": [[-0.04443790284451363, 0.0063866194425710775, 0.0007579522812307606]], "M_G2C18_M M_G2C18H1_M": [[-0.04042893370382044, 0.005670722359831505, 0.0006729909285357795]], "M_G2C18_M M_G2C18H2_M": [[-0.04016849700086226, 0.005658134844920055, 0.0006714970653538644]], "M_G2C19_M M_G2C19H1_M": [[-0.012275927534343886, 0.0033709921273437, 0.0004000631626647381]], "M_G2C19_M M_G2C19H2_M": [[-0.012847889630365313, 0.0035535269827831856, 0.0004217260645064029]], "M_G2C19_M M_G2C19H3_M": [[-0.011702721938705066, 0.0035371968423888456, 0.0004197880333968296]], "M_G3_M M_G3H1_M": [[-0.27118483889512207, 0.018484759181962754, 0.0021937373153283813]], "M_G3_M M_G3H2_M": [[-0.19557599438363027, 0.029985934381756327, 0.003558675692807285]], "M_G3C4_M M_G3C4H1_M": [[0.008193691405839278, 0.03003802871021776, 0.003564858152158681]], "M_G3C4_M M_G3C4H2_M": [[0.027983321792632052, 0.03981903618795982, 0.004725650179482801]], "M_G3C5_M M_G3C5H1_M": [[-0.015896943876341593, 0.03161506234831976, 0.0037520176117640984]], "M_G3C5_M M_G3C5H2_M": [[-0.0021085770190727013, 0.025464807113672147, 0.003022116601195046]], "M_G3N6C1_M M_G3N6C1H1_M": [[0.003943375842716566, 0.0076861589073320405, 0.0009121792413184975]], "M_G3N6C1_M M_G3N6C1H2_M": [[0.0057916584575150275, 0.007705947682611018, 0.0009145277368724185]], "M_G3N6C1_M M_G3N6C1H3_M": [[0.006055005293474194, 0.00739838497118691, 0.0008780267584061683]], "M_G3N6C2_M M_G3N6C2H1_M": [[0.009407113368475557, 0.007007474940550876, 0.0008316342729698843]], "M_G3N6C2_M M_G3N6C2H2_M": [[0.006411021122376597, 0.008051528868254802, 0.0009555406781263112]], "M_G3N6C2_M M_G3N6C2H3_M": [[0.006511042893726879, 0.00889085294797197, 0.0010551501204351882]], "M_G3N6C3_M M_G3N6C3H1_M": [[0.005668936336370664, 0.007905126635878825, 0.000938165929716067]], "M_G3N6C3_M M_G3N6C3H2_M": [[0.005552686262307239, 0.007467615654119351, 0.000886242928875014]], "M_G3N6C3_M M_G3N6C3H3_M": [[0.00564880493918541, 0.007275879718839897, 0.000863488059754384]]}