{"M_G1_M M_G1H1_M": [[-0.17619577837888425, 0.03252278500342036, 0.002305479102345166]], "M_G1_M M_G1H2_M": [[-0.0410842009311758, 0.026381461190418475, 0.0018701321998544494]], "M_G1C3_M M_G1C3H1_M": [[-0.2240515784692813, 0.021031906947005782, 0.001490912354021665]], "M_G1C3_M M_G1C3H2_M": [[-0.1892165499681012, 0.02217083646560341, 0.00157164892697797]], "M_G1C4_M M_G1C4H1_M": [[-0.15377846932039346, 0.015446006553573413, 0.0010949383738263773]], "M_G1C4_M M_G1C4H2_M": [[-0.1421601943647861, 0.014614565347114953, 0.0010359990693935917]], "M_G1C5_M M_G1C5H1_M": [[-0.18314460744802613, 0.012937221296105176, 0.0009170953021842542]], "M_G1C5_M M_G1C5H2_M": [[-0.18208662629215552, 0.013954647673643478, 0.000989218745835916]], "M_G1C6_M M_G1C6H1_M": [[-0.18120306934140187, 0.013695943804540405, 0.0009708797147889055]], "M_G1C6_M M_G1C6H2_M": [[-0.17902678502694122, 0.014036112455257587, 0.000994993631091551]], "M_G1C7_M M_G1C7H1_M": [[-0.19185693407941806, 0.01360707701230874, 0.0009645801149126646]], "M_G1C7_M M_G1C7H2_M": [[-0.19165603982963597, 0.013812148358662183, 0.0009791172372242357]], "M_G1C8_M M_G1C8H1_M": [[-0.17967816825445884, 0.014487264939154103, 0.0010269749827342576]], "M_G1C8_M M_G1C8H2_M": [[-0.17932415281966668, 0.014037769876432703, 0.0009951111225635332]], "M_G1C9_M M_G1C9H1_M": [[-0.1779487461564403, 0.014518274406621658, 0.0010291731856007643]], "M_G1C9_M M_G1C9H2_M": [[-0.17735179165285167, 0.014191641451673771, 0.0010060187893308752]], "M_G1C10_M M_G1C10H1_M": [[-0.16077986918907988, 0.01416747536552695, 0.0010043057009040657]], "M_G1C10_M M_G1C10H2_M": [[-0.16032181976015508, 0.01434861348661416, 0.0010171462418589905]], "M_G1C11_M M_G1C11H1_M": [[-0.15295751084650513, 0.01347793408297503, 0.000955425415376226]], "M_G1C11_M M_G1C11H2_M": [[-0.15306154910056013, 0.013394640152613421, 0.0009495208652037642]], "M_G1C12_M M_G1C12H1_M": [[-0.13417271685388774, 0.01267653968814341, 0.0008986160729467095]], "M_G1C12_M M_G1C12H2_M": [[-0.13441603448282025, 0.012470368942851525, 0.0008840010163107117]], "M_G1C13_M M_G1C13H1_M": [[-0.12375310122215157, 0.011554406097816237, 0.0008190701317775639]], "M_G1C13_M M_G1C13H2_M": [[-0.12434621013112185, 0.011581562144782932, 0.0008209951729072651]], "M_G1C14_M M_G1C14H1_M": [[-0.10573710697452406, 0.009884485909921633, 0.0007006926282713164]], "M_G1C14_M M_G1C14H2_M": [[-0.10619744217885042, 0.010062208406439035, 0.000713291042020151]], "M_G1C15_M M_G1C15H1_M": [[-0.09274901134242221, 0.008443535564425267, 0.0005985463665440523]], "M_G1C15_M M_G1C15H2_M": [[-0.09245021177242167, 0.008189841603956943, 0.0005805624785040401]], "M_G1C16_M M_G1C16H1_M": [[-0.06823694441003945, 0.006274982708716124, 0.00044482173039611574]], "M_G1C16_M M_G1C16H2_M": [[-0.06818396809089922, 0.005944206443402711, 0.0004213736226417628]], "M_G1C17_M M_G1C17H1_M": [[-0.022993157861660382, 0.00354444453989555, 0.0002512590116526374]], "M_G1C17_M M_G1C17H2_M": [[-0.022420203331288472, 0.003065279007155917, 0.0002172918676279442]], "M_G1C17_M M_G1C17H3_M": [[-0.022604016371223633, 0.0031607619113514234, 0.00022406047124632478]], "M_G2_M M_G2H1_M": [[-0.19604984952710197, 0.029482901140004417, 0.0020899874487267972]], "M_G2C3_M M_G2C3H1_M": [[-0.06130656303066567, 0.022143506196214892, 0.0015697115355482365]], "M_G2C3_M M_G2C3H2_M": [[-0.09537818809760168, 0.020457671949285924, 0.0014502059143075038]], "M_G2C4_M M_G2C4H1_M": [[-0.18452483338949208, 0.01739137216877353, 0.0012328416859748615]], "M_G2C4_M M_G2C4H2_M": [[-0.19114374891636493, 0.015390872349936163, 0.0010910300137552226]], "M_G2C5_M M_G2C5H1_M": [[-0.1815434761469831, 0.016646246283539685, 0.0011800211124341144]], "M_G2C5_M M_G2C5H2_M": [[-0.18272376717643088, 0.016341586998877628, 0.0011584243883512929]], "M_G2C6_M M_G2C6H1_M": [[-0.18996237739075156, 0.01777031707723237, 0.0012597043783088692]], "M_G2C6_M M_G2C6H2_M": [[-0.1881289760080233, 0.01706636509642387, 0.0012098025454665155]], "M_G2C7_M M_G2C7H1_M": [[-0.1676854960939209, 0.016554505496798988, 0.0011735177804887986]], "M_G2C7_M M_G2C7H2_M": [[-0.16650720394021293, 0.01621823686158844, 0.0011496803289553425]], "M_G2C8_M M_G2C8H1_M": [[-0.15919906482624224, 0.015960023914370597, 0.0011313760984380885]], "M_G2C8_M M_G2C8H2_M": [[-0.15847941695732423, 0.01565888385917929, 0.0011100288459180594]], "M_G2C9_M M_G2C9H1_M": [[-0.09114894467947911, 0.01484487447384268, 0.0010523252505215085]], "M_G2C9_M M_G2C9H2_M": [[-0.09152747579773694, 0.014785210081148267, 0.0010480957538625778]], "M_G2C10_M M_G2C10H1_M": [[-0.046809543767001714, 0.017609992549447, 0.0012483392738639805]], "M_G2C11_M M_G2C11H1_M": [[-0.035662333481890005, 0.013954733423378725, 0.0009892248244734812]], "M_G2C12_M M_G2C12H1_M": [[-0.06377088883195269, 0.011988322494020274, 0.000849829649558963]], "M_G2C12_M M_G2C12H2_M": [[-0.06314113153606662, 0.011696206509994806, 0.0008291220964831461]], "M_G2C13_M M_G2C13H1_M": [[-0.09855247689889468, 0.012039636963877423, 0.000853467235881633]], "M_G2C13_M M_G2C13H2_M": [[-0.09769892559195291, 0.011907227017327935, 0.000844080943635124]], "M_G2C14_M M_G2C14H1_M": [[-0.10290150052795656, 0.010835646366441866, 0.0007681186053287506]], "M_G2C14_M M_G2C14H2_M": [[-0.10311395785581809, 0.010292226856174744, 0.0007295966176024309]], "M_G2C15_M M_G2C15H1_M": [[-0.10631498047768963, 0.009876741336894168, 0.0007001436300453181]], "M_G2C15_M M_G2C15H2_M": [[-0.10661253122426353, 0.010469289715099722, 0.0007421482708821268]], "M_G2C16_M M_G2C16H1_M": [[-0.09650492177648165, 0.008421258896879119, 0.0005969672154506839]], "M_G2C16_M M_G2C16H2_M": [[-0.09655003953518218, 0.009035687387817425, 0.0006405228963554638]], "M_G2C17_M M_G2C17H1_M": [[-0.08700509946604555, 0.007138190407308931, 0.00050601290175121]], "M_G2C17_M M_G2C17H2_M": [[-0.08715664521662157, 0.0076627041935203736, 0.0005431946982325151]], "M_G2C18_M M_G2C18H1_M": [[-0.06716275473283874, 0.005722846801968252, 0.00040568185370573563]], "M_G2C18_M M_G2C18H2_M": [[-0.06686654114822788, 0.0057488822529696264, 0.00040752745789361455]], "M_G2C19_M M_G2C19H1_M": [[-0.021056440562685713, 0.0029855471785410247, 0.0002116398281533399]], "M_G2C19_M M_G2C19H2_M": [[-0.021121984584713004, 0.0028457323048812267, 0.0002017286145415353]], "M_G2C19_M M_G2C19H3_M": [[-0.020784740303163615, 0.0030084618882229757, 0.00021326420885451564]], "M_G3_M M_G3H1_M": [[-0.22588738898726438, 0.02435843404941998, 0.0017267236081068913]], "M_G3_M M_G3H2_M": [[-0.24697369573027855, 0.019057718107489525, 0.0013509658176746357]], "M_G3C4_M M_G3C4H1_M": [[0.04104700711214054, 0.017233899316062395, 0.0012216787314162647]], "M_G3C4_M M_G3C4H2_M": [[0.03781372038283707, 0.01693726627456503, 0.0012006509726260705]], "M_G3C5_M M_G3C5H1_M": [[-0.06457849350782033, 0.01610968034673432, 0.0011419849616492131]], "M_G3C5_M M_G3C5H2_M": [[-0.0661711332204327, 0.016853943984320212, 0.0011947444120747905]], "M_G3N6C1_M M_G3N6C1H1_M": [[0.01017823988039377, 0.007873757293022922, 0.0005581558557821262]], "M_G3N6C1_M M_G3N6C1H2_M": [[0.010317340385325183, 0.009211539609499435, 0.0006529887298363976]], "M_G3N6C1_M M_G3N6C1H3_M": [[0.011252629445791758, 0.007947274255291598, 0.0005633673350622833]], "M_G3N6C2_M M_G3N6C2H1_M": [[0.010220653387377408, 0.008828369300989488, 0.0006258265068344028]], "M_G3N6C2_M M_G3N6C2H2_M": [[0.011043159424163411, 0.008725956298525775, 0.000618566641574903]], "M_G3N6C2_M M_G3N6C2H3_M": [[0.011512954155831314, 0.008578569901234546, 0.0006081186968835387]], "M_G3N6C3_M M_G3N6C3H1_M": [[0.011154835327058896, 0.009584897927867316, 0.0006794553992988485]], "M_G3N6C3_M M_G3N6C3H2_M": [[0.010702561745364663, 0.008156439590352933, 0.0005781946725387084]], "M_G3N6C3_M M_G3N6C3H3_M": [[0.011312979582839255, 0.008753976900402327, 0.0006205529693772339]]}