{"-16.855201721191406": [0.0030028832593017186, 0.00011061701358251086, 0.0], "-15.843852484294347": [0.005837027481667556, 1.4320631414292865e-05, 0.0], "-14.832503247397286": [0.013455948787637399, 1.0652026481476909e-05, 0.0], "-13.821154010500226": [0.02741823461432475, 9.665017048518896e-06, 0.0], "-12.809804773603165": [0.048437098218771325, 3.0353838168288996e-06, 0.0], "-11.798455536706106": [0.07653856402955928, 2.172859894331897e-05, 0.0], "-10.787106299809047": [0.1096276055817043, 5.736767473880832e-05, 0.0], "-9.775757062911985": [0.1438156215751213, 0.0002458816795803059, 0.0], "-8.764407826014926": [0.1726833329117151, 0.0008913798533113381, 0.0], "-7.753058589117867": [0.1963866942778023, 0.0028932172770783455, 0.0], "-6.741709352220806": [0.21382801446439528, 0.007768940743969944, 0.0], "-5.730360115323746": [0.227097378892782, 0.01707663279349158, 0.0], "-4.719010878426687": [0.23352116729177957, 0.032127527663406076, 0.0], "-3.7076616415296257": [0.2359635778991861, 0.052416973306680305, 0.0], "-2.6963124046325664": [0.23542994518074892, 0.07534485827099442, 0.0], "-1.6849631677355053": [0.2349608218552574, 0.10051283250400078, 0.0], "-0.6736139308384459": [0.2313949834058281, 0.12854017066929094, 0.0], "0.33773530605861524": [0.2205616373860169, 0.15731070295247326, 0.0], "1.3490845429556728": [0.20635570532196176, 0.18195866592649199, 0.0], "2.360433779852734": [0.19326360682009303, 0.20125970497023973, 0.0], "3.371783016749795": [0.1789854300115211, 0.21520905173857602, 0.0], "4.383132253646853": [0.15472497799642984, 0.2308145655562981, 0.0], "5.394481490543914": [0.11911696366996957, 0.24729317256977035, 0.0], "6.405830727440975": [0.08082199304839778, 0.2672397673516354, 0.0], "7.4171799643380325": [0.04861919723701497, 0.28659736935184377, 0.0], "8.428529201235094": [0.025400669787341422, 0.301352695072487, 0.0], "9.439878438132155": [0.012037545465928026, 0.3120272776598851, 0.0], "10.451227675029216": [0.004942614640314118, 0.31965997632298904, 0.0], "11.462576911926273": [0.001766279166060738, 0.3212767697355544, 0.0], "12.473926148823335": [0.0005338365846708821, 0.3242491408511301, 0.0], "13.485275385720396": [0.0001311175472376108, 0.3236584354937048, 0.0], "14.496624622617453": [2.2558502364263073e-05, 0.32415041592228017, 0.0], "15.507973859514514": [1.0313828831860777e-06, 0.32428557864978025, 0.0], "16.519323096411576": [0.0, 0.32315460615379377, 0.0], "17.530672333308637": [0.0, 0.32344527143845014, 0.0], "18.542021570205698": [0.0, 0.32454451331868617, 0.0], "19.553370807102752": [0.0, 0.3228220847148146, 0.0], "20.564720043999813": [0.0, 0.3241403911210623, 0.0], "21.576069280896874": [0.0, 0.323778033933256, 0.0], "22.587418517793935": [0.0, 0.3235306375599079, 0.0], "23.598767754690996": [0.0, 0.32370420370892933, 0.0], "24.610116991588058": [0.0, 0.3239847110700335, 0.0], "25.62146622848511": [0.0, 0.3234685579049871, 0.0], "26.632815465382173": [0.0, 0.3240404501195154, 0.0], "27.644164702279234": [0.0, 0.3232996821494492, 0.0], "28.655513939176295": [0.0, 0.3238029610184703, 0.0], "29.666863176073356": [0.0, 0.3240349142319256, 0.0], "30.678212412970417": [0.0, 0.32304816264335257, 0.0], "31.68956164986747": [0.0, 0.3240361231084846, 0.0], "32.70091088676453": [0.0, 0.32395842279936976, 0.0]}