{"sn-1": 0.26286671144468327, "sn-2": 0.285511206282878, "headgroup": 0.6689640323107975, "total": 0.4057806500127863}