{"headgroup": 0.6689640323107975, "tails": 0.4042952797066968, "total": 0.492518197241397}