{"headgroup": 15.924260773881148, "sn-1": 30.177141770344715, "sn-2": 19.56809733834894, "total": 21.8898332941916}