{"headgroup": 0.6571367795052931, "tails": 0.34346842611582806, "total": 0.44802454391231644}