{"10.1021/acs.jctc.9b00824": {"M_G1C3_M M_G1C3H1_M": [-0.27612286462796987, 0.070202091565556, 0.006229428292532218, -0.220769, 0.02, 0.029262372077495824], "M_G1C3_M M_G1C3H2_M": [-0.24031420705500392, 0.0838716476946082, 0.007442405253726558, -0.220769, 0.02, 0.460213941221375], "M_G1C4_M M_G1C4H1_M": [-0.23200922024521414, 0.047036441587295336, 0.004173809262225732, -0.196239, 0.02, 0.058579077411376135], "M_G1C4_M M_G1C4H2_M": [-0.20815608045240663, 0.05299781649570537, 0.004702795745230485, -0.196239, 0.02, 0.7857025316592109], "M_G1C5_M M_G1C5H1_M": [-0.26177396246184004, 0.038862065820996806, 0.003448450707561899, -0.220769, 0.02, 0.033821788564104005], "M_G1C5_M M_G1C5H2_M": [-0.2525666807544841, 0.03844408668271164, 0.003411361056646151, -0.220769, 0.02, 0.0686637844428033], "M_G1C6_M M_G1C6H1_M": [-0.2652390691317429, 0.03969286079622219, 0.003522171840487543, -0.220769, 0.02, 0.028131490912400414], "M_G1C6_M M_G1C6H2_M": [-0.25926890848146183, 0.03660003955669529, 0.0032477283345520823, -0.220769, 0.02, 0.03766339124226259], "M_G1C7_M M_G1C7H1_M": [-0.27637853648122856, 0.036548418529845236, 0.0032431477091322686, -0.220769, 0.02, 0.015265377435439764], "M_G1C7_M M_G1C7H2_M": [-0.2787277313729953, 0.03858018802330572, 0.0034234380976977926, -0.220769, 0.02, 0.014661292347218469], "M_G1C8_M M_G1C8H1_M": [-0.2729210319798575, 0.039419382840817245, 0.0034979045960965042, -0.220769, 0.02, 0.01907463584203606], "M_G1C8_M M_G1C8H2_M": [-0.2732060810016034, 0.036271429839065165, 0.003218568937352434, -0.220769, 0.02, 0.01734720279384805], "M_G1C9_M M_G1C9H1_M": [-0.277270516204252, 0.03891044468704006, 0.003452743637732064, -0.220769, 0.02, 0.015663636993953234], "M_G1C9_M M_G1C9H2_M": [-0.2766985423653153, 0.03615977425581511, 0.003208661106491475, -0.220769, 0.02, 0.014907949684166089], "M_G1C10_M M_G1C10H1_M": [-0.26500043146048174, 0.038787808732593056, 0.003441861456485363, -0.196239, 0.02, 0.010094157436874251], "M_G1C10_M M_G1C10H2_M": [-0.26415984608993803, 0.0406789939308919, 0.003609677006107552, -0.196239, 0.02, 0.01087056773751749], "M_G1C11_M M_G1C11H1_M": [-0.25850296015330704, 0.03945509511576046, 0.003501073548060196, -0.17171, 0.02, 0.006237876575342138], "M_G1C11_M M_G1C11H2_M": [-0.25765974505203293, 0.04119280206098803, 0.0036552701049907235, -0.17171, 0.02, 0.006646970826305831], "M_G1C12_M M_G1C12H1_M": [-0.2397333028273488, 0.04193222985771958, 0.003720883711858019, -0.17171, 0.02, 0.011166272943181732], "M_G1C12_M M_G1C12H2_M": [-0.23832683583909842, 0.04154106064839003, 0.003686173057439846, -0.17171, 0.02, 0.01157950720995149], "M_G1C13_M M_G1C13H1_M": [-0.22739932392572032, 0.0410418188209645, 0.003641872508905962, -0.14718, 0.02, 0.007664964906680005], "M_G1C13_M M_G1C13H2_M": [-0.2252560590570721, 0.04163096522348119, 0.0036941507984331896, -0.14718, 0.02, 0.008236228266709666], "M_G1C14_M M_G1C14H1_M": [-0.20003805104089342, 0.03892357166811584, 0.0034539084689427214, -0.12265, 0.02, 0.007850181919461852], "M_G1C14_M M_G1C14H2_M": [-0.19872905953057582, 0.04113539421294599, 0.0036501759822255564, -0.12265, 0.02, 0.008602329809005105], "M_G1C15_M M_G1C15H1_M": [-0.17560299156338424, 0.03633084091099562, 0.003223840817493322, -0.09812, 0.02, 0.00731028628254804], "M_G1C15_M M_G1C15H2_M": [-0.17605781580898267, 0.03736903009174505, 0.0033159652102476606, -0.09812, 0.02, 0.0074248556815691424], "M_G1C16_M M_G1C16H1_M": [-0.13307132045345416, 0.03132555249132235, 0.002779693291423105, -0.07359, 0.02, 0.011246087539732996], "M_G1C16_M M_G1C16H2_M": [-0.1295427912969775, 0.030684583055257696, 0.00272281645128023, -0.07359, 0.02, 0.012654522495712084], "M_G1C17_M M_G1C17H1_M": [-0.04384184453002271, 0.013609674788056103, 0.0012076633514217952, -0.0, 0.02, 0.010089028033392289], "M_G1C17_M M_G1C17H2_M": [-0.04358536559957209, 0.013425824486051213, 0.0011913492751975795, -0.0, 0.02, 0.010101660803538248], "M_G1C17_M M_G1C17H3_M": [-0.04634906465110765, 0.01508060237373775, 0.001338187068225229, -0.0, 0.02, 0.00973300471128491], "M_G2C3_M M_G2C3H1_M": [-0.09712621234717111, 0.11054579296733126, 0.009809352897812745, -0.12, 0.02, 0.3376893423831883], "M_G2C3_M M_G2C3H2_M": [-0.15004872881213727, 0.07649169880799993, 0.006787540685357553, -0.12, 0.02, 0.14619055239544199], "M_G2C4_M M_G2C4H1_M": [-0.2463803673525934, 0.056406569749628106, 0.005005273684116656, -0.2, 0.02, 0.03572884231971174], "M_G2C4_M M_G2C4H2_M": [-0.25305192857151493, 0.04947848411990142, 0.004390505495983634, -0.2, 0.02, 0.02292928864119481], "M_G2C5_M M_G2C5H1_M": [-0.246016614521545, 0.04625784186862488, 0.004104719709366554, -0.2, 0.02, 0.03004399143777159], "M_G2C5_M M_G2C5H2_M": [-0.2497898995251307, 0.04391695565396424, 0.003896999647328397, -0.2, 0.02, 0.02364927931893457], "M_G2C6_M M_G2C6H1_M": [-0.2621869181774439, 0.04548433347239518, 0.00403608193831831, -0.22, 0.02, 0.03664811662214784], "M_G2C6_M M_G2C6H2_M": [-0.26303746925664, 0.04467350399172208, 0.003964132456548134, -0.22, 0.02, 0.03425073365367337], "M_G2C7_M M_G2C7H1_M": [-0.23668676570349423, 0.04362502661749572, 0.0038710951342486055, -0.2, 0.02, 0.05085648878279658], "M_G2C7_M M_G2C7H2_M": [-0.23833034941248143, 0.04280567988324378, 0.003798389868437877, -0.2, 0.02, 0.044340579906950395], "M_G2C8_M M_G2C8H1_M": [-0.22838279748234747, 0.04375479292077436, 0.0038826100316403226, -0.17, 0.02, 0.016335197007244506], "M_G2C8_M M_G2C8H2_M": [-0.22852224562874093, 0.040186229099475446, 0.003565951198030679, -0.17, 0.02, 0.014936210253712057], "M_G2C9_M M_G2C9H1_M": [-0.12867244475357698, 0.03846398803693379, 0.0034131270162676727, -0.12, 0.02, 0.8691297657989074], "M_G2C9_M M_G2C9H2_M": [-0.13183225538404886, 0.04439028383542719, 0.003939000731619521, -0.12, 0.02, 0.8177758200630558], "M_G2C10_M M_G2C10H1_M": [-0.07486382742025138, 0.048643057554853035, 0.004316373375920152, -0.12, 0.02, 0.0330694695509883], "M_G2C11_M M_G2C11H1_M": [-0.07100256372538478, 0.04345470226355589, 0.0038559812918305455, -0.0, 0.02, 0.01054026650792983], "M_G2C12_M M_G2C12H1_M": [-0.12370924554287599, 0.039164008085441196, 0.003475243750944156, -0.07, 0.02, 0.017703958493902938], "M_G2C12_M M_G2C12H2_M": [-0.1226859003071581, 0.040418960425452094, 0.0035866027637357213, -0.07, 0.02, 0.019094850098824945], "M_G2C13_M M_G2C13H1_M": [-0.1868787447872748, 0.0413166605883511, 0.003666260772040955, -0.12, 0.02, 0.01141896249413843], "M_G2C13_M M_G2C13H2_M": [-0.18657381177601817, 0.04198872237524233, 0.003725896612173731, -0.12, 0.02, 0.011719891417325878], "M_G2C14_M M_G2C14H1_M": [-0.19733663199262352, 0.04122959137941873, 0.0036585346291093702], "M_G2C14_M M_G2C14H2_M": [-0.19808242860063235, 0.04070055114323432, 0.003611589899377243], "M_G2C15_M M_G2C15H1_M": [-0.20193273147781127, 0.03985291867104097, 0.003536374680197918, -0.12, 0.02, 0.007117092850100648], "M_G2C15_M M_G2C15H2_M": [-0.2045155688276571, 0.03976658611651139, 0.0035287139047742843, -0.12, 0.02, 0.006649922804303987], "M_G2C16_M M_G2C16H1_M": [-0.18577130723402668, 0.036779192418084417, 0.0032636255803254986, -0.1, 0.02, 0.005963357683719139], "M_G2C16_M M_G2C16H2_M": [-0.18766608000956406, 0.03675337026326638, 0.0032613342346090052, -0.1, 0.02, 0.005690830415775783], "M_G2C17_M M_G2C17H1_M": [-0.16759543417987713, 0.032596026075238024, 0.0028924295918959842, -0.1, 0.02, 0.008813421328970783], "M_G2C17_M M_G2C17H2_M": [-0.1685027547121124, 0.03358945234029818, 0.0029805819181885906, -0.1, 0.02, 0.008820210359144931], "M_G2C18_M M_G2C18H1_M": [-0.12865538890804584, 0.027799467622209886, 0.002466803855287044, -0.07, 0.02, 0.010305904080749051], "M_G2C18_M M_G2C18H2_M": [-0.12728649106523693, 0.027225798024151964, 0.0024158989100779614, -0.07, 0.02, 0.010648612000279], "M_G2C19_M M_G2C19H1_M": [-0.04357046212861523, 0.013711843697241242, 0.0012167293760843329, -0.0, 0.02, 0.01032522224707777], "M_G2C19_M M_G2C19H2_M": [-0.042138388951506456, 0.013745032621190176, 0.0012196744168549933, -0.0, 0.02, 0.0112718981623261],