{"headgroup": 0.26179165121537296, "tails": 0.06895681463873513, "total": 0.1332350934976144}