{"headgroup": 0.2617916512153729, "sn-1": 0.05666022502601603, "sn-2": 0.08125340425145423, "total": 0.1332350934976144}