{"sn-1": 0.48259935962402495, "sn-2": 0.7493416921622889, "headgroup": 0.546749377933154, "total": 0.5928968099064893}