{"10.1039/c2cp42738a": {"M_G1_M M_G1H1_M": [-0.07741689495522691, 0.06019455904258494, 0.00758380159551781, -0.14991575, 0.02, 0.01962666889929085], "M_G1_M M_G1H2_M": [0.0950662344248005, 0.04338341444153694, 0.005465796458912136, 0.0, 0.02, 0.00802748402049754], "M_G1C3_M M_G1C3H1_M": [-0.11897718896708834, 0.03959053660768883, 0.0049879387683592095, -0.20987741, 0.02, 0.008049828237052033], "M_G1C3_M M_G1C3H2_M": [-0.0830123327234367, 0.03421707209142157, 0.004310945873650963, -0.20987741, 0.02, 0.0034929869800267264], "M_G1C4_M M_G1C4H1_M": [-0.1288737982242317, 0.026027347428747082, 0.0032791375515781518, -0.18840908, 0.02, 0.013224903846706808], "M_G1C4_M M_G1C4H2_M": [-0.092725240521512, 0.025643279267269083, 0.003230749511493934, -0.18840908, 0.02, 0.004692331217227565], "M_G1C5_M M_G1C5H1_M": [-0.1978778120536923, 0.020438016436164972, 0.002574948037216339, -0.18619612, 0.02, 0.8786303072374293], "M_G1C5_M M_G1C5H2_M": [-0.18990643616015535, 0.020357124292310656, 0.002564756585042178, -0.18619612, 0.02, 0.9159928580697021], "M_G1C6_M M_G1C6H1_M": [-0.19038797955242232, 0.018278362075035238, 0.0023028571630541793, -0.20173615, 0.02, 0.893853982877881], "M_G1C6_M M_G1C6H2_M": [-0.18544211151998435, 0.017391526318202292, 0.0021911263598951448, -0.20173615, 0.02, 0.8108429196068138], "M_G1C7_M M_G1C7H1_M": [-0.21520309905368087, 0.016731029930664557, 0.0021079116368817453, -0.19581075, 0.02, 0.572320839533562], "M_G1C7_M M_G1C7H2_M": [-0.21346379014670414, 0.015787117701224866, 0.0019889898740926997, -0.19581075, 0.02, 0.7594209228108771], "M_G1C8_M M_G1C8H1_M": [-0.20391968962032903, 0.015104920837406334, 0.0019030411480521266, -0.19507116, 0.02, 0.925230033540101], "M_G1C8_M M_G1C8H2_M": [-0.20027506462993244, 0.017645535547097944, 0.00222312851467482, -0.19507116, 0.02, 0.924524439213609], "M_G1C9_M M_G1C9H1_M": [-0.2053963600242792, 0.016630815975146943, 0.0020952858652532836, -0.18174699, 0.02, 0.15063360297713013], "M_G1C9_M M_G1C9H2_M": [-0.2044815138169907, 0.015417847649729205, 0.0019424662206221504, -0.18174699, 0.02, 0.18214165352389278], "M_G1C10_M M_G1C10H1_M": [-0.18574072823070942, 0.016196929625058237, 0.0020406213233675587, -0.17434532, 0.02, 0.9052202800791336], "M_G1C10_M M_G1C10H2_M": [-0.18573744109447832, 0.016424899458750197, 0.0020693428227186866, -0.17434532, 0.02, 0.9039506073479131], "M_G1C11_M M_G1C11H1_M": [-0.17940484356920866, 0.014862457882836771, 0.001872493687102745, -0.14991285, 0.02, 0.0499599373303633], "M_G1C11_M M_G1C11H2_M": [-0.17907584036381113, 0.015404377706795744, 0.001940769167328047, -0.14991285, 0.02, 0.05387865892622545], "M_G1C12_M M_G1C12H1_M": [-0.15625531726136424, 0.014463605643229587, 0.0018222430282521852, -0.13658578, 0.02, 0.5424932256646476], "M_G1C12_M M_G1C12H2_M": [-0.15846822282400042, 0.013521317319358715, 0.0017035258583339844, -0.13658578, 0.02, 0.22119172669041842], "M_G1C13_M M_G1C13H1_M": [-0.14498234944029592, 0.015424030900566882, 0.0019432452370035992, -0.11585704, 0.02, 0.05420203933622858], "M_G1C13_M M_G1C13H2_M": [-0.1450141948895619, 0.014125932871657218, 0.0017797002578665466, -0.11585704, 0.02, 0.04958290130617926], "M_G1C14_M M_G1C14H1_M": [-0.12539180665596855, 0.015301577491799776, 0.0019278175576326517, -0.10623371, 0.02, 0.6154057679346266], "M_G1C14_M M_G1C14H2_M": [-0.1257837057801262, 0.016930887077059285, 0.002133091270553149, -0.10623371, 0.02, 0.5490301941972353], "M_G1C15_M M_G1C15H1_M": [-0.10733440507896647, 0.013532961780769823, 0.0017049929225742264, -0.08994829, 0.02, 0.8015172568327111], "M_G1C15_M M_G1C15H2_M": [-0.1089265760044586, 0.016746840166814814, 0.00210990353940664, -0.08994829, 0.02, 0.6263334836619407], "M_G1C16_M M_G1C16H1_M": [-0.07447735209490411, 0.01489424475021011, 0.0018764984559612044, -0.06699789, 0.02, 0.9309433662595971], "M_G1C16_M M_G1C16H2_M": [-0.07816927131859877, 0.015696855204235166, 0.001977617868390297, -0.06699789, 0.02, 0.9096885855255453], "M_G1C17_M M_G1C17H1_M": [-0.02601443790911871, 0.014363015232252552, 0.0018095698276939464, -0.01813583, 0.02, 0.9321965480652802], "M_G1C17_M M_G1C17H2_M": [-0.027206336846258828, 0.016716137145856326, 0.0021060353223611846, -0.01813583, 0.02, 0.9163866379418796], "M_G1C17_M M_G1C17H3_M": [-0.024519239393935327, 0.015857064504242173, 0.0019978023429397386, -0.01813583, 0.02, 0.9295718478897811], "M_G2_M M_G2H1_M": [-0.2474670107876129, 0.02975920181819038, 0.003749307010795854, -0.20691616, 0.02, 0.0377562623737272], "M_G2C3_M M_G2C3H1_M": [-0.1530622606805054, 0.03993691788283153, 0.005031578707065734, -0.0795825, 0.02, 0.012743287417536941], "M_G2C3_M M_G2C3H2_M": [-0.1163771166501396, 0.03709584403236471, 0.004673637046841738, -0.122519, 0.02, 0.84015075288213], "M_G2C4_M M_G2C4H1_M": [-0.1880482619971308, 0.02735145865953852, 0.0034459598860953804, -0.180265, 0.02, 0.8732089333860942], "M_G2C4_M M_G2C4H2_M": [-0.14091338133684572, 0.030069824095509245, 0.003788441739246438, -0.180265, 0.02, 0.04124651350222711], "M_G2C5_M M_G2C5H1_M": [-0.19769897971485706, 0.02251613773711808, 0.0028367667113376694, -0.186187, 0.02, 0.8687552146056762], "M_G2C5_M M_G2C5H2_M": [-0.18585424910960402, 0.019904127875027273, 0.002507684400997651, -0.186187, 0.02, 0.920570901755712], "M_G2C6_M M_G2C6H1_M": [-0.19833528207529982, 0.017438194514669707, 0.002197005999989844, -0.193592, 0.02, 0.9262860746092667], "M_G2C6_M M_G2C6H2_M": [-0.19078487844900383, 0.019242968295672874, 0.002424386123669088, -0.193592, 0.02, 0.9216991839155332], "M_G2C7_M M_G2C7H1_M": [-0.1856736183215372, 0.01851359890688729, 0.0023324942181152863, -0.166198, 0.02, 0.5516046606787357], "M_G2C7_M M_G2C7H2_M": [-0.1833535280183936, 0.017681626013840313, 0.002227675486089132, -0.166198, 0.02, 0.7694572367906358], "M_G2C8_M M_G2C8H1_M": [-0.16937546612452528, 0.01924239705055788, 0.002424314153549472, -0.154356, 0.02, 0.8338055531529035], "M_G2C8_M M_G2C8H2_M": [-0.17106844813373562, 0.018126455254277276, 0.002283718702569416, -0.154356, 0.02, 0.7869691623852875], "M_G2C9_M M_G2C9H1_M": [-0.13444433122819577, 0.015767938631338834, 0.0019865735384119393, -0.1203, 0.02, 0.8773908491210336], "M_G2C9_M M_G2C9H2_M": [-0.13639342072492688, 0.01526020773732505, 0.0019226054584831312, -0.1203, 0.02, 0.8374832333777762], "M_G2C10_M M_G2C10H1_M": [-0.11452157518312134, 0.013232491024595042, 0.0016671371655701313, -0.108455, 0.02, 0.9417639374899216], "M_G2C11_M M_G2C11H1_M": [-0.04177278802645019, 0.015693169943028436, 0.001977153569120329, -0.0225792, 0.02, 0.6072274892517523], "M_G2C12_M M_G2C12H1_M": [-0.05716987903133235, 0.015650555824972, 0.0019717846948956778, -0.0581141, 0.02, 0.9373008069011881], "M_G2C12_M M_G2C12H2_M": [-0.05716324770675355, 0.014876685779552437, 0.001874286233597467, -0.0581141, 0.02, 0.940380549891257], "M_G2C13_M M_G2C13H1_M": [-0.09406410109217811, 0.015043316907839614, 0.001895279782460799, -0.0995716, 0.02, 0.9349994775696214], "M_G2C13_M M_G2C13H2_M": [-0.09544013847084999, 0.017631753191933965, 0.0022213921011393603, -0.0995716, 0.02, 0.9265091078244182], "M_G2C14_M M_G2C14H1_M": [-0.0904546421950296, 0.014975725378670063, 0.0018867640502266466, -0.106234, 0.02, 0.8494178138717663], "M_G2C14_M M_G2C14H2_M": [-0.09296255562800321, 0.013965076377045412, 0.0017594342444611924, -0.106234, 0.02, 0.9017717934900968], "M_G2C15_M M_G2C15H1_M": [-0.09820795207927313, 0.015516102806086738, 0.0019548452067531885, -0.0943887, 0.02, 0.9356642289942337], "M_G2C15_M M_G2C15H2_M": [-0.10113721619805242, 0.013354749574317143, 0.0016825402950089935, -0.0943887, 0.02, 0.939803272724549], "M_G2C16_M M_G2C16H1_M": [-0.08829163571114498, 0.015870285758114628, 0.001999468064357213, -0.0943887, 0.02, 0.9301933522136182], "M_G2C16_M M_G2C16H2_M": [-0.08561191185672086, 0.013063083638574781, 0.0016457938411097918, -0.0943887, 0.02, 0.935467865614171], "M_G2C17_M M_G2C17H1_M": [-0.08062490175631269, 0.016412973265209362, 0.002067840263566464, -0.0899483, 0.02, 0.9166942115745557],