{
    "10.1039/c2cp42738a": {
        "M_G1_M M_G1H1_M": [-0.0774169, 0.0601946, 0.0075838, -0.149916, 0.02, 0.0196267],
        "M_G1_M M_G1H2_M": [0.0950662, 0.0433834, 0.0054658, 0, 0.02, 0.00802748],
        "M_G1C3_M M_G1C3H1_M": [-0.118977, 0.0395905, 0.00498794, -0.209877, 0.02, 0.00804983],
        "M_G1C3_M M_G1C3H2_M": [-0.0830123, 0.0342171, 0.00431095, -0.209877, 0.02, 0.00349299],
        "M_G1C4_M M_G1C4H1_M": [-0.128874, 0.0260273, 0.00327914, -0.188409, 0.02, 0.0132249],
        "M_G1C4_M M_G1C4H2_M": [-0.0927252, 0.0256433, 0.00323075, -0.188409, 0.02, 0.00469233],
        "M_G1C5_M M_G1C5H1_M": [-0.197878, 0.020438, 0.00257495, -0.186196, 0.02, 0.87863],
        "M_G1C5_M M_G1C5H2_M": [-0.189906, 0.0203571, 0.00256476, -0.186196, 0.02, 0.915993],
        "M_G1C6_M M_G1C6H1_M": [-0.190388, 0.0182784, 0.00230286, -0.201736, 0.02, 0.893854],
        "M_G1C6_M M_G1C6H2_M": [-0.185442, 0.0173915, 0.00219113, -0.201736, 0.02, 0.810843],
        "M_G1C7_M M_G1C7H1_M": [-0.215203, 0.016731, 0.00210791, -0.195811, 0.02, 0.572321],
        "M_G1C7_M M_G1C7H2_M": [-0.213464, 0.0157871, 0.00198899, -0.195811, 0.02, 0.759421],
        "M_G1C8_M M_G1C8H1_M": [-0.20392, 0.0151049, 0.00190304, -0.195071, 0.02, 0.92523],
        "M_G1C8_M M_G1C8H2_M": [-0.200275, 0.0176455, 0.00222313, -0.195071, 0.02, 0.924524],
        "M_G1C9_M M_G1C9H1_M": [-0.205396, 0.0166308, 0.00209529, -0.181747, 0.02, 0.150634],
        "M_G1C9_M M_G1C9H2_M": [-0.204482, 0.0154178, 0.00194247, -0.181747, 0.02, 0.182142],
        "M_G1C10_M M_G1C10H1_M": [-0.185741, 0.0161969, 0.00204062, -0.174345, 0.02, 0.90522],
        "M_G1C10_M M_G1C10H2_M": [-0.185737, 0.0164249, 0.00206934, -0.174345, 0.02, 0.903951],
        "M_G1C11_M M_G1C11H1_M": [-0.179405, 0.0148625, 0.00187249, -0.149913, 0.02, 0.0499599],
        "M_G1C11_M M_G1C11H2_M": [-0.179076, 0.0154044, 0.00194077, -0.149913, 0.02, 0.0538787],
        "M_G1C12_M M_G1C12H1_M": [-0.156255, 0.0144636, 0.00182224, -0.136586, 0.02, 0.542493],
        "M_G1C12_M M_G1C12H2_M": [-0.158468, 0.0135213, 0.00170353, -0.136586, 0.02, 0.221192],
        "M_G1C13_M M_G1C13H1_M": [-0.144982, 0.015424, 0.00194325, -0.115857, 0.02, 0.054202],
        "M_G1C13_M M_G1C13H2_M": [-0.145014, 0.0141259, 0.0017797, -0.115857, 0.02, 0.0495829],
        "M_G1C14_M M_G1C14H1_M": [-0.125392, 0.0153016, 0.00192782, -0.106234, 0.02, 0.615406],
        "M_G1C14_M M_G1C14H2_M": [-0.125784, 0.0169309, 0.00213309, -0.106234, 0.02, 0.54903],
        "M_G1C15_M M_G1C15H1_M": [-0.107334, 0.013533, 0.00170499, -0.0899483, 0.02, 0.801517],
        "M_G1C15_M M_G1C15H2_M": [-0.108927, 0.0167468, 0.0021099, -0.0899483, 0.02, 0.626333],
        "M_G1C16_M M_G1C16H1_M": [-0.0744774, 0.0148942, 0.0018765, -0.0669979, 0.02, 0.930943],
        "M_G1C16_M M_G1C16H2_M": [-0.0781693, 0.0156969, 0.00197762, -0.0669979, 0.02, 0.909689],
        "M_G1C17_M M_G1C17H1_M": [-0.0260144, 0.014363, 0.00180957, -0.0181358, 0.02, 0.932197],
        "M_G1C17_M M_G1C17H2_M": [-0.0272063, 0.0167161, 0.00210604, -0.0181358, 0.02, 0.916387],
        "M_G1C17_M M_G1C17H3_M": [-0.0245192, 0.0158571, 0.0019978, -0.0181358, 0.02, 0.929572],
        "M_G2_M M_G2H1_M": [-0.247467, 0.0297592, 0.00374931, -0.206916, 0.02, 0.0377563],
        "M_G2C3_M M_G2C3H1_M": [-0.153062, 0.0399369, 0.00503158, -0.0795825, 0.02, 0.0127433],
        "M_G2C3_M M_G2C3H2_M": [-0.116377, 0.0370958, 0.00467364, -0.122519, 0.02, 0.840151],
        "M_G2C4_M M_G2C4H1_M": [-0.188048, 0.0273515, 0.00344596, -0.180265, 0.02, 0.873209],
        "M_G2C4_M M_G2C4H2_M": [-0.140913, 0.0300698, 0.00378844, -0.180265, 0.02, 0.0412465],
        "M_G2C5_M M_G2C5H1_M": [-0.197699, 0.0225161, 0.00283677, -0.186187, 0.02, 0.868755],
        "M_G2C5_M M_G2C5H2_M": [-0.185854, 0.0199041, 0.00250768, -0.186187, 0.02, 0.920571],
        "M_G2C6_M M_G2C6H1_M": [-0.198335, 0.0174382, 0.00219701, -0.193592, 0.02, 0.926286],
        "M_G2C6_M M_G2C6H2_M": [-0.190785, 0.019243, 0.00242439, -0.193592, 0.02, 0.921699],
        "M_G2C7_M M_G2C7H1_M": [-0.185674, 0.0185136, 0.00233249, -0.166198, 0.02, 0.551605],
        "M_G2C7_M M_G2C7H2_M": [-0.183354, 0.0176816, 0.00222768, -0.166198, 0.02, 0.769457],
        "M_G2C8_M M_G2C8H1_M": [-0.169375, 0.0192424, 0.00242431, -0.154356, 0.02, 0.833806],
        "M_G2C8_M M_G2C8H2_M": [-0.171068, 0.0181265, 0.00228372, -0.154356, 0.02, 0.786969],
        "M_G2C9_M M_G2C9H1_M": [-0.134444, 0.0157679, 0.00198657, -0.1203, 0.02, 0.877391],
        "M_G2C9_M M_G2C9H2_M": [-0.136393, 0.0152602, 0.00192261, -0.1203, 0.02, 0.837483],
        "M_G2C10_M M_G2C10H1_M": [-0.114522, 0.0132325, 0.00166714, -0.108455, 0.02, 0.941764],
        "M_G2C11_M M_G2C11H1_M": [-0.0417728, 0.0156932, 0.00197715, -0.0225792, 0.02, 0.607227],
        "M_G2C12_M M_G2C12H1_M": [-0.0571699, 0.0156506, 0.00197178, -0.0581141, 0.02, 0.937301],
        "M_G2C12_M M_G2C12H2_M": [-0.0571632, 0.0148767, 0.00187429, -0.0581141, 0.02, 0.940381],
        "M_G2C13_M M_G2C13H1_M": [-0.0940641, 0.0150433, 0.00189528, -0.0995716, 0.02, 0.934999],
        "M_G2C13_M M_G2C13H2_M": [-0.0954401, 0.0176318, 0.00222139, -0.0995716, 0.02, 0.926509],
        "M_G2C14_M M_G2C14H1_M": [-0.0904546, 0.0149757, 0.00188676, -0.106234, 0.02, 0.849418],
        "M_G2C14_M M_G2C14H2_M": [-0.0929626, 0.0139651, 0.00175943, -0.106234, 0.02, 0.901772],
        "M_G2C15_M M_G2C15H1_M": [-0.098208, 0.0155161, 0.00195485, -0.0943887, 0.02, 0.935664],
        "M_G2C15_M M_G2C15H2_M": [-0.101137, 0.0133547, 0.00168254, -0.0943887, 0.02, 0.939803],
        "M_G2C16_M M_G2C16H1_M": [-0.0882916, 0.0158703, 0.00199947, -0.0943887, 0.02, 0.930193],
        "M_G2C16_M M_G2C16H2_M": [-0.0856119, 0.0130631, 0.00164579, -0.0943887, 0.02, 0.935468],
        "M_G2C17_M M_G2C17H1_M": [-0.0806249, 0.016413, 0.00206784, -0.0899483, 0.02, 0.916694],
        "M_G2C17_M M_G2C17H2_M": [-0.0812066, 0.0140744, 0.0017732, -0.0899483, 0.02, 0.930661],
        "M_G2C18_M M_G2C18H1_M": [-0.059222, 0.0150938, 0.00190164, -0.0669979, 0.02, 0.929117],
        "M_G2C18_M M_G2C18H2_M": [-0.061245, 0.0151641, 0.0019105, -0.0669979, 0.02, 0.933998],
        "M_G2C19_M M_G2C19H1_M": [-0.0220388, 0.0131925, 0.0016621, -0.0181358, 0.02, 0.945151],
        "M_G2C19_M M_G2C19H2_M": [-0.0243983, 0.0146299, 0.0018432, -0.0181358, 0.02, 0.935242],
        "M_G2C19_M M_G2C19H3_M": [-0.0201834, 0.0155342, 0.00195712, -0.0181358, 0.02, 0.937253],
        "M_G3_M M_G3H1_M": [-0.314232, 0.0182413, 0.00229819, -0.231349, 0.02, 0.0045189],
        "M_G3_M M_G3H2_M": [-0.267221, 0.0267805, 0.00337403, -0.231349, 0.02, 0.0474722],
        "M_G3C4_M M_G3C4H1_M": [-0.0254366, 0.0363342, 0.00457768, 0.0558925, 0.02, 0.00934476],
        "M_G3C4_M M_G3C4H2_M": [0.0369609, 0.0487899, 0.00614696, 0.0558925, 0.02, 0.504934],
        "M_G3C5_M M_G3C5H1_M": [-0.0271214, 0.0366903, 0.00462255, -0.0447871, 0.02, 0.609978],
        "M_G3C5_M M_G3C5H2_M": [0.0310146, 0.0454472, 0.00572581, -0.0447871, 0.02, 0.0135459],
        "M_G3N6C1_M M_G3N6C1H1_M": [-0.00169655, 0.0157025, 0.00197833, 0.00111083, 0.02, 0.935991],
        "M_G3N6C1_M M_G3N6C1H2_M": [0.000576029, 0.0146396, 0.00184442, 0.00111083, 0.02, 0.941415],
        "M_G3N6C1_M M_G3N6C1H3_M": [-0.0017788, 0.0170466, 0.00214767, 0.00111083, 0.02, 0.930475],
        "M_G3N6C2_M M_G3N6C2H1_M": [-0.00278712, 0.0155891, 0.00196404, 0.00111083, 0.02, 0.935264],
        "M_G3N6C2_M M_G3N6C2H2_M": [0.00323419, 0.0150966, 0.00190199, 0.00111083, 0.02, 0.938962],
        "M_G3N6C2_M M_G3N6C2H3_M": [-0.00500892, 0.0172361, 0.00217154, 0.00111083, 0.02, 0.924198],
        "M_G3N6C3_M M_G3N6C3H1_M": [-0.00481544, 0.0126219, 0.00159021, 0.00111083, 0.02, 0.944686],
        "M_G3N6C3_M M_G3N6C3H2_M": [0.0072503, 0.0141106, 0.00177776, 0.00111083, 0.02, 0.93778],
        "M_G3N6C3_M M_G3N6C3H3_M": [0.000988063, 0.0165343, 0.00208313, 0.00111083, 0.02, 0.933928]
    },