{"headgroup": 0.546749377933154, "tails": 0.5562236482394769, "total": 0.5530655581373692}