{"sn-1": 0.2915488119579977, "sn-2": 0.528512948100503, "headgroup": 0.5203498991291883, "total": 0.4468038863958963}