{"headgroup": 0.5203498991291883, "tails": 0.41003088002925037, "total": 0.4468038863958963}