{"50000.0": 110.15735626220703, "50100.0": 110.15735626220703, "50200.0": 110.15735626220703, "50300.0": 110.15735626220703, "50400.0": 110.15735626220703, "50500.0": 110.15735626220703, "50600.0": 110.15735626220703, "50700.0": 110.15735626220703, "50800.0": 110.15735626220703, "50900.0": 110.15735626220703, "51000.0": 110.15735626220703, "51100.0": 110.15735626220703, "51200.0": 110.15735626220703, "51300.0": 110.15735626220703, "51400.0": 110.15735626220703, "51500.0": 110.15735626220703, "51600.0": 110.15735626220703, "51700.0": 110.15735626220703, "51800.0": 110.15735626220703, "51900.0": 110.15735626220703, "52000.0": 110.15735626220703, "52100.0": 110.15735626220703, "52200.0": 110.15735626220703, "52300.0": 110.15735626220703, "52400.0": 110.15735626220703, "52500.0": 110.15735626220703, "52600.0": 110.15735626220703, "52700.0": 110.15735626220703, "52800.0": 110.15735626220703, "52900.0": 110.15735626220703, "53000.0": 110.15735626220703, "53100.0": 110.15735626220703, "53200.0": 110.15735626220703, "53300.0": 110.15735626220703, "53400.0": 110.15735626220703, "53500.0": 110.15735626220703, "53600.0": 110.15735626220703, "53700.0": 110.15735626220703, "53800.0": 110.15735626220703, "53900.0": 110.15735626220703, "54000.0": 110.15735626220703, "54100.0": 110.15735626220703, "54200.0": 110.15735626220703, "54300.0": 110.15735626220703, "54400.0": 110.15735626220703, "54500.0": 110.15735626220703, "54600.0": 110.15735626220703, "54700.0": 110.15735626220703, "54800.0": 110.15735626220703, "54900.0": 110.15735626220703, "55000.0": 110.15735626220703, "55100.0": 110.15735626220703, "55200.0": 110.15735626220703, "55300.0": 110.15735626220703, "55400.0": 110.15735626220703, "55500.0": 110.15735626220703, "55600.0": 110.15735626220703, "55700.0": 110.15735626220703, "55800.0": 110.15735626220703, "55900.0": 110.15735626220703, "56000.0": 110.15735626220703, "56100.0": 110.15735626220703, "56200.0": 110.15735626220703, "56300.0": 110.15735626220703, "56400.0": 110.15735626220703, "56500.0": 110.15735626220703, "56600.0": 110.15735626220703, "56700.0": 110.15735626220703, "56800.0": 110.15735626220703, "56900.0": 110.15735626220703, "57000.0": 110.15735626220703, "57100.0": 110.15735626220703, "57200.0": 110.15735626220703, "57300.0": 110.15735626220703, "57400.0": 110.15735626220703, "57500.0": 110.15735626220703, "57600.0": 110.15735626220703, "57700.0": 110.15735626220703, "57800.0": 110.15735626220703, "57900.0": 110.15735626220703, "58000.0": 110.15735626220703, "58100.0": 110.15735626220703, "58200.0": 110.15735626220703, "58300.0": 110.15735626220703, "58400.0": 110.15735626220703, "58500.0": 110.15735626220703, "58600.0": 110.15735626220703, "58700.0": 110.15735626220703, "58800.0": 110.15735626220703, "58900.0": 110.15735626220703, "59000.0": 110.15735626220703, "59100.0": 110.15735626220703, "59200.0": 110.15735626220703, "59300.0": 110.15735626220703, "59400.0": 110.15735626220703, "59500.0": 110.15735626220703, "59600.0": 110.15735626220703, "59700.0": 110.15735626220703, "59800.0": 110.15735626220703, "59900.0": 110.15735626220703, "60000.0": 110.15735626220703, "60100.0": 110.15735626220703, "60200.0": 110.15735626220703, "60300.0": 110.15735626220703, "60400.0": 110.15735626220703, "60500.0": 110.15735626220703, "60600.0": 110.15735626220703, "60700.0": 110.15735626220703, "60800.0": 110.15735626220703, "60900.0": 110.15735626220703, "61000.0": 110.15735626220703, "61100.0": 110.15735626220703, "61200.0": 110.15735626220703, "61300.0": 110.15735626220703, "61400.0": 110.15735626220703, "61500.0": 110.15735626220703, "61600.0": 110.15735626220703, "61700.0": 110.15735626220703, "61800.0": 110.15735626220703, "61900.0": 110.15735626220703, "62000.0": 110.15735626220703, "62100.0": 110.15735626220703, "62200.0": 110.15735626220703, "62300.0": 110.15735626220703, "62400.0": 110.15735626220703, "62500.0": 110.15735626220703, "62600.0": 110.15735626220703, "62700.0": 110.15735626220703, "62800.0": 110.15735626220703, "62900.0": 110.15735626220703, "63000.0": 110.15735626220703, "63100.0": 110.15735626220703, "63200.0": 110.15735626220703, "63300.0": 110.15735626220703, "63400.0": 110.15735626220703, "63500.0": 110.15735626220703, "63600.0": 110.15735626220703, "63700.0": 110.15735626220703, "63800.0": 110.15735626220703, "63900.0": 110.15735626220703, "64000.0": 110.15735626220703, "64100.0": 110.15735626220703, "64200.0": 110.15735626220703, "64300.0": 110.15735626220703, "64400.0": 110.15735626220703, "64500.0": 110.15735626220703, "64600.0": 110.15735626220703, "64700.0": 110.15735626220703, "64800.0": 110.15735626220703, "64900.0": 110.15735626220703, "65000.0": 110.15735626220703, "65100.0": 110.15735626220703, "65200.0": 110.15735626220703, "65300.0": 110.15735626220703, "65400.0": 110.15735626220703, "65500.0": 110.15735626220703, "65600.0": 110.15735626220703, "65700.0": 110.15735626220703, "65800.0": 110.15735626220703, "65900.0": 110.15735626220703, "66000.0": 110.15735626220703, "66100.0": 110.15735626220703, "66200.0": 110.15735626220703, "66300.0": 110.15735626220703, "66400.0": 110.15735626220703, "66500.0": 110.15735626220703, "66600.0": 110.15735626220703, "66700.0": 110.15735626220703, "66800.0": 110.15735626220703, "66900.0": 110.15735626220703, "67000.0": 110.15735626220703, "67100.0": 110.15735626220703, "67200.0": 110.15735626220703, "67300.0": 110.15735626220703, "67400.0": 110.15735626220703, "67500.0": 110.15735626220703, "67600.0": 110.15735626220703, "67700.0": 110.15735626220703, "67800.0": 110.15735626220703, "67900.0": 110.15735626220703, "68000.0": 110.15735626220703, "68100.0": 110.15735626220703, "68200.0": 110.15735626220703, "68300.0": 110.15735626220703, "68400.0": 110.15735626220703, "68500.0": 110.15735626220703, "68600.0": 110.15735626220703, "68700.0": 110.15735626220703, "68800.0": 110.15735626220703, "68900.0": 110.15735626220703, "69000.0": 110.15735626220703, "69100.0": 110.15735626220703, "69200.0": 110.15735626220703, "69300.0": 110.15735626220703, "69400.0": 110.15735626220703, "69500.0": 110.15735626220703, "69600.0": 110.15735626220703, "69700.0": 110.15735626220703, "69800.0": 110.15735626220703, "69900.0": 110.15735626220703, "70000.0": 110.15735626220703, "70100.0": 110.15735626220703, "70200.0": 110.15735626220703, "70300.0": 110.15735626220703, "70400.0": 110.15735626220703, "70500.0": 110.15735626220703, "70600.0": 110.15735626220703, "70700.0": 110.15735626220703, "70800.0": 110.15735626220703, "70900.0": 110.15735626220703, "71000.0": 110.15735626220703, "71100.0": 110.15735626220703, "71200.0": 110.15735626220703, "71300.0": 110.15735626220703, "71400.0": 110.15735626220703, "71500.0": 110.15735626220703, "71600.0": 110.15735626220703, "71700.0": 110.15735626220703, "71800.0": 110.15735626220703, "71900.0": 110.15735626220703, "72000.0": 110.15735626220703, "72100.0": 110.15735626220703, "72200.0": 110.15735626220703, "72300.0": 110.15735626220703, "72400.0": 110.15735626220703, "72500.0": 110.15735626220703, "72600.0": 110.15735626220703, "72700.0": 110.15735626220703, "72800.0": 110.15735626220703, "72900.0": 110.15735626220703, "73000.0": 110.15735626220703, "73100.0": 110.15735626220703, "73200.0": 110.15735626220703, "73300.0": 110.15735626220703, "73400.0": 110.15735626220703, "73500.0": 110.15735626220703, "73600.0": 110.15735626220703, "73700.0": 110.15735626220703, "73800.0": 110.15735626220703, "73900.0": 110.15735626220703, "74000.0": 110.15735626220703, "74100.0": 110.15735626220703, "74200.0": 110.15735626220703, "74300.0": 110.15735626220703, "74400.0": 110.15735626220703, "74500.0": 110.15735626220703, "74600.0": 110.15735626220703, "74700.0": 110.15735626220703, "74800.0": 110.15735626220703, "74900.0": 110.15735626220703, "75000.0": 110.15735626220703, "75100.0": 110.15735626220703, "75200.0": 110.15735626220703, "75300.0": 110.15735626220703, "75400.0": 110.15735626220703, "75500.0": 110.15735626220703, "75600.0": 110.15735626220703, "75700.0": 110.15735626220703,