{"10.1021/jacs.1c05549": {"M_G1_M M_G1H1_M": [-0.13128344195431757, 0.08790328595645329, 0.004802669556764097, -0.13, 0.02, 2.317011012899185e-05], "M_G1_M M_G1H2_M": [-0.12527684573152206, 0.09082468478259821, 0.004962282625295383, 0.0, 0.02, 99.4632616769373], "M_G2_M M_G2H1_M": [-0.04671354281440544, 0.1377399743575665, 0.007525538714494296, -0.19, 0.02, Infinity], "M_G3_M M_G3H1_M": [-0.022744087333341483, 0.10703483572058957, 0.005847937781110713, -0.21, 0.02, Infinity], "M_G3_M M_G3H2_M": [-0.001239148236472102, 0.11537144046031861, 0.006303415154392372, -0.21, 0.02, Infinity], "M_G3C4_M M_G3C4H1_M": [0.03066176933218238, 0.043741755613516904, 0.002389867406646477, 0.08, 0.02, 34.21560014643504], "M_G3C4_M M_G3C4H2_M": [0.0286615879888882, 0.037467464923136976, 0.0020470662865165203, 0.08, 0.02, 52.477277822748235], "M_G3C5_M M_G3C5H1_M": [0.01990153687426221, 0.032100565010770105, 0.001753841220549211, -0.03, 0.02, Infinity], "M_G3C5_M M_G3C5H2_M": [0.019798959878157624, 0.034081256057661304, 0.0018620579326863666, -0.03, 0.02, Infinity]}}