{"10.1021/jacs.1c05549": {"M_G1_M M_G1H1_M": [-0.13128344195431757, 0.08790328595645329, 0.004802669556764097, -0.13, 0.02, 0.8494023368101787], "M_G1_M M_G1H2_M": [-0.12527684573152206, 0.09082468478259821, 0.004962282625295383, 0.0, 0.02, 0.0041241967994671835], "M_G2_M M_G2H1_M": [-0.04671354281440544, 0.1377399743575665, 0.007525538714494296, -0.19, 0.02, 0.004746023914982153], "M_G3_M M_G3H1_M": [-0.022744087333341483, 0.10703483572058957, 0.005847937781110713, -0.21, 0.02, 0.002145801944795786], "M_G3_M M_G3H2_M": [-0.001239148236472102, 0.11537144046031861, 0.006303415154392372, -0.21, 0.02, 0.001856897956799216], "M_G3C4_M M_G3C4H1_M": [0.03066176933218238, 0.043741755613516904, 0.002389867406646477, 0.08, 0.02, 0.014905344783047836], "M_G3C4_M M_G3C4H2_M": [0.0286615879888882, 0.037467464923136976, 0.0020470662865165203, 0.08, 0.02, 0.011631479469322192], "M_G3C5_M M_G3C5H1_M": [0.01990153687426221, 0.032100565010770105, 0.001753841220549211, -0.03, 0.02, 0.010663971613010128], "M_G3C5_M M_G3C5H2_M": [0.019798959878157624, 0.034081256057661304, 0.0018620579326863666, -0.03, 0.02, 0.011374831299079033]}, "unpublished/ferreiraPOPE": {"M_G1C3_M M_G1C3H1_M": [-0.25875406182769056, 0.026318370011576102, 0.0014379261601308814, -0.2223, 0.02, 0.01964088734320346], "M_G1C3_M M_G1C3H2_M": [-0.2593386570192081, 0.025962143831284673, 0.0014184634447978557, -0.2223, 0.02, 0.018524000026273524], "M_G1C4_M M_G1C4H1_M": [-0.21911743879275486, 0.02626705467896006, 0.001435122504009626, -0.2179, 0.02, 0.9542286429367959], "M_G1C4_M M_G1C4H2_M": [-0.21883405989901467, 0.02525638987989806, 0.0013799039873212651, -0.2179, 0.02, 0.9560506868137553], "M_G1C5_M M_G1C5H1_M": [-0.2559272661558136, 0.018551327433211133, 0.0010135672919574733, -0.249, 0.02, 0.9633939525174271], "M_G1C5_M M_G1C5H2_M": [-0.25586458264799133, 0.01904747803630345, 0.0010406748951729216, -0.249, 0.02, 0.962509482904174], "M_G1C6_M M_G1C6H1_M": [-0.2373256555265594, 0.019115021216800566, 0.0010443651733372807, -0.2579, 0.02, 0.33176188317823935], "M_G1C6_M M_G1C6H2_M": [-0.23807466727389692, 0.019151214844395404, 0.001046342642455838, -0.2579, 0.02, 0.5442892676687733], "M_G1C7_M M_G1C7H1_M": [-0.24999931939815997, 0.018078113741628304, 0.000987712866088403, -0.2579, 0.02, 0.9628088664398194], "M_G1C7_M M_G1C7H2_M": [-0.25009537191559084, 0.01754244445040832, 0.0009584461262908704, -0.2579, 0.02, 0.9640669967296093], "M_G1C8_M M_G1C8H1_M": [-0.23401140713639507, 0.018633333704056627, 0.001018047773160969, -0.249, 0.02, 0.9269456004488379], "M_G1C8_M M_G1C8H2_M": [-0.23430161053465645, 0.017883766755721283, 0.0009770945559477912, -0.249, 0.02, 0.9330249041571982], "M_G1C9_M M_G1C9H1_M": [-0.2346925640300774, 0.01798429700928928, 0.000982587110442102, -0.2446, 0.02, 0.9586534147479111], "M_G1C9_M M_G1C9H2_M": [-0.23479007845316416, 0.018457469115433212, 0.001008439264255933, -0.2446, 0.02, 0.9578373864561228], "M_G1C10_M M_G1C10H1_M": [-0.21717837242390065, 0.018325669826380044, 0.0010012382998522544, -0.2357, 0.02, 0.8022390255522052], "M_G1C10_M M_G1C10H2_M": [-0.21758616274425185, 0.01802527130994336, 0.0009848257756321444, -0.2357, 0.02, 0.8386075646817885], "M_G1C11_M M_G1C11H1_M": [-0.21147457582962798, 0.0175107130636897, 0.0009567124554351197, -0.2268, 0.02, 0.9271225297651782], "M_G1C11_M M_G1C11H2_M": [-0.21194728979746788, 0.01745668983920801, 0.000953760851376712, -0.2268, 0.02, 0.9329720657536794], "M_G1C12_M M_G1C12H1_M": [-0.19124932302634265, 0.01689244249358264, 0.0009229327256720327, -0.2001, 0.02, 0.96353122508607], "M_G1C12_M M_G1C12H2_M": [-0.1911241860330033, 0.017054022648125926, 0.0009317607925725887, -0.2001, 0.02, 0.9629281296993607], "M_G1C13_M M_G1C13H1_M": [-0.17945470268746413, 0.016276404455403303, 0.0008892749721582646, -0.1779, 0.02, 0.971540726183668], "M_G1C13_M M_G1C13H2_M": [-0.17991922786042996, 0.01570617627623466, 0.0008581200786101557, -0.1779, 0.02, 0.9724216886712974], "M_G1C14_M M_G1C14H1_M": [-0.15365247331303097, 0.014341492744073777, 0.0007835594523125991, -0.1512, 0.02, 0.9746917108904415], "M_G1C14_M M_G1C14H2_M": [-0.15265272596101281, 0.014528600029927435, 0.0007937822153849977, -0.1512, 0.02, 0.9746127904859657], "M_G1C15_M M_G1C15H1_M": [-0.13185340057332914, 0.013392302612814724, 0.0007316996555214179, -0.1245, 0.02, 0.9730912036808619], "M_G1C15_M M_G1C15H2_M": [-0.13208256079946465, 0.013128445959846477, 0.0007172836265781081, -0.1245, 0.02, 0.9733577156554023], "M_G1C16_M M_G1C16H1_M": [-0.09210909919842702, 0.011039709983462577, 0.0006031637893416886, -0.0889, 0.02, 0.9803001126448055], "M_G1C16_M M_G1C16H2_M": [-0.09199298478310028, 0.010795735344086505, 0.0005898340308417113, -0.0889, 0.02, 0.9807712364256156], "M_G1C17_M M_G1C17H1_M": [-0.03104561764951935, 0.007922672279716696, 0.00043286182708646295, -0.0222, 0.02, 0.9828774736110095], "M_G1C17_M M_G1C17H2_M": [-0.030471420078401798, 0.00767198764533296, 0.000419165462396527, -0.0222, 0.02, 0.9839097565221675], "M_G1C17_M M_G1C17H3_M": [-0.030740144137237448, 0.007768506137294012, 0.0004244388309397207, -0.0222, 0.02, 0.9834826967500374], "M_G2C3_M M_G2C3H1_M": [-0.16387477832877495, 0.041487651860717616, 0.002266712562620284, -0.129, 0.02, 0.034994795611112184], "M_G2C3_M M_G2C3H2_M": [-0.16319433652654253, 0.041418003288931846, 0.002262907254641771, -0.0889, 0.02, 0.005621567215069012], "M_G2C4_M M_G2C4H1_M": [-0.20386496103735413, 0.03619183053835254, 0.0019773709348728887, -0.2179, 0.02, 0.8796373408758907], "M_G2C4_M M_G2C4H2_M": [-0.20479912883612392, 0.03751184176735016, 0.0020494908525200426, -0.2179, 0.02, 0.8884006499104583], "M_G2C5_M M_G2C5H1_M": [-0.2277193699101403, 0.025396860872578687, 0.0013875787375062568, -0.2135, 0.02, 0.9121116152160678], "M_G2C5_M M_G2C5H2_M": [-0.22588746330799955, 0.025501288165828275, 0.0013932842100233313, -0.2135, 0.02, 0.928694082369692], "M_G2C6_M M_G2C6H1_M": [-0.22899147612657142, 0.02383994281833973, 0.0013025152172963972, -0.2179, 0.02, 0.9404601952937854], "M_G2C6_M M_G2C6H2_M": [-0.22840076232391449, 0.022582540744689406, 0.0012338160032223742, -0.2179, 0.02, 0.9460169919696328], "M_G2C7_M M_G2C7H1_M": [-0.2282053563066196, 0.025096848368731012, 0.0013711873034068355, -0.2223, 0.02, 0.9522979508984097], "M_G2C7_M M_G2C7H2_M": [-0.22876754281405326, 0.02643004436007967, 0.0014440275815737072, -0.2223, 0.02, 0.9488124048532767], "M_G2C8_M M_G2C8H1_M": [-0.21792083631856846, 0.021967528259385805, 0.0012002142816478168, -0.1912, 0.02, 0.048075873303363714], "M_G2C8_M M_G2C8H2_M": [-0.21880241067055137, 0.02207726379805767, 0.0012062097745937296, -0.1912, 0.02, 0.04202201385708748], "M_G2C9_M M_G2C9H1_M": [-0.2089141392479085, 0.04721344738368168, 0.0025795461904782753, -0.1467, 0.02, 0.009442558765450526], "M_G2C9_M M_G2C9H2_M": [-0.20722861503234924, 0.048125239087388055, 0.0026293626928974227, -0.1467, 0.02, 0.010232458523648846], "M_G2C10_M M_G2C10H1_M": [-0.19224416364928026, 0.06397716469132338, 0.003495445907941563, -0.1245, 0.02, 0.010588858499750553], "M_G2C11_M M_G2C11H1_M": [-0.1667277953372709, 0.09888724312746226, 0.005402787244561783, -0.04, 0.02, 0.0043843156878992096], "M_G2C12_M M_G2C12H1_M": [-0.1792526396333065, 0.060948646438588876, 0.0033299802799362814, -0.0934, 0.02, 0.0060720299067191785], "M_G2C12_M M_G2C12H2_M": [-0.17848289545136337, 0.06213336891095212, 0.00339470858319962, -0.0934, 0.02, 0.0063084936964832306], "M_G2C13_M M_G2C13H1_M": [-0.1703673756722901, 0.02410227937231286, 0.0013168481943595903], "M_G2C13_M M_G2C13H2_M": [-0.16957536025026285, 0.02485204357255157, 0.0013578121885955041], "M_G2C14_M M_G2C14H1_M": [-0.17274253720417096, 0.025988994285659, 0.0014199304418322186, -0.1512, 0.02, 0.2259580699411884], "M_G2C14_M M_G2C14H2_M": [-0.1723361258199072, 0.025355184000862858, 0.0013853016867585756, -0.1512, 0.02, 0.270639271619618], "M_G2C15_M M_G2C15H1_M": [-0.15584156036211305, 0.016038211381611864, 0.0008762610943301146, -0.1512, 0.02, 0.9705443757032076],