{"headgroup": 0.10120565384340914, "tails": 0.7143347818592931, "total": 0.5099584058539984}