{"M_G1_M M_G1H1_M": [[-0.2323901331584644, 0.02884152053031965, 0.003754846148873389]], "M_G1_M M_G1H2_M": [[-0.030922432235944673, 0.029089046318228166, 0.003787071261640869]], "M_G1C3_M M_G1C3H1_M": [[-0.23405875632583995, 0.01599271981763513, 0.0020820747766793577]], "M_G1C3_M M_G1C3H2_M": [[-0.2412989198380265, 0.014437033480092938, 0.0018795416665669934]], "M_G1C4_M M_G1C4H1_M": [[-0.1710762841582822, 0.014287490350982781, 0.0018600728094434772]], "M_G1C4_M M_G1C4H2_M": [[-0.16994556031217656, 0.013838019648108161, 0.0018015567081184451]], "M_G1C5_M M_G1C5H1_M": [[-0.21392264420087084, 0.013134261160916098, 0.0017099351570773983]], "M_G1C5_M M_G1C5H2_M": [[-0.20800851529911712, 0.013078246665401682, 0.0017026426909072362]], "M_G1C6_M M_G1C6H1_M": [[-0.20927705094283544, 0.01296282180380592, 0.0016876156538759718]], "M_G1C6_M M_G1C6H2_M": [[-0.20718411239574008, 0.013320630554834132, 0.0017341983855117434]], "M_G1C7_M M_G1C7H1_M": [[-0.22210844146524175, 0.012737217902710981, 0.001658244527679396]], "M_G1C7_M M_G1C7H2_M": [[-0.2198196841629893, 0.013210546302091843, 0.001719866636531087]], "M_G1C8_M M_G1C8H1_M": [[-0.20952899892540597, 0.011975105716640195, 0.0015590259721296254]], "M_G1C8_M M_G1C8H2_M": [[-0.20772840572074866, 0.013381851835035935, 0.001742168717310068]], "M_G1C9_M M_G1C9H1_M": [[-0.20984167747352764, 0.011389311073395341, 0.0014827620054671776]], "M_G1C9_M M_G1C9H2_M": [[-0.20870948922156815, 0.01240562262627931, 0.0016150744997543715]], "M_G1C10_M M_G1C10H1_M": [[-0.19159835606004136, 0.011028272065805816, 0.0014357587302475]], "M_G1C10_M M_G1C10H2_M": [[-0.18984955711273385, 0.01167268555379823, 0.0015196542204705865]], "M_G1C11_M M_G1C11H1_M": [[-0.18460535140309628, 0.010300058666756854, 0.0013409534208636714]], "M_G1C11_M M_G1C11H2_M": [[-0.18376315844364075, 0.011003078359525954, 0.001432478789063354]], "M_G1C12_M M_G1C12H1_M": [[-0.16197993725519091, 0.00934235173612176, 0.001216270598525501]], "M_G1C12_M M_G1C12H2_M": [[-0.1620782739385856, 0.00963422095207765, 0.0012542687338996253]], "M_G1C13_M M_G1C13H1_M": [[-0.15002227117020875, 0.008919934958612387, 0.0011612766182815268]], "M_G1C13_M M_G1C13H2_M": [[-0.15054668644917168, 0.008289676291794076, 0.001079223928812225]], "M_G1C14_M M_G1C14H1_M": [[-0.12606371237950045, 0.007365101139617859, 0.0009588544966304739]], "M_G1C14_M M_G1C14H2_M": [[-0.12576761616080137, 0.007473544622257034, 0.000972972635538236]], "M_G1C15_M M_G1C15H1_M": [[-0.11015572476656334, 0.006260744441267061, 0.0008150795007378053]], "M_G1C15_M M_G1C15H2_M": [[-0.11048762950709867, 0.00618792920760225, 0.0008055997647641693]], "M_G1C16_M M_G1C16H1_M": [[-0.07790300230928554, 0.005150717382788782, 0.000670566286835271]], "M_G1C16_M M_G1C16H2_M": [[-0.07835559130443628, 0.004974368430704575, 0.0006476076088108185]], "M_G1C17_M M_G1C17H1_M": [[-0.02709220997259061, 0.003150758939497402, 0.0004101938750962623]], "M_G1C17_M M_G1C17H2_M": [[-0.027475335688036125, 0.0026768430935985538, 0.0003484952872221353]], "M_G1C17_M M_G1C17H3_M": [[-0.026933941751434168, 0.002366069768198252, 0.00030803604642638084]], "M_G2_M M_G2H1_M": [[-0.21836309854822503, 0.037718983648701805, 0.0049105934045279905]], "M_G2C3_M M_G2C3H1_M": [[-0.07243866508250871, 0.019675684606303673, 0.0025615559516968356]], "M_G2C3_M M_G2C3H2_M": [[-0.10021047217181471, 0.016168948644474324, 0.0021050178157289807]], "M_G2C4_M M_G2C4H1_M": [[-0.14127907796406658, 0.017338486755690545, 0.00225727870877879]], "M_G2C4_M M_G2C4H2_M": [[-0.14800700791951518, 0.01417601949837337, 0.0018455605405361542]], "M_G2C5_M M_G2C5H1_M": [[-0.17305286912593187, 0.015256160188166043, 0.0019861828806463384]], "M_G2C5_M M_G2C5H2_M": [[-0.17282820510124902, 0.014085412864670011, 0.0018337645615666754]], "M_G2C6_M M_G2C6H1_M": [[-0.1881734870778201, 0.016230669673861265, 0.002113053209329482]], "M_G2C6_M M_G2C6H2_M": [[-0.18791166127243375, 0.0138321445045746, 0.0018007918295799548]], "M_G2C7_M M_G2C7H1_M": [[-0.1702402276352253, 0.01565841975483684, 0.002038552615562827]], "M_G2C7_M M_G2C7H2_M": [[-0.17167126913797942, 0.01396725765917194, 0.001818382064036166]], "M_G2C8_M M_G2C8H1_M": [[-0.1664869778613074, 0.014382930288107151, 0.0018724980309217773]], "M_G2C8_M M_G2C8H2_M": [[-0.16834852903480585, 0.013860133676072766, 0.0018044357093365564]], "M_G2C9_M M_G2C9H1_M": [[-0.12008809604136092, 0.010420951347005453, 0.0013566923072507895]], "M_G2C9_M M_G2C9H2_M": [[-0.12140287224047057, 0.011297343246276287, 0.0014707888142092753]], "M_G2C10_M M_G2C10H1_M": [[-0.09365920256325778, 0.010437464892583759, 0.0013588421877660615]], "M_G2C11_M M_G2C11H1_M": [[0.00044891375635830943, 0.012135176954720906, 0.0015798654722947053]], "M_G2C12_M M_G2C12H1_M": [[-0.06251848552657277, 0.009436093706209502, 0.0012284747635244212]], "M_G2C12_M M_G2C12H2_M": [[-0.06185113323342555, 0.010329554865168716, 0.001344793498812986]], "M_G2C13_M M_G2C13H1_M": [[-0.11264136164335453, 0.01051691126924971, 0.0013691852250255739]], "M_G2C13_M M_G2C13H2_M": [[-0.11359067289100847, 0.00959623202591981, 0.0012493229969738051]], "M_G2C14_M M_G2C14H1_M": [[-0.11628497888142471, 0.009263132502777854, 0.0012059571328077224]], "M_G2C14_M M_G2C14H2_M": [[-0.11694939719596217, 0.008466441407459925, 0.0011022367867201614]], "M_G2C15_M M_G2C15H1_M": [[-0.12558754871938735, 0.00859048159017987, 0.0011183854430263335]], "M_G2C15_M M_G2C15H2_M": [[-0.12527856028463186, 0.009188781434183798, 0.0011962774481572016]], "M_G2C16_M M_G2C16H1_M": [[-0.1127534985101222, 0.0073489451823675845, 0.0009567511701502079]], "M_G2C16_M M_G2C16H2_M": [[-0.11173444873001395, 0.007286177481272229, 0.0009485795114998338]], "M_G2C17_M M_G2C17H1_M": [[-0.10353622131937994, 0.006228827470980348, 0.0008109242651343708]], "M_G2C17_M M_G2C17H2_M": [[-0.10254613814364982, 0.006078354122266489, 0.0007913343037336758]], "M_G2C18_M M_G2C18H1_M": [[-0.07603527196939791, 0.005120539238934451, 0.0006666374271514529]], "M_G2C18_M M_G2C18H2_M": [[-0.07582157375747905, 0.004832914450364134, 0.0006291918691563935]], "M_G2C19_M M_G2C19H1_M": [[-0.025058077959589444, 0.002561735634548781, 0.0003335095724826756]], "M_G2C19_M M_G2C19H2_M": [[-0.025099231760682735, 0.002359054542774871, 0.0003071227418682258]], "M_G2C19_M M_G2C19H3_M": [[-0.02455980628313835, 0.002330064171678434, 0.00030334851702625075]], "M_G3_M M_G3H1_M": [[-0.16664073946495014, 0.04162399575276062, 0.005418982677722344]], "M_G3_M M_G3H2_M": [[-0.17872427118367926, 0.022468793552220874, 0.002925187763616593]], "M_G3C4_M M_G3C4H1_M": [[0.017968513936754187, 0.008536089212278664, 0.0011113041585817179]], "M_G3C4_M M_G3C4H2_M": [[0.01964629807738443, 0.009688286044473608, 0.0012613074094007329]], "M_G3C5_M M_G3C5H1_M": [[-0.04310293485519833, 0.006811390661171157, 0.0008867675324428269]], "M_G3C5_M M_G3C5H2_M": [[-0.046000430993269247, 0.007242749180729036, 0.0009429256283463675]], "M_G3N6C1_M M_G3N6C1H1_M": [[0.011518960183736783, 0.0022817551008443467, 0.00029705921170386545]], "M_G3N6C1_M M_G3N6C1H2_M": [[0.011301535183562349, 0.0030283451370911106, 0.0003942569554719655]], "M_G3N6C1_M M_G3N6C1H3_M": [[0.011208255320165745, 0.003619627935183495, 0.0004712354190373074]], "M_G3N6C2_M M_G3N6C2H1_M": [[0.01165086611406396, 0.003140495190465598, 0.00040885764878723123]], "M_G3N6C2_M M_G3N6C2H2_M": [[0.011660991036361179, 0.0029165810644333667, 0.0003797065125658721]], "M_G3N6C2_M M_G3N6C2H3_M": [[0.011698040087803863, 0.003039835042586631, 0.00039575281375569984]], "M_G3N6C3_M M_G3N6C3H1_M": [[0.011592520795185768, 0.00284614480110113, 0.0003705364921490897]], "M_G3N6C3_M M_G3N6C3H2_M": [[0.01139045656975622, 0.003498828290173922, 0.00045550864480664095]], "M_G3N6C3_M M_G3N6C3H3_M": [[0.011446471813179482, 0.002740034083342591, 0.00035672205336071197]]}