{"headgroup": 184.08292235041296, "sn-1": 4.521185366678457, "sn-2": 34.222299359704124, "total": 74.27546902559851}