{"10.1021/jacs.1c05549": {"M_G1_M M_G1H1_M": [-0.12665573486096707, 0.08503057666752312, 0.004645716681825916, -0.13, 0.02, 0.8508861855088544], "M_G1_M M_G1H2_M": [-0.12088987580032247, 0.0941805837332409, 0.005145634971575278, 0.0, 0.02, 0.004600269335637619], "M_G2_M M_G2H1_M": [-0.03827269168041305, 0.12874501148108086, 0.007034091393713573, -0.19, 0.02, 0.003950315380557524], "M_G3_M M_G3H1_M": [-0.010177926277467886, 0.1040612617206468, 0.005685474078315971, -0.21, 0.02, 0.00182979618792245], "M_G3_M M_G3H2_M": [0.0009164668239967809, 0.1087247360177856, 0.005940266897400297, -0.21, 0.02, 0.001714218234739641], "M_G3C4_M M_G3C4H1_M": [0.03151916361253214, 0.03930902626559342, 0.0021476815308739457, 0.08, 0.02, 0.013978257857649612], "M_G3C4_M M_G3C4H2_M": [0.03286218222530861, 0.041987084852696144, 0.002293999501898153, 0.08, 0.02, 0.015971439062917092], "M_G3C5_M M_G3C5H1_M": [0.017487799405447008, 0.03483072407430704, 0.0019030057446839293, -0.03, 0.02, 0.013028528721293264], "M_G3C5_M M_G3C5H2_M": [0.018107152411409567, 0.034564029511169075, 0.001888434664144668, -0.03, 0.02, 0.012530540043806392]}, "unpublished/ferreiraPOPE": {"M_G1C3_M M_G1C3H1_M": [-0.25810720605039267, 0.027868169801042255, 0.0015226007679906583, -0.2223, 0.02, 0.021883960920028644], "M_G1C3_M M_G1C3H2_M": [-0.25706973106107983, 0.029293675919551235, 0.0016004844871696615, -0.2223, 0.02, 0.025059752815364322], "M_G1C4_M M_G1C4H1_M": [-0.22119528758296841, 0.025314685891183, 0.0013830890386607299, -0.2179, 0.02, 0.9548285312208361], "M_G1C4_M M_G1C4H2_M": [-0.21747894249478575, 0.025668367369461875, 0.0014024127220707307, -0.2179, 0.02, 0.9554131643438186], "M_G1C5_M M_G1C5H1_M": [-0.2556448918892763, 0.01998931113923603, 0.0010921327345675465, -0.249, 0.02, 0.9609878260667968], "M_G1C5_M M_G1C5H2_M": [-0.2556847380009116, 0.020021942784970298, 0.0010939155918276576, -0.249, 0.02, 0.9608663322935493], "M_G1C6_M M_G1C6H1_M": [-0.23824860070827325, 0.019902028568299427, 0.001087363978295102, -0.2579, 0.02, 0.5900256980049882], "M_G1C6_M M_G1C6H2_M": [-0.23788488289099308, 0.019890580530755177, 0.0010867385051879226, -0.2579, 0.02, 0.48692982747088287], "M_G1C7_M M_G1C7H1_M": [-0.25066343340811753, 0.018775269384856588, 0.0010258025478065297, -0.2579, 0.02, 0.962489425063195], "M_G1C7_M M_G1C7H2_M": [-0.25072770540952355, 0.019049176549379244, 0.0010407676948555743, -0.2579, 0.02, 0.9620444586738371], "M_G1C8_M M_G1C8H1_M": [-0.23495041105833664, 0.01798850296087514, 0.0009828169061251511, -0.249, 0.02, 0.9387105981040268], "M_G1C8_M M_G1C8H2_M": [-0.23517815500746853, 0.01864498475040654, 0.0010186843378240569, -0.249, 0.02, 0.9383992169352884], "M_G1C9_M M_G1C9H1_M": [-0.2352203785974114, 0.01780352646155458, 0.0009727105603573291, -0.2446, 0.02, 0.9603925415552019], "M_G1C9_M M_G1C9H2_M": [-0.23515293655045885, 0.01785846060294348, 0.0009757119331229177, -0.2446, 0.02, 0.9601097212089125], "M_G1C10_M M_G1C10H1_M": [-0.21740648103043023, 0.016727095285733524, 0.0009138988426630824, -0.2357, 0.02, 0.8358987146057848], "M_G1C10_M M_G1C10H2_M": [-0.21803330267127316, 0.017805101636487845, 0.0009727966213573959, -0.2357, 0.02, 0.8660468531373403], "M_G1C11_M M_G1C11H1_M": [-0.21155374762969115, 0.01664528460526702, 0.0009094290477035485, -0.2268, 0.02, 0.9316205711817868], "M_G1C11_M M_G1C11H2_M": [-0.21112408961600218, 0.016855357105439228, 0.0009209065344699725, -0.2268, 0.02, 0.9249923203184544], "M_G1C12_M M_G1C12H1_M": [-0.19066074645038605, 0.016347629260908495, 0.0008931663989845118, -0.2001, 0.02, 0.9634887785216458], "M_G1C12_M M_G1C12H2_M": [-0.19093841540525847, 0.015675366015469823, 0.000856436734241385, -0.2001, 0.02, 0.9655540944932312], "M_G1C13_M M_G1C13H1_M": [-0.17874668513070832, 0.01483396882667744, 0.0008104662950275206, -0.1779, 0.02, 0.9741699983066407], "M_G1C13_M M_G1C13H2_M": [-0.17913990283479309, 0.014862071050252681, 0.0008120016835192438, -0.1779, 0.02, 0.9740679782793538], "M_G1C14_M M_G1C14H1_M": [-0.1530515246703207, 0.01359293992318848, 0.0007426616428009426, -0.1512, 0.02, 0.9761674200141167], "M_G1C14_M M_G1C14H2_M": [-0.1523248928627237, 0.013261249080994695, 0.0007245394361879759, -0.1512, 0.02, 0.9768742775202505], "M_G1C15_M M_G1C15H1_M": [-0.13107532693825436, 0.012303472062700403, 0.0006722104876409439, -0.1245, 0.02, 0.9760248615800792], "M_G1C15_M M_G1C15H2_M": [-0.1313695108503095, 0.011789392548336611, 0.0006441233233611676, -0.1245, 0.02, 0.9767684907392403], "M_G1C16_M M_G1C16H1_M": [-0.09185451285844518, 0.010663477539536021, 0.000582608015060302, -0.0889, 0.02, 0.9810472451484638], "M_G1C16_M M_G1C16H2_M": [-0.09211868322106309, 0.0103696694162662, 0.000566555562483535, -0.0889, 0.02, 0.9814921009401885], "M_G1C17_M M_G1C17H1_M": [-0.030431324640181976, 0.007574412113662644, 0.00041383434160463474, -0.0222, 0.02, 0.9841458708764279], "M_G1C17_M M_G1C17H2_M": [-0.03065984837819648, 0.0077145624452416494, 0.00042149157220211584, -0.0222, 0.02, 0.9836654023493573], "M_G1C17_M M_G1C17H3_M": [-0.030577566691008057, 0.008163158052796741, 0.00044600096845802184, -0.0222, 0.02, 0.9827887591033767], "M_G2C3_M M_G2C3H1_M": [-0.16823107270178625, 0.0427305649090225, 0.0023346201566749126, -0.129, 0.02, 0.025914279171300958], "M_G2C3_M M_G2C3H2_M": [-0.16842705455384457, 0.044153076936935855, 0.002412340291209754, -0.0889, 0.02, 0.005178791731782151], "M_G2C4_M M_G2C4H1_M": [-0.20459754942151412, 0.04062134043036993, 0.00221938091297901, -0.2179, 0.02, 0.8769639453863085], "M_G2C4_M M_G2C4H2_M": [-0.20996218117304222, 0.03557421622794407, 0.0019436270604073764, -0.2179, 0.02, 0.9270374658860822], "M_G2C5_M M_G2C5H1_M": [-0.22927539122608195, 0.024511015144641646, 0.0013391798151763184, -0.2135, 0.02, 0.8903771912186621], "M_G2C5_M M_G2C5H2_M": [-0.22959728329035503, 0.025847755783075178, 0.0014122137581016661, -0.2135, 0.02, 0.8770373938390887], "M_G2C6_M M_G2C6H1_M": [-0.23011587165981756, 0.024058413477503142, 0.0013144515445041207, -0.2179, 0.02, 0.9337712775995729], "M_G2C6_M M_G2C6H2_M": [-0.23068143091027976, 0.02357020791057459, 0.0012877780249852706, -0.2179, 0.02, 0.93130735074098], "M_G2C7_M M_G2C7H1_M": [-0.22958854120044456, 0.02687321172297679, 0.0014682404011421568, -0.2223, 0.02, 0.9462858048439229], "M_G2C7_M M_G2C7H2_M": [-0.22994390335686823, 0.026972658054468815, 0.0014736737346471775, -0.2223, 0.02, 0.9452618515164699], "M_G2C8_M M_G2C8H1_M": [-0.2183428728182565, 0.022958678842650397, 0.0012543666228330144, -0.1912, 0.02, 0.04686696123454026], "M_G2C8_M M_G2C8H2_M": [-0.21835841882911122, 0.023369777786168257, 0.001276827357484381, -0.1912, 0.02, 0.047568960644324476], "M_G2C9_M M_G2C9H1_M": [-0.20807356974146285, 0.04937322512143732, 0.0026975474537715995, -0.1467, 0.02, 0.010176236534257033], "M_G2C9_M M_G2C9H2_M": [-0.20789795134057426, 0.04810378665722487, 0.002628190621431125, -0.1467, 0.02, 0.00997948490727918], "M_G2C10_M M_G2C10H1_M": [-0.19262227165427928, 0.06486861618511823, 0.0035441511059782025, -0.1245, 0.02, 0.010605845278809922], "M_G2C11_M M_G2C11H1_M": [-0.16832618098256819, 0.0975887135346386, 0.005331840994075755, -0.04, 0.02, 0.004217381861979286], "M_G2C12_M M_G2C12H1_M": [-0.17966073499234442, 0.06197542024709141, 0.0033860789258301424, -0.0934, 0.02, 0.006112489236839047], "M_G2C12_M M_G2C12H2_M": [-0.18001824754006682, 0.06193869107643479, 0.0033840721968684388, -0.0934, 0.02, 0.006055819609596225], "M_G2C13_M M_G2C13H1_M": [-0.17053316366682383, 0.023620352636328206, 0.0012905177240214191], "M_G2C13_M M_G2C13H2_M": [-0.16950145734933275, 0.02376468066019914, 0.0012984032063317874], "M_G2C14_M M_G2C14H1_M": [-0.1717990392947192, 0.025216004394645615, 0.001377697492553218, -0.1512, 0.02, 0.3586471052875294], "M_G2C14_M M_G2C14H2_M": [-0.17238304348237343, 0.025509058283001745, 0.00139370873687458, -0.1512, 0.02, 0.2651979568251499], "M_G2C15_M M_G2C15H1_M": [-0.15429350176760245, 0.015072540112808131, 0.0008235008368031891, -0.1512, 0.02, 0.9731617087695454],