{"M_G1_M M_G1H1_M": [[0.32792344271678064, 0.0342565376943941, 0.004065503060893327]], "M_G1_M M_G1H2_M": [[-0.0041670506425475476, 0.027782662725257774, 0.003297195453812198]], "M_G1C3_M M_G1C3H1_M": [[-0.07866695178339432, 0.02233612952025505, 0.0026508108829680966]], "M_G1C3_M M_G1C3H2_M": [[-0.05289045264213231, 0.023197773054787943, 0.0027530691572365926]], "M_G1C4_M M_G1C4H1_M": [[-0.1434335712238403, 0.016980779751612045, 0.002015247795104275]], "M_G1C4_M M_G1C4H2_M": [[-0.14681026708018483, 0.017593266167441078, 0.002087936559524154]], "M_G1C5_M M_G1C5H1_M": [[-0.13687855761019752, 0.017898970994595597, 0.0021242170476929844]], "M_G1C5_M M_G1C5H2_M": [[-0.137059667379505, 0.017818152295526978, 0.002114625632723612]], "M_G1C6_M M_G1C6H1_M": [[-0.14638226791368752, 0.018279286327196605, 0.0021693521737990618]], "M_G1C6_M M_G1C6H2_M": [[-0.14631654264109276, 0.0180625236713545, 0.002143627179385582]], "M_G1C7_M M_G1C7H1_M": [[-0.13239780135557605, 0.014599654507816176, 0.0017326602185843447]], "M_G1C7_M M_G1C7H2_M": [[-0.1305639394798756, 0.014332863777741916, 0.0017009979840815167]], "M_G1C8_M M_G1C8H1_M": [[-0.13860591292034294, 0.013395265328403707, 0.0015897255198389583]], "M_G1C8_M M_G1C8H2_M": [[-0.13838778075516733, 0.01407142425088535, 0.0016699708205614916]], "M_G1C9_M M_G1C9H1_M": [[-0.12703394528027212, 0.013145838732634542, 0.0015601240289465003]], "M_G1C9_M M_G1C9H2_M": [[-0.12804078497500168, 0.013164294055014654, 0.0015623142727561776]], "M_G1C10_M M_G1C10H1_M": [[-0.14136520513198803, 0.013776375596933234, 0.001634954987482976]], "M_G1C11_M M_G1C11H1_M": [[-0.1298538973339585, 0.013650029661098236, 0.0016199604835593446]], "M_G1C12_M M_G1C12H1_M": [[-0.09344938053831844, 0.01237123236461399, 0.0014681951659578055]], "M_G1C12_M M_G1C12H2_M": [[-0.09334402508762842, 0.012810620725877998, 0.0015203409707550035]], "M_G1C13_M M_G1C13H1_M": [[-0.07731120306264423, 0.011714390408033334, 0.001390242367317597]], "M_G1C13_M M_G1C13H2_M": [[-0.07748866951395085, 0.01199157820790333, 0.0014231385069936788]], "M_G1C14_M M_G1C14H1_M": [[-0.07246113896628789, 0.010547741547498376, 0.0012517866203940323]], "M_G1C14_M M_G1C14H2_M": [[-0.0725437579303309, 0.011063314790302882, 0.0013129739071956236]], "M_G1C15_M M_G1C15H1_M": [[-0.06036487128999917, 0.009250717741585668, 0.0010978582140842336]], "M_G1C15_M M_G1C15H2_M": [[-0.06104305607500418, 0.009210598396778522, 0.0010930969238286462]], "M_G1C16_M M_G1C16H1_M": [[-0.06522021785290467, 0.007882501359777961, 0.0009354808034472592]], "M_G1C16_M M_G1C16H2_M": [[-0.06455893573468059, 0.008213277305436249, 0.0009747366859751575]], "M_G1C17_M M_G1C17H1_M": [[-0.050364438670461045, 0.006345858053150075, 0.0007531147942980264]], "M_G1C17_M M_G1C17H2_M": [[-0.050724374778358325, 0.006615858405437095, 0.0007851579408780378]], "M_G1C18_M M_G1C18H1_M": [[-0.04468098306231607, 0.0057004624649412226, 0.0006765204296614764]], "M_G1C18_M M_G1C18H2_M": [[-0.044907296601904095, 0.005091315428631026, 0.0006042279766778679]], "M_G1C19_M M_G1C19H1_M": [[-0.014316518681514687, 0.0032208785527514227, 0.00038224795896753516]], "M_G1C19_M M_G1C19H2_M": [[-0.014081688182803975, 0.004104841972537009, 0.0004871551162791199]], "M_G1C19_M M_G1C19H3_M": [[-0.012550529425284411, 0.0036462517833219105, 0.0004327304737603072]], "M_G2_M M_G2H1_M": [[-0.09927039061767307, 0.037483722561952794, 0.004448499441735269]], "M_G2C3_M M_G2C3H1_M": [[-0.08172496201032083, 0.02685125249594479, 0.00318665739617192]], "M_G2C3_M M_G2C3H2_M": [[-0.09520853670793494, 0.02343040993056137, 0.002780678074955335]], "M_G2C4_M M_G2C4H1_M": [[-0.12416988386549097, 0.018200005297051996, 0.002159943246557228]], "M_G2C4_M M_G2C4H2_M": [[-0.13164217757879504, 0.017741277145499654, 0.002105502230921279]], "M_G2C5_M M_G2C5H1_M": [[-0.14634076867061574, 0.018283831217659675, 0.002169891553063069]], "M_G2C5_M M_G2C5H2_M": [[-0.1479862165682792, 0.01959357547514058, 0.0023253295992333757]], "M_G2C6_M M_G2C6H1_M": [[-0.13499364786733314, 0.016487769215633247, 0.0019567382089646793]], "M_G2C6_M M_G2C6H2_M": [[-0.13332294602722744, 0.016260522423929558, 0.0019297689765369454]], "M_G2C7_M M_G2C7H1_M": [[-0.13493794981803398, 0.014668136368308817, 0.0017407875201795103]], "M_G2C7_M M_G2C7H2_M": [[-0.13661044724202823, 0.014292578441018049, 0.001696216994209712]], "M_G2C8_M M_G2C8H1_M": [[-0.12905949666803082, 0.013953406460408725, 0.001655964685653669]], "M_G2C8_M M_G2C8H2_M": [[-0.13108738069953604, 0.0134642737579279, 0.0015979153136809656]], "M_G2C9_M M_G2C9H1_M": [[-0.12139682415182013, 0.012601171720973768, 0.001495483947020274]], "M_G2C9_M M_G2C9H2_M": [[-0.12262028814018036, 0.013279920769489934, 0.0015760366391498256]], "M_G2C10_M M_G2C10H1_M": [[-0.1314041898421187, 0.014168070591277483, 0.0016814406309723859]], "M_G2C11_M M_G2C11H1_M": [[-0.11520775204086636, 0.01344809767773501, 0.0015959955661535262]], "M_G2C12_M M_G2C12H1_M": [[-0.08422156415923977, 0.011081752505385345, 0.0013151620614035107]], "M_G2C12_M M_G2C12H2_M": [[-0.08486739482957312, 0.01150264839506024, 0.0013651132135910457]], "M_G2C13_M M_G2C13H1_M": [[-0.06938445213072791, 0.009714127161738141, 0.0011528547940913541]], "M_G2C13_M M_G2C13H2_M": [[-0.0697745840467397, 0.010494883728018227, 0.001245513551328916]], "M_G2C14_M M_G2C14H1_M": [[-0.06530081684480338, 0.00977055651967024, 0.0011595517267891011]], "M_G2C14_M M_G2C14H2_M": [[-0.06595190563964287, 0.009102566574945323, 0.0010802759053633554]], "M_G2C15_M M_G2C15H1_M": [[-0.05390337846995884, 0.008603745251737765, 0.0010210767056534837]], "M_G2C15_M M_G2C15H2_M": [[-0.05510837586098591, 0.008428178060030874, 0.0010002407133636495]], "M_G2C16_M M_G2C16H1_M": [[-0.0586233708804207, 0.00814692541384303, 0.0009668621651822276]], "M_G2C16_M M_G2C16H2_M": [[-0.05875891804774547, 0.00791057257692359, 0.0009388122440104201]], "M_G2C17_M M_G2C17H1_M": [[-0.04620691103878436, 0.006757115063631878, 0.0008019220219823704]], "M_G2C17_M M_G2C17H2_M": [[-0.04707932563415908, 0.006676930797247931, 0.0007924059003203506]], "M_G2C18_M M_G2C18H1_M": [[-0.04100430181210964, 0.005971189848683418, 0.0007086498590010811]], "M_G2C18_M M_G2C18H2_M": [[-0.04182719738493905, 0.0058788240926394885, 0.0006976880604892667]], "M_G2C19_M M_G2C19H1_M": [[-0.012872081138538025, 0.0034313295236845995, 0.0004072238941927934]], "M_G2C19_M M_G2C19H2_M": [[-0.012272153828698321, 0.003335436777325862, 0.00039584351893955485]], "M_G2C19_M M_G2C19H3_M": [[-0.012755199659951767, 0.003439680975008503, 0.0004082150291178441]], "M_G3_M M_G3H1_M": [[-0.2647664816840454, 0.019153485396532048, 0.002273100515908806]], "M_G3_M M_G3H2_M": [[-0.19202253506844957, 0.0318265706149281, 0.0037771190249008134]], "M_G3C4_M M_G3C4H1_M": [[0.0016730231833801663, 0.02909742410442327, 0.0034532289227817243]], "M_G3C4_M M_G3C4H2_M": [[0.02364249357590199, 0.0342055195355956, 0.004059448319383639]], "M_G3C5_M M_G3C5H1_M": [[-0.02096169504780673, 0.02614276131461479, 0.003102574962272466]], "M_G3C5_M M_G3C5H2_M": [[-0.004772021565675683, 0.02361899407221759, 0.0028030588949897184]], "M_G3N6C1_M M_G3N6C1H1_M": [[0.005872501801337775, 0.006559246651945479, 0.0007784393618098335]], "M_G3N6C1_M M_G3N6C1H2_M": [[0.0063699515674465355, 0.007628692895865015, 0.0009053592804806351]], "M_G3N6C1_M M_G3N6C1H3_M": [[0.006641187675885936, 0.00762387752555604, 0.0009047878011646248]], "M_G3N6C2_M M_G3N6C2H1_M": [[0.010843742322621062, 0.006998522080308534, 0.0008305717639374858]], "M_G3N6C2_M M_G3N6C2H2_M": [[0.006241567753349797, 0.007365888109447171, 0.0008741700904600101]], "M_G3N6C2_M M_G3N6C2H3_M": [[0.006523191766304743, 0.006663036365841913, 0.0007907569346859812]], "M_G3N6C3_M M_G3N6C3H1_M": [[0.004785651629286485, 0.00838696188349653, 0.0009953492531304653]], "M_G3N6C3_M M_G3N6C3H2_M": [[0.008119524041723614, 0.008156466784311546, 0.0009679945175288343]], "M_G3N6C3_M M_G3N6C3H3_M": [[0.007930585331855363, 0.0076982890383853475, 0.0009136188230230526]]}