{"10.1021/jacs.1c05549": {"M_G1_M M_G1H1_M": [-0.029349648972412986, 0.08796057956793273, 0.003937656332215207, -0.13, 0.02, Infinity], "M_G1_M M_G1H2_M": [-0.15965048348936556, 0.06917216613003294, 0.0030965714336228076, 0.0, 0.02, Infinity], "M_G2_M M_G2H1_M": [0.036165294880018836, 0.11064154284972517, 0.004952995693619891, -0.19, 0.02, Infinity], "M_G3_M M_G3H1_M": [0.05095760943285923, 0.09537738049797592, 0.004269677941104324, -0.21, 0.02, Infinity], "M_G3_M M_G3H2_M": [0.06768517211752587, 0.08308140475829166, 0.0037192344700635364, -0.21, 0.02, Infinity], "M_G3C4_M M_G3C4H1_M": [0.019073990104553993, 0.0428690089476011, 0.001919080403602201, 0.08, 0.02, 100.48569472102847], "M_G3C4_M M_G3C4H2_M": [0.04028573982933739, 0.04301711527966791, 0.0019257105535985823, 0.08, 0.02, 24.17128523131644], "M_G3C5_M M_G3C5H1_M": [0.02279685882455916, 0.03163417799078822, 0.0014161402970707794, -0.03, 0.02, Infinity], "M_G3C5_M M_G3C5H2_M": [0.015952188037739685, 0.035118377945705756, 0.0015721145082751202, -0.03, 0.02, Infinity]}, "unpublished/ferreiraPOPE": {"M_G1C3_M M_G1C3H1_M": [-0.2368160721405327, 0.03494070566625063, 0.0015641608046991304, -0.2223, 0.02, 9.879520508498839e-05], "M_G1C3_M M_G1C3H2_M": [-0.25132141830606297, 0.029881269300535408, 0.0013376693270308615, -0.2223, 0.02, 11.113665246764114], "M_G1C4_M M_G1C4H1_M": [-0.20728546093311095, 0.030726814774152407, 0.0013755211409311157, -0.2179, 0.02, 1.933331921323661e-12], "M_G1C4_M M_G1C4H2_M": [-0.2253163112359483, 0.030182078741077787, 0.001351135406997138, -0.2179, 0.02, 0.0], "M_G1C5_M M_G1C5H1_M": [-0.24442782223427711, 0.02549288335410024, 0.001141218191817056, -0.249, 0.02, 0.0], "M_G1C5_M M_G1C5H2_M": [-0.25021754145471736, 0.02572959528813879, 0.0011518148733141117, -0.249, 0.02, 0.0], "M_G1C6_M M_G1C6H1_M": [-0.23432241693399902, 0.025253004890776407, 0.0011304797570010408, -0.2579, 0.02, 3.1099571510084623], "M_G1C6_M M_G1C6H2_M": [-0.23578936164882036, 0.02590099660456251, 0.0011594878500302852, -0.2579, 0.02, 1.464007756093339], "M_G1C7_M M_G1C7H1_M": [-0.24616214920148716, 0.023005833132328495, 0.0010298825332481693, -0.2579, 0.02, 2.4108186663832183e-16], "M_G1C7_M M_G1C7H2_M": [-0.24551176466671137, 0.022962937602643653, 0.001027962265613316, -0.2579, 0.02, 2.854409300997824e-14], "M_G1C8_M M_G1C8H1_M": [-0.2337619905431734, 0.022310092285481514, 0.000998736895456504, -0.249, 0.02, 4.040064129686537e-07], "M_G1C8_M M_G1C8H2_M": [-0.23447927874483593, 0.02236803353881142, 0.0010013307021843778, -0.249, 0.02, 9.6628786343144e-09], "M_G1C9_M M_G1C9H1_M": [-0.23160673048417163, 0.02112031547217984, 0.0009454751704220304, -0.2446, 0.02, 2.7242250930131215e-14], "M_G1C9_M M_G1C9H2_M": [-0.23245708814131547, 0.021666348536821527, 0.0009699189674632343, -0.2446, 0.02, 9.643274665532872e-17], "M_G1C10_M M_G1C10H1_M": [-0.21463119919886306, 0.021305237624328684, 0.0009537534228727592, -0.2357, 0.02, 0.8819881682853996], "M_G1C10_M M_G1C10H2_M": [-0.21645881294995542, 0.02164272297253636, 0.0009688613419534137, -0.2357, 0.02, 0.10610215322052803], "M_G1C11_M M_G1C11H1_M": [-0.2049096277108182, 0.02033454723363075, 0.0009102993530800492, -0.2268, 0.02, 1.723148172102591], "M_G1C11_M M_G1C11H2_M": [-0.2056845094240834, 0.020431799127172898, 0.0009146529457497109, -0.2268, 0.02, 0.9534562490052537], "M_G1C12_M M_G1C12H1_M": [-0.18335676284827135, 0.01923886638954125, 0.0008612499421392781, -0.2001, 0.02, 3.3860080904034846e-05], "M_G1C12_M M_G1C12H2_M": [-0.1843324530543649, 0.018979153084019908, 0.0008496235778398381, -0.2001, 0.02, 1.3696101356174052e-07], "M_G1C13_M M_G1C13H1_M": [-0.16772894428154095, 0.018132934563836946, 0.0008117416342373315, -0.1779, 0.02, 0.0], "M_G1C13_M M_G1C13H2_M": [-0.16802640858762713, 0.01727749912760947, 0.0007734470848061179, -0.1779, 0.02, 0.0], "M_G1C14_M M_G1C14H1_M": [-0.14202628097154335, 0.016603134947738414, 0.000743258398054258, -0.1512, 0.02, 0.0], "M_G1C14_M M_G1C14H2_M": [-0.14204885493805028, 0.01569467584409564, 0.0007025901832745359, -0.1512, 0.02, 0.0], "M_G1C15_M M_G1C15H1_M": [-0.11978799967996043, 0.01394057707329082, 0.0006240659379123717, -0.1245, 0.02, 0.0], "M_G1C16_M M_G1C16H1_M": [-0.08478965007852969, 0.010893660154797898, 0.0004876672038798002, -0.0889, 0.02, 0.0], "M_G1C16_M M_G1C16H2_M": [-0.08475023657006281, 0.011044462452491856, 0.0004944180418727287, -0.0889, 0.02, 0.0], "M_G1C17_M M_G1C17H1_M": [-0.02622634552237436, 0.00635489272419162, 0.0002844840688735538, -0.0222, 0.02, 0.0], "M_G1C17_M M_G1C17H2_M": [-0.026857000449632934, 0.0061495470171422355, 0.00027529153253934573, -0.0222, 0.02, 0.0], "M_G1C17_M M_G1C17H3_M": [-0.02590241435270675, 0.006277359535869711, 0.0002810132066821921, -0.0222, 0.02, 0.0], "M_G2C3_M M_G2C3H1_M": [-0.18639275546657416, 0.0423670284397446, 0.0018966086698423844, -0.129, 0.02, 86.10110159168426], "M_G2C3_M M_G2C3H2_M": [-0.13385782067954666, 0.051001202881525175, 0.0022831274016553178, -0.0889, 0.02, 27.389534109340733], "M_G2C4_M M_G2C4H1_M": [-0.2189431912153762, 0.035136304252723655, 0.0015729169999900339, -0.2179, 0.02, 0.0], "M_G2C4_M M_G2C4H2_M": [-0.16790225744158896, 0.043308179738560014, 0.0019387403882730361, -0.2179, 0.02, Infinity], "M_G2C5_M M_G2C5H1_M": [-0.21645260571743802, 0.031448754843986654, 0.0014078396170192277, -0.2135, 0.02, 0.0], "M_G2C5_M M_G2C5H2_M": [-0.20870417239933475, 0.034376238520490494, 0.0015388917848524247, -0.2135, 0.02, 0.0], "M_G2C6_M M_G2C6H1_M": [-0.21800907324035557, 0.03211397905072828, 0.0014376191423803128, -0.2179, 0.02, 0.0], "M_G2C6_M M_G2C6H2_M": [-0.21479428453521704, 0.03227689989675311, 0.0014449124811026215, -0.2179, 0.02, 0.0], "M_G2C7_M M_G2C7H1_M": [-0.20109208856795374, 0.029678023024994202, 0.001328570774158482, -0.2223, 0.02, 0.7408189432626644], "M_G2C7_M M_G2C7H2_M": [-0.20074393341074098, 0.0297542541903978, 0.0013319833497990484, -0.2223, 0.02, 0.915937157452879], "M_G2C8_M M_G2C8H1_M": [-0.19461609192187365, 0.028361863451612266, 0.0012696513797685156, -0.1912, 0.02, 0.0], "M_G2C8_M M_G2C8H2_M": [-0.194034819173641, 0.028792975076377358, 0.0012889505866119266, -0.1912, 0.02, 0.0], "M_G2C9_M M_G2C9H1_M": [-0.14201087348550845, 0.026262887188134142, 0.0011756882974917455, -0.1467, 0.02, 0.0], "M_G2C9_M M_G2C9H2_M": [-0.14118224048347133, 0.0256084315229534, 0.0011463908382570345, -0.1467, 0.02, 0.0], "M_G2C10_M M_G2C10H1_M": [-0.11183358175366624, 0.026866843594193765, 0.0012027250994135193, -0.1245, 0.02, 2.3399671172272656e-10], "M_G2C11_M M_G2C11H1_M": [-0.03755265590111425, 0.02995684780779404, 0.0013410526856802495, -0.04, 0.02, 0.0], "M_G2C12_M M_G2C12H1_M": [-0.08130663373853157, 0.027987478978427315, 0.0012528916289942357, -0.0934, 0.02, 6.031506680909683e-11], "M_G2C12_M M_G2C12H2_M": [-0.08228424108781843, 0.025878557957156142, 0.0011584833582172476, -0.0934, 0.02, 3.760877119557836e-15], "M_G2C13_M M_G2C13H1_M": [-0.13236210185437625, 0.02401987819481083, 0.0010752774246989621, NaN, 0.02, NaN], "M_G2C13_M M_G2C13H2_M": [-0.13281941912972395, 0.0239528564393313, 0.0010722771188670032, NaN, 0.02, NaN], "M_G2C14_M M_G2C14H1_M": [-0.1332299334164672, 0.021200942960050987, 0.0009490845524852902, -0.1512, 0.02, 0.007104039506709409], "M_G2C14_M M_G2C14H2_M": [-0.13337065045123248, 0.021326102122828, 0.0009546874461026865, -0.1512, 0.02, 0.005020128265014396], "M_G2C15_M M_G2C15H1_M": [-0.14205550007360118, 0.02020847297153241, 0.0009046554939909048, -0.1512, 0.02, 0.0], "M_G2C15_M M_G2C15H2_M": [-0.14213432005220647, 0.02076776083716387, 0.0009296926574163003, -0.1512, 0.02, 0.0], "M_G2C16_M M_G2C16H1_M": [-0.12606577291072868, 0.017666556092928755, 0.0007908636665363321, -0.1379, 0.02, 0.0], "M_G2C16_M M_G2C16H2_M": [-0.12599207199041063, 0.018833228473606745, 0.0008430910951181247, -0.1379, 0.02, 0.0], "M_G2C17_M M_G2C17H1_M": [-0.11251600212996399, 0.015056407977993692, 0.0006740173894508572, -0.1245, 0.02, 0.0],