{"headgroup": 247.1841088835939, "sn-1": 1.138379888376351, "sn-2": 41.515951596980656, "total": 96.61281345631697}