{"M_C3_M M_C3H3_M": [[-0.4108018644756367, 0.010002280039591032, 0.0008673076740301493]], "M_C4_M M_C4H41_M": [[-0.36638080986665433, 0.013416415714884689, 0.0011633507821656587]], "M_C4_M M_C4H42_M": [[-0.18837775908709647, 0.01616166362020984, 0.0014013939649179235]], "M_C6_M M_C6H6_M": [[-0.05354766217619571, 0.0177639388269452, 0.0015403288454860784]], "M_C7_M M_C7H71_M": [[-0.30812963748199346, 0.010183359129113135, 0.0008830092224098459]], "M_C7_M M_C7H72_M": [[-0.37145554527844615, 0.01394410034689582, 0.0012091068426838105]], "M_C8_M M_C8H8_M": [[-0.44965091251279254, 0.007916902395819748, 0.0006864824995164694]], "M_C14_M M_C14H14_M": [[-0.44566307635736774, 0.006155998485997523, 0.000533792765958384]], "M_C15_M M_C15H151_M": [[-0.4130845097762939, 0.01173446190738839, 0.0010175068906897492]], "M_C15_M M_C15H152_M": [[-0.35123393395522395, 0.01053748074445336, 0.0009137154607183953]], "M_C16_M M_C16H161_M": [[-0.0791994999305919, 0.014092989093621272, 0.0012220171343473695]], "M_C16_M M_C16H162_M": [[-0.2023751641650606, 0.01458649999937021, 0.0012648099569917478]], "M_C17_M M_C17H17_M": [[-0.43704028383911336, 0.02772250010606454, 0.0024038456222102034]], "M_C18_M M_C18H181_M": [[0.1284581715423941, 0.012032936329854912, 0.0010433879054266167]], "M_C18_M M_C18H182_M": [[0.1287934043860928, 0.010749630978034533, 0.000932111218975906]], "M_C18_M M_C18H183_M": [[0.1272867133298405, 0.011248918347195413, 0.0009754049245215929]], "M_C12_M M_C12H121_M": [[-0.10670476939850355, 0.01661201349029189, 0.0014404442511301268]], "M_C12_M M_C12H122_M": [[-0.4417158321204697, 0.008098652657774905, 0.0007022422459269631]], "M_C11_M M_C11H111_M": [[-0.4464995839331474, 0.007560108334222054, 0.000655544530728633]], "M_C11_M M_C11H112_M": [[-0.2358004979038857, 0.012895156273982158, 0.0011181518563741432]], "M_C9_M M_C9H9_M": [[-0.44726914119287714, 0.006567716904676568, 0.0005694932805057147]], "M_C19_M M_C19H191_M": [[0.1268649041692099, 0.01895524062967009, 0.0016436278124715591]], "M_C19_M M_C19H192_M": [[0.13010845101389396, 0.017481090068601664, 0.0015158027476633584]], "M_C19_M M_C19H193_M": [[0.1302243248925241, 0.015413876882360763, 0.0013365526313712378]], "M_C1_M M_C1H11_M": [[-0.2401556082850056, 0.015213593024491026, 0.0013191858183818777]], "M_C1_M M_C1H12_M": [[-0.39528243836585036, 0.011953140114554082, 0.0010364686960448526]], "M_C2_M M_C2H21_M": [[-0.23993164476531925, 0.01199151947482176, 0.0010397966086360588]], "M_C2_M M_C2H22_M": [[-0.37954647760360705, 0.012576038728674088, 0.001090480855875474]], "M_C20_M M_C20H20_M": [[-0.4184072510600096, 0.08364050630759283, 0.007252551687535878]], "M_C21_M M_C21H211_M": [[0.11472481588779108, 0.007562088768007523, 0.0006557162561165692]], "M_C21_M M_C21H212_M": [[0.11584254526522962, 0.007892198778437186, 0.0006843404242248965]], "M_C21_M M_C21H213_M": [[0.11482238771843382, 0.008378391704472627, 0.0007264986975526399]], "M_C22_M M_C22H221_M": [[-0.2931883143875445, 0.030623385667224428, 0.0026553843012632346]], "M_C22_M M_C22H222_M": [[-0.3906274243849341, 0.059919261320287215, 0.005195658885734203]], "M_C23_M M_C23H231_M": [[-0.23626729031002322, 0.024956967845180932, 0.002164043562764928]], "M_C23_M M_C23H232_M": [[-0.3783208207624229, 0.034118626374942486, 0.0029584601076181214]], "M_C24_M M_C24H241_M": [[-0.24728442769213108, 0.025572907713784777, 0.002217452322834305]], "M_C24_M M_C24H242_M": [[-0.3356754856177423, 0.01747705861019814, 0.0015154531758860166]], "M_C25_M M_C25H25_M": [[-0.24559855660939509, 0.015207276347288808, 0.001318638093004247]], "M_C26_M M_C26H261_M": [[0.01655898436337955, 0.008641297276223146, 0.0007492955017834713]], "M_C26_M M_C26H262_M": [[0.015898054669939567, 0.008399726241644367, 0.0007283486365403198]], "M_C26_M M_C26H263_M": [[0.017225276560041, 0.008936705538369897, 0.0007749106467021956]], "M_C27_M M_C27H271_M": [[0.007568247364812843, 0.007534383491733367, 0.0006533139039899953]], "M_C27_M M_C27H272_M": [[0.00690232525416229, 0.008370562109903513, 0.0007258197856018189]], "M_C27_M M_C27H273_M": [[0.007729679870801236, 0.008366239251224709, 0.0007254449462160953]]}