{"M_G1_M M_G1H1_M": [[-0.16971426435904122, 0.023968249727203697, 0.0016990641748560874]], "M_G1_M M_G1H2_M": [[-0.03489202863131019, 0.029295494583623193, 0.0020767025501753984]], "M_G1C3_M M_G1C3H1_M": [[-0.23454781705238553, 0.013738065371261468, 0.0009738656334863121]], "M_G1C3_M M_G1C3H2_M": [[-0.20763547377736757, 0.014096647317041664, 0.000999284833668202]], "M_G1C4_M M_G1C4H1_M": [[-0.18068071502161742, 0.0096351291270243, 0.0006830161945975902]], "M_G1C4_M M_G1C4H2_M": [[-0.17024404581678418, 0.009800318924823097, 0.0006947261888894596]], "M_G1C5_M M_G1C5H1_M": [[-0.2086759833437527, 0.009784611603701697, 0.0006936127264170604]], "M_G1C5_M M_G1C5H2_M": [[-0.20664408860162797, 0.009241022699114223, 0.0006550787306457475]], "M_G1C6_M M_G1C6H1_M": [[-0.2099306275745454, 0.009445166828282846, 0.0006695501242737906]], "M_G1C6_M M_G1C6H2_M": [[-0.20765902027398617, 0.009449974186331854, 0.0006698909088504593]], "M_G1C7_M M_G1C7H1_M": [[-0.2216738438654814, 0.009102823156717467, 0.0006452820248311662]], "M_G1C7_M M_G1C7H2_M": [[-0.22078680123674124, 0.009820935957151253, 0.0006961876915615075]], "M_G1C8_M M_G1C8H1_M": [[-0.21286983817993338, 0.009476606311707537, 0.000671778810163284]], "M_G1C8_M M_G1C8H2_M": [[-0.21260926720732143, 0.009894723220467283, 0.000701418331974881]], "M_G1C9_M M_G1C9H1_M": [[-0.21181435956156944, 0.010131967403321085, 0.000718236126197143]], "M_G1C9_M M_G1C9H2_M": [[-0.21212557111720315, 0.0099167881047938, 0.0007029824701538561]], "M_G1C10_M M_G1C10H1_M": [[-0.19689219256284565, 0.009794101396755952, 0.0006942854400106185]], "M_G1C10_M M_G1C10H2_M": [[-0.19678254894740774, 0.009065766333351273, 0.0006426551362710053]], "M_G1C11_M M_G1C11H1_M": [[-0.18952564443152353, 0.010351246295773298, 0.0007337803947485849]], "M_G1C11_M M_G1C11H2_M": [[-0.18879297077287624, 0.009810518109983629, 0.0006954491899561297]], "M_G1C12_M M_G1C12H1_M": [[-0.17065597482867256, 0.009726138071187367, 0.0006894676475980752]], "M_G1C12_M M_G1C12H2_M": [[-0.16968529446892464, 0.009389960318671706, 0.0006656366385680457]], "M_G1C13_M M_G1C13H1_M": [[-0.15773354402555365, 0.00939797547205291, 0.0006662048177267651]], "M_G1C13_M M_G1C13H2_M": [[-0.15802480445818445, 0.00933970845848726, 0.0006620743786478996]], "M_G1C14_M M_G1C14H1_M": [[-0.1359453011473286, 0.008189195368814095, 0.000580516668109362]], "M_G1C14_M M_G1C14H2_M": [[-0.13651615288430644, 0.008697071896415375, 0.0006165190805975064]], "M_G1C15_M M_G1C15H1_M": [[-0.11820269124302588, 0.007565248783950671, 0.0005362862674154799]], "M_G1C15_M M_G1C15H2_M": [[-0.11811364573744805, 0.007679253930473517, 0.0005443678779799067]], "M_G1C16_M M_G1C16H1_M": [[-0.08853960174011025, 0.006096433466053689, 0.0004321647101669285]], "M_G1C16_M M_G1C16H2_M": [[-0.08841908423553174, 0.006554324132327981, 0.00046462371889398747]], "M_G1C17_M M_G1C17H1_M": [[-0.029332417415087634, 0.004832989202117271, 0.0003426015209389167]], "M_G1C17_M M_G1C17H2_M": [[-0.02965834397493454, 0.004923700828727143, 0.0003490318976568639]], "M_G1C17_M M_G1C17H3_M": [[-0.029137989682055318, 0.004670296806674002, 0.00033106856280616496]], "M_G2_M M_G2H1_M": [[-0.19106759801670267, 0.02277219907564518, 0.0016142783921433068]], "M_G2C3_M M_G2C3H1_M": [[-0.07814945326540912, 0.019308917042215133, 0.0013687728380291455]], "M_G2C3_M M_G2C3H2_M": [[-0.10776821869794301, 0.013308012021653314, 0.0009433799598175021]], "M_G2C4_M M_G2C4H1_M": [[-0.20291097370085923, 0.011755391079740682, 0.0008333175793950817]], "M_G2C4_M M_G2C4H2_M": [[-0.2058004054135986, 0.011172903470409579, 0.000792026127554576]], "M_G2C5_M M_G2C5H1_M": [[-0.20154381149777095, 0.010509564017498897, 0.0007450032404836866]], "M_G2C5_M M_G2C5H2_M": [[-0.20290303820369168, 0.010180389516205065, 0.0007216686787701675]], "M_G2C6_M M_G2C6H1_M": [[-0.21324319339961093, 0.010711999064611864, 0.0007593534804970225]], "M_G2C6_M M_G2C6H2_M": [[-0.2114323928966533, 0.010282201243961593, 0.0007288859207957704]], "M_G2C7_M M_G2C7H1_M": [[-0.191021031684525, 0.009786258176114313, 0.0006937294488406593]], "M_G2C7_M M_G2C7H2_M": [[-0.1892759697353619, 0.01014300836446083, 0.0007190187991808623]], "M_G2C8_M M_G2C8H1_M": [[-0.1818412077959718, 0.009870761898637493, 0.0006997197589056516]], "M_G2C8_M M_G2C8H2_M": [[-0.1807694123240414, 0.009496654580014826, 0.0006731999942228842]], "M_G2C9_M M_G2C9H1_M": [[-0.1059368136452598, 0.009224033270120554, 0.000653874381956004]], "M_G2C9_M M_G2C9H2_M": [[-0.1061381039906736, 0.008715343037706557, 0.0006178142874630434]], "M_G2C10_M M_G2C10H1_M": [[-0.06152895188273197, 0.010191041660726973, 0.0007224237892746289]], "M_G2C11_M M_G2C11H1_M": [[-0.051042268582826254, 0.009543880540641328, 0.0006765477538105433]], "M_G2C12_M M_G2C12H1_M": [[-0.08005990529530138, 0.010342334534643526, 0.0007331486567517429]], "M_G2C12_M M_G2C12H2_M": [[-0.08060110935075898, 0.009803505508534534, 0.0006949520798195819]], "M_G2C13_M M_G2C13H1_M": [[-0.12265422149767519, 0.010844323086214297, 0.0007687336816855307]], "M_G2C13_M M_G2C13H2_M": [[-0.12338124312833766, 0.010352743720378135, 0.0007338865443644135]], "M_G2C14_M M_G2C14H1_M": [[-0.1294554471587735, 0.010528593661971217, 0.0007463522162141283]], "M_G2C14_M M_G2C14H2_M": [[-0.1297996401205773, 0.010517551056543145, 0.0007455694266699001]], "M_G2C15_M M_G2C15H1_M": [[-0.13414022912469184, 0.010261511689500489, 0.0007274192771660231]], "M_G2C15_M M_G2C15H2_M": [[-0.13383407492796992, 0.01048134999351322, 0.0007430032013515765]], "M_G2C16_M M_G2C16H1_M": [[-0.12178845551093855, 0.009321497645093088, 0.0006607834483135953]], "M_G2C16_M M_G2C16H2_M": [[-0.12105181500601535, 0.009366610516244286, 0.0006639814149599]], "M_G2C17_M M_G2C17H1_M": [[-0.10970059299965897, 0.00822387145442505, 0.0005829747906446486]], "M_G2C17_M M_G2C17H2_M": [[-0.10979289941933558, 0.008121532872477117, 0.000575720200915639]], "M_G2C18_M M_G2C18H1_M": [[-0.08438944795398505, 0.006773034210094508, 0.0004801276652414477]], "M_G2C18_M M_G2C18H2_M": [[-0.08486896133103737, 0.007233841322353952, 0.0005127934153429364]], "M_G2C19_M M_G2C19H1_M": [[-0.028595803863211963, 0.005104129799541439, 0.0003618221682817891]], "M_G2C19_M M_G2C19H2_M": [[-0.028196825887385268, 0.004747950426700506, 0.0003365732819799297]], "M_G2C19_M M_G2C19H3_M": [[-0.028049098252491342, 0.005022510673914782, 0.00035603634186919393]], "M_G3_M M_G3H1_M": [[-0.21935648533504584, 0.024004786358243414, 0.0017016541879599253]], "M_G3_M M_G3H2_M": [[-0.23870081925927755, 0.019933242951165837, 0.0014130301282946356]], "M_G3C4_M M_G3C4H1_M": [[0.026813413216071127, 0.018642047579503055, 0.0013214997151980857]], "M_G3C4_M M_G3C4H2_M": [[0.024078482704379782, 0.017884244370319675, 0.0012677804699895757]], "M_G3C5_M M_G3C5H1_M": [[-0.08340257307399859, 0.017253240443101222, 0.0012230497875604148]], "M_G3C5_M M_G3C5H2_M": [[-0.0799567558334948, 0.01806676832741911, 0.0012807192502547295]], "M_G3N6C1_M M_G3N6C1H1_M": [[0.011721919157051142, 0.006406390591721862, 0.00045413698824138597]], "M_G3N6C1_M M_G3N6C1H2_M": [[0.01119542160144426, 0.007071249713889928, 0.0005012676018097143]], "M_G3N6C1_M M_G3N6C1H3_M": [[0.012072722903147362, 0.005939785561287841, 0.00042106023461768396]], "M_G3N6C2_M M_G3N6C2H1_M": [[0.010901684952904556, 0.006914545898640229, 0.0004901591628713532]], "M_G3N6C2_M M_G3N6C2H2_M": [[0.011486634824711359, 0.006284574566605316, 0.0004455016791739916]], "M_G3N6C2_M M_G3N6C2H3_M": [[0.011155072129395528, 0.005996679089627848, 0.00042509330991036796]], "M_G3N6C3_M M_G3N6C3H1_M": [[0.010131431411428573, 0.006260211201850758, 0.0004437746060374648]], "M_G3N6C3_M M_G3N6C3H2_M": [[0.012193953539477654, 0.0062564206912513855, 0.0004435059038653368]], "M_G3N6C3_M M_G3N6C3H3_M": [[0.010922210134476189, 0.006331332599494166, 0.0004488162682437984]]}