{"sn-1": 0.4220413607082264, "sn-2": 0.5730426659740354, "headgroup": 0.6775658276517832, "total": 0.5575499514446817}