{"10.1039/c2cp42738a": {"M_G1_M M_G1H1_M": [-0.1704667414520084, 0.027062514735347057, 0.002401409861157971, -0.14991575, 0.02, 0.38799906863512207], "M_G1_M M_G1H2_M": [-0.04454592283012347, 0.02271189859530312, 0.0020153551059740914, 0.0, 0.02, 33.699018703343015], "M_G1C3_M M_G1C3H1_M": [-0.23557040607150126, 0.01668185952487007, 0.0014802756638558658, -0.20987741, 0.02, 4.221452797226513], "M_G1C3_M M_G1C3H2_M": [-0.201054978528537, 0.019901999883995485, 0.0017660169147462135, -0.20987741, 0.02, 5.3494282204525063e-11], "M_G1C4_M M_G1C4H1_M": [-0.17818472549041486, 0.013312741378189902, 0.0011813147720110056, -0.18840908, 0.02, 4.821637332766436e-17], "M_G1C4_M M_G1C4H2_M": [-0.16434889490976312, 0.01390864269907774, 0.001234192463616954, -0.18840908, 0.02, 3.299831660097128], "M_G1C5_M M_G1C5H1_M": [-0.2052909874509662, 0.013180755386971338, 0.0011696029091650525, -0.18619612, 0.02, 0.10762754652821076], "M_G1C5_M M_G1C5H2_M": [-0.20291379944636695, 0.013249767550941483, 0.0011757267484578326, -0.18619612, 0.02, 0.0011399076245985562], "M_G1C6_M M_G1C6H1_M": [-0.20660104058694434, 0.013544696024609275, 0.00120189741854996, -0.20173615, 0.02, 0.0], "M_G1C6_M M_G1C6H2_M": [-0.20371821438183513, 0.014151655974480114, 0.0012557564047972368, -0.20173615, 0.02, 0.0], "M_G1C7_M M_G1C7H1_M": [-0.21786816078082474, 0.013904754070844762, 0.0012338474036594307, -0.19581075, 0.02, 1.321391414835464], "M_G1C7_M M_G1C7H2_M": [-0.21686649302284894, 0.01425122432656718, 0.001264591667332866, -0.19581075, 0.02, 0.6948607102152421], "M_G1C8_M M_G1C8H1_M": [-0.20879358927680333, 0.014073126258339166, 0.0012487880193172097, -0.19507116, 0.02, 1.0822458783800125e-07], "M_G1C8_M M_G1C8H2_M": [-0.20786832405595201, 0.013718234085186005, 0.0012172964313183808, -0.19507116, 0.02, 7.116231401401016e-10], "M_G1C9_M M_G1C9H1_M": [-0.2078652928827297, 0.013227123631917305, 0.0011737174255633531, -0.18174699, 0.02, 7.0313880278213965], "M_G1C9_M M_G1C9H2_M": [-0.20811725724517752, 0.013402238265612423, 0.001189256336573691, -0.18174699, 0.02, 7.372412380194707], "M_G1C10_M M_G1C10H1_M": [-0.19248160746481185, 0.012882188080929826, 0.0011431093449135758, -0.17434532, 0.02, 0.022967100634892167], "M_G1C10_M M_G1C10H2_M": [-0.19302802382939233, 0.012750932977602297, 0.001131462337880399, -0.17434532, 0.02, 0.056586089297337105], "M_G1C11_M M_G1C11H1_M": [-0.18490230774086244, 0.012375109867724632, 0.0010981134295865035, -0.14991285, 0.02, 41.99707638119266], "M_G1C11_M M_G1C11H2_M": [-0.18571682838606196, 0.01256734706133372, 0.0011151717220965946, -0.14991285, 0.02, 45.164416724931115], "M_G1C12_M M_G1C12H1_M": [-0.16612893328015466, 0.011320428216815328, 0.0010045255667568932, -0.13658578, 0.02, 20.979703555694186], "M_G1C12_M M_G1C12H2_M": [-0.1663338460009831, 0.01136003876037085, 0.0010080404341234436, -0.13658578, 0.02, 21.695568503558206], "M_G1C13_M M_G1C13H1_M": [-0.15464506747713067, 0.010705024122916573, 0.0009499172838926546, -0.11585704, 0.02, 86.64281412971727], "M_G1C13_M M_G1C13H2_M": [-0.15429274406635285, 0.011107738236908686, 0.000985652382941119, -0.11585704, 0.02, 77.63947603149789], "M_G1C14_M M_G1C14H1_M": [-0.1344759133953976, 0.009235580970535132, 0.0008195252892443939, -0.10623371, 0.02, 23.37000680366748], "M_G1C14_M M_G1C14H2_M": [-0.13298412807152266, 0.010056659379348028, 0.0008923842163245087, -0.10623371, 0.02, 13.71059579424547], "M_G1C15_M M_G1C15H1_M": [-0.11724780019168082, 0.00832318631005846, 0.0007385633551313459, -0.08994829, 0.02, 22.60958252749289], "M_G1C16_M M_G1C16H1_M": [-0.08768289686701106, 0.006604873344527869, 0.0005860877356135783, -0.06699789, 0.02, 0.9163311463736661], "M_G1C16_M M_G1C16H2_M": [-0.08788792274863282, 0.006828959008966348, 0.0006059721229142103, -0.06699789, 0.02, 1.149061071656845], "M_G1C17_M M_G1C17H1_M": [-0.02998811261862328, 0.0047591715495626736, 0.00042230818539324116, -0.01813583, 0.02, 0.0], "M_G1C17_M M_G1C17H2_M": [-0.029687840260441696, 0.00419175524279888, 0.0003719581300576709, -0.01813583, 0.02, 0.0], "M_G1C17_M M_G1C17H3_M": [-0.029875271182295125, 0.005100677671105907, 0.000452611953388925, -0.01813583, 0.02, 0.0], "M_G2_M M_G2H1_M": [-0.19210421540223227, 0.024784497267565205, 0.002199268498297987, -0.20691616, 0.02, 0.003997495447945194], "M_G2C3_M M_G2C3H1_M": [-0.0710363166646504, 0.01940197579198563, 0.001721646951455231, -0.0795825, 0.02, 6.243393533124152e-12], "M_G2C3_M M_G2C3H2_M": [-0.10915344052700474, 0.015237949820606198, 0.0013521493963471014, -0.122519, 0.02, 2.0123959195797665e-07], "M_G2C4_M M_G2C4H1_M": [-0.2023370104420755, 0.013498256479578287, 0.001197776575292203, -0.180265, 0.02, 1.3785556768720015], "M_G2C4_M M_G2C4H2_M": [-0.20943378440805724, 0.012527780840810179, 0.0011116607877631388, -0.180265, 0.02, 16.093389133636396], "M_G2C5_M M_G2C5H1_M": [-0.20130361529309831, 0.011937881767751353, 0.0010593157095254108, -0.186187, 0.02, 8.746265319703288e-07], "M_G2C5_M M_G2C5H2_M": [-0.20315906564786398, 0.012875654744312973, 0.0011425296050360586, -0.186187, 0.02, 0.0017503338014894477], "M_G2C6_M M_G2C6H1_M": [-0.21270696361862676, 0.012460335237020235, 0.001105675958207688, -0.193592, 0.02, 0.10332256016245041], "M_G2C6_M M_G2C6H2_M": [-0.2108164246901274, 0.012326236851059493, 0.0010937766506392422, -0.193592, 0.02, 0.002430438673873766], "M_G2C7_M M_G2C7H1_M": [-0.18855255815388178, 0.012047937023482148, 0.0010690815342822284, -0.166198, 0.02, 1.8595515297504235], "M_G2C7_M M_G2C7H2_M": [-0.18744024928196618, 0.012162772558200328, 0.001079271540206674, -0.166198, 0.02, 0.9035605210287742], "M_G2C8_M M_G2C8H1_M": [-0.17918976412293372, 0.012559963934014626, 0.00111451657548795, -0.154356, 0.02, 5.141528018876549], "M_G2C8_M M_G2C8H2_M": [-0.17855933258938167, 0.01238833844513917, 0.0010992872760144142, -0.154356, 0.02, 4.182204110780284], "M_G2C9_M M_G2C9H1_M": [-0.10176733640546913, 0.011415661561133418, 0.0010129761595563055, -0.1203, 0.02, 0.033263833981038785], "M_G2C9_M M_G2C9H2_M": [-0.1026911622955619, 0.01231366370741349, 0.0010926609645534318, -0.1203, 0.02, 0.006264409659141755], "M_G2C10_M M_G2C10H1_M": [-0.0573564732659939, 0.012879733942026033, 0.0011428915753004464, -0.108455, 0.02, Infinity], "M_G2C11_M M_G2C11H1_M": [-0.0473499302749061, 0.013453316521897556, 0.0011937887988941148, -0.0225792, 0.02, 4.492535519971198], "M_G2C12_M M_G2C12H1_M": [-0.07718505414532131, 0.011648036044080764, 0.0010335960605628587, -0.0581141, 0.02, 0.08850509834514413], "M_G2C12_M M_G2C12H2_M": [-0.07689801214842135, 0.013316119924981643, 0.0011816145695598074, -0.0581141, 0.02, 0.0714499125773507], "M_G2C13_M M_G2C13H1_M": [-0.11894567578846982, 0.011680045816535065, 0.0010364364685580838, -0.0995716, 0.02, 0.13843487069543958], "M_G2C13_M M_G2C13H2_M": [-0.11812124294807205, 0.011833228167256085, 0.0010500292041620799, -0.0995716, 0.02, 0.03791512623799977], "M_G2C14_M M_G2C14H1_M": [-0.1250067322632178, 0.010895244235811398, 0.0009667965894325638, -0.106234, 0.02, 0.0467943949675969], "M_G2C14_M M_G2C14H2_M": [-0.12472102935613114, 0.011056707431788342, 0.0009811241312306907, -0.106234, 0.02, 0.027578325296335287], "M_G2C15_M M_G2C15H1_M": [-0.12956866369081044, 0.010736124951483478, 0.0009526770361603624, -0.0943887, 0.02, 56.73519022645183], "M_G2C15_M M_G2C15H2_M": [-0.1293838428802031, 0.01137936045741556, 0.0010097549574880024, -0.0943887, 0.02, 49.460424083556426], "M_G2C16_M M_G2C16H1_M": [-0.11835212835449642, 0.009459641117955388, 0.0008394074122758038, -0.0943887, 0.02, 5.932030013593864], "M_G2C16_M M_G2C16H2_M": [-0.11797223177514746, 0.010288666582962727, 0.0009129715265604021, -0.0943887, 0.02, 4.363096199409401], "M_G2C17_M M_G2C17H1_M": [-0.10770967398686021, 0.00852405622818228, 0.0007563876780706514, -0.0899483, 0.02, 0.0006693527248679023], "M_G2C17_M M_G2C17H2_M": [-0.10736723192333555, 0.008737659864674585, 0.0007753419357982914, -0.0899483, 0.02, 0.00018934298230082884],