{"M_G1_M M_G1H1_M": [[-0.17233213126631247, 0.025047682476025818, 0.0011080442365608673]], "M_G1_M M_G1H2_M": [[-0.03353273949615057, 0.020984911833446186, 0.0009283178447364801]], "M_G1C3_M M_G1C3H1_M": [[-0.2334317615705341, 0.014917046914801668, 0.0006598913043661588]], "M_G1C3_M M_G1C3H2_M": [[-0.2044759573681319, 0.015470078000671359, 0.000684355959246842]], "M_G1C4_M M_G1C4H1_M": [[-0.17711069215334485, 0.01189253984549676, 0.0005260949888871296]], "M_G1C4_M M_G1C4H2_M": [[-0.16530798585320283, 0.011298047770022435, 0.0004997962078106397]], "M_G1C5_M M_G1C5H1_M": [[-0.20512376057079085, 0.011008076965545196, 0.00048696865464361704]], "M_G1C5_M M_G1C5H2_M": [[-0.202217552721924, 0.010869414020085866, 0.0004808345670813117]], "M_G1C6_M M_G1C6H1_M": [[-0.2052699059670874, 0.011079262297051739, 0.0004901177083087214]], "M_G1C6_M M_G1C6H2_M": [[-0.20256575507107774, 0.011175397359501252, 0.0004943704730896771]], "M_G1C7_M M_G1C7H1_M": [[-0.2167117694611019, 0.01122981067843782, 0.0004967775766010507]], "M_G1C7_M M_G1C7H2_M": [[-0.21559725286128034, 0.011201491639322965, 0.0004955248160669697]], "M_G1C8_M M_G1C8H1_M": [[-0.20744261540109815, 0.011317535655012716, 0.0005006583010868105]], "M_G1C8_M M_G1C8H2_M": [[-0.20686261533994654, 0.011820292320027254, 0.0005228989465275662]], "M_G1C9_M M_G1C9H1_M": [[-0.2062701968701533, 0.011516460713373354, 0.0005094582275724248]], "M_G1C9_M M_G1C9H2_M": [[-0.20627011283647395, 0.011224772302446253, 0.0004965546919695313]], "M_G1C10_M M_G1C10H1_M": [[-0.19024847880499687, 0.011517636285490811, 0.0005095102318211476]], "M_G1C10_M M_G1C10H2_M": [[-0.19055058524464524, 0.011212229779794334, 0.000495999843434155]], "M_G1C11_M M_G1C11H1_M": [[-0.182951264553133, 0.010950506243335031, 0.000484421875834812]], "M_G1C11_M M_G1C11H2_M": [[-0.1825156742453365, 0.010939563550691728, 0.0004839377996122922]], "M_G1C12_M M_G1C12H1_M": [[-0.1641864974261681, 0.01028754661756275, 0.00045509426865547993]], "M_G1C12_M M_G1C12H2_M": [[-0.1631013084411171, 0.010266736286773317, 0.0004541736738214378]], "M_G1C13_M M_G1C13H1_M": [[-0.15203595372000445, 0.009407747862021424, 0.00041617426312825936]], "M_G1C13_M M_G1C13H2_M": [[-0.15161815957341124, 0.00960775910182348, 0.0004250222394519047]], "M_G1C14_M M_G1C14H1_M": [[-0.13065641764635166, 0.008587139214481105, 0.0003798726738195735]], "M_G1C14_M M_G1C14H2_M": [[-0.1307012743755951, 0.0087047683377117, 0.00038507627986864094]], "M_G1C15_M M_G1C15H1_M": [[-0.11367840713524925, 0.0077356504731095396, 0.00034220502958636823]], "M_G1C15_M M_G1C15H2_M": [[-0.11352452249852897, 0.008188376152088343, 0.0003622324345095865]], "M_G1C16_M M_G1C16H1_M": [[-0.08559783421688863, 0.007436388568598031, 0.00032896646235231017]], "M_G1C16_M M_G1C16H2_M": [[-0.08516768688293112, 0.007261980144550038, 0.00032125108791561277]], "M_G1C17_M M_G1C17H1_M": [[-0.02840649198624711, 0.006282364864588132, 0.0002779154593181293]], "M_G1C17_M M_G1C17H2_M": [[-0.028261764902903053, 0.006550060919216163, 0.000289757635565955]], "M_G1C17_M M_G1C17H3_M": [[-0.028998905783765135, 0.00621523018967814, 0.0002749455961510038]], "M_G2_M M_G2H1_M": [[-0.1936424562878507, 0.021945319828920683, 0.0009708037930932216]], "M_G2C3_M M_G2C3H1_M": [[-0.07959942923458017, 0.017414138722991048, 0.0007703561423357355]], "M_G2C3_M M_G2C3H2_M": [[-0.10860178207524332, 0.014704225809340167, 0.0006504766529487737]], "M_G2C4_M M_G2C4H1_M": [[-0.2015957554893032, 0.013046154596959845, 0.0005771279009257479]], "M_G2C4_M M_G2C4H2_M": [[-0.20588103173132588, 0.01161581815821528, 0.0005138535421577915]], "M_G2C5_M M_G2C5H1_M": [[-0.19933257395144716, 0.011929552592948617, 0.0005277323364354533]], "M_G2C5_M M_G2C5H2_M": [[-0.20174775894613733, 0.011131952639801284, 0.0004924485918410375]], "M_G2C6_M M_G2C6H1_M": [[-0.21080296735334497, 0.012342183034005824, 0.0005459860324602502]], "M_G2C6_M M_G2C6H2_M": [[-0.20896840699853123, 0.011878788995865605, 0.0005254866871132549]], "M_G2C7_M M_G2C7H1_M": [[-0.187514578296716, 0.012028450845420797, 0.0005321073375463396]], "M_G2C7_M M_G2C7H2_M": [[-0.1864286595359669, 0.011675920747463979, 0.0005165123241701853]], "M_G2C8_M M_G2C8H1_M": [[-0.17829783607759014, 0.011774331780743557, 0.0005208657719729434]], "M_G2C8_M M_G2C8H2_M": [[-0.17769242553979445, 0.011540889483510477, 0.0005105388927390572]], "M_G2C9_M M_G2C9H1_M": [[-0.10286463912655142, 0.011152980133331904, 0.0004933787933891538]], "M_G2C9_M M_G2C9H2_M": [[-0.10358099935517151, 0.011358452309611126, 0.0005024683473196512]], "M_G2C10_M M_G2C10H1_M": [[-0.059872995919638766, 0.012547776539063653, 0.0005550809536599148]], "M_G2C11_M M_G2C11H1_M": [[-0.047900794644654854, 0.011683323419181364, 0.0005168397990868548]], "M_G2C12_M M_G2C12H1_M": [[-0.07762817668271024, 0.010938374451551467, 0.0004838851969633116]], "M_G2C12_M M_G2C12H2_M": [[-0.07761699416641385, 0.011257546685135386, 0.0004980045452994868]], "M_G2C13_M M_G2C13H1_M": [[-0.11878291616577469, 0.010846086583862656, 0.00047980262205862904]], "M_G2C13_M M_G2C13H2_M": [[-0.11892987029510249, 0.01077876135015358, 0.00047682432906653854]], "M_G2C14_M M_G2C14H1_M": [[-0.12443224896236138, 0.010163457566734771, 0.00044960489223425397]], "M_G2C14_M M_G2C14H2_M": [[-0.12470349624982505, 0.010330439294952582, 0.000456991728990102]], "M_G2C15_M M_G2C15H1_M": [[-0.1287068247248278, 0.00970688830409487, 0.00042940745718040397]], "M_G2C15_M M_G2C15H2_M": [[-0.12885494261907704, 0.010303632057085154, 0.0004558058466057517]], "M_G2C16_M M_G2C16H1_M": [[-0.11619297615742799, 0.008910581281492188, 0.0003941809084658723]], "M_G2C16_M M_G2C16H2_M": [[-0.11633032572988294, 0.009017706157075981, 0.00039891983395714414]], "M_G2C17_M M_G2C17H1_M": [[-0.1055584527898909, 0.008062098799747534, 0.0003566462533288197]], "M_G2C17_M M_G2C17H2_M": [[-0.10509329058772772, 0.008318755143807621, 0.0003680000615338207]], "M_G2C18_M M_G2C18H1_M": [[-0.08170777678269539, 0.0070985363701880615, 0.00031402076102381816]], "M_G2C18_M M_G2C18H2_M": [[-0.08152741472691744, 0.007560406749474437, 0.00033445270367145786]], "M_G2C19_M M_G2C19H1_M": [[-0.027179144060691787, 0.006213806600018435, 0.0002748826202521687]], "M_G2C19_M M_G2C19H2_M": [[-0.02727723258192298, 0.006636977041140462, 0.00029360257842861784]], "M_G2C19_M M_G2C19H3_M": [[-0.02672877816182606, 0.006315442981358081, 0.00027937874905275086]], "M_G3_M M_G3H1_M": [[-0.2222753612631871, 0.018452043486018442, 0.0008162703458502655]], "M_G3_M M_G3H2_M": [[-0.2417200335567049, 0.014041317225144762, 0.0006211513037158658]], "M_G3C4_M M_G3C4H1_M": [[0.027847933250751356, 0.013129563315222716, 0.0005808176853853906]], "M_G3C4_M M_G3C4H2_M": [[0.028956657500103643, 0.014312409754063, 0.0006331437311402422]], "M_G3C5_M M_G3C5H1_M": [[-0.08021090967329214, 0.011398108949646412, 0.0005042226537899015]], "M_G3C5_M M_G3C5H2_M": [[-0.0818335208083077, 0.012287801905346904, 0.0005435803529629208]], "M_G3N6C1_M M_G3N6C1H1_M": [[0.011136021457625992, 0.00830996121870041, 0.00036761104119067636]], "M_G3N6C1_M M_G3N6C1H2_M": [[0.011930034840631102, 0.007938196878349228, 0.00035116515502618765]], "M_G3N6C1_M M_G3N6C1H3_M": [[0.010980234796255088, 0.00851519265620884, 0.00037668994546495317]], "M_G3N6C2_M M_G3N6C2H1_M": [[0.012147015194701183, 0.007954286768983737, 0.00035187692988206614]], "M_G3N6C2_M M_G3N6C2H2_M": [[0.012173392413005565, 0.007778630995083869, 0.0003441063759366191]], "M_G3N6C2_M M_G3N6C2H3_M": [[0.012031538719515643, 0.00810167426676649, 0.00035839696891624105]], "M_G3N6C3_M M_G3N6C3H1_M": [[0.01167871097666547, 0.008726963553090421, 0.00038605813839000946]], "M_G3N6C3_M M_G3N6C3H2_M": [[0.011749379911810267, 0.008276568795788036, 0.0003661338473709179]], "M_G3N6C3_M M_G3N6C3H3_M": [[0.01200256317450861, 0.007994880603644198, 0.00035367269540162986]]}