{"M_G1_M M_G1H1_M": [[0.025845778448077457, 0.13339972816144, 0.011931634413958914]], "M_G1_M M_G1H2_M": [[-0.24507142218842085, 0.12783718765865976, 0.011434105666286415]], "M_G1C3_M M_G1C3H1_M": [[-0.2709398532131311, 0.04873753345685863, 0.004359217514608248]], "M_G1C3_M M_G1C3H2_M": [[-0.2682959866472647, 0.04937731030498297, 0.004416440895521711]], "M_G1C4_M M_G1C4H1_M": [[-0.2257405834512051, 0.038712169465989675, 0.0034625216992977856]], "M_G1C4_M M_G1C4H2_M": [[-0.22537660222334077, 0.034151999675228494, 0.003054647713654466]], "M_G1C5_M M_G1C5H1_M": [[-0.2592280425245802, 0.036656504131215094, 0.0032786574021959527]], "M_G1C5_M M_G1C5H2_M": [[-0.2562939918069204, 0.03364218321670234, 0.003009048343361959]], "M_G1C6_M M_G1C6H1_M": [[-0.2530635931038308, 0.035875888733588254, 0.0032088370384608872]], "M_G1C6_M M_G1C6H2_M": [[-0.252819287686911, 0.034216391007894774, 0.00306040704953461]], "M_G1C7_M M_G1C7H1_M": [[-0.26659795802117847, 0.03529649923280787, 0.003157014866093103]], "M_G1C7_M M_G1C7H2_M": [[-0.26626073551470686, 0.033185085946369625, 0.002968164320610217]], "M_G1C8_M M_G1C8H1_M": [[-0.2572563694322538, 0.033405557690367675, 0.0029878839128781197]], "M_G1C8_M M_G1C8H2_M": [[-0.25678704186705054, 0.034643908639353675, 0.0030986453889554825]], "M_G1C9_M M_G1C9H1_M": [[-0.2578063372802268, 0.03389363922862678, 0.0030315392528025204]], "M_G1C9_M M_G1C9H2_M": [[-0.25928567990781176, 0.03212705771315494, 0.002873531398546935]], "M_G1C10_M M_G1C10H1_M": [[-0.2438068931864189, 0.032902445324831435, 0.0029428841748917293]], "M_G1C10_M M_G1C10H2_M": [[-0.2423332526800139, 0.03144752877691887, 0.0028127524827828566]], "M_G1C11_M M_G1C11H1_M": [[-0.23619037431017384, 0.03244856797932767, 0.0029022881509719865]], "M_G1C11_M M_G1C11H2_M": [[-0.2375922682115158, 0.030048137541309403, 0.0026875871255852488]], "M_G1C12_M M_G1C12H1_M": [[-0.21427373760029902, 0.031640783258556016, 0.002830037689098742]], "M_G1C12_M M_G1C12H2_M": [[-0.21462525739950628, 0.030876078565903322, 0.0027616404220793616]], "M_G1C13_M M_G1C13H1_M": [[-0.2013003241006645, 0.029653401490114785, 0.0026522808598396087]], "M_G1C13_M M_G1C13H2_M": [[-0.20164732264479351, 0.030467468150062158, 0.00272509319543395]], "M_G1C14_M M_G1C14H1_M": [[-0.17394367035434194, 0.028364340336338868, 0.0025369837251597183]], "M_G1C14_M M_G1C14H2_M": [[-0.17338218890662743, 0.02801242568342058, 0.002505507521711577]], "M_G1C15_M M_G1C15H1_M": [[-0.15020212862801982, 0.025372000503055953, 0.0022693407139996787]], "M_G1C15_M M_G1C15H2_M": [[-0.15094065934724493, 0.024087652645498833, 0.0021544651493495214]], "M_G1C16_M M_G1C16H1_M": [[-0.10945368037329986, 0.021934507475439784, 0.001961881990722426]], "M_G1C16_M M_G1C16H2_M": [[-0.11001563028193136, 0.01934842510939861, 0.0017305757520871639]], "M_G1C17_M M_G1C17H1_M": [[-0.03498197155823155, 0.008256227527516088, 0.0007384594395692394]], "M_G1C17_M M_G1C17H2_M": [[-0.03543659737364587, 0.009031336628491347, 0.0008077873051596166]], "M_G1C17_M M_G1C17H3_M": [[-0.03519437074720429, 0.008068100174783625, 0.0007216328176037648]], "M_G2_M M_G2H1_M": [[-0.2272455141157546, 0.12800491392709193, 0.011449107559799485]], "M_G2C3_M M_G2C3H1_M": [[-0.17481364221743992, 0.05829546819579953, 0.005214105186639391]], "M_G2C3_M M_G2C3H2_M": [[-0.15110550323980215, 0.08075522529455038, 0.007222966931877005]], "M_G2C4_M M_G2C4H1_M": [[-0.22689299038418825, 0.043215642359304536, 0.003865324560268973]], "M_G2C4_M M_G2C4H2_M": [[-0.21075065677147622, 0.05518557186234331, 0.004935947602455972]], "M_G2C5_M M_G2C5H1_M": [[-0.22826899727730518, 0.04270352991868385, 0.003819519831094926]], "M_G2C5_M M_G2C5H2_M": [[-0.222438464675709, 0.047899293726718147, 0.00428424307388684]], "M_G2C6_M M_G2C6H1_M": [[-0.23915125480439592, 0.040748160028516736, 0.0036446262312721275]], "M_G2C6_M M_G2C6H2_M": [[-0.23713247078593525, 0.04527747029164888, 0.004049740056854165]], "M_G2C7_M M_G2C7H1_M": [[-0.21167778865622844, 0.0418794521765407, 0.003745812077087861]], "M_G2C7_M M_G2C7H2_M": [[-0.2132387899982331, 0.04015090819213862, 0.0035912064030390054]], "M_G2C8_M M_G2C8H1_M": [[-0.20462327483939843, 0.03817657176736181, 0.003414616384788812]], "M_G2C8_M M_G2C8H2_M": [[-0.20488210080017544, 0.03777149188797874, 0.0033783849389240933]], "M_G2C9_M M_G2C9H1_M": [[-0.1398613716890328, 0.034262842385531775, 0.003064561787056404]], "M_G2C9_M M_G2C9H2_M": [[-0.14057249154757795, 0.03251439264504868, 0.0029081756880579212]], "M_G2C10_M M_G2C10H1_M": [[-0.10475324753229813, 0.036479836252069096, 0.003262855746707506]], "M_G2C11_M M_G2C11H1_M": [[-0.016214243692910493, 0.036308958756053486, 0.0032475719988308716]], "M_G2C12_M M_G2C12H1_M": [[-0.08251647277407484, 0.028675310089249496, 0.0025647977054178974]], "M_G2C12_M M_G2C12H2_M": [[-0.08035227354799092, 0.0328578018794868, 0.0029388911437501137]], "M_G2C13_M M_G2C13H1_M": [[-0.14367887241157262, 0.03247962437180447, 0.0029050659191605477]], "M_G2C13_M M_G2C13H2_M": [[-0.14225452668597752, 0.031127807226868816, 0.0027841557179915156]], "M_G2C14_M M_G2C14H1_M": [[-0.1524152553649015, 0.031732224421546044, 0.002838216435354236]], "M_G2C14_M M_G2C14H2_M": [[-0.15218547296408697, 0.030455468775782875, 0.0027240199387709124]], "M_G2C15_M M_G2C15H1_M": [[-0.16146716079510717, 0.031129157516099338, 0.0027842764915318647]], "M_G2C15_M M_G2C15H2_M": [[-0.1623248400110706, 0.03039329703437145, 0.002718459129167893]], "M_G2C16_M M_G2C16H1_M": [[-0.1476600101282172, 0.028469306002545658, 0.0025463721397573956]], "M_G2C16_M M_G2C16H2_M": [[-0.14915515741444985, 0.028047401004312245, 0.002508635809513522]], "M_G2C17_M M_G2C17H1_M": [[-0.13212678263808267, 0.025225499567269383, 0.0022562372719522345]], "M_G2C17_M M_G2C17H2_M": [[-0.13373962653288668, 0.024520444373083664, 0.002193175218268691]], "M_G2C18_M M_G2C18H1_M": [[-0.10092334217916872, 0.019277685508669973, 0.0017242486098499469]], "M_G2C18_M M_G2C18H2_M": [[-0.1011119023476725, 0.020415146982374663, 0.0018259862569295778]], "M_G2C19_M M_G2C19H1_M": [[-0.03079732254399785, 0.008607090003942238, 0.0007698415334909511]], "M_G2C19_M M_G2C19H2_M": [[-0.030918029090367276, 0.007773566176598572, 0.0006952888959387017]], "M_G2C19_M M_G2C19H3_M": [[-0.03074937363406804, 0.0077843013353789976, 0.000696249077729993]], "M_G3_M M_G3H1_M": [[-0.133304532145383, 0.13418253134515926, 0.012001650459230895]], "M_G3_M M_G3H2_M": [[-0.21415489203424382, 0.09437622726980252, 0.008441266385409912]], "M_G3C4_M M_G3C4H1_M": [[0.13778202569654338, 0.10533927477269706, 0.009421831163691172]], "M_G3C4_M M_G3C4H2_M": [[0.15916832501814104, 0.10031356129176018, 0.008972317684538695]], "M_G3C5_M M_G3C5H1_M": [[0.01598795356685791, 0.0580979901939011, 0.005196442217187161]], "M_G3C5_M M_G3C5H2_M": [[0.007352820943628297, 0.06955291009337626, 0.006221001400068822]]}