{"M_G1_M M_G1H1_M": [[-0.026169270170335667, 0.06676778445210492, 0.005971892189678406]], "M_G1_M M_G1H2_M": [[-0.18834726211004205, 0.06771034998121017, 0.006056197813531502]], "M_G1C3_M M_G1C3H1_M": [[-0.253896041097311, 0.03789006053423447, 0.0033889900410452108]], "M_G1C3_M M_G1C3H2_M": [[-0.23587769391591434, 0.042530567492074726, 0.0038040496013568735]], "M_G1C4_M M_G1C4H1_M": [[-0.22002577115860666, 0.0273740254004674, 0.0024484072645300403]], "M_G1C4_M M_G1C4H2_M": [[-0.21183707919022532, 0.026014032778081116, 0.002326765826427883]], "M_G1C5_M M_G1C5H1_M": [[-0.24995985475877824, 0.023240347240783908, 0.0020786798500436994]], "M_G1C5_M M_G1C5H2_M": [[-0.24776806303682974, 0.022990253078305777, 0.0020563107481206206]], "M_G1C6_M M_G1C6H1_M": [[-0.25595226324011633, 0.023479426526820245, 0.0021000637514672744]], "M_G1C6_M M_G1C6H2_M": [[-0.25287165669354505, 0.023081726860145965, 0.0020644924118947664]], "M_G1C7_M M_G1C7H1_M": [[-0.2685746392310382, 0.02367611191139617, 0.0021176558270709724]], "M_G1C7_M M_G1C7H2_M": [[-0.2667318624968841, 0.021954326900435774, 0.001963654693985066]], "M_G1C8_M M_G1C8H1_M": [[-0.2645357633364603, 0.02443775345066974, 0.0021857791173231036]], "M_G1C8_M M_G1C8H2_M": [[-0.2628644740825471, 0.022914023575893016, 0.002049492574149184]], "M_G1C9_M M_G1C9H1_M": [[-0.265317397844016, 0.02479899034366162, 0.00221808912727153]], "M_G1C9_M M_G1C9H2_M": [[-0.264830327812214, 0.024498746779758163, 0.002191234526523733]], "M_G1C10_M M_G1C10H1_M": [[-0.253439169654498, 0.026225008018506184, 0.0023456360255942753]], "M_G1C10_M M_G1C10H2_M": [[-0.2539351566574579, 0.024685164075616647, 0.0022079081963525832]], "M_G1C11_M M_G1C11H1_M": [[-0.2469831261662993, 0.025456413004485177, 0.0022768907976535406]], "M_G1C11_M M_G1C11H2_M": [[-0.24781120095142806, 0.024762003589667705, 0.0022147809314236318]], "M_G1C12_M M_G1C12H1_M": [[-0.23032730543084956, 0.02547135246777119, 0.002278227023871736]], "M_G1C12_M M_G1C12H2_M": [[-0.22887270351397696, 0.025053153267998087, 0.002240822150318589]], "M_G1C13_M M_G1C13H1_M": [[-0.21656254438560524, 0.0237055210723757, 0.0021202862623954308]], "M_G1C13_M M_G1C13H2_M": [[-0.21550778210000254, 0.02397684004494482, 0.0021445537690454293]], "M_G1C14_M M_G1C14H1_M": [[-0.19042339338776185, 0.022287329849211158, 0.0019934393831918516]], "M_G1C14_M M_G1C14H2_M": [[-0.19007682904746484, 0.02259476552500014, 0.0020209372659827614]], "M_G1C15_M M_G1C15H1_M": [[-0.16602509256221237, 0.019755746267608607, 0.0017670076640244237]], "M_G1C15_M M_G1C15H2_M": [[-0.16635407741268565, 0.02029185913420222, 0.0018149590565570478]], "M_G1C16_M M_G1C16H1_M": [[-0.1264059263882216, 0.015267065662738371, 0.001365527865553435]], "M_G1C16_M M_G1C16H2_M": [[-0.1256761783302837, 0.01664540859805474, 0.0014888106055403949]], "M_G1C17_M M_G1C17H1_M": [[-0.04072626746099056, 0.008142120782630071, 0.000728253422038985]], "M_G1C17_M M_G1C17H2_M": [[-0.042233033007569684, 0.007947022260227478, 0.0007108032797029065]], "M_G1C17_M M_G1C17H3_M": [[-0.041191940244313156, 0.007474105401652933, 0.0006685043099637731]], "M_G2_M M_G2H1_M": [[-0.20052434206393221, 0.06275241072356952, 0.005612746245195528]], "M_G2C3_M M_G2C3H1_M": [[-0.09510458027034047, 0.053703155521693476, 0.004803356254109992]], "M_G2C3_M M_G2C3H2_M": [[-0.13592109810693978, 0.03747438305991983, 0.0033518107174738926]], "M_G2C4_M M_G2C4H1_M": [[-0.23244401918922658, 0.030248599513408813, 0.0027055169894459664]], "M_G2C4_M M_G2C4H2_M": [[-0.22906933345905472, 0.02733840339604059, 0.0024452211355943144]], "M_G2C5_M M_G2C5H1_M": [[-0.23298559046759276, 0.02718029360987974, 0.00243107936640377]], "M_G2C5_M M_G2C5H2_M": [[-0.23381536696065866, 0.02556945647855694, 0.0022870017133510283]], "M_G2C6_M M_G2C6H1_M": [[-0.2493527378288945, 0.02893264479293815, 0.002587814421034601]], "M_G2C6_M M_G2C6H2_M": [[-0.24768038029393818, 0.025359569153845896, 0.0022682288203242497]], "M_G2C7_M M_G2C7H1_M": [[-0.22841949952879362, 0.02754053086156597, 0.002463299965715694]], "M_G2C7_M M_G2C7H2_M": [[-0.2276464369185219, 0.027017820033382513, 0.0024165472879399573]], "M_G2C8_M M_G2C8H1_M": [[-0.21904522737215099, 0.02766104026662985, 0.00247407865458173]], "M_G2C8_M M_G2C8H2_M": [[-0.21815062147673508, 0.026457379512738494, 0.0023664199638797415]], "M_G2C9_M M_G2C9H1_M": [[-0.13303064296694486, 0.027422454837848616, 0.002452738925093899]], "M_G2C9_M M_G2C9H2_M": [[-0.13241442721448185, 0.02793036414723022, 0.0024981677147811886]], "M_G2C10_M M_G2C10H1_M": [[-0.08118786925305543, 0.03129672142652187, 0.0027992638633030837]], "M_G2C11_M M_G2C11H1_M": [[-0.06740571088280203, 0.027908251969562762, 0.002496189941485389]], "M_G2C12_M M_G2C12H1_M": [[-0.11307411084510911, 0.03332742120706948, 0.0029808951733510183]], "M_G2C12_M M_G2C12H2_M": [[-0.1151951103546829, 0.03213418833613759, 0.0028741691808553804]], "M_G2C13_M M_G2C13H1_M": [[-0.17410181438708827, 0.027754247396873995, 0.0024824153537502734]], "M_G2C13_M M_G2C13H2_M": [[-0.17426246751722635, 0.028487016722055485, 0.002547956234667572]], "M_G2C14_M M_G2C14H1_M": [[-0.18582389239255154, 0.025492222981603557, 0.002280093739377917]], "M_G2C14_M M_G2C14H2_M": [[-0.183930331798262, 0.026321417779331887, 0.0023542591767503063]], "M_G2C15_M M_G2C15H1_M": [[-0.19214730247007278, 0.02358344752402805, 0.002109367672301033]], "M_G2C15_M M_G2C15H2_M": [[-0.19087902687330663, 0.02434291317665445, 0.0021772963453349876]], "M_G2C16_M M_G2C16H1_M": [[-0.17688641267309313, 0.02113167913932636, 0.0018900748413699195]], "M_G2C16_M M_G2C16H2_M": [[-0.17599445094070468, 0.02156387511898582, 0.0019287316249747464]], "M_G2C17_M M_G2C17H1_M": [[-0.15983100456846105, 0.018673089877811813, 0.001670171932670018]], "M_G2C17_M M_G2C17H2_M": [[-0.1597490147500602, 0.01912548916705413, 0.0017106357552187546]], "M_G2C18_M M_G2C18H1_M": [[-0.1241565961749424, 0.014986502822131967, 0.0013404335622111806]], "M_G2C18_M M_G2C18H2_M": [[-0.12472252673474374, 0.014699779430758076, 0.0013147882424571287]], "M_G2C19_M M_G2C19H1_M": [[-0.04264615682329528, 0.00901962902674799, 0.000806740145425551]], "M_G2C19_M M_G2C19H2_M": [[-0.04151067668202978, 0.00807540812790788, 0.0007222864608022534]], "M_G2C19_M M_G2C19H3_M": [[-0.042343084073093805, 0.007227967508026276, 0.0006464890674842604]], "M_G3_M M_G3H1_M": [[-0.19615250361956454, 0.058458582964893174, 0.005228694615112493]], "M_G3_M M_G3H2_M": [[-0.21036845455334002, 0.04997530031927348, 0.004469926748394498]], "M_G3C4_M M_G3C4H1_M": [[0.0355123435964282, 0.025740451994598564, 0.0023022960172596973]], "M_G3C4_M M_G3C4H2_M": [[0.038724769908295716, 0.026835842693377052, 0.0024002707398352854]], "M_G3C5_M M_G3C5H1_M": [[0.023425432389629675, 0.02790676543149418, 0.0024960569814784896]], "M_G3C6_M M_G3C6H1_M": [[0.017104991836567073, 0.02424929765362156, 0.0021689231184049583]], "M_G3C6_M M_G3C6H2_M": [[0.006233563067782021, 0.027776027862701336, 0.0024843634578371352]]}