{"10.1021/acs.jctc.9b00824": {"M_G1C3_M M_G1C3H1_M": [-0.23158605997083154, 0.05866109374975118, 0.005205330338831062, -0.220769, 0.02, 0.7825888021154652], "M_G1C3_M M_G1C3H2_M": [-0.24972435192811815, 0.05173255554782565, 0.004590521991409378, -0.220769, 0.02, 0.12101546945021324], "M_G1C4_M M_G1C4H1_M": [-0.21472371306677557, 0.04467596571816566, 0.003964350899446544, -0.196239, 0.02, 0.5835384134795794], "M_G1C4_M M_G1C4H2_M": [-0.23496362485583294, 0.04532369386030551, 0.004021827477772525, -0.196239, 0.02, 0.04558013426133811], "M_G1C5_M M_G1C5H1_M": [-0.2519121364686567, 0.03282677075346966, 0.002912904871120181, -0.220769, 0.02, 0.06327745198394097], "M_G1C5_M M_G1C5H2_M": [-0.25804911431463307, 0.03246854241842019, 0.0028811172466238367, -0.220769, 0.02, 0.03659103638533068], "M_G1C6_M M_G1C6H1_M": [-0.24569802238514557, 0.03192903825558911, 0.002833243993549312, -0.220769, 0.02, 0.14601297950666092], "M_G1C6_M M_G1C6H2_M": [-0.2495929128359768, 0.03263738928461014, 0.0028960999832046527, -0.220769, 0.02, 0.08208735496531705], "M_G1C7_M M_G1C7H1_M": [-0.2584254838518679, 0.02883064865460765, 0.0025583063754355023, -0.220769, 0.02, 0.03168758445849018], "M_G1C7_M M_G1C7H2_M": [-0.2572424396625329, 0.028731446820533253, 0.002549503636114309, -0.220769, 0.02, 0.03451490370533383], "M_G1C8_M M_G1C8H1_M": [-0.24831445583038747, 0.029345358118182167, 0.0026039794547315946, -0.220769, 0.02, 0.08836104664955413], "M_G1C8_M M_G1C8H2_M": [-0.2510787283666407, 0.03074624911061377, 0.002728288428843253, -0.220769, 0.02, 0.0651024802244472], "M_G1C9_M M_G1C9H1_M": [-0.24660956155539618, 0.031208722150866442, 0.00276932627511302, -0.220769, 0.02, 0.12172779220325369], "M_G1C9_M M_G1C9H2_M": [-0.24623607361540972, 0.02893232222595488, 0.0025673284459725573, -0.220769, 0.02, 0.12179365322207658], "M_G1C10_M M_G1C10H1_M": [-0.23258491333730505, 0.030795724230465525, 0.0027326786358087126, -0.196239, 0.02, 0.03730144753131148], "M_G1C10_M M_G1C10H2_M": [-0.23322544573235943, 0.029567065130871973, 0.0026236527708209446, -0.196239, 0.02, 0.03413467262910452], "M_G1C11_M M_G1C11H1_M": [-0.22222203442883348, 0.028557393401828016, 0.0025340588927068868, -0.17171, 0.02, 0.01494097694800689], "M_G1C11_M M_G1C11H2_M": [-0.22172779724800523, 0.028965162076562904, 0.0025702425114930852, -0.17171, 0.02, 0.01550922858229331], "M_G1C12_M M_G1C12H1_M": [-0.2042002756429665, 0.028707364871772098, 0.0025473667087150455, -0.17171, 0.02, 0.048604837107767085], "M_G1C12_M M_G1C12H2_M": [-0.20192344301258108, 0.0284451652682313, 0.0025241002562182203, -0.17171, 0.02, 0.06113310965686869], "M_G1C13_M M_G1C13H1_M": [-0.185993865735679, 0.028275403221326385, 0.0025090363104809323, -0.14718, 0.02, 0.028630051794431788], "M_G1C13_M M_G1C13H2_M": [-0.18476628671675382, 0.027842933689057596, 0.002470660845022647, -0.14718, 0.02, 0.030779647305802516], "M_G1C14_M M_G1C14H1_M": [-0.16081825490165594, 0.026471332401975658, 0.002348950911981079, -0.12265, 0.02, 0.028079843273745464], "M_G1C14_M M_G1C14H2_M": [-0.16152063133027797, 0.027291557420309386, 0.0024217341129015176, -0.12265, 0.02, 0.027540963693169607], "M_G1C15_M M_G1C15H1_M": [-0.13455967977937927, 0.02428788179508223, 0.0021552010010795343, -0.09812, 0.02, 0.029343951832340953], "M_G1C15_M M_G1C15H2_M": [-0.13496575647001094, 0.024444687622705328, 0.002169115268265108, -0.09812, 0.02, 0.02862219033354263], "M_G1C16_M M_G1C16H1_M": [-0.09656534527381883, 0.020322115641187508, 0.0018032961599314756, -0.07359, 0.02, 0.16009117222563707], "M_G1C16_M M_G1C16H2_M": [-0.09769870559735948, 0.02081209207405145, 0.0018467745376477063, -0.07359, 0.02, 0.12114105028500399], "M_G1C17_M M_G1C17H1_M": [-0.027027922832617998, 0.011824274837201023, 0.0010492347245915487, -0.0, 0.02, 0.04007309463442377], "M_G1C17_M M_G1C17H2_M": [-0.028276830341218858, 0.011476817863995431, 0.0010184029038999484, -0.0, 0.02, 0.03225603746195349], "M_G1C17_M M_G1C17H3_M": [-0.028206970934317947, 0.0120125635424047, 0.0010659426454127502, -0.0, 0.02, 0.034075503682562736], "M_G2C3_M M_G2C3H1_M": [-0.2357731342156993, 0.07144192092695355, 0.006339445357972351, -0.12, 0.02, 0.00618741102091469], "M_G2C3_M M_G2C3H2_M": [-0.1696336867344754, 0.07131115973949402, 0.006327842178885232, -0.12, 0.02, 0.03811808741198475], "M_G2C4_M M_G2C4H1_M": [-0.2551821268353268, 0.048341547640461224, 0.004289618697401245, -0.2, 0.02, 0.02047772077398269], "M_G2C4_M M_G2C4H2_M": [-0.18886730363075438, 0.05616870816630197, 0.004984166881686208, -0.2, 0.02, 0.7864712461492317], "M_G2C5_M M_G2C5H1_M": [-0.23645129163543074, 0.04114976557619041, 0.0036514512344979684, -0.2, 0.02, 0.04896284937500217], "M_G2C5_M M_G2C5H2_M": [-0.22233270115720488, 0.044514862406285285, 0.00395005529219799, -0.2, 0.02, 0.3005847041541885], "M_G2C6_M M_G2C6H1_M": [-0.23244587226810606, 0.04272862284953919, 0.00379155216239247, -0.22, 0.02, 0.8148993211696208], "M_G2C6_M M_G2C6H2_M": [-0.22842932739500044, 0.04055467836262481, 0.0035986457832351947, -0.22, 0.02, 0.8639405466081163], "M_G2C7_M M_G2C7H1_M": [-0.21497840194067006, 0.03769557176304936, 0.0033449410980104103, -0.2, 0.02, 0.7826081715951904], "M_G2C7_M M_G2C7H2_M": [-0.21447961888581893, 0.041264776197821165, 0.0036616567768735725, -0.2, 0.02, 0.7798989427102969], "M_G2C8_M M_G2C8H1_M": [-0.21026763700306553, 0.03822731859768316, 0.0033921259995177825, -0.17, 0.02, 0.03488822532883451], "M_G2C8_M M_G2C8H2_M": [-0.2094835862264398, 0.039492728690563604, 0.003504412987817613, -0.17, 0.02, 0.03791584167750861], "M_G2C9_M M_G2C9H1_M": [-0.1547737497550416, 0.03509427787165419, 0.003114113591267023, -0.12, 0.02, 0.04804976776948211], "M_G2C9_M M_G2C9H2_M": [-0.1541708680107558, 0.03645075398923804, 0.0032344813825475756, -0.12, 0.02, 0.05244674906837188], "M_G2C10_M M_G2C10H1_M": [-0.1095853059293285, 0.0393501413886452, 0.0034917604107658753, -0.12, 0.02, 0.852416803411835], "M_G2C11_M M_G2C11H1_M": [-0.03176402293049154, 0.040449750175737556, 0.0035893349122696314, -0.0, 0.02, 0.0722276329870769], "M_G2C12_M M_G2C12H1_M": [-0.10012666247509373, 0.03395606090796079, 0.0030131131680809047, -0.07, 0.02, 0.07294484810551394], "M_G2C12_M M_G2C12H2_M": [-0.09676221520483845, 0.03550463005170857, 0.0031505264590794575, -0.07, 0.02, 0.11736945013492195], "M_G2C13_M M_G2C13H1_M": [-0.15003092348416663, 0.03217672178934546, 0.0028552223531447003, -0.12, 0.02, 0.07012389866194968], "M_G2C13_M M_G2C13H2_M": [-0.15225344118292033, 0.0324906871003323, 0.002883082269388203, -0.12, 0.02, 0.05601151561811324], "M_G2C14_M M_G2C14H1_M": [-0.14929355785485576, 0.027913516247963063, 0.002476924034332248], "M_G2C14_M M_G2C14H2_M": [-0.15005786024993384, 0.02772292672828436, 0.002460011949240909], "M_G2C15_M M_G2C15H1_M": [-0.15854521431939844, 0.027545118736225428, 0.0024442340413229394, -0.12, 0.02, 0.028430823257936555], "M_G2C15_M M_G2C15H2_M": [-0.1589236130321902, 0.02685143213107758, 0.0023826793088656687, -0.12, 0.02, 0.027004308749753236], "M_G2C16_M M_G2C16H1_M": [-0.13830748709119023, 0.024121268194536423, 0.0021404164347793766, -0.1, 0.02, 0.025367321869639414], "M_G2C16_M M_G2C16H2_M": [-0.1370937700517783, 0.02347698050572345, 0.002083245147318891, -0.1, 0.02, 0.026993186206701325], "M_G2C17_M M_G2C17H1_M": [-0.12191742993332289, 0.021861631274277152, 0.0019399060817684723, -0.1, 0.02, 0.23713409467889013], "M_G2C17_M M_G2C17H2_M": [-0.12354545503021772, 0.020590519847522075, 0.0018271131818960401, -0.1, 0.02, 0.1381177290286143], "M_G2C18_M M_G2C18H1_M": [-0.08824169874012192, 0.017850740412491597, 0.0015839970702921703, -0.07, 0.02, 0.753408074325553], "M_G2C18_M M_G2C18H2_M": [-0.0859658160183105, 0.0175193927411706, 0.0015545947189895145, -0.07, 0.02, 0.8691696400936177], "M_G2C19_M M_G2C19H1_M": [-0.02891016549043319, 0.010104305840688204, 0.0008966121560865936, -0.0, 0.02, 0.026088880573644335], "M_G2C19_M M_G2C19H2_M": [-0.03064961264700941, 0.01131720397792319, 0.001004239461820008, -0.0, 0.02, 0.023617193034846662],