{"M_G1_M M_G1H1_M": [[-0.21795024983125882, 0.03553510211150688, 0.003153230417141192]], "M_G1_M M_G1H2_M": [[-0.015297426656980296, 0.038342507148208804, 0.0034023473305296956]], "M_G1C3_M M_G1C3H1_M": [[-0.21897724893994575, 0.0203718728407997, 0.0018077113974280952]], "M_G1C3_M M_G1C3H2_M": [[-0.22774125306629828, 0.018739262921300803, 0.001662840693487629]], "M_G1C4_M M_G1C4H1_M": [[-0.1538719365930591, 0.019987348971015034, 0.0017735904215401656]], "M_G1C4_M M_G1C4H2_M": [[-0.1547751665911607, 0.018838643852531003, 0.0016716593251115241]], "M_G1C5_M M_G1C5H1_M": [[-0.1941746311755153, 0.01949187642036487, 0.0017296243422345228]], "M_G1C5_M M_G1C5H2_M": [[-0.19198695195900126, 0.01793842955323021, 0.0015917782232761218]], "M_G1C6_M M_G1C6H1_M": [[-0.18890127575819235, 0.017831046937227472, 0.0015822495569453058]], "M_G1C6_M M_G1C6H2_M": [[-0.18848315704440566, 0.01816763717049796, 0.0016121171103951513]], "M_G1C7_M M_G1C7H1_M": [[-0.20092501037674587, 0.01744763759884092, 0.0015482274797264824]], "M_G1C7_M M_G1C7H2_M": [[-0.2016127013755041, 0.017553471486871343, 0.0015576187186725435]], "M_G1C8_M M_G1C8H1_M": [[-0.1878179027155072, 0.01728309971179343, 0.001533627103214766]], "M_G1C8_M M_G1C8H2_M": [[-0.18917085229487401, 0.01853614564421815, 0.001644816949688212]], "M_G1C9_M M_G1C9H1_M": [[-0.18859310057289747, 0.0176675116292809, 0.0015677381449427296]], "M_G1C9_M M_G1C9H2_M": [[-0.1880088562612673, 0.01861901770676511, 0.0016521706561031903]], "M_G1C10_M M_G1C10H1_M": [[-0.17097945032060485, 0.01769762697456603, 0.0015704104497099372]], "M_G1C10_M M_G1C10H2_M": [[-0.16977107824700552, 0.018173902528201412, 0.0016126730709893492]], "M_G1C11_M M_G1C11H1_M": [[-0.16324597413308814, 0.01743196153859128, 0.0015468364543160305]], "M_G1C11_M M_G1C11H2_M": [[-0.16289870722187672, 0.017538507403339735, 0.0015562908709796219]], "M_G1C12_M M_G1C12H1_M": [[-0.14233028587080174, 0.016126451983521067, 0.001430991214136382]], "M_G1C12_M M_G1C12H2_M": [[-0.14292880328999918, 0.01686547410350626, 0.0014965688230135178]], "M_G1C13_M M_G1C13H1_M": [[-0.13173575905472248, 0.015129179241331728, 0.0013424975681918853]], "M_G1C13_M M_G1C13H2_M": [[-0.1323170210013918, 0.015117467844577627, 0.0013414583497774746]], "M_G1C14_M M_G1C14H1_M": [[-0.1095289761672665, 0.013778863153103347, 0.0012226763911260094]], "M_G1C14_M M_G1C14H2_M": [[-0.11069249442315215, 0.012899480767004317, 0.0011446438226689246]], "M_G1C15_M M_G1C15H1_M": [[-0.09467157200813661, 0.011121175853735926, 0.0009868447786173882]], "M_G1C15_M M_G1C15H2_M": [[-0.0953034866491553, 0.011106641215304362, 0.0009855550380149622]], "M_G1C16_M M_G1C16H1_M": [[-0.06702747600648051, 0.008590588165945554, 0.0007622914328764822]], "M_G1C16_M M_G1C16H2_M": [[-0.06717679258696882, 0.008521055455217573, 0.0007561214025283001]], "M_G1C17_M M_G1C17H1_M": [[-0.020998575083803143, 0.004833584778392799, 0.00042891129169214947]], "M_G1C17_M M_G1C17H2_M": [[-0.021361517287129678, 0.00503646621314909, 0.000446914107869217]], "M_G1C17_M M_G1C17H3_M": [[-0.021829152610092502, 0.004719205710651991, 0.00041876179066207414]], "M_G2_M M_G2H1_M": [[-0.20277638990991786, 0.04975245209029707, 0.004414816222173845]], "M_G2C3_M M_G2C3H1_M": [[-0.21897724893994575, 0.0203718728407997, 0.0018077113974280952]], "M_G2C3_M M_G2C3H2_M": [[-0.22774125306629828, 0.018739262921300803, 0.001662840693487629]], "M_G2C4_M M_G2C4H1_M": [[-0.1538719365930591, 0.019987348971015034, 0.0017735904215401656]], "M_G2C4_M M_G2C4H2_M": [[-0.1547751665911607, 0.018838643852531003, 0.0016716593251115241]], "M_G2C5_M M_G2C5H1_M": [[-0.1941746311755153, 0.01949187642036487, 0.0017296243422345228]], "M_G2C5_M M_G2C5H2_M": [[-0.19198695195900126, 0.01793842955323021, 0.0015917782232761218]], "M_G2C6_M M_G2C6H1_M": [[-0.18890127575819235, 0.017831046937227472, 0.0015822495569453058]], "M_G2C6_M M_G2C6H2_M": [[-0.18848315704440566, 0.01816763717049796, 0.0016121171103951513]], "M_G2C7_M M_G2C7H1_M": [[-0.20092501037674587, 0.01744763759884092, 0.0015482274797264824]], "M_G2C7_M M_G2C7H2_M": [[-0.2016127013755041, 0.017553471486871343, 0.0015576187186725435]], "M_G2C8_M M_G2C8H1_M": [[-0.1878179027155072, 0.01728309971179343, 0.001533627103214766]], "M_G2C8_M M_G2C8H2_M": [[-0.18917085229487401, 0.01853614564421815, 0.001644816949688212]], "M_G2C9_M M_G2C9H1_M": [[-0.18859310057289747, 0.0176675116292809, 0.0015677381449427296]], "M_G2C9_M M_G2C9H2_M": [[-0.1880088562612673, 0.01861901770676511, 0.0016521706561031903]], "M_G2C10_M M_G2C10H1_M": [[-0.17097945032060485, 0.01769762697456603, 0.0015704104497099372]], "M_G2C11_M M_G2C11H1_M": [[-0.16324597413308814, 0.01743196153859128, 0.0015468364543160305]], "M_G2C12_M M_G2C12H1_M": [[-0.14233028587080174, 0.016126451983521067, 0.001430991214136382]], "M_G2C12_M M_G2C12H2_M": [[-0.14292880328999918, 0.01686547410350626, 0.0014965688230135178]], "M_G2C13_M M_G2C13H1_M": [[-0.13173575905472248, 0.015129179241331728, 0.0013424975681918853]], "M_G2C13_M M_G2C13H2_M": [[-0.1323170210013918, 0.015117467844577627, 0.0013414583497774746]], "M_G2C14_M M_G2C14H1_M": [[-0.1095289761672665, 0.013778863153103347, 0.0012226763911260094]], "M_G2C14_M M_G2C14H2_M": [[-0.11069249442315215, 0.012899480767004317, 0.0011446438226689246]], "M_G2C15_M M_G2C15H1_M": [[-0.09467157200813661, 0.011121175853735926, 0.0009868447786173882]], "M_G2C15_M M_G2C15H2_M": [[-0.0953034866491553, 0.011106641215304362, 0.0009855550380149622]], "M_G2C16_M M_G2C16H1_M": [[-0.06702747600648051, 0.008590588165945554, 0.0007622914328764822]], "M_G2C16_M M_G2C16H2_M": [[-0.06717679258696882, 0.008521055455217573, 0.0007561214025283001]], "M_G2C17_M M_G2C17H1_M": [[-0.020998575083803143, 0.004833584778392799, 0.00042891129169214947]], "M_G2C17_M M_G2C17H2_M": [[-0.021361517287129678, 0.00503646621314909, 0.000446914107869217]], "M_G2C18_M M_G2C18H1_M": [[-0.06315242881225816, 0.008012382880928138, 0.0007109840105325819]], "M_G2C18_M M_G2C18H2_M": [[-0.06338664419122345, 0.007887986892563717, 0.0006999456515305398]], "M_G2C19_M M_G2C19H1_M": [[-0.021493801971108135, 0.00486002580910845, 0.00043125755376426984]], "M_G2C19_M M_G2C19H2_M": [[-0.019968037723755487, 0.004671597036653037, 0.00041453720398431]], "M_G2C19_M M_G2C19H3_M": [[-0.020567901476355593, 0.00481523827220375, 0.0004272833025229599]], "M_G3_M M_G3H1_M": [[-0.144949641415367, 0.05158173540917944, 0.004577138868231503]], "M_G3_M M_G3H2_M": [[-0.17532905037645563, 0.03455396288177411, 0.003066168388926504]], "M_G3C4_M M_G3C4H1_M": [[-0.0002797471331683105, 0.012595915303630762, 0.0011177067436730804]], "M_G3C4_M M_G3C4H2_M": [[5.685653668076459e-05, 0.013449920622301333, 0.0011934874615329115]], "M_G3C5_M M_G3C5H1_M": [[-0.04858628905003807, 0.010045652734682895, 0.0008914075345454652]], "M_G3C5_M M_G3C5H2_M": [[-0.050132359613934654, 0.009965172556579216, 0.0008842660735535385]], "M_G3N6C1_M M_G3N6C1H1_M": [[0.011041045640088364, 0.004734565975977152, 0.0004201247938043382]], "M_G3N6C1_M M_G3N6C1H2_M": [[0.010602262837647772, 0.004231399172613819, 0.0003754759599756831]], "M_G3N6C1_M M_G3N6C1H3_M": [[0.011136474196523548, 0.004486027631728485, 0.0003980705820434824]], "M_G3N6C2_M M_G3N6C2H1_M": [[0.011290755401971107, 0.004738458495090187, 0.000420470199021636]], "M_G3N6C2_M M_G3N6C2H2_M": [[0.01094217821317304, 0.004601811668177516, 0.00040834475388643445]], "M_G3N6C2_M M_G3N6C2H3_M": [[0.011057111730183257, 0.004412031552474456, 0.0003915044917837491]], "M_G3N6C3_M M_G3N6C3H1_M": [[0.011093829818555275, 0.00419905834189173, 0.000372606175309566]], "M_G3N6C3_M M_G3N6C3H2_M": [[0.010326728386867233, 0.005074065067429774, 0.0004502504666784722]], "M_G3N6C3_M M_G3N6C3H3_M": [[0.010782820341591514, 0.004602505511594982, 0.0004084063225337349]]}