{"M_G1_M M_G1H1_M": [[-0.025493533771314466, 0.08797426430410593, 0.007868657410180563]], "M_G1_M M_G1H2_M": [[-0.17162592397125506, 0.06904444113563389, 0.006175522553910406]], "M_G1C3_M M_G1C3H1_M": [[-0.2165669465329268, 0.037782407101780525, 0.0033793612253260824]], "M_G1C3_M M_G1C3H2_M": [[-0.2295420971884442, 0.03334762578873881, 0.0029827023260738006]], "M_G1C4_M M_G1C4H1_M": [[-0.1749794101978279, 0.030067673545562078, 0.002689334478925957]], "M_G1C4_M M_G1C4H2_M": [[-0.19088942821966606, 0.02979400223547533, 0.002664856572812141]], "M_G1C5_M M_G1C5H1_M": [[-0.20761617848666514, 0.026883002832397414, 0.0024044888709024]], "M_G1C5_M M_G1C5H2_M": [[-0.21491917402310892, 0.024832097541345296, 0.002221050325054139]], "M_G1C6_M M_G1C6H1_M": [[-0.18791552621578023, 0.02624889003190506, 0.002347772097810253]], "M_G1C6_M M_G1C6H2_M": [[-0.190294261333529, 0.025702667451261114, 0.002298916464963644]], "M_G1C7_M M_G1C7H1_M": [[-0.19729762436887952, 0.02489890192248561, 0.0022270254905511207]], "M_G1C7_M M_G1C7H2_M": [[-0.19715516128737945, 0.025127671362618505, 0.00224748725132359]], "M_G1C8_M M_G1C8H1_M": [[-0.17751801308589046, 0.024543574514630833, 0.0021952440410218377]], "M_G1C8_M M_G1C8H2_M": [[-0.17740668297657744, 0.023890280593364448, 0.0021368116563322765]], "M_G1C9_M M_G1C9H1_M": [[-0.17330796643488922, 0.024755484661590183, 0.002214197860770761]], "M_G1C9_M M_G1C9H2_M": [[-0.17374300902757522, 0.023889800083150274, 0.0021367686781921654]], "M_G1C10_M M_G1C10H1_M": [[-0.15353681274154066, 0.024914111839548857, 0.002228385906890543]], "M_G1C10_M M_G1C10H2_M": [[-0.15475691656810714, 0.024383489388806735, 0.0021809255920806664]], "M_G1C11_M M_G1C11H1_M": [[-0.1433196041120815, 0.02362971373867951, 0.0021135058483419235]], "M_G1C11_M M_G1C11H2_M": [[-0.1435766930516881, 0.022991425981253852, 0.0020564156557495365]], "M_G1C12_M M_G1C12H1_M": [[-0.12452671433542059, 0.021141644012078076, 0.0018909661266843184]], "M_G1C12_M M_G1C12H2_M": [[-0.12416677350543244, 0.021334081712608102, 0.001908178277877074]], "M_G1C13_M M_G1C13H1_M": [[-0.11247528180235833, 0.019717956660647833, 0.0017636276588241322]], "M_G1C13_M M_G1C13H2_M": [[-0.11226625771679972, 0.019515961362131733, 0.0017455606500794377]], "M_G1C14_M M_G1C14H1_M": [[-0.09348235229870552, 0.01631637484817298, 0.0014593809322753038]], "M_G1C14_M M_G1C14H2_M": [[-0.09439101161699652, 0.01677386336821672, 0.0015002999494650468]], "M_G1C15_M M_G1C15H1_M": [[-0.08025706463814263, 0.01362413253169523, 0.0012185794590134737]], "M_G1C15_M M_G1C15H2_M": [[-0.0800862326550509, 0.014149975523847919, 0.0012656122860512857]], "M_G1C16_M M_G1C16H1_M": [[-0.05810506885631532, 0.009956637700197453, 0.000890548748999147]], "M_G1C16_M M_G1C16H2_M": [[-0.058041488623765056, 0.01119307089745802, 0.0010011386961476284]], "M_G1C17_M M_G1C17H1_M": [[-0.019599413040486537, 0.006396198325359174, 0.0005720933701229372]], "M_G1C17_M M_G1C17H2_M": [[-0.019445722633009168, 0.0052032430067465996, 0.0004653922026614317]], "M_G1C17_M M_G1C17H3_M": [[-0.018762628219865084, 0.006234488826986877, 0.0005576296328842232]], "M_G2_M M_G2H1_M": [[0.0874808353781264, 0.1034955128266565, 0.009256920081864213]], "M_G2C3_M M_G2C3H1_M": [[-0.17085940948477726, 0.04584123574575136, 0.004100164772003732]], "M_G2C3_M M_G2C3H2_M": [[-0.10599796391744613, 0.04433703651141842, 0.003965625102416868]], "M_G2C4_M M_G2C4H1_M": [[-0.18833341248912114, 0.0337957917849632, 0.0030227875113842664]], "M_G2C4_M M_G2C4H2_M": [[-0.13279326224172067, 0.03563849857395767, 0.0031876042170959464]], "M_G2C5_M M_G2C5H1_M": [[-0.18531759873103731, 0.03330879972066515, 0.0029792296169733313]], "M_G2C5_M M_G2C5H2_M": [[-0.17411451143286427, 0.03494784227134449, 0.0031258300394266768]], "M_G2C6_M M_G2C6H1_M": [[-0.1748772883743987, 0.034161105016220994, 0.0030554621201111676]], "M_G2C6_M M_G2C6H2_M": [[-0.17380710838089078, 0.03394743322710089, 0.003036350734297306]], "M_G2C7_M M_G2C7H1_M": [[-0.16016429661909118, 0.0324053282914081, 0.0028984206757114253]], "M_G2C7_M M_G2C7H2_M": [[-0.1605960542948206, 0.03438955103380636, 0.003075894953091567]], "M_G2C8_M M_G2C8H1_M": [[-0.15113403030488073, 0.031970887043226516, 0.00285956306918487]], "M_G2C8_M M_G2C8H2_M": [[-0.152030890838139, 0.032077334607338304, 0.0028690840287605985]], "M_G2C9_M M_G2C9H1_M": [[-0.11076507790725859, 0.030203771785814567, 0.0027015074755988634]], "M_G2C9_M M_G2C9H2_M": [[-0.11588189028361033, 0.03196833717766912, 0.002859335002276077]], "M_G2C10_M M_G2C10H1_M": [[-0.09123014710915979, 0.03414855769260198, 0.0030543398533692556]], "M_G2C11_M M_G2C11H1_M": [[-0.013461445880406934, 0.036339331091641454, 0.003250288583111277]], "M_G2C12_M M_G2C12H1_M": [[-0.04686732073806422, 0.029474241526709178, 0.0026362563055587563]], "M_G2C12_M M_G2C12H2_M": [[-0.042156080173150326, 0.03130406502130988, 0.002799920694388892]], "M_G2C13_M M_G2C13H1_M": [[-0.07896468011090944, 0.02480519986416948, 0.00221864452367006]], "M_G2C13_M M_G2C13H2_M": [[-0.07860295630650009, 0.024385282131710137, 0.0021810859398805936]], "M_G2C14_M M_G2C14H1_M": [[-0.0794615689721363, 0.021732952598216712, 0.0019438543744557297]], "M_G2C14_M M_G2C14H2_M": [[-0.07909618663636862, 0.02121728949151894, 0.0018977320640531318]], "M_G2C15_M M_G2C15H1_M": [[-0.08664048503511634, 0.020034338882077084, 0.00179192574498366]], "M_G2C15_M M_G2C15H2_M": [[-0.08730130608713466, 0.01935122963782446, 0.001730826596735365]], "M_G2C16_M M_G2C16H1_M": [[-0.07868244780922329, 0.016927924431437372, 0.0015140795898669376]], "M_G2C16_M M_G2C16H2_M": [[-0.07836496102096865, 0.016676095208508563, 0.001491555299419347]], "M_G2C17_M M_G2C17H1_M": [[-0.0720529130562424, 0.014806349382339322, 0.0013243201487009098]], "M_G2C17_M M_G2C17H2_M": [[-0.07314198343949516, 0.013332799244329781, 0.0011925218176271686]], "M_G2C18_M M_G2C18H1_M": [[-0.053819841597459596, 0.011278612963559798, 0.0010087898111372027]], "M_G2C18_M M_G2C18H2_M": [[-0.054793567398850836, 0.010560319209885715, 0.000944543664696053]], "M_G2C19_M M_G2C19H1_M": [[-0.017378634956105744, 0.005303598879033306, 0.0004743683047564062]], "M_G2C19_M M_G2C19H2_M": [[-0.01816965637620073, 0.0062018705133617185, 0.0005547121622211328]], "M_G2C19_M M_G2C19H3_M": [[-0.018111200710549658, 0.005901314543227502, 0.0005278296190105926]], "M_G3_M M_G3H1_M": [[0.09501885613141882, 0.09559643923569265, 0.008550405461517472]], "M_G3_M M_G3H2_M": [[0.06255417320419171, 0.08524206985955908, 0.007624282509950402]], "M_G3C4_M M_G3C4H1_M": [[0.06662544485219235, 0.05450940127129469, 0.0048754690662171345]], "M_G3C4_M M_G3C4H2_M": [[0.06840221490360182, 0.040911863240404564, 0.003659268291668777]], "M_G3C5_M M_G3C5H1_M": [[0.010916869637487033, 0.03469125545853926, 0.0031028802172041767]], "M_G3C5_M M_G3C5H2_M": [[0.0059338333808579315, 0.04438795682988309, 0.003970179554157786]]}