{"M_G1_M M_G1H1_M": [[-0.0504373208584782, 0.07670987424770061, 0.005437818809274792]], "M_G1_M M_G1H2_M": [[-0.15747911369516793, 0.058726131912605596, 0.004162985115568635]], "M_G1C3_M M_G1C3H1_M": [[-0.2738343356502162, 0.029354141994466197, 0.002080859954902299]], "M_G1C3_M M_G1C3H2_M": [[-0.2778970138155676, 0.025829601354033286, 0.001831011893273206]], "M_G1C4_M M_G1C4H1_M": [[-0.2600984163930194, 0.027736272358387114, 0.001966172217185286]], "M_G1C4_M M_G1C4H2_M": [[-0.2680230840060494, 0.025855584545176488, 0.0018328537928579615]], "M_G1C5_M M_G1C5H1_M": [[-0.3041525642075372, 0.02362922100639074, 0.0016750310660418551]], "M_G1C5_M M_G1C5H2_M": [[-0.30768683383462725, 0.023544632517759068, 0.0016690347470667496]], "M_G1C6_M M_G1C6H1_M": [[-0.3081247024389815, 0.02639053959848638, 0.0018707757511395228]], "M_G1C6_M M_G1C6H2_M": [[-0.30945979486213265, 0.02692800725921209, 0.0019088758234383483]], "M_G1C7_M M_G1C7H1_M": [[-0.3244396365657674, 0.025351272375839944, 0.0017971040510279957]], "M_G1C7_M M_G1C7H2_M": [[-0.3240303512000217, 0.025039844071380397, 0.001775027483854097]], "M_G1C8_M M_G1C8H1_M": [[-0.3203094009469001, 0.025663323382867437, 0.001819224760416567]], "M_G1C8_M M_G1C8H2_M": [[-0.32134336910508154, 0.025909912912981385, 0.0018367050287415286]], "M_G1C9_M M_G1C9H1_M": [[-0.32012603490639513, 0.02572448604798916, 0.0018235604667918679]], "M_G1C9_M M_G1C9H2_M": [[-0.3202439340057891, 0.024951178109826815, 0.0017687421204871645]], "M_G1C10_M M_G1C10H1_M": [[-0.3066866131171707, 0.02596527720906599, 0.0018406296996338178]], "M_G1C10_M M_G1C10H2_M": [[-0.30819851513323565, 0.024743269145954653, 0.0017540038448029913]], "M_G1C11_M M_G1C11H1_M": [[-0.2966795705442361, 0.024724041944877824, 0.0017526408646561633]], "M_G1C11_M M_G1C11H2_M": [[-0.29785082413107167, 0.023485143144225933, 0.0016648176571872138]], "M_G1C12_M M_G1C12H1_M": [[-0.2756738035703863, 0.023755416162215732, 0.0016839768034545986]], "M_G1C12_M M_G1C12H2_M": [[-0.2753085801587056, 0.02376321281554706, 0.001684529493555453]], "M_G1C13_M M_G1C13H1_M": [[-0.25559610919620734, 0.023014146697518882, 0.00163142960431758]], "M_G1C13_M M_G1C13H2_M": [[-0.2559432826382547, 0.02297743852351576, 0.001628827430855481]], "M_G1C14_M M_G1C14H1_M": [[-0.22222610909356288, 0.022514587456502685, 0.0015960167886431187]], "M_G1C14_M M_G1C14H2_M": [[-0.22255421294702532, 0.022097173945547104, 0.0015664271293798235]], "M_G1C15_M M_G1C15H1_M": [[-0.18775532240496098, 0.01947213856716726, 0.001380343305158282]], "M_G1C15_M M_G1C15H2_M": [[-0.18801091163749867, 0.020018758107597987, 0.0014190921370084454]], "M_G1C16_M M_G1C16H1_M": [[-0.13272036572970747, 0.01759027384096791, 0.001246941451681194]], "M_G1C16_M M_G1C16H2_M": [[-0.1316627506206541, 0.01725966238045672, 0.0012235050266295204]], "M_G1C17_M M_G1C17H1_M": [[-0.041043904145819515, 0.009828673068605928, 0.0006967361608506349]], "M_G1C17_M M_G1C17H2_M": [[-0.040115188839138984, 0.010779854126872419, 0.0007641635983271403]], "M_G1C17_M M_G1C17H3_M": [[-0.04036811004495929, 0.01061605356973134, 0.0007525520846944199]], "M_G2_M M_G2H1_M": [[-0.009228636939575282, 0.09009503793758047, 0.006386667905846378]], "M_G2C3_M M_G2C3H1_M": [[-0.18736814841623345, 0.042285405147679804, 0.002997532895535295]], "M_G2C3_M M_G2C3H2_M": [[-0.16983645692252516, 0.041062402963795465, 0.002910836569351319]], "M_G2C4_M M_G2C4H1_M": [[-0.25978534267307585, 0.028649324522844386, 0.0020308967690428796]], "M_G2C4_M M_G2C4H2_M": [[-0.21794696635799013, 0.036205472940405485, 0.0025665379285891338]], "M_G2C5_M M_G2C5H1_M": [[-0.26602259445348275, 0.026818860982448477, 0.0019011386490189119]], "M_G2C5_M M_G2C5H2_M": [[-0.2613628433337051, 0.029127131415505447, 0.0020647676016259655]], "M_G2C6_M M_G2C6H1_M": [[-0.28589581359366817, 0.02701762610677015, 0.0019152287351031898]], "M_G2C6_M M_G2C6H2_M": [[-0.28284027301696585, 0.028121564989388014, 0.0019934848876397605]], "M_G2C7_M M_G2C7H1_M": [[-0.2752338022080005, 0.028838378911596626, 0.0020442984793339596]], "M_G2C7_M M_G2C7H2_M": [[-0.27489894691155065, 0.028717701165137048, 0.002035743860701164]], "M_G2C8_M M_G2C8H1_M": [[-0.2729713392196873, 0.02714597708860367, 0.0019243272949698049]], "M_G2C8_M M_G2C8H2_M": [[-0.27232089904982126, 0.0274918812650363, 0.0019488477919105027]], "M_G2C9_M M_G2C9H1_M": [[-0.2023232492027377, 0.028495229678460608, 0.002019973275145645]], "M_G2C9_M M_G2C9H2_M": [[-0.20254445381962285, 0.02639332171647528, 0.0018709729702547676]], "M_G2C10_M M_G2C10H1_M": [[-0.13866206626030866, 0.029152608983725965, 0.00206657365855205]], "M_G2C11_M M_G2C11H1_M": [[-0.06203237468570565, 0.03547609382213786, 0.0025148336137625865]], "M_G2C12_M M_G2C12H1_M": [[-0.16042940681369125, 0.02884190376814589, 0.002044548349789772]], "M_G2C12_M M_G2C12H2_M": [[-0.16025037790290134, 0.028723570246497764, 0.002036159908847892]], "M_G2C13_M M_G2C13H1_M": [[-0.22764228679750087, 0.026157258310549953, 0.0018542388790896958]], "M_G2C13_M M_G2C13H2_M": [[-0.22796527327956595, 0.026113140076523798, 0.0018511114203997657]], "M_G2C14_M M_G2C14H1_M": [[-0.22773101911918858, 0.024974896011970216, 0.0017704234379923329]], "M_G2C14_M M_G2C14H2_M": [[-0.22743189132625943, 0.024559452371118583, 0.0017409734191183373]], "M_G2C15_M M_G2C15H1_M": [[-0.23411527076722422, 0.02238929345555993, 0.0015871349324062573]], "M_G2C15_M M_G2C15H2_M": [[-0.23367556583576057, 0.02253272284857681, 0.0015973023725017993]], "M_G2C16_M M_G2C16H1_M": [[-0.20449972269432037, 0.020346991055325732, 0.0014423599537593135]], "M_G2C16_M M_G2C16H2_M": [[-0.20374482004784011, 0.021457436237639422, 0.0015210773256527366]], "M_G2C17_M M_G2C17H1_M": [[-0.18135613704378956, 0.018069892873227664, 0.0012809407434345168]], "M_G2C17_M M_G2C17H2_M": [[-0.18150490038483288, 0.018810565986532544, 0.0013334456683422008]], "M_G2C18_M M_G2C18H1_M": [[-0.1259998535420899, 0.01568159768560369, 0.0011116389863826675]], "M_G2C18_M M_G2C18H2_M": [[-0.12467009009156342, 0.015816967184871106, 0.0011212350757588735]], "M_G2C19_M M_G2C19H1_M": [[-0.045438294964124014, 0.011123527207476853, 0.00078852593707792]], "M_G2C19_M M_G2C19H2_M": [[-0.04548664354356991, 0.0115330517130131, 0.0008175563595744179]], "M_G2C19_M M_G2C19H3_M": [[-0.046182051177739485, 0.011130971343283625, 0.0007890536378740152]], "M_G3_M M_G3H1_M": [[0.0066247129177722484, 0.08659983836922727, 0.006138899777670495]], "M_G3_M M_G3H2_M": [[0.06586497940010357, 0.077743347655789, 0.005511079796761769]], "M_G3C4_M M_G3C4H1_M": [[0.02044364982533927, 0.032820631282841024, 0.002326592865291463]], "M_G3C4_M M_G3C4H2_M": [[0.019011382853375315, 0.03833548402018411, 0.002717530410680591]], "M_G3C5_M M_G3C5H1_M": [[-0.058221475459965456, 0.027262369220610767, 0.0019325781144488728]], "M_G3C5_M M_G3C5H2_M": [[-0.08218276039795339, 0.027243445009842663, 0.0019312366127155602]], "M_G3N6C1_M M_G3N6C1H1_M": [[0.01624431697161881, 0.015545499469305, 0.0011019912396257375]], "M_G3N6C1_M M_G3N6C1H2_M": [[0.01445407160331759, 0.0157997430457625, 0.0011200140889102196]], "M_G3N6C1_M M_G3N6C1H3_M": [[0.01701229923202098, 0.015174994727789437, 0.001075726854863052]], "M_G3N6C2_M M_G3N6C2H1_M": [[0.016685483951637804, 0.015716539208635905, 0.0011141159252778577]], "M_G3N6C2_M M_G3N6C2H2_M": [[0.016309650783953033, 0.013972925051181006, 0.0009905143947772355]], "M_G3N6C2_M M_G3N6C2H3_M": [[0.015449120390659694, 0.016717104005700915, 0.0011850440831810943]], "M_G3N6C3_M M_G3N6C3H1_M": [[0.017122401635787203, 0.014229927779288868, 0.0010087328351363885]], "M_G3N6C3_M M_G3N6C3H2_M": [[0.014048590928379796, 0.017399159127457025, 0.0012333936888403521]], "M_G3N6C3_M M_G3N6C3H3_M": [[0.01596748249765166, 0.015955290061955778, 0.0011310405245376738]]}