{"POPC": 0.1089437237169274, "CER": 0.1053838731033048}