{
    "unpublished/nesterenkoPOPC": {
        "M_G1_M M_G1H1_M": [-0.17629, 0.0342976, 0.00243129, -0.143, 0.02, 0.0430827],
        "M_G1_M M_G1H2_M": [-0.0437899, 0.0292446, 0.00207309, 0, 0.02, 0.0173271],
        "M_G1C3_M M_G1C3H1_M": [-0.224623, 0.0208559, 0.00147844, -0.197, 0.02, 0.0510988],
        "M_G1C3_M M_G1C3H2_M": [-0.190615, 0.0217065, 0.00153873, -0.197, 0.02, 0.945635],
        "M_G1C4_M M_G1C4H1_M": [-0.154761, 0.0165505, 0.00117323, -0.178, 0.02, 0.101984],
        "M_G1C4_M M_G1C4H2_M": [-0.141479, 0.0167019, 0.00118397, -0.178, 0.02, 0.0161058],
        "M_G1C5_M M_G1C5H1_M": [-0.183375, 0.0154428, 0.00109471, -0.195, 0.02, 0.947614],
        "M_G1C5_M M_G1C5H2_M": [-0.182031, 0.0153796, 0.00109023, -0.195, 0.02, 0.940511],
        "M_G1C6_M M_G1C6H1_M": [-0.181333, 0.0152108, 0.00107826, -0.183, 0.02, 0.965472],
        "M_G1C6_M M_G1C6H2_M": [-0.179026, 0.0155587, 0.00110292, -0.183, 0.02, 0.963495],
        "M_G1C7_M M_G1C7H1_M": [-0.193571, 0.0146704, 0.00103996, -0.195, 0.02, 0.966758],
        "M_G1C7_M M_G1C7H2_M": [-0.191733, 0.0148208, 0.00105062, -0.195, 0.02, 0.965677],
        "M_G1C8_M M_G1C8H1_M": [-0.180556, 0.0138131, 0.000979187, -0.183, 0.02, 0.968386],
        "M_G1C8_M M_G1C8H2_M": [-0.180027, 0.01421, 0.00100732, -0.183, 0.02, 0.967242],
        "M_G1C9_M M_G1C9H1_M": [-0.178435, 0.0139121, 0.000986204, -0.178, 0.02, 0.968619],
        "M_G1C9_M M_G1C9H2_M": [-0.178701, 0.0131701, 0.000933601, -0.178, 0.02, 0.970268],
        "M_G1C10_M M_G1C10H1_M": [-0.160925, 0.0133319, 0.000945074, -0.172, 0.02, 0.956741],
        "M_G1C10_M M_G1C10H2_M": [-0.161187, 0.0132952, 0.000942473, -0.172, 0.02, 0.957726],
        "M_G1C11_M M_G1C11H1_M": [-0.153303, 0.0123933, 0.000878539, -0.149, 0.02, 0.970702],
        "M_G1C11_M M_G1C11H2_M": [-0.153933, 0.0122275, 0.000866782, -0.149, 0.02, 0.970647],
        "M_G1C12_M M_G1C12H1_M": [-0.135205, 0.0118448, 0.000839652, -0.138, 0.02, 0.972758],
        "M_G1C12_M M_G1C12H2_M": [-0.135117, 0.0114956, 0.0008149, -0.138, 0.02, 0.973527],
        "M_G1C13_M M_G1C13H1_M": [-0.124978, 0.0108188, 0.000766923, -0.118, 0.02, 0.972229],
        "M_G1C13_M M_G1C13H2_M": [-0.125205, 0.0111968, 0.000793721, -0.118, 0.02, 0.970995],
        "M_G1C14_M M_G1C14H1_M": [-0.106886, 0.00980912, 0.00069535, -0.104, 0.02, 0.977406],
        "M_G1C14_M M_G1C14H2_M": [-0.106653, 0.00951188, 0.000674279, -0.104, 0.02, 0.978162],
        "M_G1C15_M M_G1C15H1_M": [-0.0931874, 0.00845654, 0.000599468, -0.089, 0.02, 0.980051],
        "M_G1C15_M M_G1C15H2_M": [-0.0929433, 0.0082739, 0.000586521, -0.089, 0.02, 0.980582],
        "M_G1C16_M M_G1C16H1_M": [-0.0685068, 0.00643569, 0.000456214, -0.067, 0.02, 0.985398],
        "M_G1C16_M M_G1C16H2_M": [-0.0683352, 0.00655183, 0.000464447, -0.067, 0.02, 0.985153],
        "M_G1C17_M M_G1C17H1_M": [-0.0224695, 0.00335962, 0.000238157, -0.013, 0.02, 0.99023],
        "M_G1C17_M M_G1C17H2_M": [-0.0225571, 0.00328936, 0.000233177, -0.013, 0.02, 0.990383],
        "M_G1C17_M M_G1C17H3_M": [-0.0226649, 0.00366399, 0.000259734, -0.013, 0.02, 0.989215],
        "M_G2_M M_G2H1_M": [-0.196084, 0.0302963, 0.00214765, -0.2, 0.02, 0.929239],
        "M_G2C3_M M_G2C3H1_M": [-0.0595952, 0.0226736, 0.00160729, -0.075, 0.02, 0.878456],
        "M_G2C3_M M_G2C3H2_M": [-0.0928689, 0.0216767, 0.00153662, -0.124, 0.02, 0.0341027],
        "M_G2C4_M M_G2C4H1_M": [-0.182346, 0.0187307, 0.00132779, -0.178, 0.02, 0.955722],
        "M_G2C4_M M_G2C4H2_M": [-0.189505, 0.0181259, 0.00128491, -0.178, 0.02, 0.939241],
        "M_G2C5_M M_G2C5H1_M": [-0.179492, 0.0173701, 0.00123133, -0.18, 0.02, 0.96083],
        "M_G2C5_M M_G2C5H2_M": [-0.181736, 0.0168971, 0.0011978, -0.18, 0.02, 0.961631],
        "M_G2C6_M M_G2C6H1_M": [-0.189236, 0.0176049, 0.00124798, -0.189, 0.02, 0.960322],
        "M_G2C6_M M_G2C6H2_M": [-0.187299, 0.0175905, 0.00124696, -0.189, 0.02, 0.960072],
        "M_G2C7_M M_G2C7H1_M": [-0.167004, 0.0158805, 0.00112574, -0.166, 0.02, 0.964114],
        "M_G2C7_M M_G2C7H2_M": [-0.16585, 0.0160838, 0.00114015, -0.166, 0.02, 0.963745],
        "M_G2C8_M M_G2C8H1_M": [-0.158614, 0.0157737, 0.00111817, -0.155, 0.02, 0.963251],
        "M_G2C8_M M_G2C8H2_M": [-0.158169, 0.0160106, 0.00113496, -0.155, 0.02, 0.962988],
        "M_G2C9_M M_G2C9H1_M": [-0.0918092, 0.0146332, 0.00103732, -0.118, 0.02, 0.0456974],
        "M_G2C9_M M_G2C9H2_M": [-0.0911454, 0.014217, 0.00100782, -0.118, 0.02, 0.039622],
        "M_G2C10_M M_G2C10H1_M": [-0.0463442, 0.016994, 0.00120467, -0.104, 0.02, 0.00524225],
        "M_G2C11_M M_G2C11H1_M": [-0.0371715, 0.014663, 0.00103943, -0.023, 0.02, 0.934145],
        "M_G2C12_M M_G2C12H1_M": [-0.0650593, 0.0138454, 0.000981473, -0.058, 0.02, 0.964364],
        "M_G2C12_M M_G2C12H2_M": [-0.0652054, 0.0129352, 0.000916951, -0.058, 0.02, 0.966502],
        "M_G2C13_M M_G2C13H1_M": [-0.0997615, 0.0129222, 0.000916028, -0.098, 0.02, 0.970635],
        "M_G2C13_M M_G2C13H2_M": [-0.0996851, 0.0123675, 0.000876711, -0.098, 0.02, 0.971913],
        "M_G2C14_M M_G2C14H1_M": [-0.104862, 0.0119272, 0.000845494, -0.104, 0.02, 0.973053],
        "M_G2C14_M M_G2C14H2_M": [-0.104633, 0.0118161, 0.00083762, -0.104, 0.02, 0.973327],
        "M_G2C15_M M_G2C15H1_M": [-0.107863, 0.0117372, 0.000832027, -0.095, 0.02, 0.955001],
        "M_G2C15_M M_G2C15H2_M": [-0.108383, 0.0116061, 0.000822736, -0.095, 0.02, 0.952781],
        "M_G2C16_M M_G2C16H1_M": [-0.0975344, 0.0100906, 0.000715306, -0.095, 0.02, 0.97687],
        "M_G2C16_M M_G2C16H2_M": [-0.0978682, 0.00996139, 0.000706144, -0.095, 0.02, 0.977061],
        "M_G2C17_M M_G2C17H1_M": [-0.0878658, 0.00876528, 0.000621354, -0.089, 0.02, 0.980164],
        "M_G2C17_M M_G2C17H2_M": [-0.0880377, 0.00866812, 0.000614467, -0.089, 0.02, 0.980402],
        "M_G2C18_M M_G2C18H1_M": [-0.067553, 0.0067511, 0.000478573, -0.067, 0.02, 0.984758],
        "M_G2C18_M M_G2C18H2_M": [-0.0675018, 0.00673244, 0.00047725, -0.067, 0.02, 0.984802],
        "M_G2C19_M M_G2C19H1_M": [-0.0210492, 0.0033908, 0.000240367, -0.013, 0.02, 0.990871],
        "M_G2C19_M M_G2C19H2_M": [-0.0211235, 0.00318735, 0.000225945, -0.013, 0.02, 0.991388],
        "M_G2C19_M M_G2C19H3_M": [-0.0212637, 0.00359002, 0.00025449, -0.013, 0.02, 0.990233],
        "M_G3_M M_G3H1_M": [-0.227416, 0.0238999, 0.00169422, -0.223, 0.02, 0.943478],
        "M_G3_M M_G3H2_M": [-0.249308, 0.0194706, 0.00138024, -0.223, 0.02, 0.0590834],
        "M_G3C4_M M_G3C4H1_M": [0.043928, 0.0178414, 0.00126475, 0.055, 0.02, 0.942257],
        "M_G3C4_M M_G3C4H2_M": [0.036972, 0.0181744, 0.00128835, 0.055, 0.02, 0.805012],
        "M_G3C5_M M_G3C5H1_M": [-0.0639195, 0.0169645, 0.00120258, -0.038, 0.02, 0.0554639],
        "M_G3C5_M M_G3C5H2_M": [-0.0651888, 0.0168636, 0.00119543, -0.038, 0.02, 0.04439],
        "M_G3N6C1_M M_G3N6C1H1_M": [0.010695, 0.00946909, 0.000671246, 0.001, 0.02, 0.972101],
        "M_G3N6C1_M M_G3N6C1H2_M": [0.0112103, 0.00934037, 0.000662122, 0.001, 0.02, 0.971529],
        "M_G3N6C1_M M_G3N6C1H3_M": [0.0104887, 0.0090846, 0.00064399, 0.001, 0.02, 0.973572],
        "M_G3N6C2_M M_G3N6C2H1_M": [0.0115508, 0.00926287, 0.000656627, 0.001, 0.02, 0.971076],
        "M_G3N6C2_M M_G3N6C2H2_M": [0.0101723, 0.0092847, 0.000658175, 0.001, 0.02, 0.973495],
        "M_G3N6C2_M M_G3N6C2H3_M": [0.0100418, 0.00905354, 0.000641788, 0.001, 0.02, 0.974346],
        "M_G3N6C3_M M_G3N6C3H1_M": [0.0112024, 0.00952177, 0.000674981, 0.001, 0.02, 0.970993],
        "M_G3N6C3_M M_G3N6C3H2_M": [0.0108607, 0.00901097, 0.00063877, 0.001, 0.02, 0.973165],
        "M_G3N6C3_M M_G3N6C3H3_M": [0.0103958, 0.00897726, 0.000636381, 0.001, 0.02, 0.97403]
    }
}