{
    "10.1002/j.1460-2075.1987.tb02595.x": {
        "M_G1_M M_G1H1_M": [-0.277742, 0.0379584, 0.00203187],
        "M_G1_M M_G1H2_M": [0.0109143, 0.0457537, 0.00244914],
        "M_G2_M M_G2H1_M": [-0.251151, 0.048405, 0.00259106],
        "M_G3_M M_G3H1_M": [-0.195274, 0.055044, 0.00294644],
        "M_G3_M M_G3H2_M": [-0.258827, 0.0447805, 0.00239705],
        "M_G3C4_M M_G3C4H1_M": [0.161424, 0.0461749, 0.00247168, 0.0646738, 0.02, 0.00350957],
        "M_G3C4_M M_G3C4H2_M": [0.172784, 0.0421586, 0.0022567, 0.069776, 0.02, 0.00281257],
        "M_G3C5_M M_G3C5H1_M": [-0.00986072, 0.0263715, 0.00141163],
        "M_G3C5_M M_G3C5H2_M": [-0.00552245, 0.0225751, 0.00120842],
        "M_G3N6C1_M M_G3N6C1H1_M": [0.0152472, 0.00750492, 0.000401729],
        "M_G3N6C1_M M_G3N6C1H2_M": [0.014935, 0.00708728, 0.000379374],
        "M_G3N6C1_M M_G3N6C1H3_M": [0.0146236, 0.0077271, 0.000413622],
        "M_G3N6C2_M M_G3N6C2H1_M": [0.0145311, 0.0076184, 0.000407804],
        "M_G3N6C2_M M_G3N6C2H2_M": [0.0147508, 0.00751816, 0.000402438],
        "M_G3N6C2_M M_G3N6C2H3_M": [0.0145544, 0.00789857, 0.000422801],
        "M_G3N6C3_M M_G3N6C3H1_M": [0.0142151, 0.00732208, 0.000391942],
        "M_G3N6C3_M M_G3N6C3H2_M": [0.0144454, 0.00753853, 0.000403528],
        "M_G3N6C3_M M_G3N6C3H3_M": [0.0144444, 0.00775596, 0.000415167]
    }
}