{"M_G1_M M_G1H1_M": [[-0.27774179802600407, 0.037958443195109715, 0.0020318688800088306]], "M_G1_M M_G1H2_M": [[0.010914282743895576, 0.045753703087457374, 0.0024491395753697717]], "M_G1C3_M M_G1C3H1_M": [[-0.2647455101334531, 0.020653083809451838, 0.0011055342299719447]], "M_G1C3_M M_G1C3H2_M": [[-0.25649273938272554, 0.02062242107236271, 0.0011038928912861865]], "M_G1C4_M M_G1C4H1_M": [[-0.18959974038454666, 0.019866214797743628, 0.0010634140974545186]], "M_G1C4_M M_G1C4H2_M": [[-0.1804853696548449, 0.019667505431916837, 0.0010527774289664452]], "M_G1C5_M M_G1C5H1_M": [[-0.21549954133520755, 0.01978407710517528, 0.001059017367574225]], "M_G1C5_M M_G1C5H2_M": [[-0.21218344464105565, 0.01976364024387117, 0.0010579234074696066]], "M_G1C6_M M_G1C6H1_M": [[-0.19949104988448685, 0.020224398102488356, 0.0010825872101796288]], "M_G1C6_M M_G1C6H2_M": [[-0.19708102317115328, 0.019722729759024792, 0.0010557335194228772]], "M_G1C7_M M_G1C7H1_M": [[-0.21143890815016245, 0.019446805493575213, 0.001040963632119424]], "M_G1C7_M M_G1C7H2_M": [[-0.20927237982681554, 0.019945525414533493, 0.001067659497437898]], "M_G1C8_M M_G1C8H1_M": [[-0.19376724653925578, 0.01968054501021039, 0.0010534754215897706]], "M_G1C8_M M_G1C8H2_M": [[-0.19193252051496923, 0.020496025381307233, 0.001097127085062186]], "M_G1C9_M M_G1C9H1_M": [[-0.19277897886324938, 0.01962560768275186, 0.001050534693872354]], "M_G1C9_M M_G1C9H2_M": [[-0.1930390026098781, 0.019762191897308108, 0.0010578458792555587]], "M_G1C10_M M_G1C10H1_M": [[-0.1724947751261351, 0.020164487325686084, 0.0010793802598224715]], "M_G1C10_M M_G1C10H2_M": [[-0.17173724365789111, 0.019634095929428795, 0.0010509890592998309]], "M_G1C11_M M_G1C11H1_M": [[-0.16570017792305136, 0.018741557114675823, 0.0010032125519079216]], "M_G1C11_M M_G1C11H2_M": [[-0.16584899462816446, 0.01912026242408351, 0.001023484182357158]], "M_G1C12_M M_G1C12H1_M": [[-0.1441191707957239, 0.018090002247046072, 0.0009683356194597089]], "M_G1C12_M M_G1C12H2_M": [[-0.1433811539717202, 0.017472520154747755, 0.0009352825608594202]], "M_G1C13_M M_G1C13H1_M": [[-0.13449343719708529, 0.01610494035449342, 0.0008620776925042429]], "M_G1C13_M M_G1C13H2_M": [[-0.13418277252667296, 0.016174557047074295, 0.0008658041886215138]], "M_G1C14_M M_G1C14H1_M": [[-0.11202907959613916, 0.014006026649990991, 0.00074972541777892]], "M_G1C14_M M_G1C14H2_M": [[-0.11138376522842333, 0.014115492433413705, 0.0007555849868244453]], "M_G1C15_M M_G1C15H1_M": [[-0.0981593389596679, 0.011910880339334915, 0.0006375748070226852]], "M_G1C15_M M_G1C15H2_M": [[-0.09781322327105839, 0.012327780168252912, 0.0006598909432273601]], "M_G1C16_M M_G1C16H1_M": [[-0.07006669541937198, 0.009518270539000858, 0.0005095013407239086]], "M_G1C16_M M_G1C16H2_M": [[-0.06975382214694467, 0.00925967120805726, 0.0004956588359026599]], "M_G1C17_M M_G1C17H1_M": [[-0.024853905876515446, 0.005918030788108345, 0.0003167849252268768]], "M_G1C17_M M_G1C17H2_M": [[-0.024908990228465697, 0.0051949713895117645, 0.00027808044298942904]], "M_G1C17_M M_G1C17H3_M": [[-0.024895039530344377, 0.005440216391737538, 0.0002912081069834161]], "M_G2_M M_G2H1_M": [[-0.25115125585033676, 0.04840499336910981, 0.0025910598903697677]], "M_G2C3_M M_G2C3H1_M": [[-0.13029446546422302, 0.02556720774911168, 0.0013685812536388057]], "M_G2C3_M M_G2C3H2_M": [[-0.11272734390533871, 0.03584944823832404, 0.0019189769682209296]], "M_G2C4_M M_G2C4H1_M": [[-0.18722274983500417, 0.022499943707147058, 0.0012043943737500926]], "M_G2C4_M M_G2C4H2_M": [[-0.17254856911388844, 0.024154286508199493, 0.0012929493136101696]], "M_G2C5_M M_G2C5H1_M": [[-0.18097211233469254, 0.022797304347793645, 0.001220311723910205]], "M_G2C5_M M_G2C5H2_M": [[-0.17539587437097673, 0.02338480143596562, 0.0012517597220384905]], "M_G2C6_M M_G2C6H1_M": [[-0.18763852699581376, 0.022632630074992683, 0.001211496912182482]], "M_G2C6_M M_G2C6H2_M": [[-0.1863228317108334, 0.022155608619420616, 0.001185962539086847]], "M_G2C7_M M_G2C7H1_M": [[-0.15977391414044995, 0.02231750759700295, 0.0011946287926674778]], "M_G2C7_M M_G2C7H2_M": [[-0.16130524446964145, 0.021460593767280732, 0.001148759247003759]], "M_G2C8_M M_G2C8H1_M": [[-0.15571091269917883, 0.02088429913896544, 0.0011179109028034637]], "M_G2C8_M M_G2C8H2_M": [[-0.1569873300287372, 0.020329582287078537, 0.00108821759049421]], "M_G2C9_M M_G2C9H1_M": [[-0.10922404848683909, 0.017675452430247394, 0.0009461452765197457]], "M_G2C9_M M_G2C9H2_M": [[-0.10943676266229843, 0.017123120362976838, 0.0009165796188042951]], "M_G2C10_M M_G2C10H1_M": [[-0.08373180948440909, 0.019035417821921436, 0.0010189425549283477]], "M_G2C11_M M_G2C11H1_M": [[0.02362164829837419, 0.01999659339216722, 0.0010703931036078246]], "M_G2C12_M M_G2C12H1_M": [[-0.038868950277603474, 0.016662060656334146, 0.0008918996585399084]], "M_G2C12_M M_G2C12H2_M": [[-0.03983292495103956, 0.0163027029994745, 0.0008726636841873017]], "M_G2C13_M M_G2C13H1_M": [[-0.08417316301320564, 0.01674048030415974, 0.0008960973660480659]], "M_G2C13_M M_G2C13H2_M": [[-0.08369760905640901, 0.01644703939811127, 0.0008803898344705248]], "M_G2C14_M M_G2C14H1_M": [[-0.09212767380543994, 0.01583546382566431, 0.0008476529446291454]], "M_G2C14_M M_G2C14H2_M": [[-0.09142976601469367, 0.01570598576214533, 0.0008407221427899933]], "M_G2C15_M M_G2C15H1_M": [[-0.10039809067241297, 0.015126733339896899, 0.0008097154715103883]], "M_G2C15_M M_G2C15H2_M": [[-0.1002097231450823, 0.01507187818222591, 0.0008067791422408566]], "M_G2C16_M M_G2C16H1_M": [[-0.0936913356941279, 0.013727265111281271, 0.0007348036547198747]], "M_G2C16_M M_G2C16H2_M": [[-0.09363431906099147, 0.013615171725553125, 0.0007288034333476454]], "M_G2C17_M M_G2C17H1_M": [[-0.08518668334667298, 0.011987423302232349, 0.0006416720578897862]], "M_G2C17_M M_G2C17H2_M": [[-0.08547412533865034, 0.011727254569374646, 0.0006277455449101127]], "M_G2C18_M M_G2C18H1_M": [[-0.06644867786406469, 0.009633318777064016, 0.0005156597317153098]], "M_G2C18_M M_G2C18H2_M": [[-0.0662925144265374, 0.009450017523962748, 0.0005058478405919385]], "M_G2C19_M M_G2C19H1_M": [[-0.019922130055958998, 0.005175170552692775, 0.0002770205284949426]], "M_G2C19_M M_G2C19H2_M": [[-0.01950505722322636, 0.005774886519140684, 0.00030912258818180865]], "M_G2C19_M M_G2C19H3_M": [[-0.020085565571775318, 0.005254168302295783, 0.00028124918108177367]], "M_G3_M M_G3H1_M": [[-0.195274383885871, 0.05504398605254398, 0.0029464370210581545]], "M_G3_M M_G3H2_M": [[-0.25882673622938673, 0.04478050856784586, 0.0023970456670809157]], "M_G3C4_M M_G3C4H1_M": [[0.16142374842832222, 0.0461748797001062, 0.0024716846425589054]], "M_G3C4_M M_G3C4H2_M": [[0.1727838769399295, 0.0421585846844304, 0.0022566972993388447]], "M_G3C5_M M_G3C5H1_M": [[-0.009860721384892265, 0.026371512727741814, 0.001411634712067398]], "M_G3C5_M M_G3C5H2_M": [[-0.005522450558408255, 0.022575120531459367, 0.0012084184968953156]], "M_G3N6C1_M M_G3N6C1H1_M": [[0.015247195506118395, 0.007504917609613767, 0.00040172902928666595]], "M_G3N6C1_M M_G3N6C1H2_M": [[0.014935027306220568, 0.007087283732218232, 0.0003793736003678441]], "M_G3N6C1_M M_G3N6C1H3_M": [[0.014623608666224598, 0.007727097723442488, 0.0004136220581109766]], "M_G3N6C2_M M_G3N6C2H1_M": [[0.014531106493080636, 0.007618403919094449, 0.0004078038121579128]], "M_G3N6C2_M M_G3N6C2H2_M": [[0.01475084286478568, 0.007518156004956755, 0.000402437664342651]], "M_G3N6C2_M M_G3N6C2H3_M": [[0.014554383303163726, 0.007898572563763182, 0.0004228008958720834]], "M_G3N6C3_M M_G3N6C3H1_M": [[0.014215085420881022, 0.007322084510845408, 0.0003919421978901963]], "M_G3N6C3_M M_G3N6C3H2_M": [[0.014445367855724539, 0.007538531491569291, 0.00040352833913535115]], "M_G3N6C3_M M_G3N6C3H3_M": [[0.014444392309124454, 0.007755964813556102, 0.00041516727801783036]]}