{"M_G1_M M_G1H1_M": [[-0.2419596451149712, 0.06628556075571856, 0.0064080670279406384]], "M_G1_M M_G1H2_M": [[0.007420030404888702, 0.060490754214716155, 0.005847861934925887]], "M_G1C3_M M_G1C3H1_M": [[-0.26452219450008285, 0.028902740468291135, 0.002794133384411379]], "M_G1C3_M M_G1C3H2_M": [[-0.2570796338879937, 0.029717337544319003, 0.0028728834561379834]], "M_G1C4_M M_G1C4H1_M": [[-0.22572671761850036, 0.02676538856413637, 0.002587507776843615]], "M_G1C4_M M_G1C4H2_M": [[-0.21840403137096218, 0.028786644264815503, 0.0027829099407974227]], "M_G1C5_M M_G1C5H1_M": [[-0.2577138274105731, 0.02683109979829315, 0.002593860321623573]], "M_G1C5_M M_G1C5H2_M": [[-0.2591473237083323, 0.02606775479784831, 0.0025200649750575124]], "M_G1C6_M M_G1C6H1_M": [[-0.24872155993444897, 0.028651251000475608, 0.0027698209798965845]], "M_G1C6_M M_G1C6H2_M": [[-0.24657594317361178, 0.028908444212721898, 0.0027946847861979197]], "M_G1C7_M M_G1C7H1_M": [[-0.26286400782308583, 0.02771332187787326, 0.002679147949200757]], "M_G1C7_M M_G1C7H2_M": [[-0.2603245965814479, 0.028010062116832813, 0.00270783491087779]], "M_G1C8_M M_G1C8H1_M": [[-0.25049106106124475, 0.027909191929541867, 0.0026980834218066872]], "M_G1C8_M M_G1C8H2_M": [[-0.2467653152773626, 0.028773709109852406, 0.002781659452167994]], "M_G1C9_M M_G1C9H1_M": [[-0.2492582121905581, 0.02696152330198475, 0.0026064688376283584]], "M_G1C9_M M_G1C9H2_M": [[-0.24717732867077477, 0.028135467318999872, 0.0027199582893628945]], "M_G1C10_M M_G1C10H1_M": [[-0.22678635984837606, 0.027981098956893397, 0.00270503493652264]], "M_G1C10_M M_G1C10H2_M": [[-0.2274838690957178, 0.02730312092134566, 0.0026394923259490904]], "M_G1C11_M M_G1C11H1_M": [[-0.2202084243479145, 0.025917472692392033, 0.0025055366555579934]], "M_G1C11_M M_G1C11H2_M": [[-0.21995190828269384, 0.02594095177092671, 0.0025078064637528577]], "M_G1C12_M M_G1C12H1_M": [[-0.19503584310054248, 0.025563772654762455, 0.0024713431823026595]], "M_G1C12_M M_G1C12H2_M": [[-0.19437496817620215, 0.023928663869268965, 0.0023132712496530903]], "M_G1C13_M M_G1C13H1_M": [[-0.179613874804863, 0.02339297777473243, 0.0022614845202268067]], "M_G1C13_M M_G1C13H2_M": [[-0.18137444061136937, 0.022431593203409317, 0.0021685439657164493]], "M_G1C14_M M_G1C14H1_M": [[-0.1497484135786236, 0.021592410561787605, 0.0020874171176535053]], "M_G1C14_M M_G1C14H2_M": [[-0.15177076210227525, 0.01993552865856327, 0.0019272402982648664]], "M_G1C15_M M_G1C15H1_M": [[-0.1309944588751846, 0.01929423377910041, 0.0018652439822433775]], "M_G1C15_M M_G1C15H2_M": [[-0.12951162482751408, 0.017508835647760134, 0.0016926430301393187]], "M_G1C16_M M_G1C16H1_M": [[-0.09120369684088304, 0.014087406455218781, 0.0013618809856277422]], "M_G1C16_M M_G1C16H2_M": [[-0.08928724265667116, 0.0150528838643373, 0.001455217209702156]], "M_G1C17_M M_G1C17H1_M": [[-0.02969707619998379, 0.011278966507920093, 0.0010903788481930298]], "M_G1C17_M M_G1C17H2_M": [[-0.030383346707029562, 0.010392261262157932, 0.0010046578165823815]], "M_G1C17_M M_G1C17H3_M": [[-0.030832858409440195, 0.009467486359783912, 0.0009152564523545208]], "M_G2_M M_G2H1_M": [[-0.220562405070257, 0.06215161280477172, 0.006008423195141052]], "M_G2C3_M M_G2C3H1_M": [[-0.1298191459875542, 0.04269268880368767, 0.004127258008199613]], "M_G2C3_M M_G2C3H2_M": [[-0.11876490169494894, 0.04292955079819452, 0.0041501563214954035]], "M_G2C4_M M_G2C4H1_M": [[-0.19796157839450648, 0.03630672730124565, 0.0035099038079944556]], "M_G2C4_M M_G2C4H2_M": [[-0.18351968723410508, 0.03445031574519813, 0.003330437729002738]], "M_G2C5_M M_G2C5H1_M": [[-0.20259895581647575, 0.03445412930639001, 0.003330806399878478]], "M_G2C5_M M_G2C5H2_M": [[-0.1969143504753583, 0.0338471940967907, 0.0032721317585178546]], "M_G2C6_M M_G2C6H1_M": [[-0.22133740752264544, 0.032265110078307936, 0.003119185923577527]], "M_G2C6_M M_G2C6H2_M": [[-0.22033653046194554, 0.031157407913912628, 0.0030121003134459465]], "M_G2C7_M M_G2C7H1_M": [[-0.19646815620199534, 0.03215461053552816, 0.0031085035295747195]], "M_G2C7_M M_G2C7H2_M": [[-0.19628714148766924, 0.03247979244914701, 0.0031399400517220233]], "M_G2C8_M M_G2C8H1_M": [[-0.19570849448003355, 0.03013819425022253, 0.0029135692095636333]], "M_G2C8_M M_G2C8H2_M": [[-0.1949625671669592, 0.029275655887895758, 0.0028301844787573353]], "M_G2C9_M M_G2C9H1_M": [[-0.13740945607763494, 0.025092904325521546, 0.0024258226227613445]], "M_G2C9_M M_G2C9H2_M": [[-0.13495417336405846, 0.024774958530465824, 0.002395085642599444]], "M_G2C10_M M_G2C10H1_M": [[-0.1028180423062831, 0.02426431466027373, 0.002345719836377225]], "M_G2C11_M M_G2C11H1_M": [[0.010133007481334888, 0.028339841811359092, 0.0027397159172822786]], "M_G2C12_M M_G2C12H1_M": [[-0.07307377735517251, 0.026293565373596752, 0.0025418949073763553]], "M_G2C12_M M_G2C12H2_M": [[-0.07090755723475439, 0.025392351114989244, 0.002454771236551944]], "M_G2C13_M M_G2C13H1_M": [[-0.13200356787088433, 0.026923871969336564, 0.0026028289459151385]], "M_G2C13_M M_G2C13H2_M": [[-0.13360350687971906, 0.02554009991246212, 0.0024690546519249086]], "M_G2C14_M M_G2C14H1_M": [[-0.13869510470454824, 0.02388504559633522, 0.0023090545120496696]], "M_G2C14_M M_G2C14H2_M": [[-0.13910285583821028, 0.023542982083569676, 0.0022759859841135106]], "M_G2C15_M M_G2C15H1_M": [[-0.14743787050439744, 0.02188287260267518, 0.0021154971430143747]], "M_G2C15_M M_G2C15H2_M": [[-0.14843848171365603, 0.023054551171757753, 0.002228767585630868]], "M_G2C16_M M_G2C16H1_M": [[-0.13299248168538932, 0.019999564439833722, 0.0019334308709007355]], "M_G2C16_M M_G2C16H2_M": [[-0.1322256159361621, 0.021492835255899605, 0.002077790809492524]], "M_G2C17_M M_G2C17H1_M": [[-0.11970995595513702, 0.019776182614196666, 0.0019118357347174377]], "M_G2C17_M M_G2C17H2_M": [[-0.12180729023815053, 0.019050825907101478, 0.001841712855085145]], "M_G2C18_M M_G2C18H1_M": [[-0.08901273668627428, 0.016045781408662703, 0.0015512042383004762]], "M_G2C18_M M_G2C18H2_M": [[-0.08872563348205736, 0.01628336020162372, 0.0015741718471183603]], "M_G2C19_M M_G2C19H1_M": [[-0.0299369537224313, 0.011415830852780837, 0.001103610023815651]], "M_G2C19_M M_G2C19H2_M": [[-0.02848625230477642, 0.00893045754014219, 0.0008633399167928434]], "M_G2C19_M M_G2C19H3_M": [[-0.02886883267371944, 0.010361688897676576, 0.0010017022745523285]], "M_G3_M M_G3H1_M": [[-0.1444096330902688, 0.06719740622646503, 0.006496218456834801]], "M_G3_M M_G3H2_M": [[-0.23901701527507588, 0.04651456952954041, 0.00449673316364583]], "M_G3C4_M M_G3C4H1_M": [[0.07409826855432733, 0.026004370962886793, 0.002513937428450218]], "M_G3C4_M M_G3C4H2_M": [[0.07553065678510444, 0.023515834157305265, 0.002273361495021338]], "M_G3C5_M M_G3C5H1_M": [[0.004643376457659227, 0.01889332628154184, 0.001826486791581192]], "M_G3C5_M M_G3C5H2_M": [[0.002682515703413137, 0.01905852524273448, 0.0018424571779549284]], "M_G3N6C1_M M_G3N6C1H1_M": [[0.010320820562717511, 0.011633968400792161, 0.0011246981765450008]], "M_G3N6C1_M M_G3N6C1H2_M": [[0.012601369833969533, 0.010954731841683447, 0.0010590338999065792]], "M_G3N6C1_M M_G3N6C1H3_M": [[0.011534774370062548, 0.011330066706539955, 0.00109531889085336]], "M_G3N6C2_M M_G3N6C2H1_M": [[0.012333000195700005, 0.011237224521522524, 0.0010863434980554522]], "M_G3N6C2_M M_G3N6C2H2_M": [[0.01265954784367959, 0.01176242377582439, 0.0011371164263707708]], "M_G3N6C2_M M_G3N6C2H3_M": [[0.012513595149764247, 0.010865373372475673, 0.0010503952906277373]], "M_G3N6C3_M M_G3N6C3H1_M": [[0.013698478177177334, 0.011369376705064264, 0.0010991191318491381]], "M_G3N6C3_M M_G3N6C3H2_M": [[0.012042132661650747, 0.011707082937950697, 0.0011317664256400848]], "M_G3N6C3_M M_G3N6C3H3_M": [[0.010695431822129117, 0.011461913373660426, 0.0011080649892598016]]}