{"headgroup": 0.41781649103836316, "tails": 0.45520878504653256, "total": 0.4427446870438094}