{
    "10.1021/jacs.1c05549": {
        "M_G1_M M_G1H1_M": [-0.157453, 0.139498, 0.0165553, -0.13, 0.02, 0.258509],
        "M_G1_M M_G1H2_M": [0.0851319, 0.120878, 0.0143455, 0, 0.02, 0.0258394],
        "M_G2_M M_G2H1_M": [-0.196137, 0.162431, 0.019277, -0.19, 0.02, 0.496174],
        "M_G3_M M_G3H1_M": [-0.136989, 0.0952279, 0.0113015, -0.21, 0.02, 0.0283718],
        "M_G3_M M_G3H2_M": [-0.203784, 0.0936733, 0.011117, -0.21, 0.02, 0.656299],
        "M_G3C4_M M_G3C4H1_M": [0.0713453, 0.0569093, 0.0067539, 0.08, 0.02, 0.7554],
        "M_G3C4_M M_G3C4H2_M": [0.0601513, 0.0619132, 0.00734774, 0.08, 0.02, 0.448513],
        "M_G3C5_M M_G3C5H1_M": [0.117459, 0.0391914, 0.00465117, -0.03, 0.02, 0.00277168],
        "M_G3C5_M M_G3C5H2_M": [0.101672, 0.0499865, 0.00593231, -0.03, 0.02, 0.00444992]
    },
    "unpublished/ferreiraPOPE": {
        "M_G1C3_M M_G1C3H1_M": [-0.203307, 0.0683681, 0.0081138, -0.2223, 0.02, 0.474011],
        "M_G1C3_M M_G1C3H2_M": [-0.161623, 0.175303, 0.0208046, -0.2223, 0.02, 0.0701546],
        "M_G1C4_M M_G1C4H1_M": [-0.193386, 0.039407, 0.00467675, -0.2179, 0.02, 0.222323],
        "M_G1C4_M M_G1C4H2_M": [-0.216154, 0.0345763, 0.00410345, -0.2179, 0.02, 0.870248],
        "M_G1C5_M M_G1C5H1_M": [-0.227872, 0.0326639, 0.0038765, -0.249, 0.02, 0.379984],
        "M_G1C5_M M_G1C5H2_M": [-0.241301, 0.0325829, 0.00386688, -0.249, 0.02, 0.858902],
        "M_G1C6_M M_G1C6H1_M": [-0.238481, 0.032605, 0.0038695, -0.2579, 0.02, 0.516302],
        "M_G1C6_M M_G1C6H2_M": [-0.245948, 0.0310266, 0.00368218, -0.2579, 0.02, 0.826892],
        "M_G1C7_M M_G1C7H1_M": [-0.24462, 0.0305644, 0.00362732, -0.2579, 0.02, 0.8079],
        "M_G1C7_M M_G1C7H2_M": [-0.245446, 0.0307155, 0.00364526, -0.2579, 0.02, 0.82115],
        "M_G1C8_M M_G1C8H1_M": [-0.238373, 0.0277683, 0.00329549, -0.249, 0.02, 0.858262],
        "M_G1C8_M M_G1C8H2_M": [-0.240505, 0.0278268, 0.00330243, -0.249, 0.02, 0.874296],
        "M_G1C9_M M_G1C9H1_M": [-0.234088, 0.0241602, 0.00286729, -0.2446, 0.02, 0.876761],
        "M_G1C9_M M_G1C9H2_M": [-0.234142, 0.0245552, 0.00291416, -0.2446, 0.02, 0.875292],
        "M_G1C10_M M_G1C10H1_M": [-0.220262, 0.0226605, 0.0026893, -0.2357, 0.02, 0.806331],
        "M_G1C10_M M_G1C10H2_M": [-0.220922, 0.023014, 0.00273126, -0.2357, 0.02, 0.821661],
        "M_G1C11_M M_G1C11H1_M": [-0.210906, 0.0191927, 0.00227776, -0.2268, 0.02, 0.81861],
        "M_G1C11_M M_G1C11H2_M": [-0.209581, 0.0209993, 0.00249216, -0.2268, 0.02, 0.746164],
        "M_G1C12_M M_G1C12H1_M": [-0.191377, 0.0167216, 0.00198448, -0.2001, 0.02, 0.922596],
        "M_G1C12_M M_G1C12H2_M": [-0.190818, 0.0189089, 0.00224407, -0.2001, 0.02, 0.909955],
        "M_G1C13_M M_G1C13H1_M": [-0.176268, 0.0158774, 0.0018843, -0.1779, 0.02, 0.939802],
        "M_G1C13_M M_G1C13H2_M": [-0.175896, 0.0157177, 0.00186534, -0.1779, 0.02, 0.940204],
        "M_G1C14_M M_G1C14H1_M": [-0.153194, 0.014944, 0.00177352, -0.1512, 0.02, 0.943137],
        "M_G1C14_M M_G1C14H2_M": [-0.152783, 0.0146714, 0.00174117, -0.1512, 0.02, 0.944372],
        "M_G1C15_M M_G1C15H1_M": [-0.131133, 0.0132138, 0.00156819, -0.1245, 0.02, 0.944105],
        "M_G1C15_M M_G1C15H2_M": [-0.130437, 0.0126221, 0.00149797, -0.1245, 0.02, 0.947858],
        "M_G1C16_M M_G1C16H1_M": [-0.102476, 0.0112008, 0.00132929, -0.0889, 0.02, 0.922454],
        "M_G1C16_M M_G1C16H2_M": [-0.102261, 0.0107001, 0.00126987, -0.0889, 0.02, 0.927732],
        "M_G1C17_M M_G1C17H1_M": [-0.0317738, 0.00484368, 0.000574839, -0.0222, 0.02, 0.976282],
        "M_G1C17_M M_G1C17H2_M": [-0.0337401, 0.00554328, 0.000657866, -0.0222, 0.02, 0.968659],
        "M_G1C17_M M_G1C17H3_M": [-0.033343, 0.00449318, 0.000533242, -0.0222, 0.02, 0.975409],
        "M_G2C3_M M_G2C3H1_M": [-0.164439, 0.114536, 0.0135929, -0.129, 0.02, 0.15325],
        "M_G2C3_M M_G2C3H2_M": [-0.194838, 0.0536974, 0.00637271, -0.0889, 0.02, 0.00746762],
        "M_G2C4_M M_G2C4H1_M": [-0.245127, 0.0400981, 0.00475876, -0.2179, 0.02, 0.15339],
        "M_G2C4_M M_G2C4H2_M": [-0.220857, 0.0459492, 0.00545317, -0.2179, 0.02, 0.827194],
        "M_G2C5_M M_G2C5H1_M": [-0.255275, 0.0330601, 0.00392352, -0.2135, 0.02, 0.0365548],
        "M_G2C5_M M_G2C5H2_M": [-0.241821, 0.0347692, 0.00412634, -0.2135, 0.02, 0.119415],
        "M_G2C6_M M_G2C6H1_M": [-0.255467, 0.0306348, 0.00363569, -0.2179, 0.02, 0.0448853],
        "M_G2C6_M M_G2C6H2_M": [-0.245866, 0.0335, 0.00397572, -0.2179, 0.02, 0.121022],
        "M_G2C7_M M_G2C7H1_M": [-0.224143, 0.0321312, 0.00381327, -0.2223, 0.02, 0.879093],
        "M_G2C7_M M_G2C7H2_M": [-0.221195, 0.0301997, 0.00358405, -0.2223, 0.02, 0.886786],
        "M_G2C8_M M_G2C8H1_M": [-0.196401, 0.0276734, 0.00328423, -0.1912, 0.02, 0.889235],
        "M_G2C8_M M_G2C8H2_M": [-0.196983, 0.0273536, 0.00324628, -0.1912, 0.02, 0.888676],
        "M_G2C9_M M_G2C9H1_M": [-0.120791, 0.0242394, 0.00287669, -0.1467, 0.02, 0.124292],
        "M_G2C9_M M_G2C9H2_M": [-0.121821, 0.0284567, 0.00337719, -0.1467, 0.02, 0.16881],
        "M_G2C10_M M_G2C10H1_M": [-0.119414, 0.0272526, 0.00323429, -0.1245, 0.02, 0.89121],
        "M_G2C11_M M_G2C11H1_M": [-0.053074, 0.0317951, 0.00377338, -0.04, 0.02, 0.805051],
        "M_G2C12_M M_G2C12H1_M": [-0.0558457, 0.0206236, 0.00244757, -0.0934, 0.02, 0.0305689],
        "M_G2C12_M M_G2C12H2_M": [-0.0566662, 0.0279458, 0.00331655, -0.0934, 0.02, 0.0436937],
        "M_G2C13_M M_G2C13H1_M": [-0.119552, 0.0200581, 0.00238046],
        "M_G2C13_M M_G2C13H2_M": [-0.120198, 0.0222726, 0.00264327],
        "M_G2C14_M M_G2C14H1_M": [-0.136449, 0.0196018, 0.00232631, -0.1512, 0.02, 0.845933],
        "M_G2C14_M M_G2C14H2_M": [-0.137213, 0.0209045, 0.0024809, -0.1512, 0.02, 0.852239],
        "M_G2C15_M M_G2C15H1_M": [-0.142647, 0.0197654, 0.00234572, -0.1512, 0.02, 0.909572],
        "M_G2C15_M M_G2C15H2_M": [-0.141155, 0.0199686, 0.00236984, -0.1512, 0.02, 0.900556],
        "M_G2C16_M M_G2C16H1_M": [-0.129889, 0.0184875, 0.00219406, -0.1379, 0.02, 0.917502],
        "M_G2C16_M M_G2C16H2_M": [-0.127303, 0.0181902, 0.00215878, -0.1379, 0.02, 0.905743],
        "M_G2C17_M M_G2C17H1_M": [-0.114037, 0.0156617, 0.0018587, -0.1245, 0.02, 0.919337],
        "M_G2C17_M M_G2C17H2_M": [-0.113258, 0.0147255, 0.0017476, -0.1245, 0.02, 0.919518],
        "M_G2C18_M M_G2C18H1_M": [-0.0892366, 0.0126254, 0.00149836, -0.0889, 0.02, 0.952381],
        "M_G2C18_M M_G2C18H2_M": [-0.0884567, 0.0115726, 0.00137341, -0.0889, 0.02, 0.95633],
        "M_G2C19_M M_G2C19H1_M": [-0.0301385, 0.00565127, 0.000670682, -0.0222, 0.02, 0.974679],
        "M_G2C19_M M_G2C19H2_M": [-0.0297053, 0.00490375, 0.000581968, -0.0222, 0.02, 0.978451],
        "M_G2C19_M M_G2C19H3_M": [-0.0299415, 0.00500933, 0.000594498, -0.0222, 0.02, 0.977755]
    }
}