{
    "10.1039/c2cp42738a": {
        "M_G1_M M_G1H1_M": [-0.272213, 0.023225, 0.00145441, -0.149916, 0.02, 0.00127196],
        "M_G1_M M_G1H2_M": [0.00972499, 0.0284463, 0.00178137, 0, 0.02, 0.926305],
        "M_G1C3_M M_G1C3H1_M": [-0.257457, 0.0128679, 0.00080582, -0.209877, 0.02, 0.00550228],
        "M_G1C3_M M_G1C3H2_M": [-0.246782, 0.0146662, 0.000918433, -0.209877, 0.02, 0.0121398],
        "M_G1C4_M M_G1C4H1_M": [-0.175634, 0.0145433, 0.000910739, -0.188409, 0.02, 0.951244],
        "M_G1C4_M M_G1C4H2_M": [-0.166919, 0.0159845, 0.00100099, -0.188409, 0.02, 0.180595],
        "M_G1C5_M M_G1C5H1_M": [-0.201266, 0.0143777, 0.000900365, -0.186196, 0.02, 0.934327],
        "M_G1C5_M M_G1C5H2_M": [-0.195993, 0.0156359, 0.000979155, -0.186196, 0.02, 0.95909],
        "M_G1C6_M M_G1C6H1_M": [-0.182142, 0.0149192, 0.000934279, -0.201736, 0.02, 0.62293],
        "M_G1C6_M M_G1C6H2_M": [-0.178524, 0.0150124, 0.000940113, -0.201736, 0.02, 0.0837164],
        "M_G1C7_M M_G1C7H1_M": [-0.192483, 0.0154276, 0.000966115, -0.195811, 0.02, 0.9684],
        "M_G1C7_M M_G1C7H2_M": [-0.190895, 0.0139869, 0.000875893, -0.195811, 0.02, 0.970352],
        "M_G1C8_M M_G1C8H1_M": [-0.173057, 0.0155327, 0.000972696, -0.195071, 0.02, 0.135851],
        "M_G1C8_M M_G1C8H2_M": [-0.17345, 0.0155208, 0.000971948, -0.195071, 0.02, 0.164477],
        "M_G1C9_M M_G1C9H1_M": [-0.172727, 0.0157334, 0.000985262, -0.181747, 0.02, 0.96071],
        "M_G1C9_M M_G1C9H2_M": [-0.173515, 0.0166046, 0.00103982, -0.181747, 0.02, 0.960228],
        "M_G1C10_M M_G1C10H1_M": [-0.152882, 0.0160665, 0.00100612, -0.174345, 0.02, 0.18403],
        "M_G1C10_M M_G1C10H2_M": [-0.152747, 0.0171789, 0.00107578, -0.174345, 0.02, 0.180352],
        "M_G1C11_M M_G1C11H1_M": [-0.146636, 0.0160152, 0.00100291, -0.149913, 0.02, 0.967227],
        "M_G1C11_M M_G1C11H2_M": [-0.145618, 0.0163358, 0.00102299, -0.149913, 0.02, 0.9659],
        "M_G1C12_M M_G1C12H1_M": [-0.127811, 0.0169913, 0.00106404, -0.136586, 0.02, 0.958151],
        "M_G1C12_M M_G1C12H2_M": [-0.126311, 0.0159844, 0.00100098, -0.136586, 0.02, 0.956833],
        "M_G1C13_M M_G1C13H1_M": [-0.118802, 0.0155613, 0.000974489, -0.115857, 0.02, 0.968321],
        "M_G1C13_M M_G1C13H2_M": [-0.118425, 0.0156834, 0.00098213, -0.115857, 0.02, 0.968242],
        "M_G1C14_M M_G1C14H1_M": [-0.0987309, 0.0149445, 0.00093586, -0.106234, 0.02, 0.96538],
        "M_G1C14_M M_G1C14H2_M": [-0.0986624, 0.0144533, 0.000905103, -0.106234, 0.02, 0.966415],
        "M_G1C15_M M_G1C15H1_M": [-0.0883025, 0.0148676, 0.000931046, -0.0899483, 0.02, 0.970184],
        "M_G1C15_M M_G1C15H2_M": [-0.0869092, 0.0135275, 0.000847122, -0.0899483, 0.02, 0.972416],
        "M_G1C16_M M_G1C16H1_M": [-0.0635569, 0.0142226, 0.000890655, -0.0669979, 0.02, 0.970807],
        "M_G1C16_M M_G1C16H2_M": [-0.06095, 0.0143721, 0.000900018, -0.0669979, 0.02, 0.968501],
        "M_G1C17_M M_G1C17H1_M": [-0.0233376, 0.0138345, 0.000866348, -0.0181358, 0.02, 0.970448],
        "M_G1C17_M M_G1C17H2_M": [-0.0222043, 0.0142388, 0.000891671, -0.0181358, 0.02, 0.970416],
        "M_G1C17_M M_G1C17H3_M": [-0.0219999, 0.0154705, 0.0009688, -0.0181358, 0.02, 0.967996],
        "M_G2_M M_G2H1_M": [-0.243485, 0.0292148, 0.0018295, -0.206916, 0.02, 0.0247141],
        "M_G2C3_M M_G2C3H1_M": [-0.120786, 0.017626, 0.00110378, -0.0795825, 0.02, 0.0108155],
        "M_G2C3_M M_G2C3H2_M": [-0.099942, 0.02389, 0.00149605, -0.122519, 0.02, 0.156249],
        "M_G2C4_M M_G2C4H1_M": [-0.175716, 0.0156062, 0.000977298, -0.180265, 0.02, 0.967228],
        "M_G2C4_M M_G2C4H2_M": [-0.158941, 0.0180135, 0.00112805, -0.180265, 0.02, 0.215926],
        "M_G2C5_M M_G2C5H1_M": [-0.166166, 0.017088, 0.00107009, -0.186187, 0.02, 0.48512],
        "M_G2C5_M M_G2C5H2_M": [-0.159091, 0.0175817, 0.00110101, -0.186187, 0.02, 0.0415612],
        "M_G2C6_M M_G2C6H1_M": [-0.171931, 0.0166196, 0.00104076, -0.193592, 0.02, 0.170203],
        "M_G2C6_M M_G2C6H2_M": [-0.170545, 0.0168708, 0.00105649, -0.193592, 0.02, 0.0984413],
        "M_G2C7_M M_G2C7H1_M": [-0.14386, 0.0166641, 0.00104355, -0.166198, 0.02, 0.125785],
        "M_G2C7_M M_G2C7H2_M": [-0.144413, 0.017419, 0.00109082, -0.166198, 0.02, 0.166294],
        "M_G2C8_M M_G2C8H1_M": [-0.141391, 0.0168142, 0.00105294, -0.154356, 0.02, 0.942543],
        "M_G2C8_M M_G2C8H2_M": [-0.141212, 0.0164982, 0.00103316, -0.154356, 0.02, 0.942471],
        "M_G2C9_M M_G2C9H1_M": [-0.0994159, 0.0152086, 0.000952396, -0.1203, 0.02, 0.25442],
        "M_G2C9_M M_G2C9H2_M": [-0.0996907, 0.015465, 0.000968453, -0.1203, 0.02, 0.313658],
        "M_G2C10_M M_G2C10H1_M": [-0.0756359, 0.016175, 0.00101292, -0.108455, 0.02, 0.018996],
        "M_G2C11_M M_G2C11H1_M": [0.0279729, 0.01674, 0.0010483, -0.0225792, 0.02, 0.00618824],
        "M_G2C12_M M_G2C12H1_M": [-0.0292852, 0.0159228, 0.000997123, -0.0581141, 0.02, 0.0292986],
        "M_G2C12_M M_G2C12H2_M": [-0.0329773, 0.0164385, 0.00102942, -0.0581141, 0.02, 0.0556969],
        "M_G2C13_M M_G2C13H1_M": [-0.0698605, 0.0151297, 0.000947461, -0.0995716, 0.02, 0.0248918],
        "M_G2C13_M M_G2C13H2_M": [-0.070978, 0.0167586, 0.00104946, -0.0995716, 0.02, 0.0318075],
        "M_G2C14_M M_G2C14H1_M": [-0.0787149, 0.015478, 0.000969272, -0.106234, 0.02, 0.0343161],
        "M_G2C14_M M_G2C14H2_M": [-0.0774376, 0.0158659, 0.000993559, -0.106234, 0.02, 0.0293213],
        "M_G2C15_M M_G2C15H1_M": [-0.0861129, 0.0148457, 0.000929675, -0.0943887, 0.02, 0.96435],
        "M_G2C15_M M_G2C15H2_M": [-0.0869983, 0.0150001, 0.000939341, -0.0943887, 0.02, 0.965419],
        "M_G2C16_M M_G2C16H1_M": [-0.0790628, 0.0142447, 0.00089204, -0.0943887, 0.02, 0.931937],
        "M_G2C16_M M_G2C16H2_M": [-0.0818372, 0.0156239, 0.00097841, -0.0943887, 0.02, 0.948861],
        "M_G2C17_M M_G2C17H1_M": [-0.0715919, 0.015655, 0.000980356, -0.0899483, 0.02, 0.820676],
        "M_G2C17_M M_G2C17H2_M": [-0.0750942, 0.0149414, 0.000935664, -0.0899483, 0.02, 0.934205],
        "M_G2C18_M M_G2C18H1_M": [-0.0571383, 0.0150848, 0.000944648, -0.0669979, 0.02, 0.960366],
        "M_G2C18_M M_G2C18H2_M": [-0.05805, 0.0147947, 0.000926477, -0.0669979, 0.02, 0.963195],
        "M_G2C19_M M_G2C19H1_M": [-0.0181559, 0.0141186, 0.000884138, -0.0181358, 0.02, 0.971875],
        "M_G2C19_M M_G2C19H2_M": [-0.0174191, 0.015488, 0.000969897, -0.0181358, 0.02, 0.969112],
        "M_G2C19_M M_G2C19H3_M": [-0.0156372, 0.0141215, 0.00088432, -0.0181358, 0.02, 0.971425],
        "M_G3_M M_G3H1_M": [-0.198122, 0.0314313, 0.00196831, -0.231349, 0.02, 0.0352583],
        "M_G3_M M_G3H2_M": [-0.263812, 0.0248951, 0.00155899, -0.231349, 0.02, 0.0301556],
        "M_G3C4_M M_G3C4H1_M": [0.160127, 0.0267074, 0.00167248, 0.0558925, 0.02, 0.0020343],
        "M_G3C4_M M_G3C4H2_M": [0.171728, 0.024991, 0.001565, 0.0558925, 0.02, 0.00153038],
        "M_G3C5_M M_G3C5H1_M": [-0.00653026, 0.0200127, 0.00125324, -0.0447871, 0.02, 0.0149697],
        "M_G3C5_M M_G3C5H2_M": [-0.00261013, 0.0173395, 0.00108584, -0.0447871, 0.02, 0.0100146],
        "M_G3N6C1_M M_G3N6C1H1_M": [0.0142689, 0.0153046, 0.00095841, 0.00111083, 0.02, 0.946502],
        "M_G3N6C1_M M_G3N6C1H2_M": [0.0137238, 0.0155899, 0.000976277, 0.00111083, 0.02, 0.948648],
        "M_G3N6C1_M M_G3N6C1H3_M": [0.0146006, 0.0157109, 0.000983855, 0.00111083, 0.02, 0.942908],
        "M_G3N6C2_M M_G3N6C2H1_M": [0.0153774, 0.0154558, 0.000967877, 0.00111083, 0.02, 0.937778],
        "M_G3N6C2_M M_G3N6C2H2_M": [0.0145586, 0.0151244, 0.000947129, 0.00111083, 0.02, 0.945294],
        "M_G3N6C2_M M_G3N6C2H3_M": [0.0115679, 0.0156353, 0.000979119, 0.00111083, 0.02, 0.957226],
        "M_G3N6C3_M M_G3N6C3H1_M": [0.0148548, 0.0155125, 0.00097143, 0.00111083, 0.02, 0.941804],
        "M_G3N6C3_M M_G3N6C3H2_M": [0.0125346, 0.016575, 0.00103797, 0.00111083, 0.02, 0.951151],
        "M_G3N6C3_M M_G3N6C3H3_M": [0.0143078, 0.0154055, 0.000964729, 0.00111083, 0.02, 0.945912]
    },