{"sn-1": 0.7642603383807405, "sn-2": 0.5982979506776098, "headgroup": 0.5526727784636336, "total": 0.6384103558406613}