{"headgroup": 0.5553949328631029, "tails": 0.7210991972979347, "total": 0.6658644424863241}