{"headgroup": 0.5172818790208845, "tails": 0.6786622835890495, "total": 0.6248688153996612}