{"M_C3_M M_C3H3_M": [[-0.3442265899015925, 0.007022917297357592, 0.0013515610640419614]], "M_C4_M M_C4H41_M": [[-0.30881020243456186, 0.007079382628317166, 0.0013624278220517587]], "M_C4_M M_C4H42_M": [[-0.11782480286526242, 0.014647179140918194, 0.0028188509399592636]], "M_C6_M M_C6H6_M": [[-0.004881890850646859, 0.01574772535069234, 0.003030651156782172]], "M_C7_M M_C7H71_M": [[-0.2593813891441407, 0.011305472796258263, 0.0021757392540785662]], "M_C7_M M_C7H72_M": [[-0.3120343126185675, 0.007061580748485436, 0.0013590018486807818]], "M_C8_M M_C8H8_M": [[-0.3713355882030535, 0.007442137256979821, 0.0014322399828878142]], "M_C14_M M_C14H14_M": [[-0.36758423988819583, 0.007543768066548468, 0.0014517988413086202]], "M_C15_M M_C15H151_M": [[-0.3395446934696628, 0.008236170632094753, 0.0015850517771771985]], "M_C15_M M_C15H152_M": [[-0.26404830460200196, 0.011045761737715301, 0.0021257578375581325]], "M_C16_M M_C16H161_M": [[-0.07127116418448357, 0.00904326818812923, 0.0017403777742567965]], "M_C16_M M_C16H162_M": [[-0.1808429522360357, 0.009272475826605323, 0.0017844888048482936]], "M_C17_M M_C17H17_M": [[-0.35972432485008854, 0.007773681797199765, 0.0014960457594025926]], "M_C18_M M_C18H181_M": [[0.10666480014800038, 0.006155511711451086, 0.0011846287812020595]], "M_C18_M M_C18H182_M": [[0.10423777941714053, 0.007599873748146449, 0.0014625963847665075]], "M_C18_M M_C18H183_M": [[0.10421141967370653, 0.008356860668505347, 0.0016082785855139193]], "M_C12_M M_C12H121_M": [[-0.04798183603140943, 0.015155451514481853, 0.0029166680038588064]], "M_C12_M M_C12H122_M": [[-0.3647126354905185, 0.007222620750847032, 0.0013899940115853703]], "M_C11_M M_C11H111_M": [[-0.3672110603819071, 0.007303825125682432, 0.0014056218008089015]], "M_C11_M M_C11H112_M": [[-0.2038681884883817, 0.012016361955251022, 0.0023125499365147183]], "M_C9_M M_C9H9_M": [[-0.36947997442266306, 0.0073558428424906, 0.0014156326150761766]], "M_C19_M M_C19H191_M": [[0.10819210919897315, 0.011478599321465437, 0.0022090574693893086]], "M_C19_M M_C19H192_M": [[0.10264161479734561, 0.009876208768839368, 0.0019006772637541172]], "M_C19_M M_C19H193_M": [[0.10707873126810884, 0.008288892567581928, 0.0015951981183924381]], "M_C1_M M_C1H11_M": [[-0.160686000183991, 0.013657435576699255, 0.0026283747022157623]], "M_C1_M M_C1H12_M": [[-0.3305619377471918, 0.007194499449208174, 0.0013845820645616513]], "M_C2_M M_C2H21_M": [[-0.21132346440135327, 0.009856680212542048, 0.001896918991342403]], "M_C2_M M_C2H22_M": [[-0.31892261400150634, 0.0074202120410112775, 0.0014280204731073212]], "M_C20_M M_C20H20_M": [[-0.34856659034948917, 0.0067879639571081715, 0.0013063442726286268]], "M_C21_M M_C21H211_M": [[0.08579468889461737, 0.006797355836951083, 0.001308151740747127]], "M_C21_M M_C21H212_M": [[0.08851055926264915, 0.00796557058688009, 0.0015329747741947284]], "M_C21_M M_C21H213_M": [[0.08499253881797632, 0.007267549690493807, 0.0013986405900518603]], "M_C22_M M_C22H221_M": [[-0.10060354230614509, 0.03236819612950781, 0.0062292622495179785]], "M_C22_M M_C22H222_M": [[-0.30687972490478466, 0.008021902337205896, 0.0015438158245995707]], "M_C23_M M_C23H231_M": [[-0.06469429960119161, 0.025247013963269966, 0.004858790102642718]], "M_C23_M M_C23H232_M": [[-0.28384193710549477, 0.0075430657546936295, 0.0014516636813291382]], "M_C24_M M_C24H241_M": [[-0.09474434109933447, 0.02944244802991634, 0.005666201765224589]], "M_C24_M M_C24H242_M": [[-0.23343250790046238, 0.029241307885330175, 0.005627492326350701]], "M_C25_M M_C25H25_M": [[-0.12449097622569735, 0.010860824448713254, 0.0020901666396952886]], "M_C26_M M_C26H261_M": [[0.009080797659869345, 0.006151859698568325, 0.0011839259509950773]], "M_C26_M M_C26H262_M": [[0.009311021799812311, 0.0056893024056942874, 0.0010949067584762608]], "M_C26_M M_C26H263_M": [[0.009007306973538184, 0.007234216045742827, 0.0013922255271285103]], "M_C27_M M_C27H271_M": [[-0.005202765177539857, 0.00560517078343854, 0.0010787156202240222]], "M_C27_M M_C27H272_M": [[-0.0065299656397160375, 0.005766452975163728, 0.0011097543924933654]], "M_C27_M M_C27H273_M": [[-0.0063029096347759295, 0.005046331575572408, 0.0009711669645256126]]}