{"M_G1_M M_G1H1_M": [[-0.16512866469741447, 0.016668546782262216, 0.001035733101367433]], "M_G1_M M_G1H2_M": [[-0.04325181040426091, 0.013629236541766222, 0.0008468795520732282]], "M_G1C3_M M_G1C3H1_M": [[-0.19925495239008778, 0.010704046367058549, 0.0006651170786365166]], "M_G1C3_M M_G1C3H2_M": [[-0.22718291255051126, 0.009847002748985896, 0.000611862979395054]], "M_G1C4_M M_G1C4H1_M": [[-0.17197835086012925, 0.010720786489113763, 0.0006661572592089446]], "M_G1C4_M M_G1C4H2_M": [[-0.16169220143492724, 0.00978823131359591, 0.0006082111000894709]], "M_G1C5_M M_G1C5H1_M": [[-0.19320479996469547, 0.010219470296932901, 0.0006350069867061411]], "M_G1C5_M M_G1C5H2_M": [[-0.1924132192765477, 0.009557559763067158, 0.0005938778673519526]], "M_G1C6_M M_G1C6H1_M": [[-0.19054601055048082, 0.01121022199820351, 0.0006965693019845221]], "M_G1C6_M M_G1C6H2_M": [[-0.18911797942832367, 0.0107209714574739, 0.0006661687525836102]], "M_G1C7_M M_G1C7H1_M": [[-0.18584126988034483, 0.010392120214959291, 0.0006457349306225595]], "M_G1C7_M M_G1C7H2_M": [[-0.18714515766191175, 0.010356968215307811, 0.0006435506916427681]], "M_G1C8_M M_G1C8H1_M": [[-0.16429089280679365, 0.009529259376301578, 0.0005921193668817253]], "M_G1C8_M M_G1C8H2_M": [[-0.16519136255188105, 0.010179040237211157, 0.0006324947850312696]], "M_G1C9_M M_G1C9H1_M": [[-0.1230460403851808, 0.0085476385622062, 0.00053112441732609]], "M_G1C9_M M_G1C9H2_M": [[-0.12369819282898627, 0.00904831231104452, 0.000562234770341951]], "M_G1C10_M M_G1C10H1_M": [[-0.08243418787039618, 0.008811601488235182, 0.0005475262754840521]], "M_G1C11_M M_G1C11H1_M": [[-0.06242784214730514, 0.006644020199804742, 0.00041283932768599186]], "M_G1C12_M M_G1C12H1_M": [[-0.020781559039820333, 0.005299903215196957, 0.00032931996206559414]], "M_G1C12_M M_G1C12H2_M": [[-0.01936152688535213, 0.004934411061568008, 0.00030660938466802465]], "M_G1C13_M M_G1C13H1_M": [[-0.03547703978023791, 0.006135957187525254, 0.00038126982818059485]], "M_G1C14_M M_G1C14H1_M": [[0.015219191183271091, 0.005871603361831748, 0.0003648436806993253]], "M_G1C15_M M_G1C15H1_M": [[-0.02854926458498948, 0.0050875940277018625, 0.0003161277110502209]], "M_G1C15_M M_G1C15H2_M": [[-0.028051556273428695, 0.00526032106835786, 0.00032686044713367064]], "M_G1C16_M M_G1C16H1_M": [[-0.04502597406802386, 0.005148506501407535, 0.0003199126280035257]], "M_G1C16_M M_G1C16H2_M": [[-0.04549588660890581, 0.005241548477142498, 0.000325693975072598]], "M_G1C17_M M_G1C17H1_M": [[-0.04665401119076653, 0.005166569660850102, 0.00032103501811913277]], "M_G1C17_M M_G1C17H2_M": [[-0.045081614654011296, 0.005008041636753016, 0.00031118456599534884]], "M_G1C18_M M_G1C18H1_M": [[-0.04278306656135065, 0.0051824344312728365, 0.00032202080698765645]], "M_G1C18_M M_G1C18H2_M": [[-0.04236073658128029, 0.005194466873009511, 0.0003227684665382905]], "M_G1C19_M M_G1C19H1_M": [[-0.011056662303653595, 0.004511579909919414, 0.00028033593529223417]], "M_G1C19_M M_G1C19H2_M": [[-0.010984627920534805, 0.004429130909359982, 0.00027521280367376945]], "M_G1C19_M M_G1C19H3_M": [[-0.011231810650707275, 0.004381177632803146, 0.0002722331320504582]], "M_G2_M M_G2H1_M": [[-0.17919406763859266, 0.014419936795375553, 0.0008960112752294602]], "M_G2C3_M M_G2C3H1_M": [[-0.07268830274184379, 0.009805486633621192, 0.0006092832935061095]], "M_G2C3_M M_G2C3H2_M": [[-0.09823142533978546, 0.009349694394234555, 0.0005809617417928257]], "M_G2C4_M M_G2C4H1_M": [[-0.193299019583214, 0.009102882391808446, 0.0005656255901734459]], "M_G2C4_M M_G2C4H2_M": [[-0.1965388752815226, 0.009147221383795789, 0.0005683806810810362]], "M_G2C5_M M_G2C5H1_M": [[-0.19632787963092269, 0.009218127449101618, 0.0005727865696017511]], "M_G2C5_M M_G2C5H2_M": [[-0.1983570861784673, 0.009009221849926495, 0.0005598058072741724]], "M_G2C6_M M_G2C6H1_M": [[-0.20758963366405878, 0.00960925341595532, 0.000597089954651839]], "M_G2C6_M M_G2C6H2_M": [[-0.20602278863978501, 0.009687401337773488, 0.0006019458302412025]], "M_G2C7_M M_G2C7H1_M": [[-0.18685956311672983, 0.009316533186350997, 0.0005789012045945334]], "M_G2C7_M M_G2C7H2_M": [[-0.1856156851332151, 0.009477592056616373, 0.0005889089158474548]], "M_G2C8_M M_G2C8H1_M": [[-0.1764848704947101, 0.009448428177113994, 0.0005870967605492467]], "M_G2C8_M M_G2C8H2_M": [[-0.17573171467892934, 0.008809137443567473, 0.000547373167198193]], "M_G2C9_M M_G2C9H1_M": [[-0.10489443853871114, 0.008517837881766648, 0.00052927269314295]], "M_G2C9_M M_G2C9H2_M": [[-0.1063379560964997, 0.00839426230992193, 0.0005215940807268883]], "M_G2C10_M M_G2C10H1_M": [[-0.05653383129208423, 0.008770178038637623, 0.0005449523475657123]], "M_G2C11_M M_G2C11H1_M": [[-0.030967465450341805, 0.006485515366235061, 0.0004029903165514667]], "M_G2C12_M M_G2C12H1_M": [[-0.023922137325314164, 0.0056739999787326105, 0.0003525652039075896]], "M_G2C12_M M_G2C12H2_M": [[-0.02299042265584737, 0.005707109071052323, 0.0003546225028023108]], "M_G2C13_M M_G2C13H1_M": [[-0.04422622901221291, 0.006747041595917527, 0.0004192407657655637]], "M_G2C14_M M_G2C14H1_M": [[-0.009903363404267859, 0.005865838358502808, 0.0003644854608223753]], "M_G2C15_M M_G2C15H1_M": [[-0.04154357529879132, 0.005533038102304254, 0.00034380625909045183]], "M_G2C15_M M_G2C15H2_M": [[-0.0420126389876041, 0.005256359342892692, 0.0003266142774911454]], "M_G2C16_M M_G2C16H1_M": [[-0.060960869517950586, 0.005361887656528519, 0.0003331714878461849]], "M_G2C16_M M_G2C16H2_M": [[-0.06119127295496446, 0.005315781687982359, 0.00033030660235750626]], "M_G2C17_M M_G2C17H1_M": [[-0.059115151625425806, 0.0053163055203224304, 0.00033033915171536366]], "M_G2C17_M M_G2C17H2_M": [[-0.05944931526056885, 0.004966126162423307, 0.0003085800651477408]], "M_G2C18_M M_G2C18H1_M": [[-0.05476120846127793, 0.005110094413161163, 0.0003175258169749992]], "M_G2C18_M M_G2C18H2_M": [[-0.05467519417486848, 0.0050635413771413515, 0.0003146331520651716]], "M_G2C19_M M_G2C19H1_M": [[-0.012923405542504382, 0.004886455078067068, 0.000303629544843391]], "M_G2C19_M M_G2C19H2_M": [[-0.013000289964384504, 0.004504813014418225, 0.00027991546086482134]], "M_G2C19_M M_G2C19H3_M": [[-0.013038089680670946, 0.004242143422325107, 0.00026359396656736814]], "M_G3_M M_G3H1_M": [[-0.21163483934885208, 0.012378556570435635, 0.0007691660799604208]], "M_G3_M M_G3H2_M": [[-0.2384303330387914, 0.009989297645506136, 0.0006207047540504486]], "M_G3C4_M M_G3C4H1_M": [[0.03579514340812198, 0.007986248844140932, 0.0004962413575511206]], "M_G3C4_M M_G3C4H2_M": [[0.03601363486980819, 0.008285067128025996, 0.0005148090222645748]], "M_G3C5_M M_G3C5H1_M": [[-0.06878602810069988, 0.007393665976063812, 0.00045942004974378054]], "M_G3C5_M M_G3C5H2_M": [[-0.06969999375439564, 0.0070966983151073745, 0.000440967377143938]], "M_G3N6C1_M M_G3N6C1H1_M": [[0.0097551841853337, 0.005353957425407075, 0.0003326787272605582]], "M_G3N6C1_M M_G3N6C1H2_M": [[0.010681800888934221, 0.005414474427410425, 0.0003364390707979497]], "M_G3N6C1_M M_G3N6C1H3_M": [[0.011046924935070646, 0.005186886349437361, 0.00032229743572247116]], "M_G3N6C2_M M_G3N6C2H1_M": [[0.01020894030264477, 0.005554556235713033, 0.0003451433308425514]], "M_G3N6C2_M M_G3N6C2H2_M": [[0.010350085427695496, 0.005398411641229264, 0.0003354409778288782]], "M_G3N6C2_M M_G3N6C2H3_M": [[0.010741710199799904, 0.005513121934024328, 0.00034256872860807797]], "M_G3N6C3_M M_G3N6C3H1_M": [[0.010560359085513593, 0.005260931756773144, 0.00032689839346544106]], "M_G3N6C3_M M_G3N6C3H2_M": [[0.010877277804676549, 0.005309581782333155, 0.0003299213589652587]], "M_G3N6C3_M M_G3N6C3H3_M": [[0.010797918521540386, 0.005291113187559174, 0.00032877377632395074]]}