{"M_G1_M M_G1H1_M": [[-0.27168993310632616, 0.029775614493370434, 0.008977685561525266]], "M_G1_M M_G1H2_M": [[0.012128990839617161, 0.07436324059796123, 0.02242136065985103]], "M_G1C3_M M_G1C3H1_M": [[-0.27327344952617955, 0.014148435998713136, 0.004265913961644431]], "M_G1C3_M M_G1C3H2_M": [[-0.2613663662178942, 0.01978490185721943, 0.005965372361309324]], "M_G1C4_M M_G1C4H1_M": [[-0.2090376990326458, 0.011958352712654767, 0.003605579005327686]], "M_G1C4_M M_G1C4H2_M": [[-0.20492090495395812, 0.01732465824345069, 0.005223581001333054]], "M_G1C5_M M_G1C5H1_M": [[-0.23720341776947806, 0.011951565108345283, 0.0036035324656258716]], "M_G1C5_M M_G1C5H2_M": [[-0.23588099768618068, 0.01730198985745785, 0.0052167462257929455]], "M_G1C6_M M_G1C6H1_M": [[-0.22142961981164522, 0.016312389810729046, 0.004918370585109526]], "M_G1C6_M M_G1C6H2_M": [[-0.22207780181974557, 0.017957030923986598, 0.00541424853851568]], "M_G1C7_M M_G1C7H1_M": [[-0.2344849949919786, 0.01554080848721462, 0.004685730062805601]], "M_G1C7_M M_G1C7H2_M": [[-0.23441206416924856, 0.014711534957074248, 0.004435694685710229]], "M_G1C8_M M_G1C8H1_M": [[-0.22206963676170102, 0.01454607297765121, 0.00438580602181789]], "M_G1C8_M M_G1C8H2_M": [[-0.22366222858022047, 0.016814392253772615, 0.005069730016692914]], "M_G1C9_M M_G1C9H1_M": [[-0.22262556553630952, 0.013737894622850423, 0.00414213107940326]], "M_G1C9_M M_G1C9H2_M": [[-0.22380342785083018, 0.0168030341535746, 0.005066305420630361]], "M_G1C10_M M_G1C10H1_M": [[-0.20674315941237595, 0.016239501935289297, 0.00489639406378227]], "M_G1C10_M M_G1C10H2_M": [[-0.20499648114661853, 0.018348989120227536, 0.00553242838128256]], "M_G1C11_M M_G1C11H1_M": [[-0.19865438823235768, 0.016048778264589482, 0.004838888713386762]], "M_G1C11_M M_G1C11H2_M": [[-0.19808629159537994, 0.018374170174491458, 0.005540020754811561]], "M_G1C12_M M_G1C12H1_M": [[-0.17621172315865563, 0.018924583979257076, 0.005705976761160606]], "M_G1C12_M M_G1C12H2_M": [[-0.1761442623944918, 0.0186854122520647, 0.005633863772109846]], "M_G1C13_M M_G1C13H1_M": [[-0.1644189390603684, 0.019004859845590437, 0.005730180845555922]], "M_G1C13_M M_G1C13H2_M": [[-0.16399840047581288, 0.01693831252562902, 0.0051070933844807815]], "M_G1C14_M M_G1C14H1_M": [[-0.13855396267110084, 0.01767222620095757, 0.0053283766835331]], "M_G1C14_M M_G1C14H2_M": [[-0.13803661855318908, 0.016969877049816198, 0.005116610446609414]], "M_G1C15_M M_G1C15H1_M": [[-0.12126287643439161, 0.014919366370173584, 0.004498358214519306]], "M_G1C15_M M_G1C15H2_M": [[-0.1204671438216227, 0.01508420517524529, 0.004548058984275068]], "M_G1C16_M M_G1C16H1_M": [[-0.08616992432962282, 0.011722700278262489, 0.0035345271229810468]], "M_G1C16_M M_G1C16H2_M": [[-0.08790391410560276, 0.01227948204278833, 0.003702403141439613]], "M_G1C17_M M_G1C17H1_M": [[-0.028303713445349016, 0.0028694586186053333, 0.0008651743263059463]], "M_G1C17_M M_G1C17H2_M": [[-0.02936963852659401, 0.004194019514276105, 0.0012645444629347676]], "M_G1C17_M M_G1C17H3_M": [[-0.030106718852023817, 0.004247230072486278, 0.00128058804988645]], "M_G2_M M_G2H1_M": [[-0.24480699184097313, 0.050518665046001665, 0.015231950624293632]], "M_G2C3_M M_G2C3H1_M": [[-0.14918649462202266, 0.045357866767921924, 0.0136759113963752]], "M_G2C3_M M_G2C3H2_M": [[-0.1326454914224464, 0.04009091318414461, 0.012087865139501832]], "M_G2C4_M M_G2C4H1_M": [[-0.20914960915031988, 0.01823966466563994, 0.005499465817984624]], "M_G2C4_M M_G2C4H2_M": [[-0.20102685653529417, 0.016110385626244512, 0.00485746403183526]], "M_G2C5_M M_G2C5H1_M": [[-0.20388505251211905, 0.01821871113578118, 0.005493148091023259]], "M_G2C5_M M_G2C5H2_M": [[-0.2011980116153753, 0.013360965030177948, 0.004028482531105433]], "M_G2C6_M M_G2C6H1_M": [[-0.2124954228385285, 0.016073098823089473, 0.004846221637680977]], "M_G2C6_M M_G2C6H2_M": [[-0.2097613004556835, 0.014614960148933837, 0.004406576285455474]], "M_G2C7_M M_G2C7H1_M": [[-0.18209993238491137, 0.017111228427033064, 0.005159229490411991]], "M_G2C7_M M_G2C7H2_M": [[-0.18180432523095347, 0.01891789970393713, 0.00570396137632136]], "M_G2C8_M M_G2C8H1_M": [[-0.17548584038949, 0.016443127094544593, 0.004957789359339196]], "M_G2C8_M M_G2C8H2_M": [[-0.17545645751329894, 0.018289632074049444, 0.00551453155847924]], "M_G2C9_M M_G2C9H1_M": [[-0.1218959139056055, 0.01154442515503834, 0.0034807751508729675]], "M_G2C9_M M_G2C9H2_M": [[-0.11926376365161197, 0.018441813056895694, 0.005560415851236378]], "M_G2C10_M M_G2C10H1_M": [[-0.09353394984266118, 0.014701901187303133, 0.004432789994833187]], "M_G2C11_M M_G2C11H1_M": [[0.0044764520747641095, 0.019971575685689594, 0.0060216566383288405]], "M_G2C12_M M_G2C12H1_M": [[-0.057422362453446917, 0.013701874776552346, 0.004131270687114442]], "M_G2C12_M M_G2C12H2_M": [[-0.05735199688844967, 0.015288069124818775, 0.004609526277821903]], "M_G2C13_M M_G2C13H1_M": [[-0.10991772909953916, 0.017124207791291424, 0.005163142915981293]], "M_G2C13_M M_G2C13H2_M": [[-0.11009738244232081, 0.016336124104123745, 0.004925526743823565]], "M_G2C14_M M_G2C14H1_M": [[-0.11935986114289915, 0.016675782258205447, 0.005027937530557539]], "M_G2C14_M M_G2C14H2_M": [[-0.11974422143362619, 0.014521511435192713, 0.0043784004381263245]], "M_G2C15_M M_G2C15H1_M": [[-0.1279112043868784, 0.014448086763090891, 0.004356262066515723]], "M_G2C15_M M_G2C15H2_M": [[-0.1301012404439291, 0.011975083568726702, 0.003610623548237872]], "M_G2C16_M M_G2C16H1_M": [[-0.11911057311587435, 0.012515385954889503, 0.003773530847168392]], "M_G2C16_M M_G2C16H2_M": [[-0.12098090829002932, 0.010725681826789778, 0.00323391474910867]], "M_G2C17_M M_G2C17H1_M": [[-0.10921581013940719, 0.009408291013061974, 0.0028367064735272058]], "M_G2C17_M M_G2C17H2_M": [[-0.10843722262176132, 0.010822954312041142, 0.0032632435069272297]], "M_G2C18_M M_G2C18H1_M": [[-0.08288760293778298, 0.00941736153247725, 0.0028394413380321243]], "M_G2C18_M M_G2C18H2_M": [[-0.08413269001909601, 0.006960957883070801, 0.0020988077708738602]], "M_G2C19_M M_G2C19H1_M": [[-0.025055065161683515, 0.0026443916672073053, 0.0007973140871699087]], "M_G2C19_M M_G2C19H2_M": [[-0.02606171866066997, 0.0031507714780809317, 0.0009499933448134494]], "M_G2C19_M M_G2C19H3_M": [[-0.025474088028193852, 0.0028551805782792514, 0.0008608693351692938]], "M_G3_M M_G3H1_M": [[-0.21486218737709672, 0.06577634908616574, 0.019832315454386185]], "M_G3_M M_G3H2_M": [[-0.22321209272122286, 0.06762848392667223, 0.02039075512048662]], "M_G3C4_M M_G3C4H1_M": [[0.09438667345912431, 0.1584299826314439, 0.047768437084638384]], "M_G3C4_M M_G3C4H2_M": [[0.07781083268519566, 0.10698554858785915, 0.03225735660511507]], "M_G3C5_M M_G3C5H1_M": [[0.052812551864137164, 0.09828828829395794, 0.029635033959758125]]}