{"M_C3_M M_C3H3_M": [[-0.3428055892555507, 0.012690633472101868, 0.001126111622008361]], "M_C4_M M_C4H41_M": [[-0.2957927665652623, 0.01578831865324792, 0.0014009867329695393]], "M_C4_M M_C4H42_M": [[-0.187273591915585, 0.02295254517383925, 0.0020367090367673668]], "M_C6_M M_C6H6_M": [[-0.03668801868762948, 0.027021515014844455, 0.0023977717242707483]], "M_C7_M M_C7H71_M": [[-0.27206805225778474, 0.017619506365421894, 0.0015634783666055771]], "M_C7_M M_C7H72_M": [[-0.32257307574145916, 0.014442081077757393, 0.0012815274653863308]], "M_C8_M M_C8H8_M": [[-0.376191726499254, 0.012235654241135449, 0.001085738743783642]], "M_C14_M M_C14H14_M": [[-0.3720980079718391, 0.012296784705161693, 0.0010911631953013736]], "M_C15_M M_C15H151_M": [[-0.3515254050640267, 0.014441979909021841, 0.0012815184881127266]], "M_C15_M M_C15H152_M": [[-0.2921100451381655, 0.017907033083955963, 0.0015889922371378031]], "M_C16_M M_C16H161_M": [[-0.054026876274368654, 0.021482686945716846, 0.0019062802101030415]], "M_C16_M M_C16H162_M": [[-0.17531176270382573, 0.02034261230176241, 0.001805114944449719]], "M_C17_M M_C17H17_M": [[-0.36984328206563266, 0.012431750824571944, 0.0011031395017623055]], "M_C18_M M_C18H181_M": [[0.10260937174838117, 0.01630040053633137, 0.0014464266522003556]], "M_C18_M M_C18H182_M": [[0.10358038866264135, 0.01612694934623228, 0.0014310353479403157]], "M_C18_M M_C18H183_M": [[0.10441035452204821, 0.015101615355288043, 0.0013400516688213183]], "M_C12_M M_C12H121_M": [[-0.08618157819378067, 0.025512988458204735, 0.0022639116383046153]], "M_C12_M M_C12H122_M": [[-0.3699297426016572, 0.012435314963635855, 0.0011034557679621881]], "M_C11_M M_C11H111_M": [[-0.37028960482732887, 0.012441052630616775, 0.0011039649035766263]], "M_C11_M M_C11H112_M": [[-0.20392550593170572, 0.01991367196298955, 0.001767052644273594]], "M_C9_M M_C9H9_M": [[-0.37054779659796605, 0.012341455343777334, 0.00109512707349691]], "M_C19_M M_C19H191_M": [[0.10344699267154486, 0.016040776757991565, 0.0014233887672294523]], "M_C19_M M_C19H192_M": [[0.104517912380578, 0.015472211263469066, 0.0013729367379700591]], "M_C19_M M_C19H193_M": [[0.10629141740139617, 0.01715171603191289, 0.001521968686857462]], "M_C1_M M_C1H11_M": [[-0.20324078339631474, 0.022363389915049506, 0.0019844299613729854]], "M_C1_M M_C1H12_M": [[-0.33998792571140024, 0.01389824147605937, 0.00123326950432183]], "M_C2_M M_C2H21_M": [[-0.19422954007884763, 0.019602538319093022, 0.0017394439978526]], "M_C2_M M_C2H22_M": [[-0.31508474350835064, 0.014557794492436195, 0.001291795370560531]], "M_C20_M M_C20H20_M": [[-0.3576314409645697, 0.01238139268891315, 0.0010986709398144166]], "M_C21_M M_C21H211_M": [[0.08800615873663578, 0.017160678699981016, 0.0015227639950426608]], "M_C21_M M_C21H212_M": [[0.09275522386654761, 0.016544219158063547, 0.0014680620563114466]], "M_C21_M M_C21H213_M": [[0.08888520174578102, 0.016548755194217588, 0.0014684645644322703]], "M_C22_M M_C22H221_M": [[-0.10755656906786598, 0.03171598250215572, 0.0028143383525815447]], "M_C22_M M_C22H222_M": [[-0.31781873963318097, 0.013026297842316768, 0.0011558970183972862]], "M_C23_M M_C23H231_M": [[-0.07288016171474376, 0.026125955338022692, 0.0023183036533909102]], "M_C23_M M_C23H232_M": [[-0.2894313237578665, 0.01395546691416076, 0.0012383474408221757]], "M_C24_M M_C24H241_M": [[-0.12218421957781501, 0.018912239141599313, 0.0016781898509932367]], "M_C24_M M_C24H242_M": [[-0.23228934745849023, 0.014027890348648982, 0.0012447739814249153]], "M_C25_M M_C25H25_M": [[-0.13935081693474483, 0.013761961996431748, 0.001221176655987089]], "M_C26_M M_C26H261_M": [[0.0018526422480114044, 0.01570253551360278, 0.0013933747102333127]], "M_C26_M M_C26H262_M": [[-0.00233024408610916, 0.01580076119700007, 0.0014020908301887558]], "M_C26_M M_C26H263_M": [[-0.00027800966536992925, 0.01620877409379348, 0.0014382961201782915]], "M_C27_M M_C27H271_M": [[-0.0003518633560498555, 0.016449987710433364, 0.001459700367466812]], "M_C27_M M_C27H272_M": [[-0.0012059380236925344, 0.015813354584245664, 0.0014032083126035535]], "M_C27_M M_C27H273_M": [[0.0010949170677719319, 0.015111875778588135, 0.0013409621341617885]]}