{"sn-1": 0.37040273101027243, "sn-2": 0.3824518158975262, "headgroup": 0.6666608918231535, "total": 0.47317181291031735}