{"sn-1": 0.28083661277136496, "sn-2": 0.2974938834622569, "headgroup": 0.6855926580826055, "total": 0.4213077181054092}