{"headgroup": 0.6844987926222179, "tails": 0.29070680136030713, "total": 0.4219707984476107}