{"-22.43421173095703": [0.000778457560286376, 0.0, 0.0], "-21.096132462642483": [0.004522861269685134, 0.0, 0.0], "-19.758053194327935": [0.01964146402285237, 0.0, 0.0], "-18.419973926013387": [0.0582330529759279, 0.0, 0.0], "-17.08189465769884": [0.12254605259638361, 0.0, 0.0], "-15.743815389384292": [0.19215219653935076, 0.0, 0.0], "-14.405736121069744": [0.24286673404614526, 0.0, 0.0], "-13.067656852755196": [0.26931205804922087, 0.0, 0.0], "-11.729577584440648": [0.28200435169112575, 0.0, 0.0], "-10.3914983161261": [0.2892535740685536, 0.0, 0.0], "-9.053419047811552": [0.2937211714860126, 1.5476170387807926e-06, 0.0], "-7.715339779497004": [0.29670784796540606, 9.33535907736571e-06, 0.0], "-6.377260511182456": [0.2960595728501616, 0.0001015501699093601, 0.0], "-5.039181242867908": [0.29988255062894553, 0.0008358340794286581, 0.0], "-3.70110197455336": [0.30939971913220105, 0.004376864795863785, 0.0], "-2.3630227062388123": [0.32969636842705186, 0.015578750935570167, 0.0], "-1.0249434379242643": [0.34672493646805813, 0.04117173396344278, 0.0], "0.3131358303902836": [0.34331288343923466, 0.07658860895300046, 0.0], "1.6512150987048315": [0.3334042404118631, 0.1083017695917753, 0.0], "2.9892943670193795": [0.3314457200644183, 0.13359288564260755, 0.0], "4.327373635333927": [0.29785434554064505, 0.16542140393122126, 0.0], "5.665452903648475": [0.2098756180440161, 0.21341215038382927, 0.0], "7.003532171963023": [0.11447990342428802, 0.26575692620592967, 0.0], "8.341611440277571": [0.0492648118439201, 0.30512904584300754, 0.0], "9.679690708592119": [0.01699846220940182, 0.3228760127268995, 0.0], "11.017769976906663": [0.0042846845550577, 0.33147543251423156, 0.0], "12.355849245221215": [0.0007319748829172531, 0.3315698846324598, 0.0], "13.693928513535766": [8.750536261163257e-05, 0.331002107423438, 0.0], "15.03200778185031": [5.650349802500493e-06, 0.3309882152169896, 0.0], "16.370087050164855": [1.4207124427077096e-06, 0.3300358470769562, 0.0], "17.708166318479407": [0.0, 0.33027992832940384, 0.0], "19.046245586793958": [0.0, 0.3306701577423657, 0.0], "20.384324855108503": [0.0, 0.329793999743906, 0.0], "21.722404123423047": [0.0, 0.33023006696870805, 0.0], "23.0604833917376": [0.0, 0.33034334600869747, 0.0], "24.39856266005215": [0.0, 0.33049845678264733, 0.0], "25.736641928366694": [0.0, 0.33012619252638875, 0.0], "27.07472119668124": [0.0, 0.3308713680500458, 0.0], "28.41280046499579": [0.0, 0.3300070661996799, 0.0], "29.75087973331034": [0.0, 0.3305326484006669, 0.0], "31.088959001624886": [0.0, 0.3305383384619986, 0.0], "32.42703826993943": [0.0, 0.3300594669698717, 0.0], "33.76511753825398": [0.0, 0.33084847944441126, 0.0], "35.10319680656853": [0.0, 0.3295834099862847, 0.0], "36.44127607488308": [0.0, 0.3308644674762395, 0.0], "37.77935534319762": [0.0, 0.3303774709492744, 0.0], "39.117434611512174": [0.0, 0.3307715753237257, 0.0], "40.455513879826725": [0.0, 0.3297805961064961, 0.0], "41.79359314814127": [0.0, 0.33022794368989444, 0.0], "43.131672416455814": [0.0, 0.3299745512043172, 0.0]}