{
    "10.1021/jacs.1c05549": {
        "M_G1_M M_G1H1_M": [0.00820608, 0.10476, 0.00468968, -0.13, 0.02, 0.00318908],
        "M_G1_M M_G1H2_M": [-0.258842, 0.0909443, 0.00407123, 0, 0.02, 0.000778141],
        "M_G2_M M_G2H1_M": [-0.233429, 0.102894, 0.00460618, -0.19, 0.02, 0.0387165],
        "M_G3_M M_G3H1_M": [-0.162992, 0.109395, 0.00489718, -0.21, 0.02, 0.0338739],
        "M_G3_M M_G3H2_M": [-0.228345, 0.0770847, 0.00345079, -0.21, 0.02, 0.613758],
        "M_G3C4_M M_G3C4H1_M": [0.151602, 0.0915197, 0.00409698, 0.08, 0.02, 0.0109923],
        "M_G3C4_M M_G3C4H2_M": [0.145646, 0.0772357, 0.00345755, 0.08, 0.02, 0.0112217],
        "M_G3C5_M M_G3C5H1_M": [0.0150755, 0.0547344, 0.00245025, -0.03, 0.02, 0.0190257],
        "M_G3C5_M M_G3C5H2_M": [0.00541791, 0.0510497, 0.0022853, -0.03, 0.02, 0.0337211]
    },
    "unpublished/ferreiraPOPE": {
        "M_G1C3_M M_G1C3H1_M": [-0.293066, 0.0360469, 0.00161368, -0.2223, 0.02, 0.00445613],
        "M_G1C3_M M_G1C3H2_M": [-0.286985, 0.0358129, 0.0016032, -0.2223, 0.02, 0.00538999],
        "M_G1C4_M M_G1C4H1_M": [-0.251934, 0.0298068, 0.00133434, -0.2179, 0.02, 0.0223152],
        "M_G1C4_M M_G1C4H2_M": [-0.245034, 0.0299672, 0.00134152, -0.2179, 0.02, 0.0501067],
        "M_G1C5_M M_G1C5H1_M": [-0.283242, 0.0278801, 0.00124809, -0.249, 0.02, 0.0205006],
        "M_G1C5_M M_G1C5H2_M": [-0.280172, 0.027719, 0.00124087, -0.249, 0.02, 0.0274939],
        "M_G1C6_M M_G1C6H1_M": [-0.277971, 0.0278453, 0.00124652, -0.2579, 0.02, 0.472073],
        "M_G1C6_M M_G1C6H2_M": [-0.276573, 0.0280461, 0.00125552, -0.2579, 0.02, 0.748535],
        "M_G1C7_M M_G1C7H1_M": [-0.291841, 0.0266228, 0.0011918, -0.2579, 0.02, 0.020115],
        "M_G1C7_M M_G1C7H2_M": [-0.291011, 0.0262995, 0.00117733, -0.2579, 0.02, 0.0214511],
        "M_G1C8_M M_G1C8H1_M": [-0.283619, 0.0267596, 0.00119792, -0.249, 0.02, 0.0190445],
        "M_G1C8_M M_G1C8H2_M": [-0.283391, 0.0267413, 0.0011971, -0.249, 0.02, 0.0194126],
        "M_G1C9_M M_G1C9H1_M": [-0.286754, 0.0262285, 0.00117415, -0.2446, 0.02, 0.0108422],
        "M_G1C9_M M_G1C9H2_M": [-0.286272, 0.0264104, 0.00118229, -0.2446, 0.02, 0.0112467],
        "M_G1C10_M M_G1C10H1_M": [-0.273117, 0.0275059, 0.00123133, -0.2357, 0.02, 0.0156414],
        "M_G1C10_M M_G1C10H2_M": [-0.272022, 0.0278148, 0.00124516, -0.2357, 0.02, 0.0172005],
        "M_G1C11_M M_G1C11H1_M": [-0.267369, 0.0273913, 0.0012262, -0.2268, 0.02, 0.0125105],
        "M_G1C11_M M_G1C11H2_M": [-0.266818, 0.0280272, 0.00125467, -0.2268, 0.02, 0.0132713],
        "M_G1C12_M M_G1C12H1_M": [-0.246354, 0.0283684, 0.00126994, -0.2001, 0.02, 0.00928466],
        "M_G1C12_M M_G1C12H2_M": [-0.246147, 0.0285835, 0.00127957, -0.2001, 0.02, 0.00945861],
        "M_G1C13_M M_G1C13H1_M": [-0.233299, 0.0282799, 0.00126598, -0.1779, 0.02, 0.00603492],
        "M_G1C13_M M_G1C13H2_M": [-0.23277, 0.0277147, 0.00124068, -0.1779, 0.02, 0.00604652],
        "M_G1C14_M M_G1C14H1_M": [-0.202142, 0.0277257, 0.00124117, -0.1512, 0.02, 0.00719289],
        "M_G1C14_M M_G1C14H2_M": [-0.202615, 0.0276298, 0.00123688, -0.1512, 0.02, 0.00701363],
        "M_G1C15_M M_G1C15H1_M": [-0.176103, 0.0249419, 0.00111655, -0.1245, 0.02, 0.00627822],
        "M_G1C15_M M_G1C15H2_M": [-0.17644, 0.0249097, 0.00111511, -0.1245, 0.02, 0.00617503],
        "M_G1C16_M M_G1C16H1_M": [-0.127798, 0.0208673, 0.000934148, -0.0889, 0.02, 0.0106733],
        "M_G1C16_M M_G1C16H2_M": [-0.127298, 0.0205104, 0.000918172, -0.0889, 0.02, 0.0108681],
        "M_G1C17_M M_G1C17H1_M": [-0.0419715, 0.00799067, 0.000357712, -0.0222, 0.02, 0.678086],
        "M_G1C17_M M_G1C17H2_M": [-0.0418091, 0.00819437, 0.00036683, -0.0222, 0.02, 0.757152],
        "M_G1C17_M M_G1C17H3_M": [-0.0415237, 0.00769754, 0.000344589, -0.0222, 0.02, 0.847208],
        "M_G2C3_M M_G2C3H1_M": [-0.162201, 0.0540715, 0.00242057, -0.129, 0.02, 0.0432535],
        "M_G2C3_M M_G2C3H2_M": [-0.154568, 0.0566205, 0.00253468, -0.0889, 0.02, 0.00823374],
        "M_G2C4_M M_G2C4H1_M": [-0.244776, 0.0323353, 0.00144753, -0.2179, 0.02, 0.0562169],
        "M_G2C4_M M_G2C4H2_M": [-0.23144, 0.033592, 0.00150379, -0.2179, 0.02, 0.912941],
        "M_G2C5_M M_G2C5H1_M": [-0.244391, 0.0321316, 0.00143841, -0.2135, 0.02, 0.0328037],
        "M_G2C5_M M_G2C5H2_M": [-0.24206, 0.0327409, 0.00146568, -0.2135, 0.02, 0.0443758],
        "M_G2C6_M M_G2C6H1_M": [-0.261762, 0.029966, 0.00134146, -0.2179, 0.02, 0.0111907],
        "M_G2C6_M M_G2C6H2_M": [-0.260675, 0.030307, 0.00135673, -0.2179, 0.02, 0.0120611],
        "M_G2C7_M M_G2C7H1_M": [-0.234573, 0.0302392, 0.00135369, -0.2223, 0.02, 0.93145],
        "M_G2C7_M M_G2C7H2_M": [-0.2344, 0.0308118, 0.00137933, -0.2223, 0.02, 0.931309],
        "M_G2C8_M M_G2C8H1_M": [-0.228729, 0.0283913, 0.00127097, -0.1912, 0.02, 0.016008],
        "M_G2C8_M M_G2C8H2_M": [-0.228715, 0.0285176, 0.00127662, -0.1912, 0.02, 0.0160961],
        "M_G2C9_M M_G2C9H1_M": [-0.156337, 0.0241139, 0.00107948, -0.1467, 0.02, 0.955372],
        "M_G2C9_M M_G2C9H2_M": [-0.154954, 0.0256371, 0.00114768, -0.1467, 0.02, 0.956074],
        "M_G2C10_M M_G2C10H1_M": [-0.117453, 0.0242109, 0.00108383, -0.1245, 0.02, 0.960678],
        "M_G2C11_M M_G2C11H1_M": [-0.0216573, 0.0329821, 0.00147648, -0.04, 0.02, 0.756096],
        "M_G2C12_M M_G2C12H1_M": [-0.100514, 0.0294294, 0.00131744, -0.0934, 0.02, 0.952115],
        "M_G2C12_M M_G2C12H2_M": [-0.101196, 0.028616, 0.00128103, -0.0934, 0.02, 0.95205],
        "M_G2C13_M M_G2C13H1_M": [-0.172395, 0.0306354, 0.00137143],
        "M_G2C13_M M_G2C13H2_M": [-0.172769, 0.031185, 0.00139603],
        "M_G2C14_M M_G2C14H1_M": [-0.183032, 0.0292565, 0.0013097, -0.1512, 0.02, 0.0270487],
        "M_G2C14_M M_G2C14H2_M": [-0.183991, 0.0292691, 0.00131027, -0.1512, 0.02, 0.0245942],
        "M_G2C15_M M_G2C15H1_M": [-0.193826, 0.028246, 0.00126447, -0.1512, 0.02, 0.0113441],
        "M_G2C15_M M_G2C15H2_M": [-0.193673, 0.0281119, 0.00125846, -0.1512, 0.02, 0.0113954],
        "M_G2C16_M M_G2C16H1_M": [-0.178951, 0.0265888, 0.00119028, -0.1379, 0.02, 0.0117741],
        "M_G2C16_M M_G2C16H2_M": [-0.1782, 0.02662, 0.00119168, -0.1379, 0.02, 0.0123748],
        "M_G2C17_M M_G2C17H1_M": [-0.160549, 0.023807, 0.00106575, -0.1245, 0.02, 0.0150545],
        "M_G2C17_M M_G2C17H2_M": [-0.160408, 0.0239742, 0.00107323, -0.1245, 0.02, 0.0153324],
        "M_G2C18_M M_G2C18H1_M": [-0.121796, 0.01897, 0.000849212, -0.0889, 0.02, 0.0158203],
        "M_G2C18_M M_G2C18H2_M": [-0.121833, 0.0191203, 0.000855943, -0.0889, 0.02, 0.0158889],
        "M_G2C19_M M_G2C19H1_M": [-0.0376426, 0.00789935, 0.000353623, -0.0222, 0.02, 0.972175],
        "M_G2C19_M M_G2C19H2_M": [-0.0382554, 0.00787062, 0.000352337, -0.0222, 0.02, 0.968533],
        "M_G2C19_M M_G2C19H3_M": [-0.0377011, 0.00744994, 0.000333505, -0.0222, 0.02, 0.973456]
    }
}