{"sn-1": 0.05665791677179452, "sn-2": 0.32703814502446593, "headgroup": 0.07241638521986263, "total": 0.1520374823387077}