{"headgroup": 0.07258577192632071, "tails": 0.17614965480876218, "total": 0.14162836051461503}