{"headgroup": 0.07258577192632071, "tails": 0.22661210161922896, "total": 0.17526999172159288}