{"headgroup": 0.07048310576429041, "tails": 0.2522167000759195, "total": 0.19163883530537648}