{
    "10.1021/acs.jctc.9b00824": {
        "M_G1C3_M M_G1C3H1_M": [-0.28304, 0.07699, 0.00681, -0.220769, 0.02, 0.0245557],
        "M_G1C3_M M_G1C3H2_M": [-0.23849, 0.07812, 0.0069, -0.220769, 0.02, 0.543955],
        "M_G1C4_M M_G1C4H1_M": [-0.20629, 0.06393, 0.00565, -0.196239, 0.02, 0.776444],
        "M_G1C4_M M_G1C4H2_M": [-0.17771, 0.06859, 0.00606, -0.196239, 0.02, 0.526142],
        "M_G1C5_M M_G1C5H1_M": [-0.2449, 0.05888, 0.0052, -0.220769, 0.02, 0.248974],
        "M_G1C5_M M_G1C5H2_M": [-0.24323, 0.05087, 0.0045, -0.220769, 0.02, 0.307092],
        "M_G1C6_M M_G1C6H1_M": [-0.25169, 0.0538, 0.00476, -0.220769, 0.02, 0.101166],
        "M_G1C6_M M_G1C6H2_M": [-0.24931, 0.05074, 0.00449, -0.220769, 0.02, 0.124701],
        "M_G1C7_M M_G1C7H1_M": [-0.26723, 0.05072, 0.00448, -0.220769, 0.02, 0.0319612],
        "M_G1C7_M M_G1C7H2_M": [-0.26573, 0.04931, 0.00436, -0.220769, 0.02, 0.0337126],
        "M_G1C8_M M_G1C8H1_M": [-0.2629, 0.04966, 0.00439, -0.220769, 0.02, 0.0398786],
        "M_G1C8_M M_G1C8H2_M": [-0.26102, 0.05389, 0.00476, -0.220769, 0.02, 0.0483896],
        "M_G1C9_M M_G1C9H1_M": [-0.26762, 0.0518, 0.00458, -0.220769, 0.02, 0.0320033],
        "M_G1C9_M M_G1C9H2_M": [-0.26703, 0.05268, 0.00466, -0.220769, 0.02, 0.0335527],
        "M_G1C10_M M_G1C10H1_M": [-0.25503, 0.05169, 0.00457, -0.196239, 0.02, 0.0188865],
        "M_G1C10_M M_G1C10H2_M": [-0.25392, 0.0539, 0.00476, -0.196239, 0.02, 0.0205177],
        "M_G1C11_M M_G1C11H1_M": [-0.25084, 0.04962, 0.00439, -0.17171, 0.02, 0.00950183],
        "M_G1C11_M M_G1C11H2_M": [-0.2496, 0.05051, 0.00446, -0.17171, 0.02, 0.00998249],
        "M_G1C12_M M_G1C12H1_M": [-0.23095, 0.04888, 0.00432, -0.17171, 0.02, 0.0175663],
        "M_G1C12_M M_G1C12H2_M": [-0.22793, 0.0502, 0.00444, -0.17171, 0.02, 0.0203047],
        "M_G1C13_M M_G1C13H1_M": [-0.21973, 0.04544, 0.00402, -0.14718, 0.02, 0.0104855],
        "M_G1C13_M M_G1C13H2_M": [-0.2174, 0.04553, 0.00402, -0.14718, 0.02, 0.011252],
        "M_G1C14_M M_G1C14H1_M": [-0.19078, 0.04458, 0.00394, -0.12265, 0.02, 0.0117783],
        "M_G1C14_M M_G1C14H2_M": [-0.19085, 0.04481, 0.00396, -0.12265, 0.02, 0.0118111],
        "M_G1C15_M M_G1C15H1_M": [-0.16884, 0.04079, 0.0036, -0.09812, 0.02, 0.00993043],
        "M_G1C15_M M_G1C15H2_M": [-0.16996, 0.04087, 0.00361, -0.09812, 0.02, 0.009625],
        "M_G1C16_M M_G1C16H1_M": [-0.12703, 0.03565, 0.00315, -0.07359, 0.02, 0.0162515],
        "M_G1C16_M M_G1C16H2_M": [-0.12821, 0.03552, 0.00314, -0.07359, 0.02, 0.0154051],
        "M_G2C3_M M_G2C3H1_M": [-0.12134, 0.09851, 0.00871, -0.12, 0.02, 0.737639],
        "M_G2C3_M M_G2C3H2_M": [-0.14931, 0.07814, 0.00691, -0.12, 0.02, 0.158923],
        "M_G2C4_M M_G2C4H1_M": [-0.25159, 0.05425, 0.00479, -0.2, 0.02, 0.0266345],
        "M_G2C4_M M_G2C4H2_M": [-0.24261, 0.05356, 0.00473, -0.2, 0.02, 0.0416418],
        "M_G2C5_M M_G2C5H1_M": [-0.24417, 0.0501, 0.00443, -0.2, 0.02, 0.0357612],
        "M_G2C5_M M_G2C5H2_M": [-0.23899, 0.04782, 0.00423, -0.2, 0.02, 0.0469781],
        "M_G2C6_M M_G2C6H1_M": [-0.2563, 0.04936, 0.00436, -0.22, 0.02, 0.0585938],
        "M_G2C6_M M_G2C6H2_M": [-0.25031, 0.04573, 0.00404, -0.22, 0.02, 0.0933708],
        "M_G2C7_M M_G2C7H1_M": [-0.23534, 0.04529, 0.004, -0.2, 0.02, 0.0582256],
        "M_G2C7_M M_G2C7H2_M": [-0.23241, 0.0442, 0.00391, -0.2, 0.02, 0.0734522],
        "M_G2C8_M M_G2C8H1_M": [-0.2317, 0.04395, 0.00388, -0.17, 0.02, 0.0144268],
        "M_G2C8_M M_G2C8H2_M": [-0.22852, 0.04098, 0.00362, -0.17, 0.02, 0.0151616],
        "M_G2C9_M M_G2C9H1_M": [-0.1205, 0.03173, 0.0028, -0.12, 0.02, 0.911395],
        "M_G2C9_M M_G2C9H2_M": [-0.11678, 0.03454, 0.00305, -0.12, 0.02, 0.901195],
        "M_G2C10_M M_G2C10H1_M": [-0.09995, 0.03015, 0.00267, -0.12, 0.02, 0.472851],
        "M_G2C11_M M_G2C11H1_M": [-0.05778, 0.03253, 0.00288, -0, 0.02, 0.0124373],
        "M_G2C12_M M_G2C12H1_M": [-0.09268, 0.03288, 0.00291, -0.07, 0.02, 0.24142],
        "M_G2C12_M M_G2C12H2_M": [-0.09581, 0.03323, 0.00294, -0.07, 0.02, 0.128713],
        "M_G2C13_M M_G2C13H1_M": [-0.18464, 0.03818, 0.00338, -0.12, 0.02, 0.0113509],
        "M_G2C13_M M_G2C13H2_M": [-0.18416, 0.03975, 0.00351, -0.12, 0.02, 0.0119795],
        "M_G2C14_M M_G2C14H1_M": [-0.19138, 0.03875, 0.00343],
        "M_G2C14_M M_G2C14H2_M": [-0.19069, 0.03963, 0.0035],
        "M_G2C15_M M_G2C15H1_M": [-0.19355, 0.03918, 0.00346, -0.12, 0.02, 0.00877074],
        "M_G2C15_M M_G2C15H2_M": [-0.19406, 0.0396, 0.0035, -0.12, 0.02, 0.00874063],
        "M_G2C16_M M_G2C16H1_M": [-0.17507, 0.03739, 0.0033, -0.1, 0.02, 0.00800703],
        "M_G2C16_M M_G2C16H2_M": [-0.17612, 0.037, 0.00327, -0.1, 0.02, 0.00770161],
        "M_G2C17_M M_G2C17H1_M": [-0.15916, 0.03504, 0.0031, -0.1, 0.02, 0.0126867],
        "M_G2C17_M M_G2C17H2_M": [-0.15961, 0.0348, 0.00308, -0.1, 0.02, 0.0123927],
        "M_G2C18_M M_G2C18H1_M": [-0.1224, 0.0294, 0.0026, -0.07, 0.02, 0.0140627],
        "M_G2C18_M M_G2C18H2_M": [-0.12395, 0.02971, 0.00263, -0.07, 0.02, 0.0132935]
    },
    "10.1021/acs.jpcb.9b06091": {
        "M_G1_M M_G1H1_M": [-0.22744, 0.14189, 0.01254, -0.13, 0.02, 0.0172408],
        "M_G1_M M_G1H2_M": [-0.0642, 0.15971, 0.01412, 0, 0.02, 0.0455375],
        "M_G2_M M_G2H1_M": [-0.23281, 0.14335, 0.01267, -0.18, 0.02, 0.0624625],
        "M_G3_M M_G3H1_M": [-0.20547, 0.15682, 0.01386, -0.21, 0.02, 0.603747],
        "M_G3_M M_G3H2_M": [-0.21954, 0.11413, 0.01009, -0.21, 0.02, 0.65096],
        "M_G3C4_M M_G3C4H1_M": [0.01933, 0.20343, 0.01798, -0, 0.02, 0.375368],
        "M_G3C4_M M_G3C4H2_M": [-0.07545, 0.15969, 0.01411, 0.09, 0.02, 0.00661059],
        "M_G3C5_M M_G3C5H1_M": [-0.08718, 0.16374, 0.01447, -0.11, 0.02, 0.335003]
    }
}