{"M_G1_M M_G1H1_M": [[0.01703936392218002, 0.13604286165896265, 0.011145065482977811]], "M_G1_M M_G1H2_M": [[-0.12093440385610163, 0.08791559867522264, 0.007202326474628385]], "M_G1C3_M M_G1C3H1_M": [[-0.20483319230637728, 0.04600565772176347, 0.003768930333014191]], "M_G1C3_M M_G1C3H2_M": [[-0.21929456496694882, 0.03662510821462788, 0.0030004457741887288]], "M_G1C4_M M_G1C4H1_M": [[-0.17111948491412846, 0.03687278363073139, 0.0030207361348687117]], "M_G1C4_M M_G1C4H2_M": [[-0.1929842323473704, 0.03571769501826575, 0.002926107588632722]], "M_G1C5_M M_G1C5H1_M": [[-0.20133976402418677, 0.0357555397296092, 0.00292920794818826]], "M_G1C5_M M_G1C5H2_M": [[-0.20901535572495478, 0.03327086451764217, 0.0027256554236116796]], "M_G1C6_M M_G1C6H1_M": [[-0.18623273198612286, 0.03588350845508559, 0.0029396915546620996]], "M_G1C6_M M_G1C6H2_M": [[-0.18918085300237678, 0.036235568249098, 0.002968533416780732]], "M_G1C7_M M_G1C7H1_M": [[-0.19342881380816004, 0.035581258158690655, 0.0029149302455827924]], "M_G1C7_M M_G1C7H2_M": [[-0.19242655741213366, 0.03649854619267792, 0.0029900774093580447]], "M_G1C8_M M_G1C8H1_M": [[-0.17755087493799504, 0.03524437559563466, 0.0028873317506706185]], "M_G1C8_M M_G1C8H2_M": [[-0.17720822658300595, 0.03588492543381516, 0.002939807638082696]], "M_G1C9_M M_G1C9H1_M": [[-0.17237121281885537, 0.03450725128448073, 0.002826944174161828]], "M_G1C9_M M_G1C9H2_M": [[-0.17037047834455515, 0.0352464662323281, 0.002887503022301966]], "M_G1C10_M M_G1C10H1_M": [[-0.15523647238082883, 0.03489782556076866, 0.002858941265608697]], "M_G1C10_M M_G1C10H2_M": [[-0.1526908547144748, 0.03566912114996529, 0.002922128262291239]], "M_G1C11_M M_G1C11H1_M": [[-0.14300772858273036, 0.032946249763676404, 0.0026990619467796607]], "M_G1C11_M M_G1C11H2_M": [[-0.14132067671016657, 0.032259957704324875, 0.0026428387105977085]], "M_G1C12_M M_G1C12H1_M": [[-0.12459342179044831, 0.03079620091816353, 0.002522923082287735]], "M_G1C12_M M_G1C12H2_M": [[-0.12483637532816227, 0.029582109633123715, 0.002423460848774875]], "M_G1C13_M M_G1C13H1_M": [[-0.11313800233810824, 0.027151174639100596, 0.002224310894393825]], "M_G1C13_M M_G1C13H2_M": [[-0.11280283029625612, 0.025391134464387715, 0.002080122785141755]], "M_G1C14_M M_G1C14H1_M": [[-0.09506704938428259, 0.022468074956641576, 0.0018406564197095236]], "M_G1C14_M M_G1C14H2_M": [[-0.09653545822540818, 0.022550267638261685, 0.0018473899065511489]], "M_G1C15_M M_G1C15H1_M": [[-0.08234811890399613, 0.019558177754161084, 0.001602268352339416]], "M_G1C15_M M_G1C15H2_M": [[-0.08136646987320213, 0.018486844629146296, 0.001514501322987263]], "M_G1C16_M M_G1C16H1_M": [[-0.060039524201100154, 0.014656968890470332, 0.001200745677312784]], "M_G1C16_M M_G1C16H2_M": [[-0.059322325267119294, 0.015374203842394468, 0.0012595038540256032]], "M_G1C17_M M_G1C17H1_M": [[-0.018405835639050884, 0.008317108355992685, 0.0006813640651644848]], "M_G1C17_M M_G1C17H2_M": [[-0.017392395042367798, 0.007434192596392417, 0.0006090327878250992]], "M_G1C17_M M_G1C17H3_M": [[-0.01915101212313335, 0.00784220802156041, 0.0006424587138612759]], "M_G2_M M_G2H1_M": [[-0.00908826537450769, 0.12551641490479487, 0.010282705363911982]], "M_G2C3_M M_G2C3H1_M": [[-0.200269624539762, 0.05103935701957104, 0.0041813070473200155]], "M_G2C3_M M_G2C3H2_M": [[-0.12244197228575542, 0.06011011923297307, 0.004924412842185704]], "M_G2C4_M M_G2C4H1_M": [[-0.20303387784094085, 0.04172485582882315, 0.003418233377402687]], "M_G2C4_M M_G2C4H2_M": [[-0.14009176680142588, 0.04964788908980537, 0.004067313552875758]], "M_G2C5_M M_G2C5H1_M": [[-0.19032210971560237, 0.0389341613835956, 0.003189610780408129]], "M_G2C5_M M_G2C5H2_M": [[-0.17812327616979354, 0.04068289397851942, 0.0033328725366294975]], "M_G2C6_M M_G2C6H1_M": [[-0.18051370992320995, 0.040428976952313636, 0.0033120708433263925]], "M_G2C6_M M_G2C6H2_M": [[-0.17523717415386653, 0.03952149417408043, 0.003237726957401398]], "M_G2C7_M M_G2C7H1_M": [[-0.165657916250028, 0.03702436463307753, 0.003033154134435335]], "M_G2C7_M M_G2C7H2_M": [[-0.16317282047594497, 0.03697615573605418, 0.00302920470770588]], "M_G2C8_M M_G2C8H1_M": [[-0.15291772884319493, 0.03571027720650333, 0.0029254998978151038]], "M_G2C8_M M_G2C8H2_M": [[-0.15396476968743683, 0.03773456957936892, 0.003091336390646577]], "M_G2C9_M M_G2C9H1_M": [[-0.11540625638960435, 0.03615435845334729, 0.0029618804510869504]], "M_G2C9_M M_G2C9H2_M": [[-0.11597247477313134, 0.03476288695114921, 0.002847886663977626]], "M_G2C10_M M_G2C10H1_M": [[-0.09765122009895737, 0.03643105025710251, 0.0029845479268651776]], "M_G2C11_M M_G2C11H1_M": [[-0.015098723792405086, 0.03948353202833578, 0.0032346169772448567]], "M_G2C12_M M_G2C12H1_M": [[-0.043592724261366025, 0.03269941215204162, 0.002678840221716071]], "M_G2C12_M M_G2C12H2_M": [[-0.04177457644751944, 0.034385681075679186, 0.002816984754598389]], "M_G2C13_M M_G2C13H1_M": [[-0.07908116552700717, 0.028752956147925657, 0.002355533948566489]], "M_G2C13_M M_G2C13H2_M": [[-0.0768033970874359, 0.03031436540358165, 0.0024834495788892156]], "M_G2C14_M M_G2C14H1_M": [[-0.0768000713753257, 0.026631045687358162, 0.0021817002703884737]], "M_G2C14_M M_G2C14H2_M": [[-0.07622317489441097, 0.027367956953824553, 0.002242070393596412]], "M_G2C15_M M_G2C15H1_M": [[-0.08505492966055167, 0.02564806111440978, 0.0021011710364347647]], "M_G2C15_M M_G2C15H2_M": [[-0.08608098261434355, 0.02606056958055836, 0.002134965046730091]], "M_G2C16_M M_G2C16H1_M": [[-0.07490251151467688, 0.02266103649099759, 0.0018564644445472013]], "M_G2C16_M M_G2C16H2_M": [[-0.07640125168516088, 0.023303853064235186, 0.001909126030130692]], "M_G2C17_M M_G2C17H1_M": [[-0.06865457100659987, 0.018506610172345478, 0.0015161205793787797]], "M_G2C17_M M_G2C17H2_M": [[-0.06961820381623622, 0.018919056230194912, 0.0015499094769870297]], "M_G2C18_M M_G2C18H1_M": [[-0.05222247218117483, 0.014267012829415907, 0.0011687992320312183]], "M_G2C18_M M_G2C18H2_M": [[-0.05184636793699438, 0.014722822991031384, 0.0012061406554404524]], "M_G2C19_M M_G2C19H1_M": [[-0.018796333557574117, 0.007636760572522756, 0.0006256278030371905]], "M_G2C19_M M_G2C19H2_M": [[-0.017024574279071298, 0.008575131869855755, 0.0007025021750445961]], "M_G2C19_M M_G2C19H3_M": [[-0.01676467188619122, 0.008718111508471842, 0.0007142155234384536]], "M_G3_M M_G3H1_M": [[0.004222316142406215, 0.12087547721592344, 0.00990250493432565]], "M_G3_M M_G3H2_M": [[0.09709126232506778, 0.11732213790060457, 0.0096114040351712]], "M_G3C4_M M_G3C4H1_M": [[0.01463121483773983, 0.04417783658556789, 0.0036191893910371116]], "M_G3C4_M M_G3C4H2_M": [[-0.023755237620977646, 0.04568940512534509, 0.0037430219108208953]], "M_G3C5_M M_G3C5H1_M": [[0.02862151613154896, 0.04328290868267021, 0.003545874040575417]], "M_G3C6_M M_G3C6H1_M": [[-0.006053289226458669, 0.029016173381021283, 0.002377097544504753]], "M_G3C6_M M_G3C6H2_M": [[0.007098013420277569, 0.0289420029254049, 0.0023710212640247145]]}