{"M_C3_M M_C3H3_M": [[0.5518178658509323, 0.057856491175786624, 0.009779531936175787]], "M_C4_M M_C4H41_M": [[-0.38806529421677216, 0.024435756024308943, 0.0041303966342905365]], "M_C4_M M_C4H42_M": [[-0.07570093781240228, 0.0636845063075755, 0.010764646293226496]], "M_C6_M M_C6H6_M": [[0.04237695251039076, 0.0673469789233627, 0.011383717156038342]], "M_C7_M M_C7H71_M": [[-0.30826418268135736, 0.0412003123084118, 0.006964123848719581]], "M_C7_M M_C7H72_M": [[-0.3909960359552519, 0.024475119549014705, 0.004137050284367774]], "M_C8_M M_C8H8_M": [[-0.40583438730908683, 0.020487256369747922, 0.0034629783777212716]], "M_C14_M M_C14H14_M": [[-0.3815750510882658, 0.024665874403158164, 0.004169293739685666]], "M_C15_M M_C15H151_M": [[-0.39105484185035133, 0.023911802496037977, 0.004041832323550892]], "M_C15_M M_C15H152_M": [[-0.28001956182682264, 0.041091750382271794, 0.00694577353396383]], "M_C16_M M_C16H161_M": [[-0.055854084773676135, 0.04769598333101513, 0.008062092649133568]], "M_C16_M M_C16H162_M": [[-0.1885821050822556, 0.05235597469016558, 0.008849774953970393]], "M_C17_M M_C17H17_M": [[-0.3210223660119867, 0.03179372077815149, 0.005374119677861036]], "M_C18_M M_C18H181_M": [[0.10518706311736081, 0.008919669871083235, 0.001507699388463951]], "M_C18_M M_C18H182_M": [[0.10520028214881466, 0.009356944967600336, 0.001581612370125601]], "M_C18_M M_C18H183_M": [[0.10434588746522938, 0.010247183292401684, 0.0017320901117112504]], "M_C12_M M_C12H121_M": [[0.06594072631702932, 0.06838305289441653, 0.011558845621008266]], "M_C12_M M_C12H122_M": [[-0.4016649013173875, 0.02043029170885783, 0.003453349592617186]], "M_C11_M M_C11H111_M": [[-0.39763344554138247, 0.021614423074371385, 0.00365350432496144]], "M_C11_M M_C11H112_M": [[-0.24612886938282172, 0.04963974906060741, 0.008390649024445647]], "M_C9_M M_C9H9_M": [[-0.3991090384715487, 0.021713430798822774, 0.003670239684875656]], "M_C19_M M_C19H191_M": [[0.11902888478957717, 0.02487312284849064, 0.0042043251207573885]], "M_C19_M M_C19H192_M": [[0.12290948148725896, 0.025401484481680364, 0.00429363453722251]], "M_C19_M M_C19H193_M": [[0.11156412912485604, 0.028304286576160794, 0.004784297645379507]], "M_C1_M M_C1H11_M": [[-0.11081520597837803, 0.06124054274951375, 0.01035154105332703]], "M_C1_M M_C1H12_M": [[-0.4020763595590275, 0.021055456768111578, 0.0035590217745643683]], "M_C2_M M_C2H21_M": [[-0.22975579181385003, 0.04467447761162969, 0.007551364966248537]], "M_C2_M M_C2H22_M": [[-0.3968441486612992, 0.021332886775446737, 0.003605916004782103]], "M_C20_M M_C20H20_M": [[-0.3760565530213864, 0.0178290648774609, 0.0030136620078033676]], "M_C21_M M_C21H211_M": [[0.11532802965036594, 0.017361436066180146, 0.002934618311905854]], "M_C21_M M_C21H212_M": [[0.1132475062262828, 0.019495886713212302, 0.0032954063210753064]], "M_C21_M M_C21H213_M": [[0.12187571586742504, 0.01710592187012158, 0.002891428529917367]], "M_C22_M M_C22H221_M": [[-0.34851823845940677, 0.06504140804648467, 0.01099400454880402]], "M_C22_M M_C22H222_M": [[-0.36507535200220603, 0.016756587616862564, 0.002832380263824514]], "M_C23_M M_C23H231_M": [[-0.2767469674708245, 0.05898831327239529, 0.009970844788284701]], "M_C23_M M_C23H232_M": [[-0.3637023213741098, 0.017669701286881116, 0.002986724644477904]], "M_C24_M M_C24H241_M": [[-0.24922231458749675, 0.041164249003266595, 0.006958028037562972]], "M_C24_M M_C24H242_M": [[-0.3251281709552265, 0.020766492256541248, 0.003510177857280526]], "M_C25_M M_C25H25_M": [[-0.24581059284984771, 0.03079518697089921, 0.0052053366587231295]], "M_C26_M M_C26H261_M": [[0.025958902073618978, 0.01766451082416419, 0.00298584729614806]], "M_C26_M M_C26H262_M": [[0.03281353551449161, 0.02173257745780596, 0.0036734760609363508]], "M_C26_M M_C26H263_M": [[0.03216363747123221, 0.01863131284817385, 0.0031492666649624414]], "M_C27_M M_C27H271_M": [[0.016212026604897695, 0.02006972773160578, 0.0033924031567219045]], "M_C27_M M_C27H272_M": [[0.01706574577259686, 0.01700042357461306, 0.002873596063254241]], "M_C27_M M_C27H273_M": [[0.018605227410039074, 0.015590458576412513, 0.0026352684798047455]]}