{"M_G1_M M_G1H1_M": [[-0.1963141026907472, 0.07879641098516842, 0.005585729476949826]], "M_G1_M M_G1H2_M": [[-0.05801317878574116, 0.08358602393433101, 0.005925256136842417]], "M_G1C3_M M_G1C3H1_M": [[-0.2815535824439552, 0.033387797188349826, 0.0023667981903451353]], "M_G1C3_M M_G1C3H2_M": [[-0.26113486369970074, 0.036550533391214786, 0.0025909986154061754]], "M_G1C4_M M_G1C4H1_M": [[-0.2470717570973149, 0.023279187561413964, 0.0016502178530150196]], "M_G1C4_M M_G1C4H2_M": [[-0.23385967831107177, 0.025746616875228015, 0.001825129279539959]], "M_G1C5_M M_G1C5H1_M": [[-0.276787005611505, 0.01711370249237054, 0.001213158204494579]], "M_G1C5_M M_G1C5H2_M": [[-0.27419254524381453, 0.017851987440182748, 0.0012654938368390424]], "M_G1C6_M M_G1C6H1_M": [[-0.28356702850631554, 0.015600215792221976, 0.0011058699769180386]], "M_G1C6_M M_G1C6H2_M": [[-0.28127540635667503, 0.016187604141854398, 0.0011475088330275675]], "M_G1C7_M M_G1C7H1_M": [[-0.29795225560488453, 0.013303900000554144, 0.0009430884663703222]], "M_G1C7_M M_G1C7H2_M": [[-0.29697920588686605, 0.013931290601161123, 0.0009875630068672402]], "M_G1C8_M M_G1C8H1_M": [[-0.29504635061907514, 0.012695530129800485, 0.0008999622696632603]], "M_G1C8_M M_G1C8H2_M": [[-0.29376309094843056, 0.012972059590958629, 0.0009195649234278693]], "M_G1C9_M M_G1C9H1_M": [[-0.2979691246805324, 0.012237436252626983, 0.000867488855697491]], "M_G1C9_M M_G1C9H2_M": [[-0.2977019101608186, 0.012002929181712908, 0.0008508650901962365]], "M_G1C10_M M_G1C10H1_M": [[-0.28738546201540593, 0.012482663613711047, 0.0008848725624201196]], "M_G1C10_M M_G1C10H2_M": [[-0.2866899013164526, 0.012411197466795488, 0.0008798064615858391]], "M_G1C11_M M_G1C11H1_M": [[-0.28219176342715885, 0.012598351595784096, 0.0008930734660338121]], "M_G1C11_M M_G1C11H2_M": [[-0.2820736891533349, 0.012548217874463842, 0.0008895195807557067]], "M_G1C12_M M_G1C12H1_M": [[-0.26406579170936195, 0.013762751819774393, 0.0009756156094232339]], "M_G1C12_M M_G1C12H2_M": [[-0.263586914689702, 0.013384564733095135, 0.0009488066376508555]], "M_G1C13_M M_G1C13H1_M": [[-0.25095589237002824, 0.013580417122476788, 0.0009626902454297183]], "M_G1C13_M M_G1C13H2_M": [[-0.25074740626384284, 0.013491125016644488, 0.000956360495871705]], "M_G1C14_M M_G1C14H1_M": [[-0.22137495622718917, 0.01483345905945543, 0.0010515160332508582]], "M_G1C14_M M_G1C14H2_M": [[-0.22163039507424126, 0.014554825460304722, 0.0010317642210986818]], "M_G1C15_M M_G1C15H1_M": [[-0.19317589556307196, 0.014156744426380978, 0.001003545004796799]], "M_G1C15_M M_G1C15H2_M": [[-0.19345711340226465, 0.013734886580949379, 0.0009736402950156219]], "M_G1C16_M M_G1C16H1_M": [[-0.14321539639114808, 0.013003552397882213, 0.0009217973893199779]], "M_G1C16_M M_G1C16H2_M": [[-0.14308671521530056, 0.01254764611558307, 0.0008894790498432691]], "M_G1C17_M M_G1C17H1_M": [[-0.04801595171935391, 0.006253525964347629, 0.0004433007021157663]], "M_G1C17_M M_G1C17H2_M": [[-0.048535515684439964, 0.005945787029688904, 0.0004214856674328805]], "M_G1C17_M M_G1C17H3_M": [[-0.04781381630162057, 0.0057526414911582835, 0.00040779394322332344]], "M_G2_M M_G2H1_M": [[-0.21743942570447267, 0.0742888713245614, 0.0052661984623264295]], "M_G2C3_M M_G2C3H1_M": [[-0.08168150955638193, 0.05698561859645218, 0.0040396033978798455]], "M_G2C3_M M_G2C3H2_M": [[-0.1351970062662459, 0.04110747961615977, 0.0029140319685158943]], "M_G2C4_M M_G2C4H1_M": [[-0.2591905096061786, 0.02314510111741286, 0.0016407127170151407]], "M_G2C4_M M_G2C4H2_M": [[-0.2633163193920655, 0.024724507530990095, 0.0017526738691805933]], "M_G2C5_M M_G2C5H1_M": [[-0.26275414699215355, 0.019891659499786128, 0.0014100823555823901]], "M_G2C5_M M_G2C5H2_M": [[-0.2657771022236906, 0.021075633072046098, 0.0014940120168425574]], "M_G2C6_M M_G2C6H1_M": [[-0.2815820918648671, 0.019340418143649257, 0.0013710058919035168]], "M_G2C6_M M_G2C6H2_M": [[-0.2798701447650272, 0.019669273198534412, 0.001394317808661524]], "M_G2C7_M M_G2C7H1_M": [[-0.25807881448442804, 0.018470554909500458, 0.0013093429221419318]], "M_G2C7_M M_G2C7H2_M": [[-0.25698498830952016, 0.01841635308880553, 0.0013055006569451452]], "M_G2C8_M M_G2C8H1_M": [[-0.24626533294721717, 0.01745644722385951, 0.001237454734321395]], "M_G2C8_M M_G2C8H2_M": [[-0.24593017754146065, 0.017281475458954566, 0.0012250513147665698]], "M_G2C9_M M_G2C9H1_M": [[-0.14503274336809657, 0.01809587550050993, 0.0012827826030482302]], "M_G2C9_M M_G2C9H2_M": [[-0.14406829001702864, 0.01751695493400702, 0.001241744012169561]], "M_G2C10_M M_G2C10H1_M": [[-0.08556099484875163, 0.020732291762625418, 0.0014696731967274303]], "M_G2C11_M M_G2C11H1_M": [[-0.08644602165980185, 0.017330680529122285, 0.0012285393697098709]], "M_G2C12_M M_G2C12H1_M": [[-0.1410804227260725, 0.016044512143055287, 0.0011373653101739909]], "M_G2C12_M M_G2C12H2_M": [[-0.14073828846461203, 0.01580771386094825, 0.001120579125017597]], "M_G2C13_M M_G2C13H1_M": [[-0.2114603721544887, 0.014894456575268875, 0.0010558400325020932]], "M_G2C13_M M_G2C13H2_M": [[-0.21154419162194923, 0.014747985473813657, 0.0010454569714122457]], "M_G2C14_M M_G2C14H1_M": [[-0.22309519165016287, 0.0140241921332591, 0.0009941486218693135]], "M_G2C14_M M_G2C14H2_M": [[-0.22291881877573194, 0.014331733720667867, 0.0010159496669765638]], "M_G2C15_M M_G2C15H1_M": [[-0.22964359676378024, 0.01426258223959516, 0.0010110476484534708]], "M_G2C15_M M_G2C15H2_M": [[-0.22962201333555346, 0.01405406867344367, 0.0009962665136500654]], "M_G2C16_M M_G2C16H1_M": [[-0.20982258590737307, 0.014242762589742292, 0.0010096426707264163]], "M_G2C16_M M_G2C16H2_M": [[-0.20993563359243367, 0.014129205162647332, 0.001001592798150744]], "M_G2C17_M M_G2C17H1_M": [[-0.1889706733214333, 0.013707386381465542, 0.0009716908575608146]], "M_G2C17_M M_G2C17H2_M": [[-0.18879003928001287, 0.013529306224284792, 0.0009590670899197782]], "M_G2C18_M M_G2C18H1_M": [[-0.14376180328834656, 0.012016932010966513, 0.0008518577244437187]], "M_G2C18_M M_G2C18H2_M": [[-0.14363240392342574, 0.011901398258081975, 0.000843667753847326]], "M_G2C19_M M_G2C19H1_M": [[-0.04879966501429247, 0.005286959884163882, 0.00037478264935168244]], "M_G2C19_M M_G2C19H2_M": [[-0.048421516764090226, 0.005045462653246529, 0.0003576633645457955]], "M_G2C19_M M_G2C19H3_M": [[-0.048799094546890485, 0.004951299388658965, 0.00035098830769896044]], "M_G3_M M_G3H1_M": [[-0.2639862343845634, 0.06915617112546486, 0.0049023509921182215]], "M_G3_M M_G3H2_M": [[-0.26805693585187235, 0.059892516595467175, 0.004245667933517653]], "M_G3C4_M M_G3C4H1_M": [[0.05996195912375, 0.06791395627929009, 0.00481429271641466]], "M_G3C4_M M_G3C4H2_M": [[0.03500790461631377, 0.06703242370669052, 0.004751802529182812]], "M_G3C5_M M_G3C5H1_M": [[-0.0444989762940226, 0.06552643226084315, 0.004645045626096358]], "M_G3C5_M M_G3C5H2_M": [[-0.02740379261570395, 0.06361096531841302, 0.004509261774666009]], "M_G3N6C1_M M_G3N6C1H1_M": [[0.005434489572104731, 0.01783305854738223, 0.0012641520032052518]], "M_G3N6C1_M M_G3N6C1H2_M": [[0.0058121680673673785, 0.018975653583383097, 0.0013451484178009358]], "M_G3N6C1_M M_G3N6C1H3_M": [[0.0038748238111402144, 0.01897970076242635, 0.0013454353147166421]], "M_G3N6C2_M M_G3N6C2H1_M": [[0.005838015977102274, 0.017998669114896972, 0.0012758918250714484]], "M_G3N6C2_M M_G3N6C2H2_M": [[0.00586408137016245, 0.01870930413139812, 0.0013262674057532937]], "M_G3N6C2_M M_G3N6C2H3_M": [[0.005657967020600636, 0.01799264562204144, 0.0012754648309840696]], "M_G3N6C3_M M_G3N6C3H1_M": [[0.0033285339910613565, 0.018504688969625566, 0.0013117626215092633]], "M_G3N6C3_M M_G3N6C3H2_M": [[0.0044738638983270115, 0.017417582746784947, 0.0012346997045873313]], "M_G3N6C3_M M_G3N6C3H3_M": [[0.006516535781485474, 0.01818700957917312, 0.0012892429265982388]]}