{"sn-1": 0.42245774981634754, "sn-2": 0.38500302902857136, "headgroup": 0.601115941378684, "total": 0.4695255734078676}