{"M_G1_M M_G1H1_M": [[-0.16936416732043003, 0.03477313464890608, 0.003605806090527243]], "M_G1_M M_G1H2_M": [[-0.03945590881345656, 0.026528648671051716, 0.002750892719835512]], "M_G1C3_M M_G1C3H1_M": [[-0.236758961027041, 0.01920283993543944, 0.0019912417414691018]], "M_G1C3_M M_G1C3H2_M": [[-0.20596109839449556, 0.019964880870876882, 0.002070261705414683]], "M_G1C4_M M_G1C4H1_M": [[-0.18231453446705023, 0.01351387761219879, 0.001401323829234909]], "M_G1C4_M M_G1C4H2_M": [[-0.16765850536545654, 0.014587078227060355, 0.0015126095488715522]], "M_G1C5_M M_G1C5H1_M": [[-0.21077783037053635, 0.01310691708702308, 0.0013591239886079753]], "M_G1C5_M M_G1C5H2_M": [[-0.20829769174148832, 0.014737869470326855, 0.0015282458723971228]], "M_G1C6_M M_G1C6H1_M": [[-0.21255804556654262, 0.014364543208285448, 0.0014895337423860015]], "M_G1C6_M M_G1C6H2_M": [[-0.21004779221108247, 0.015048521639674533, 0.0015604590017447985]], "M_G1C7_M M_G1C7H1_M": [[-0.22419130827123235, 0.014639171113640487, 0.001518011329573819]], "M_G1C7_M M_G1C7H2_M": [[-0.2228484614158487, 0.014638212364867318, 0.0015179119119573031]], "M_G1C8_M M_G1C8H1_M": [[-0.21527096771510842, 0.014897294686469258, 0.0015447774972032857]], "M_G1C8_M M_G1C8H2_M": [[-0.2133495334713246, 0.015041168301763594, 0.0015596964961239312]], "M_G1C9_M M_G1C9H1_M": [[-0.21472732382673804, 0.015139986580042588, 0.0015699434742371056]], "M_G1C9_M M_G1C9H2_M": [[-0.2138629674084677, 0.014508097679293367, 0.0015044196475857807]], "M_G1C10_M M_G1C10H1_M": [[-0.19862161381909962, 0.015278557683346636, 0.0015843126282782856]], "M_G1C10_M M_G1C10H2_M": [[-0.19726354154135026, 0.014296305228750437, 0.0014824577935336207]], "M_G1C11_M M_G1C11H1_M": [[-0.19027349475901614, 0.014340355587519062, 0.0014870256029514814]], "M_G1C11_M M_G1C11H2_M": [[-0.1885425873884056, 0.01380840238460424, 0.0014318646254235013]], "M_G1C12_M M_G1C12H1_M": [[-0.17029395536084319, 0.013896498201137671, 0.0014409997360488014]], "M_G1C12_M M_G1C12H2_M": [[-0.1678253161709879, 0.014742942362641509, 0.0015287719068254092]], "M_G1C13_M M_G1C13H1_M": [[-0.15638765996490703, 0.013524578371992751, 0.001402433446335234]], "M_G1C13_M M_G1C13H2_M": [[-0.15689766242114606, 0.012852248174275285, 0.001332716052541077]], "M_G1C14_M M_G1C14H1_M": [[-0.13421778683180577, 0.012761514292977505, 0.0013233073873429569]], "M_G1C14_M M_G1C14H2_M": [[-0.13465668100859393, 0.012416418231297806, 0.001287522592742601]], "M_G1C15_M M_G1C15H1_M": [[-0.11668969888630985, 0.010770694844764374, 0.0011168690272702671]], "M_G1C15_M M_G1C15H2_M": [[-0.11706603429248225, 0.010823776420573682, 0.0011223733302697097]], "M_G1C16_M M_G1C16H1_M": [[-0.08782923983274034, 0.00836022174472234, 0.0008669146106511983]], "M_G1C16_M M_G1C16H2_M": [[-0.08692288020250072, 0.008898246447080645, 0.0009227051733429261]], "M_G1C17_M M_G1C17H1_M": [[-0.029794618675766837, 0.005296944480910002, 0.0005492675556372599]], "M_G1C17_M M_G1C17H2_M": [[-0.029961307132673733, 0.005621816006853912, 0.0005829551635769797]], "M_G1C17_M M_G1C17H3_M": [[-0.02918879132397174, 0.005122326679395295, 0.0005311605331161823]], "M_G2_M M_G2H1_M": [[-0.19095001943873352, 0.027257917112230932, 0.0028265143344349325]], "M_G2C3_M M_G2C3H1_M": [[-0.07746754207888217, 0.02040770009574394, 0.0021161799199831944]], "M_G2C3_M M_G2C3H2_M": [[-0.10844479159820215, 0.018674450183647873, 0.0019364502766092565]], "M_G2C4_M M_G2C4H1_M": [[-0.20580676611548385, 0.0152206505866681, 0.0015783079420745127]], "M_G2C4_M M_G2C4H2_M": [[-0.21035470346005494, 0.016299852154910848, 0.0016902159315890179]], "M_G2C5_M M_G2C5H1_M": [[-0.20586654036270788, 0.014360001109181054, 0.001489062748649608]], "M_G2C5_M M_G2C5H2_M": [[-0.20668149878947914, 0.01550550345374233, 0.0016078458084006573]], "M_G2C6_M M_G2C6H1_M": [[-0.21814220875527726, 0.014427974954294428, 0.0014961113080383737]], "M_G2C6_M M_G2C6H2_M": [[-0.21569537000830832, 0.015030879952633013, 0.0015586296440172377]], "M_G2C7_M M_G2C7H1_M": [[-0.19377677915462646, 0.013889978925275031, 0.0014403237186333834]], "M_G2C7_M M_G2C7H2_M": [[-0.19458456685209022, 0.014160877027422275, 0.0014684145432454674]], "M_G2C8_M M_G2C8H1_M": [[-0.18464718097932756, 0.013987847101003042, 0.001450472175701517]], "M_G2C8_M M_G2C8H2_M": [[-0.18630163866460267, 0.01344424699006241, 0.0013941034700719636]], "M_G2C9_M M_G2C9H1_M": [[-0.10609943141386226, 0.013838628260199357, 0.001434998902715808]], "M_G2C9_M M_G2C9H2_M": [[-0.10995618520744513, 0.012411499471797136, 0.0012870125411425818]], "M_G2C10_M M_G2C10H1_M": [[-0.06393179498555478, 0.015484069208733102, 0.0016056231807318984]], "M_G2C11_M M_G2C11H1_M": [[-0.05015384985818096, 0.011595311046620241, 0.0012023777440719281]], "M_G2C12_M M_G2C12H1_M": [[-0.0800737476181628, 0.013619624517128696, 0.0014122892724628652]], "M_G2C12_M M_G2C12H2_M": [[-0.07954220121353153, 0.012523932157816536, 0.0012986712675736728]], "M_G2C13_M M_G2C13H1_M": [[-0.12252226841112654, 0.012807014898571147, 0.0013280255803511155]], "M_G2C13_M M_G2C13H2_M": [[-0.12383088994720083, 0.011705348784906, 0.0012137881259919002]], "M_G2C14_M M_G2C14H1_M": [[-0.12896241562076555, 0.011438558703732976, 0.0011861232833109366]], "M_G2C14_M M_G2C14H2_M": [[-0.128420263346474, 0.011499399346440444, 0.0011924321640673363]], "M_G2C15_M M_G2C15H1_M": [[-0.13305119079235198, 0.011494960396600095, 0.001191971866411359]], "M_G2C15_M M_G2C15H2_M": [[-0.13314026414772923, 0.010787921853662627, 0.0011186553848774852]], "M_G2C16_M M_G2C16H1_M": [[-0.12022699723650923, 0.010326635657311935, 0.001070822234571325]], "M_G2C16_M M_G2C16H2_M": [[-0.12064332523279417, 0.010577998585908771, 0.0010968873560514142]], "M_G2C17_M M_G2C17H1_M": [[-0.10912450647749954, 0.009224503765135995, 0.0009565364812304959]], "M_G2C17_M M_G2C17H2_M": [[-0.10861152203802234, 0.009386148365275166, 0.0009732982454363295]], "M_G2C18_M M_G2C18H1_M": [[-0.08403520823254351, 0.008395130821339972, 0.0008705345132672111]], "M_G2C18_M M_G2C18H2_M": [[-0.08459921401210763, 0.007099474443230092, 0.0007361812055602787]], "M_G2C19_M M_G2C19H1_M": [[-0.02818415761277264, 0.005692725480827557, 0.0005903081334979209]], "M_G2C19_M M_G2C19H2_M": [[-0.02789105547798829, 0.005159827441009961, 0.0005350491809471832]], "M_G2C19_M M_G2C19H3_M": [[-0.02789488391305294, 0.005134621788583149, 0.0005324354765471064]], "M_G3_M M_G3H1_M": [[-0.22364767386442633, 0.022074424097730364, 0.002289011147833964]], "M_G3_M M_G3H2_M": [[-0.24387081611342143, 0.018860420916158332, 0.001955734543233954]], "M_G3C4_M M_G3C4H1_M": [[0.042289688716180246, 0.015580761485531794, 0.0016156497027612733]], "M_G3C4_M M_G3C4H2_M": [[0.04068512339242277, 0.01536463729029942, 0.0015932386677094273]], "M_G3C5_M M_G3C5H1_M": [[-0.07071520237435676, 0.0137909436793884, 0.0014300542420273648]], "M_G3C5_M M_G3C5H2_M": [[-0.0697464084249386, 0.012848188253228629, 0.001332295058340097]], "M_G3N6C1_M M_G3N6C1H1_M": [[0.01129702517269032, 0.009365156801020035, 0.0009711215216233893]], "M_G3N6C1_M M_G3N6C1H2_M": [[0.01085931557850628, 0.009178068579821553, 0.0009517213768198027]], "M_G3N6C1_M M_G3N6C1H3_M": [[0.010735211696361349, 0.009669733818444128, 0.0010027046870627746]], "M_G3N6C2_M M_G3N6C2H1_M": [[0.012192094607230069, 0.009244651664795272, 0.0009586257211001905]], "M_G3N6C2_M M_G3N6C2H2_M": [[0.010670941770660471, 0.008171510501626136, 0.0008473461663168689]], "M_G3N6C2_M M_G3N6C2H3_M": [[0.011424606241086294, 0.008260525676160205, 0.0008565766099258517]], "M_G3N6C3_M M_G3N6C3H1_M": [[0.011185160489939245, 0.008629329446091375, 0.0008948197793511613]], "M_G3N6C3_M M_G3N6C3H2_M": [[0.010574143738995422, 0.007599555125393714, 0.0007880371566474301]], "M_G3N6C3_M M_G3N6C3H3_M": [[0.010814817354560396, 0.007865908355888154, 0.0008156567000232434]]}