{"M_G01_M M_G01H1_M": [[0.050954251238705, 0.016832682543777247, 0.007527804482312]], "M_G01_M M_G01H2_M": [[0.10665295975353069, 0.014438019851244153, 0.006456878769574665]], "M_G02_M M_G02H1_M": [[0.07858527434869829, 0.017576371708784143, 0.007860392387729096]], "M_G03_M M_G03H1_M": [[0.04494637911562532, 0.013377646243052455, 0.005982665275681992]], "M_G03_M M_G03H2_M": [[0.10934902326644709, 0.034274360655968554, 0.015327960062417992]], "M_G13_M M_G13H1_M": [[-0.25969821167997303, 0.016711855774454828, 0.007473769108370677]], "M_G13_M M_G13H2_M": [[-0.24133033965279457, 0.02389621498082088, 0.010686712220412863]], "M_G12_M M_G12H1_M": [[-0.17304945684880216, 0.02776953525594273, 0.012418913707172992]], "M_G12C3_M M_G12C3H1_M": [[-0.053810178295156365, 0.024741850943541067, 0.011064892119785027]], "M_G12C3_M M_G12C3H2_M": [[-0.08868313056238318, 0.022527841126525706, 0.010074756829045383]], "M_G11_M M_G11H1_M": [[-0.056041379365498654, 0.029164368584523318, 0.013042702135170692]], "M_G11_M M_G11H2_M": [[-0.15441035393462743, 0.036353581649823066, 0.016257815958918665]], "M_G11C3_M M_G11C3H1_M": [[-0.21488028173886095, 0.021222439486491013, 0.009490963468033927]], "M_G11C3_M M_G11C3H2_M": [[-0.19299781830417584, 0.023642805389579125, 0.010573384005979463]], "M_G23_M M_G23H1_M": [[-0.22160641231044273, 0.013764835024916768, 0.006155821362956781]], "M_G23_M M_G23H2_M": [[-0.25986119385283185, 0.026236287888399348, 0.01173322463914307]], "M_G22_M M_G22H1_M": [[-0.18267615624146327, 0.030542409451372134, 0.013658980745980029]], "M_G22C3_M M_G22C3H1_M": [[-0.06867032999452377, 0.035918319279256206, 0.016063160709191626]], "M_G22C3_M M_G22C3H2_M": [[-0.11056406335084513, 0.023090679779212704, 0.010326465926599887]], "M_G21_M M_G21H1_M": [[-0.18364908535052252, 0.030941181559498168, 0.013837317054240171]], "M_G21_M M_G21H2_M": [[-0.04352727116704567, 0.039874701920027386, 0.01783250881514452]], "M_G21C3_M M_G21C3H1_M": [[-0.23084483961067648, 0.017089813737598745, 0.007642797048016109]], "M_G21C3_M M_G21C3H2_M": [[-0.19493934667609047, 0.030500085014397632, 0.01364005268234315]], "M_G22C4_M M_G22C4H1_M": [[-0.1955867623829937, 0.022034388388855145, 0.009854078056022434]], "M_G22C4_M M_G22C4H2_M": [[-0.19857457044395954, 0.012104541382429833, 0.005413315473514477]], "M_G22C5_M M_G22C5H1_M": [[-0.20021598912261204, 0.017767116574167137, 0.00794569608480018]], "M_G22C5_M M_G22C5H2_M": [[-0.19830167463599627, 0.016614295757285426, 0.007430138942315312]], "M_G22C6_M M_G22C6H1_M": [[-0.20486514504451092, 0.01753831669100901, 0.007843373666403064]], "M_G22C6_M M_G22C6H2_M": [[-0.20233621161450202, 0.019930851191834617, 0.008913347622874981]], "M_G22C7_M M_G22C7H1_M": [[-0.1779293494865959, 0.016829191124687712, 0.007526243072227572]], "M_G22C7_M M_G22C7H2_M": [[-0.17931237512011777, 0.016215434188997246, 0.007251762626254403]], "M_G22C8_M M_G22C8H1_M": [[-0.1691639017061647, 0.015044385954229467, 0.0067280539346800255]], "M_G22C8_M M_G22C8H2_M": [[-0.1678052490787343, 0.013553776803621841, 0.006061433256951651]], "M_G22C9_M M_G22C9H1_M": [[-0.09751431147669755, 0.005809149967492326, 0.0025979308437607067]], "M_G22C9_M M_G22C9H2_M": [[-0.0958835430812825, 0.012046903944710956, 0.005387539227756813]], "M_G22C10_M M_G22C10H1_M": [[-0.046843620707482776, 0.011424681083525876, 0.005109272704803962]], "M_G22C11_M M_G22C11H1_M": [[-0.013144085973256503, 0.011420130898040455, 0.005107237799992836]], "M_G22C12_M M_G22C12H1_M": [[-0.015803963374762375, 0.00670094856324784, 0.0029967553002303434]], "M_G22C12_M M_G22C12H2_M": [[-0.013552016232625927, 0.004004368904326212, 0.0017908082154119525]], "M_G22C13_M M_G22C13H1_M": [[-0.0272925691573019, 0.003789364144831536, 0.0016946551638687345]], "M_G22C14_M M_G22C14H1_M": [[-0.019116174951952652, 0.006499206976236857, 0.0029065337197412945]], "M_G22C15_M M_G22C15H1_M": [[-0.04803466651173405, 0.01030621505662678, 0.004609079491469865]], "M_G22C15_M M_G22C15H2_M": [[-0.046559974432793354, 0.004845068737581567, 0.0021667806105782946]], "M_G22C16_M M_G22C16H1_M": [[-0.06686703430410067, 0.011519941704070192, 0.0051518745494271425]], "M_G22C16_M M_G22C16H2_M": [[-0.06718243061207267, 0.0050637447249898175, 0.002264575485156642]], "M_G22C17_M M_G22C17H1_M": [[-0.0666367094022645, 0.008479664765651164, 0.003792221368481165]], "M_G22C17_M M_G22C17H2_M": [[-0.0673229735708052, 0.004742275305014391, 0.0021208099900061456]], "M_G22C18_M M_G22C18H1_M": [[-0.06322260107029691, 0.006148494349362186, 0.0027496902648894376]], "M_G22C18_M M_G22C18H2_M": [[-0.06327584260645236, 0.005656915273072722, 0.0025298494187094784]], "M_G22C19_M M_G22C19H1_M": [[-0.016041031525538926, 0.004511618156561634, 0.00201765697731882]], "M_G22C19_M M_G22C19H2_M": [[-0.01804158803550513, 0.007990029158778372, 0.0035732496682467797]], "M_G22C19_M M_G22C19H3_M": [[-0.01889110748033062, 0.006687981652473128, 0.0029909563214402576]], "M_G21C4_M M_G21C4H1_M": [[-0.16402894064244475, 0.013512852333639132, 0.006043131277586753]], "M_G21C4_M M_G21C4H2_M": [[-0.15359435324810977, 0.019790313171124688, 0.008850497109328845]], "M_G21C5_M M_G21C5H1_M": [[-0.18222284606355985, 0.013828619706971272, 0.006184346739956197]], "M_G21C5_M M_G21C5H2_M": [[-0.18533037553219134, 0.015446807268450187, 0.006908022217518492]], "M_G21C6_M M_G21C6H1_M": [[-0.1780992643723396, 0.018123021822524805, 0.008104861750575518]], "M_G21C6_M M_G21C6H2_M": [[-0.1787395228830849, 0.01454555643218146, 0.006504970590583411]], "M_G21C7_M M_G21C7H1_M": [[-0.17805717248755618, 0.017709817022256057, 0.00792007094616949]], "M_G21C7_M M_G21C7H2_M": [[-0.17669391461784942, 0.016855612875392494, 0.007538059238359662]], "M_G21C8_M M_G21C8H1_M": [[-0.15233618098955357, 0.015390251335667711, 0.006882729635471987]], "M_G21C8_M M_G21C8H2_M": [[-0.15374561220527086, 0.015726460868626595, 0.007033087109547891]], "M_G21C9_M M_G21C9H1_M": [[-0.11685371983170807, 0.007906689136634856, 0.003535978877294932]], "M_G21C9_M M_G21C9H2_M": [[-0.11257006418970927, 0.01913744505082347, 0.00855852560986164]], "M_G21C10_M M_G21C10H1_M": [[-0.07366185987208222, 0.014443369302012067, 0.0064592711166865345]], "M_G21C11_M M_G21C11H1_M": [[-0.05241444485088289, 0.01756371759076142, 0.007854733294110272]], "M_G21C12_M M_G21C12H1_M": [[-0.018708997548871256, 0.00877033870883789, 0.003922214707731852]], "M_G21C12_M M_G21C12H2_M": [[-0.013157887950223393, 0.0047662884353805056, 0.0021315489883763847]], "M_G21C13_M M_G21C13H1_M": [[-0.02734335868126318, 0.008485778181750751, 0.0037949553712758486]], "M_G21C14_M M_G21C14H1_M": [[0.004938406811821632, 0.004722863238690779, 0.002112128650029479]], "M_G21C15_M M_G21C15H1_M": [[-0.04123099585678388, 0.006108733346562222, 0.002731908603866582]], "M_G21C15_M M_G21C15H2_M": [[-0.037349402350524315, 0.004273295700943766, 0.0019110759350535742]], "M_G21C16_M M_G21C16H1_M": [[-0.06037507379236665, 0.00826326283133138, 0.003695443481360869]], "M_G21C16_M M_G21C16H2_M": [[-0.05783883569689987, 0.006183353317531402, 0.0027652796693798114]], "M_G21C17_M M_G21C17H1_M": [[-0.06268508980826482, 0.006897325381787829, 0.003084577683322455]], "M_G21C17_M M_G21C17H2_M": [[-0.060635337999301375, 0.006105348904359761, 0.0027303950353004575]], "M_G21C18_M M_G21C18H1_M": [[-0.06077985802546584, 0.004773380609672293, 0.0021347207051413274]], "M_G21C18_M M_G21C18H2_M": [[-0.05902200844114205, 0.006681043083413196, 0.0029878532990233408]], "M_G21C19_M M_G21C19H1_M": [[-0.01890803171646081, 0.005476867326975248, 0.0024493295293728443]], "M_G21C19_M M_G21C19H2_M": [[-0.015922962359214258, 0.006170762905928352, 0.002759649066137987]], "M_G21C19_M M_G21C19H3_M": [[-0.01767347871395615, 0.004570304830564558, 0.002043902455807602]], "M_G12C4_M M_G12C4H1_M": [[-0.18493715051189555, 0.01705880158463178, 0.007628927991583557]], "M_G12C4_M M_G12C4H2_M": [[-0.18665342905532037, 0.01683270589239354, 0.007527814924130643]], "M_G12C5_M M_G12C5H1_M": [[-0.18681450536929947, 0.020067552402010826, 0.008974482262587078]],