{"sn-1": 0.12578977885469483, "sn-2": 0.14704458313233537, "headgroup": 0.5974184583963208, "total": 0.29008427346111704}