{"headgroup": 0.5994532878190483, "tails": 0.19243983744694382, "total": 0.3281109875709786}