{"headgroup": 0.6381093276378281, "tails": 0.565612566570711, "total": 0.5897781535930834}