{"sn-1": 0.1872107347666027, "sn-2": 0.34084413557634385, "headgroup": 0.14667152582354254, "total": 0.22490879872216304}