{"headgroup": 0.14667152582354254, "tails": 0.26402743517147326, "total": 0.22490879872216304}