{"M_G1_M M_G1H1_M": [[-0.17347842519942452, 0.02973666094290954, 0.0026387019655990693]], "M_G1_M M_G1H2_M": [[-0.04066598820055002, 0.02385301835631387, 0.0021166131107697166]], "M_G1C3_M M_G1C3H1_M": [[-0.23742874360671504, 0.017734013722007076, 0.0015736392514297663]], "M_G1C3_M M_G1C3H2_M": [[-0.20308956955028365, 0.0197395773087045, 0.0017516042418001551]], "M_G1C4_M M_G1C4H1_M": [[-0.17879291513006032, 0.013241703521144283, 0.0011750111815245655]], "M_G1C4_M M_G1C4H2_M": [[-0.16521385996665694, 0.01439746965909063, 0.0012775688421115068]], "M_G1C5_M M_G1C5H1_M": [[-0.20618029171516505, 0.011980684074035797, 0.0010631138000353631]], "M_G1C5_M M_G1C5H2_M": [[-0.20350792001721246, 0.012340012657195273, 0.0010949990557639461]], "M_G1C6_M M_G1C6H1_M": [[-0.2064131338026971, 0.012066357970044342, 0.0010707161289663853]], "M_G1C6_M M_G1C6H2_M": [[-0.203475638143583, 0.012258940476182235, 0.001087805063008498]], "M_G1C7_M M_G1C7H1_M": [[-0.21874476011421115, 0.012192246176872343, 0.0010818869009451401]], "M_G1C7_M M_G1C7H2_M": [[-0.21597602208487537, 0.012904342123347958, 0.0011450751982885366]], "M_G1C8_M M_G1C8H1_M": [[-0.2098719052292058, 0.012541473339428838, 0.0011128758005410826]], "M_G1C8_M M_G1C8H2_M": [[-0.20713954096259335, 0.013132368429808064, 0.0011653092610240856]], "M_G1C9_M M_G1C9H1_M": [[-0.20876039378093614, 0.01215992477563768, 0.0010790188403672373]], "M_G1C9_M M_G1C9H2_M": [[-0.20756810905756898, 0.013147744005985285, 0.0011666736227847736]], "M_G1C10_M M_G1C10H1_M": [[-0.19343834348184202, 0.012404853732087814, 0.0011007527707522894]], "M_G1C10_M M_G1C10H2_M": [[-0.1922125891888689, 0.01280407614334351, 0.0011361780312855434]], "M_G1C11_M M_G1C11H1_M": [[-0.18608582780974575, 0.012365554025560372, 0.0010972654857117627]], "M_G1C11_M M_G1C11H2_M": [[-0.1851863538150798, 0.01173446625128016, 0.0010412655012597154]], "M_G1C12_M M_G1C12H1_M": [[-0.1676021187052244, 0.011779239937897305, 0.0010452385234867435]], "M_G1C12_M M_G1C12H2_M": [[-0.1666002390314436, 0.011085613298793845, 0.0009836891121554558]], "M_G1C13_M M_G1C13H1_M": [[-0.1556551427137433, 0.010919346207707162, 0.0009689352935977107]], "M_G1C13_M M_G1C13H2_M": [[-0.15512579806476168, 0.010823021514297627, 0.0009603878592262645]], "M_G1C14_M M_G1C14H1_M": [[-0.13451664504021182, 0.009836191643443754, 0.0008728208682674198]], "M_G1C14_M M_G1C14H2_M": [[-0.13537320551044474, 0.009668367966406946, 0.0008579289250421439]], "M_G1C15_M M_G1C15H1_M": [[-0.11798518924542896, 0.008424562477725099, 0.0007475590353592111]], "M_G1C15_M M_G1C15H2_M": [[-0.11787470940071512, 0.008332721987911846, 0.0007394095097128356]], "M_G1C16_M M_G1C16H1_M": [[-0.08926884998303636, 0.007061209579007952, 0.0006265810284284124]], "M_G1C16_M M_G1C16H2_M": [[-0.08900793391942793, 0.0067485281649722105, 0.0005988350396166072]], "M_G1C17_M M_G1C17H1_M": [[-0.030817996208424236, 0.005074906014611608, 0.00045032508867405975]], "M_G1C17_M M_G1C17H2_M": [[-0.030465225363873152, 0.004630993444110514, 0.0004109342177694813]], "M_G1C17_M M_G1C17H3_M": [[-0.029855593430295417, 0.004818360762700211, 0.00042756037874972235]], "M_G2_M M_G2H1_M": [[-0.19326349341531002, 0.027521361952267714, 0.0024421259676341723]], "M_G2C3_M M_G2C3H1_M": [[-0.0726901544603901, 0.019012257754837, 0.0016870650677451601]], "M_G2C3_M M_G2C3H2_M": [[-0.10722716948241316, 0.01638784000097318, 0.0014541856500133324]], "M_G2C4_M M_G2C4H1_M": [[-0.20043254533098348, 0.01477789649307888, 0.0013113262648611105]], "M_G2C4_M M_G2C4H2_M": [[-0.20744082863990582, 0.013695596966847134, 0.0012152877118871389]], "M_G2C5_M M_G2C5H1_M": [[-0.19965648734892455, 0.013806446158804487, 0.0012251239870918263]], "M_G2C5_M M_G2C5H2_M": [[-0.20235265844894895, 0.01259081697315165, 0.0011172543399993009]], "M_G2C6_M M_G2C6H1_M": [[-0.21053598651630312, 0.014213742698236415, 0.001261265710644584]], "M_G2C6_M M_G2C6H2_M": [[-0.20786938289883777, 0.013139627539163895, 0.0011659534028180315]], "M_G2C7_M M_G2C7H1_M": [[-0.18703587544271108, 0.013048901843603081, 0.0011579027991653122]], "M_G2C7_M M_G2C7H2_M": [[-0.18512523795383157, 0.01282563710781924, 0.0011380912575032264]], "M_G2C8_M M_G2C8H1_M": [[-0.17752465536076717, 0.012728910821959184, 0.0011295081875642699]], "M_G2C8_M M_G2C8H2_M": [[-0.17662478480949262, 0.012932801462212354, 0.0011476005562480367]], "M_G2C9_M M_G2C9H1_M": [[-0.1012043452674983, 0.012708243040172281, 0.0011276742184938898]], "M_G2C9_M M_G2C9H2_M": [[-0.10042479370547473, 0.013510389544062914, 0.001198853210667163]], "M_G2C10_M M_G2C10H1_M": [[-0.05557829371594321, 0.014766299754703817, 0.0013102972207325997]], "M_G2C11_M M_G2C11H1_M": [[-0.04706701188259504, 0.013650738129720954, 0.0012113071337742636]], "M_G2C12_M M_G2C12H1_M": [[-0.07749693074875448, 0.012572622584537813, 0.0011156398490821673]], "M_G2C12_M M_G2C12H2_M": [[-0.07822310841820282, 0.012679248349995972, 0.0011251013557872446]], "M_G2C13_M M_G2C13H1_M": [[-0.11850852029302632, 0.01281298499254071, 0.0011369685638181976]], "M_G2C13_M M_G2C13H2_M": [[-0.11889637333161066, 0.011861961489069506, 0.0010525788741769086]], "M_G2C14_M M_G2C14H1_M": [[-0.12576505482760217, 0.011386465629805968, 0.0010103854395851176]], "M_G2C14_M M_G2C14H2_M": [[-0.12517326277979626, 0.011854550791385402, 0.001051921281093978]], "M_G2C15_M M_G2C15H1_M": [[-0.13032680694366278, 0.010446561343313088, 0.0009269824209003611]], "M_G2C15_M M_G2C15H2_M": [[-0.13072414985257835, 0.011434718305322132, 0.0010146671721567187]], "M_G2C16_M M_G2C16H1_M": [[-0.11966054662872173, 0.009404194322401385, 0.0008344873047796929]], "M_G2C16_M M_G2C16H2_M": [[-0.11917702455237761, 0.009531994004000125, 0.0008458276927164877]], "M_G2C17_M M_G2C17H1_M": [[-0.10855630140806849, 0.008155789283129426, 0.0007237092709811077]], "M_G2C17_M M_G2C17H2_M": [[-0.10872301050792378, 0.008621256673721224, 0.0007650128228773641]], "M_G2C18_M M_G2C18H1_M": [[-0.08483093563287644, 0.006290924420766571, 0.0005582292735012012]], "M_G2C18_M M_G2C18H2_M": [[-0.08487881356277586, 0.006809221970296865, 0.0006042207439402139]], "M_G2C19_M M_G2C19H1_M": [[-0.028185495131137127, 0.005024443778915436, 0.0004458472893415909]], "M_G2C19_M M_G2C19H2_M": [[-0.028486920738969496, 0.004856200781403103, 0.00043091813744096624]], "M_G2C19_M M_G2C19H3_M": [[-0.02774174641592534, 0.004766732693673532, 0.0004229791284377815]], "M_G3_M M_G3H1_M": [[-0.2238011869929754, 0.02359090750791768, 0.0020933545340184228]], "M_G3_M M_G3H2_M": [[-0.2462049336250629, 0.016900389275627793, 0.0014996670435394603]], "M_G3C4_M M_G3C4H1_M": [[0.03524830801383108, 0.015093845774807251, 0.001339362230039812]], "M_G3C4_M M_G3C4H2_M": [[0.0325266165607781, 0.014128366646170488, 0.0012536898110896892]], "M_G3C5_M M_G3C5H1_M": [[-0.07484579719898596, 0.012831580942615535, 0.001138618687552965]], "M_G3C5_M M_G3C5H2_M": [[-0.07614469242619643, 0.012957550091600614, 0.0011497966419867166]], "M_G3N6C1_M M_G3N6C1H1_M": [[0.012465403693276884, 0.00795127160683066, 0.0007055612618456709]], "M_G3N6C1_M M_G3N6C1H2_M": [[0.011375923560916726, 0.007415940843048952, 0.0006580583380524311]], "M_G3N6C1_M M_G3N6C1H3_M": [[0.011560646755790691, 0.007708466352004166, 0.0006840157795065981]], "M_G3N6C2_M M_G3N6C2H1_M": [[0.011175413902221853, 0.008006644297400238, 0.0007104747935877509]], "M_G3N6C2_M M_G3N6C2H2_M": [[0.011107359018487792, 0.008269081144719937, 0.0007337622980657286]], "M_G3N6C2_M M_G3N6C2H3_M": [[0.011800138132638402, 0.006806656452595441, 0.0006039930910569758]], "M_G3N6C3_M M_G3N6C3H1_M": [[0.009792259131090907, 0.0070328856739816144, 0.0006240676882786918]], "M_G3N6C3_M M_G3N6C3H2_M": [[0.011422876747736333, 0.007764438240638939, 0.0006889824814790361]], "M_G3N6C3_M M_G3N6C3H3_M": [[0.01106614105278957, 0.007744164754934794, 0.0006871835005282233]]}