{"M_G1_M M_G1H1_M": [[-0.03948578090657693, 0.0500028685639147, 0.0034423394341915477]], "M_G1_M M_G1H2_M": [[-0.1777992878412796, 0.05611131427902705, 0.0038628621795990846]], "M_G1C3_M M_G1C3H1_M": [[-0.22017795382942218, 0.03324738567239886, 0.002288844421747182]], "M_G1C3_M M_G1C3H2_M": [[-0.24278586854122414, 0.03166253767271418, 0.0021797389859352194]], "M_G1C4_M M_G1C4H1_M": [[-0.18729774849884914, 0.02398859911586752, 0.0016514432687399075]], "M_G1C4_M M_G1C4H2_M": [[-0.17738600643009533, 0.024332930371379298, 0.0016751480099540601]], "M_G1C5_M M_G1C5H1_M": [[-0.2108525084247466, 0.023715900057522835, 0.0016326698913484302]], "M_G1C5_M M_G1C5H2_M": [[-0.21049360819882135, 0.023200607863345973, 0.0015971957137444238]], "M_G1C6_M M_G1C6H1_M": [[-0.20937584024652087, 0.024596291791490445, 0.0016932785578192187]], "M_G1C6_M M_G1C6H2_M": [[-0.20791598764219388, 0.02311739584434792, 0.00159146716211084]], "M_G1C7_M M_G1C7H1_M": [[-0.21812340691682863, 0.023727536955725922, 0.0016334710084588407]], "M_G1C7_M M_G1C7H2_M": [[-0.21998586878498466, 0.024259843074764663, 0.0016701164729542694]], "M_G1C8_M M_G1C8H1_M": [[-0.21081675698436542, 0.023583072552009716, 0.001623525668760707]], "M_G1C8_M M_G1C8H2_M": [[-0.20878703169433427, 0.023888184474774653, 0.0016445304397616593]], "M_G1C9_M M_G1C9H1_M": [[-0.20949653406716856, 0.024510282269749613, 0.0016873574181544817]], "M_G1C9_M M_G1C9H2_M": [[-0.20998074802616737, 0.02417116894218049, 0.0016640118939140278]], "M_G1C10_M M_G1C10H1_M": [[-0.19515018202212123, 0.024481487409010596, 0.0016853750981902327]], "M_G1C10_M M_G1C10H2_M": [[-0.19535351731813497, 0.02480286016830508, 0.00170749931134373]], "M_G1C11_M M_G1C11H1_M": [[-0.1891768693816094, 0.024032602595600416, 0.001654472593214214]], "M_G1C11_M M_G1C11H2_M": [[-0.19008784089843672, 0.024072905829542326, 0.0016572471822629672]], "M_G1C12_M M_G1C12H1_M": [[-0.1742302199596329, 0.022817149917926386, 0.0015707973801131307]], "M_G1C12_M M_G1C12H2_M": [[-0.17380802664836853, 0.021991421881858146, 0.001513951917800464]], "M_G1C13_M M_G1C13H1_M": [[-0.16417286828467784, 0.021116642918615397, 0.0014537296504014922]], "M_G1C13_M M_G1C13H2_M": [[-0.1644011682547973, 0.02242361366968753, 0.0015437052275026296]], "M_G1C14_M M_G1C14H1_M": [[-0.14444011391907363, 0.019552323314571924, 0.0013460374476272725]], "M_G1C14_M M_G1C14H2_M": [[-0.14325201865978188, 0.019375763238193566, 0.001333882550700825]], "M_G1C15_M M_G1C15H1_M": [[-0.12495149931464167, 0.01749963551910704, 0.0012047245920381875]], "M_G1C15_M M_G1C15H2_M": [[-0.1262434041218543, 0.016957331267583784, 0.0011673908277170053]], "M_G1C16_M M_G1C16H1_M": [[-0.09335381286426167, 0.013046923071702096, 0.0008981872255423961]], "M_G1C16_M M_G1C16H2_M": [[-0.09296101434798988, 0.01391330906409761, 0.0009578316969999106]], "M_G1C17_M M_G1C17H1_M": [[-0.030578424196791812, 0.007933164573129217, 0.0005461415721201592]], "M_G1C17_M M_G1C17H2_M": [[-0.030769236494798638, 0.007315867347228913, 0.0005036450785316461]], "M_G1C17_M M_G1C17H3_M": [[-0.030534648758162284, 0.007171795530057183, 0.0004937267656058195]], "M_G2_M M_G2H1_M": [[-0.19832119383807545, 0.05022905967722644, 0.0034579110726070806]], "M_G2C3_M M_G2C3H1_M": [[-0.0880058970577157, 0.03749497292436582, 0.0025812603874217407]], "M_G2C3_M M_G2C3H2_M": [[-0.12266280966053082, 0.03135296333404278, 0.0021584270095541007]], "M_G2C4_M M_G2C4H1_M": [[-0.2149743777057145, 0.023466869753335447, 0.0016155259381906786]], "M_G2C4_M M_G2C4H2_M": [[-0.20965379644589183, 0.025043444357737307, 0.0017240618099825225]], "M_G2C5_M M_G2C5H1_M": [[-0.21579690793197623, 0.023543078319965525, 0.0016207723522798745]], "M_G2C5_M M_G2C5H2_M": [[-0.21872765597760296, 0.02361718818393092, 0.0016258742857192443]], "M_G2C6_M M_G2C6H1_M": [[-0.22866680437010542, 0.022899325794699235, 0.0015764546007742387]], "M_G2C6_M M_G2C6H2_M": [[-0.2277417940271478, 0.023313724432413554, 0.0016049829795062684]], "M_G2C7_M M_G2C7H1_M": [[-0.2251599495138736, 0.023997837625750446, 0.0016520792739891368]], "M_G2C7_M M_G2C7H2_M": [[-0.22322708880733497, 0.024551377386867607, 0.001690186522689298]], "M_G2C8_M M_G2C8H1_M": [[-0.22695830345351534, 0.025030311492592588, 0.001723157706260677]], "M_G2C8_M M_G2C8H2_M": [[-0.2259971768385593, 0.025599118738192903, 0.0017623160119383014]], "M_G2C9_M M_G2C9H1_M": [[-0.2181836321554383, 0.024889919537659008, 0.0017134927254987557]], "M_G2C9_M M_G2C9H2_M": [[-0.21657062545747124, 0.026613758899385945, 0.001832166721281602]], "M_G2C10_M M_G2C10H1_M": [[-0.21232644594131642, 0.02695802074344544, 0.0018558666840143144]], "M_G2C10_M M_G2C10H2_M": [[-0.21373793934347834, 0.025220223955716905, 0.0017362318193992394]], "M_G2C11_M M_G2C11H1_M": [[-0.2002761912704173, 0.025581413657707386, 0.0017610971439315003]], "M_G2C11_M M_G2C11H2_M": [[-0.19995694764602012, 0.026310027934444362, 0.001811257019337862]], "M_G2C12_M M_G2C12H1_M": [[-0.19171820498124517, 0.024681533621149488, 0.0016991468473815043]], "M_G2C12_M M_G2C12H2_M": [[-0.19192219508067457, 0.025477687991311518, 0.0017539563745711205]], "M_G2C13_M M_G2C13H1_M": [[-0.1758370626907389, 0.02320875506250983, 0.0015977565900654315]], "M_G2C13_M M_G2C13H2_M": [[-0.17608324104546474, 0.023308103528346214, 0.0016045960205120643]], "M_G2C14_M M_G2C14H1_M": [[-0.16228526481517566, 0.021624774318739107, 0.001488710858612797]], "M_G2C14_M M_G2C14H2_M": [[-0.16223051369449024, 0.020871023087711, 0.0014368204839071556]], "M_G2C15_M M_G2C15H1_M": [[-0.13884856015428018, 0.017950253869513547, 0.001235746438622687]], "M_G2C15_M M_G2C15H2_M": [[-0.13848419595239195, 0.01866706061149437, 0.0012850934498138743]], "M_G2C16_M M_G2C16H1_M": [[-0.11182551813774291, 0.014927537592491307, 0.0010276540683726452]], "M_G2C16_M M_G2C16H2_M": [[-0.11141972646232094, 0.014802109735304865, 0.0010190192585839398]], "M_G2C17_M M_G2C17H1_M": [[-0.02878334879329381, 0.00731134559913021, 0.000503333788554917]], "M_G2C17_M M_G2C17H2_M": [[-0.028039257100185556, 0.007770664024469157, 0.0005349545729979934]], "M_G2C17_M M_G2C17H3_M": [[-0.028457592595481508, 0.007938254033848381, 0.0005464919450454635]], "M_G3_M M_G3H1_M": [[-0.23222252616187167, 0.04185075898060615, 0.0028811250659677725]], "M_G3_M M_G3H2_M": [[-0.2534665075650794, 0.031939854552771985, 0.0021988302672838033]], "M_G3C4_M M_G3C4H1_M": [[0.03131276511495892, 0.029813287416573693, 0.0020524313481291127]], "M_G3C4_M M_G3C4H2_M": [[0.0358405642849044, 0.03338029654739788, 0.002297994383727007]], "M_G3C5_M M_G3C5H1_M": [[-0.06392083811128606, 0.026037597855843603, 0.001792502159275612]], "M_G3C5_M M_G3C5H2_M": [[-0.06626998091248808, 0.027702026260512446, 0.0019070861361019913]], "M_G3N6C1_M M_G3N6C1H1_M": [[0.009075330459809045, 0.017117407448298077, 0.0011784109264668047]], "M_G3N6C1_M M_G3N6C1H2_M": [[0.009727144611511376, 0.01852656867616152, 0.0012754215861174147]], "M_G3N6C1_M M_G3N6C1H3_M": [[0.009499129597779224, 0.016741242389908095, 0.0011525146558837352]], "M_G3N6C2_M M_G3N6C2H1_M": [[0.008631298123603545, 0.016223043207050657, 0.0011168403529257782]], "M_G3N6C2_M M_G3N6C2H2_M": [[0.00894268753170461, 0.016638691867644734, 0.001145454786781768]], "M_G3N6C2_M M_G3N6C2H3_M": [[0.010055792226962007, 0.017410020495257278, 0.001198555239371955]], "M_G3N6C3_M M_G3N6C3H1_M": [[0.010330422195402346, 0.017102694676569226, 0.001177398057490223]], "M_G3N6C3_M M_G3N6C3H2_M": [[0.00933690287073917, 0.017050265624845323, 0.0011737886927191646]], "M_G3N6C3_M M_G3N6C3H3_M": [[0.011171908885889571, 0.017635935112717695, 0.0012141078430280884]]}