{"M_G1_M M_G1H1_M": [[-0.22206832893958894, 0.040499031542483736, 0.003593707926427146]], "M_G1_M M_G1H2_M": [[-0.018504495391948133, 0.04389514650952739, 0.003895064398700314]], "M_G1C3_M M_G1C3H1_M": [[-0.22458792415167322, 0.020725769357286157, 0.0018391146351844898]], "M_G1C3_M M_G1C3H2_M": [[-0.2290501032423936, 0.02055605019055639, 0.001824054494447456]], "M_G1C4_M M_G1C4H1_M": [[-0.15934207007684797, 0.020884975838860287, 0.0018532419259610939]], "M_G1C4_M M_G1C4H2_M": [[-0.16156636141687739, 0.019813533794537402, 0.001758166818711892]], "M_G1C5_M M_G1C5H1_M": [[-0.20115934974012523, 0.019349244826825072, 0.0017169678349369293]], "M_G1C5_M M_G1C5H2_M": [[-0.19850590434972515, 0.01915204923316698, 0.0016994695555708611]], "M_G1C6_M M_G1C6H1_M": [[-0.1960457860053807, 0.02040002435544136, 0.0018102094404048152]], "M_G1C6_M M_G1C6H2_M": [[-0.19622853464737447, 0.01931551175440871, 0.001713974508797803]], "M_G1C7_M M_G1C7H1_M": [[-0.20888811600235463, 0.019784747507856134, 0.0017556124488250376]], "M_G1C7_M M_G1C7H2_M": [[-0.20940084609468795, 0.019009057407040075, 0.0016867810828001604]], "M_G1C8_M M_G1C8H1_M": [[-0.19569474895484018, 0.01980373271645935, 0.0017572971136687063]], "M_G1C8_M M_G1C8H2_M": [[-0.1960771952825355, 0.01961027331533441, 0.0017401303677791102]], "M_G1C9_M M_G1C9H1_M": [[-0.19446749802340418, 0.019084666545966713, 0.0016934903089599505]], "M_G1C9_M M_G1C9H2_M": [[-0.1963598207512547, 0.01910727121892147, 0.001695496149328913]], "M_G1C10_M M_G1C10H1_M": [[-0.17662015376211398, 0.019531265083426487, 0.0017331195208910152]], "M_G1C10_M M_G1C10H2_M": [[-0.1775459582629153, 0.018256503134813095, 0.0016200026895852088]], "M_G1C11_M M_G1C11H1_M": [[-0.16900757163050073, 0.018531383190280783, 0.0016443943502380003]], "M_G1C11_M M_G1C11H2_M": [[-0.16997181268749417, 0.017772612990964897, 0.001577064382686609]], "M_G1C12_M M_G1C12H1_M": [[-0.1484426445050851, 0.017041524208532777, 0.0015121907436813848]], "M_G1C12_M M_G1C12H2_M": [[-0.1484457266225272, 0.0177890357525381, 0.001578521667125066]], "M_G1C13_M M_G1C13H1_M": [[-0.13676895962444563, 0.015749199330209088, 0.0013975154543752935]], "M_G1C13_M M_G1C13H2_M": [[-0.1371191447635817, 0.016056632727480587, 0.001424795757003371]], "M_G1C14_M M_G1C14H1_M": [[-0.11423333826908111, 0.014145448038749234, 0.0012552055395791534]], "M_G1C14_M M_G1C14H2_M": [[-0.11467287799740539, 0.013195459335276967, 0.0011709076735893643]], "M_G1C15_M M_G1C15H1_M": [[-0.09849882118119738, 0.011756729953304122, 0.0010432410853511817]], "M_G1C15_M M_G1C15H2_M": [[-0.09917465728427936, 0.011916345673219128, 0.0010574046901583537]], "M_G1C16_M M_G1C16H1_M": [[-0.06950570734792239, 0.008138105389404132, 0.0007221400791602114]], "M_G1C16_M M_G1C16H2_M": [[-0.06950357726512843, 0.00931431059987898, 0.0008265114141526122]], "M_G1C17_M M_G1C17H1_M": [[-0.022361722663806663, 0.004352001108658549, 0.00038617765127543075]], "M_G1C17_M M_G1C17H2_M": [[-0.02243989347256273, 0.004851462811069982, 0.00043049771055931463]], "M_G1C17_M M_G1C17H3_M": [[-0.02198526942866303, 0.004450857495570973, 0.0003949497371178405]], "M_G2_M M_G2H1_M": [[-0.20548148817973233, 0.056325898082655625, 0.004998115231235308]], "M_G2C3_M M_G2C3H1_M": [[-0.22458792415167322, 0.020725769357286157, 0.0018391146351844898]], "M_G2C3_M M_G2C3H2_M": [[-0.2290501032423936, 0.02055605019055639, 0.001824054494447456]], "M_G2C4_M M_G2C4H1_M": [[-0.15934207007684797, 0.020884975838860287, 0.0018532419259610939]], "M_G2C4_M M_G2C4H2_M": [[-0.16156636141687739, 0.019813533794537402, 0.001758166818711892]], "M_G2C5_M M_G2C5H1_M": [[-0.20115934974012523, 0.019349244826825072, 0.0017169678349369293]], "M_G2C5_M M_G2C5H2_M": [[-0.19850590434972515, 0.01915204923316698, 0.0016994695555708611]], "M_G2C6_M M_G2C6H1_M": [[-0.1960457860053807, 0.02040002435544136, 0.0018102094404048152]], "M_G2C6_M M_G2C6H2_M": [[-0.19622853464737447, 0.01931551175440871, 0.001713974508797803]], "M_G2C7_M M_G2C7H1_M": [[-0.20888811600235463, 0.019784747507856134, 0.0017556124488250376]], "M_G2C7_M M_G2C7H2_M": [[-0.20940084609468795, 0.019009057407040075, 0.0016867810828001604]], "M_G2C8_M M_G2C8H1_M": [[-0.19569474895484018, 0.01980373271645935, 0.0017572971136687063]], "M_G2C8_M M_G2C8H2_M": [[-0.1960771952825355, 0.01961027331533441, 0.0017401303677791102]], "M_G2C9_M M_G2C9H1_M": [[-0.19446749802340418, 0.019084666545966713, 0.0016934903089599505]], "M_G2C9_M M_G2C9H2_M": [[-0.1963598207512547, 0.01910727121892147, 0.001695496149328913]], "M_G2C10_M M_G2C10H1_M": [[-0.17662015376211398, 0.019531265083426487, 0.0017331195208910152]], "M_G2C11_M M_G2C11H1_M": [[-0.16900757163050073, 0.018531383190280783, 0.0016443943502380003]], "M_G2C12_M M_G2C12H1_M": [[-0.1484426445050851, 0.017041524208532777, 0.0015121907436813848]], "M_G2C12_M M_G2C12H2_M": [[-0.1484457266225272, 0.0177890357525381, 0.001578521667125066]], "M_G2C13_M M_G2C13H1_M": [[-0.13676895962444563, 0.015749199330209088, 0.0013975154543752935]], "M_G2C13_M M_G2C13H2_M": [[-0.1371191447635817, 0.016056632727480587, 0.001424795757003371]], "M_G2C14_M M_G2C14H1_M": [[-0.11423333826908111, 0.014145448038749234, 0.0012552055395791534]], "M_G2C14_M M_G2C14H2_M": [[-0.11467287799740539, 0.013195459335276967, 0.0011709076735893643]], "M_G2C15_M M_G2C15H1_M": [[-0.09849882118119738, 0.011756729953304122, 0.0010432410853511817]], "M_G2C15_M M_G2C15H2_M": [[-0.09917465728427936, 0.011916345673219128, 0.0010574046901583537]], "M_G2C16_M M_G2C16H1_M": [[-0.06950570734792239, 0.008138105389404132, 0.0007221400791602114]], "M_G2C16_M M_G2C16H2_M": [[-0.06950357726512843, 0.00931431059987898, 0.0008265114141526122]], "M_G2C17_M M_G2C17H1_M": [[-0.022361722663806663, 0.004352001108658549, 0.00038617765127543075]], "M_G2C17_M M_G2C17H2_M": [[-0.02243989347256273, 0.004851462811069982, 0.00043049771055931463]], "M_G2C18_M M_G2C18H1_M": [[-0.06562560845603577, 0.008698347975091792, 0.0007718535696864175]], "M_G2C18_M M_G2C18H2_M": [[-0.06600840057435961, 0.008533487794134507, 0.0007572245942148209]], "M_G2C19_M M_G2C19H1_M": [[-0.021636273681283208, 0.0044833201908956715, 0.00039783033551879683]], "M_G2C19_M M_G2C19H2_M": [[-0.02167332842918466, 0.004814060808144258, 0.00042717881948318054]], "M_G2C19_M M_G2C19H3_M": [[-0.02123729961960399, 0.00462479267874088, 0.0004103839888180706]], "M_G3_M M_G3H1_M": [[-0.1507062301656369, 0.05714166447663435, 0.0050705027932213004]], "M_G3_M M_G3H2_M": [[-0.1745052249971228, 0.03196905287653453, 0.002836794716986085]], "M_G3C4_M M_G3C4H1_M": [[-0.009759616446877862, 0.01610888960904335, 0.0014294328054050216]], "M_G3C4_M M_G3C4H2_M": [[-0.01172511884645653, 0.0172076189167818, 0.0015269292657358188]], "M_G3C5_M M_G3C5H1_M": [[-0.05480030869291475, 0.01196492699600249, 0.0010617155854591397]], "M_G3C5_M M_G3C5H2_M": [[-0.05735625470067651, 0.011526978343264549, 0.001022853926679437]], "M_G3N6C1_M M_G3N6C1H1_M": [[0.011823087728842115, 0.004916946833212007, 0.00043630847789036215]], "M_G3N6C1_M M_G3N6C1H2_M": [[0.01143853274735793, 0.004843190850110302, 0.00042976369271899387]], "M_G3N6C1_M M_G3N6C1H3_M": [[0.01074669256596508, 0.004578076382819724, 0.0004062385878899259]], "M_G3N6C2_M M_G3N6C2H1_M": [[0.011548069882693093, 0.004991207229750318, 0.00044289802251637136]], "M_G3N6C2_M M_G3N6C2H2_M": [[0.011052949012509066, 0.00508654864215929, 0.0004513582048081741]], "M_G3N6C2_M M_G3N6C2H3_M": [[0.011947483448496686, 0.005035765049536689, 0.000446851889659654]], "M_G3N6C3_M M_G3N6C3H1_M": [[0.010461232283738405, 0.004957942492817143, 0.0004399462544312046]], "M_G3N6C3_M M_G3N6C3H2_M": [[0.010916365167842125, 0.004797745689788149, 0.00042573108683566176]], "M_G3N6C3_M M_G3N6C3H3_M": [[0.01106924432350569, 0.00457668949658208, 0.0004061155216368466]]}