{"M_G13C4_M M_G13C4H1_M": [[0.12639737158432968, 0.03959568493844776, 0.014965762191199803]], "M_G13C4_M M_G13C4H2_M": [[-0.006637347393927148, 0.024160714560353902, 0.009131891746330525]], "M_G13_M M_G13H1_M": [[-0.19952127979407044, 0.04147198078467478, 0.0156749353619284]], "M_G13_M M_G13H2_M": [[-0.15731142002615336, 0.06677175484449094, 0.02523735113169933]], "M_G3C5_M M_G3C5H1_M": [[0.1100178802442627, 0.03574658992819761, 0.013510941024088159]], "M_G23C4_M M_G23C4H1_M": [[0.006545051397932579, 0.055432051020514905, 0.02095134595178951]], "M_G23C4_M M_G23C4H2_M": [[0.04195825950318491, 0.05609559046600281, 0.021202140288624185]], "M_G23_M M_G23H1_M": [[0.038447720196218504, 0.07912389666975095, 0.029906021907218965]], "M_G23_M M_G23H2_M": [[0.00799384088721242, 0.0589785333437519, 0.022291790274128323]], "M_G22_M M_G22H1_M": [[0.047218170048159834, 0.09288390583821082, 0.03510681652117804]], "M_G22C3_M M_G22C3H1_M": [[-0.14007861191075582, 0.029836339353308414, 0.011277076280197681]], "M_G22C3_M M_G22C3H2_M": [[-0.11077270338183479, 0.025158006435026154, 0.009508832644177408]], "M_G21_M M_G21H1_M": [[0.10458059047887863, 0.08918501479024074, 0.033708767115513474]], "M_G21_M M_G21H2_M": [[-0.11222883144826389, 0.07573588132643934, 0.028625472473437018]], "M_G21C3_M M_G21C3H1_M": [[-0.15851046483133277, 0.040872011406565496, 0.01544816825210965]], "M_G21C3_M M_G21C3H2_M": [[-0.1571143696942684, 0.02960209208289581, 0.011188539134082333]], "M_G12_M M_G12H1_M": [[-0.12429306282845307, 0.06849157488343002, 0.02588738200638765]], "M_G12C3_M M_G12C3H1_M": [[-0.05257586787862594, 0.022053440840021796, 0.008335417145139006]], "M_G12C3_M M_G12C3H2_M": [[-0.07799280827872758, 0.031359603174972, 0.01185281588780678]], "M_G11_M M_G11H1_M": [[-0.07012100160847674, 0.04979093785556073, 0.01881920558721219]], "M_G11_M M_G11H2_M": [[-0.10657710613776386, 0.055419079741955625, 0.020946443269324596]], "M_G11C3_M M_G11C3H1_M": [[-0.2020245687624208, 0.030210178379064284, 0.011418374150557782]], "M_G11C3_M M_G11C3H2_M": [[-0.1851945828421971, 0.02832505720029321, 0.01070586531766504]], "M_G22C4_M M_G22C4H1_M": [[-0.17112711437035627, 0.018795133638012756, 0.00710389278062949]], "M_G22C4_M M_G22C4H2_M": [[-0.1444364404471662, 0.024015012485977445, 0.009076821538572477]], "M_G22C5_M M_G22C5H1_M": [[-0.18077616589804724, 0.015520380986235309, 0.005866152620364859]], "M_G22C5_M M_G22C5H2_M": [[-0.1761568532858569, 0.01980428982469379, 0.00748531796691239]], "M_G22C6_M M_G22C6H1_M": [[-0.1818646916410736, 0.014917348265731243, 0.005638227675952219]], "M_G22C6_M M_G22C6H2_M": [[-0.18330377841882722, 0.020916827620436725, 0.007905817728583215]], "M_G22C7_M M_G22C7H1_M": [[-0.1685367897302284, 0.010620681141339435, 0.004014240150585397]], "M_G22C7_M M_G22C7H2_M": [[-0.17045708233067836, 0.01617920675914206, 0.006115165356426456]], "M_G22C8_M M_G22C8H1_M": [[-0.1591009608997298, 0.009836233326228492, 0.00371774674554375]], "M_G22C8_M M_G22C8H2_M": [[-0.160324414986717, 0.012881071924785804, 0.004868587561845618]], "M_G22C9_M M_G22C9H1_M": [[-0.1017267154438176, 0.009958339892318709, 0.003763898689447005]], "M_G22C9_M M_G22C9H2_M": [[-0.10497936954714841, 0.013422983229183979, 0.005073410782430217]], "M_G22C10_M M_G22C10H1_M": [[-0.06610919055673295, 0.007757263681551599, 0.002931970079391268]], "M_G22C11_M M_G22C11H1_M": [[-0.04697097740741256, 0.010064403465611698, 0.0038039869520321654]], "M_G22C12_M M_G22C12H1_M": [[-0.0643840447119753, 0.012475690831165016, 0.004715367910427333]], "M_G22C12_M M_G22C12H2_M": [[-0.06742449776478013, 0.012344288346938561, 0.004665702439724578]], "M_G22C13_M M_G22C13H1_M": [[-0.10832199259097888, 0.010833167536067174, 0.004094552458790298]], "M_G22C13_M M_G22C13H2_M": [[-0.10347875040860084, 0.013508054057640367, 0.005105564533276195]], "M_G22C14_M M_G22C14H1_M": [[-0.11153861797557584, 0.009461335906610104, 0.003576048839905167]], "M_G22C14_M M_G22C14H2_M": [[-0.10858546607172859, 0.01405315387930578, 0.005311592900109386]], "M_G22C15_M M_G22C15H1_M": [[-0.11112828754741062, 0.012598977394860635, 0.004761965851503666]], "M_G22C15_M M_G22C15H2_M": [[-0.11336329650469684, 0.011575085552911956, 0.004374971111043087]], "M_G22C16_M M_G22C16H1_M": [[-0.10038663351797358, 0.01206254288544628, 0.004559212664848906]], "M_G22C16_M M_G22C16H2_M": [[-0.10019274388023604, 0.01130968275584165, 0.004274658282713234]], "M_G22C17_M M_G22C17H1_M": [[-0.09515324486519325, 0.012869769361037694, 0.004864315594294911]], "M_G22C17_M M_G22C17H2_M": [[-0.09016588336190534, 0.008492150961107737, 0.003209731362729888]], "M_G22C18_M M_G22C18H1_M": [[-0.07445577281741636, 0.010524301856743823, 0.003977812205074211]], "M_G22C18_M M_G22C18H2_M": [[-0.07103025849675276, 0.00622801586633995, 0.002353968734814285]], "M_G22C19_M M_G22C19H1_M": [[-0.021861562955959826, 0.005147596441693268, 0.0019456085763487692]], "M_G22C19_M M_G22C19H2_M": [[-0.02528884453774904, 0.004835254723317374, 0.0018275545033640279]], "M_G22C19_M M_G22C19H3_M": [[-0.024871668895735322, 0.006102634642817838, 0.0023065790867404976]], "M_G21C4_M M_G21C4H1_M": [[-0.14549080662052571, 0.03020976875290708, 0.011418219326423142]], "M_G21C4_M M_G21C4H2_M": [[-0.17020715998192015, 0.03002920921979694, 0.011349974237644377]], "M_G21C5_M M_G21C5H1_M": [[-0.15751537281390585, 0.023979080745236827, 0.009063240617119144]], "M_G21C5_M M_G21C5H2_M": [[-0.1712932471446018, 0.023490602989685555, 0.008878613379665478]], "M_G21C6_M M_G21C6H1_M": [[-0.16810735693579182, 0.019328852414950724, 0.007305619516889979]], "M_G21C6_M M_G21C6H2_M": [[-0.17804015527531808, 0.02162779015284619, 0.008174536307474665]], "M_G21C7_M M_G21C7H1_M": [[-0.15992555537476233, 0.016276309980665524, 0.0061518669243770694]], "M_G21C7_M M_G21C7H2_M": [[-0.1663412261150034, 0.014299863111343406, 0.0054048402249829985]], "M_G21C8_M M_G21C8H1_M": [[-0.14745718807093672, 0.01237509027829423, 0.004677344475477089]], "M_G21C8_M M_G21C8H2_M": [[-0.15809395537849383, 0.013392103413357418, 0.0050617393091147095]], "M_G21C9_M M_G21C9H1_M": [[-0.09807059180711891, 0.01179898210392673, 0.004459596052955969]], "M_G21C9_M M_G21C9H2_M": [[-0.09895392389242684, 0.010893960401174603, 0.004117530002013348]], "M_G21C10_M M_G21C10H1_M": [[-0.06203533982784815, 0.013150259843307236, 0.0049703310316100225]], "M_G21C11_M M_G21C11H1_M": [[-0.05012430270688464, 0.016339484379243912, 0.006175744602643425]], "M_G21C12_M M_G21C12H1_M": [[-0.06283098146136995, 0.013002553671989457, 0.004914503346407687]], "M_G21C12_M M_G21C12H2_M": [[-0.06025134008664078, 0.01965551164630411, 0.0074290851011220614]], "M_G21C13_M M_G21C13H1_M": [[-0.09434680201750123, 0.010608106957220129, 0.004009487555711223]], "M_G21C13_M M_G21C13H2_M": [[-0.09459703229961802, 0.013640478721555205, 0.005155616351586191]], "M_G21C14_M M_G21C14H1_M": [[-0.09908847492450212, 0.008421543882193523, 0.0031830443953573566]], "M_G21C14_M M_G21C14H2_M": [[-0.09640500883462036, 0.01073635796682845, 0.0040579618809707335]], "M_G21C15_M M_G21C15H1_M": [[-0.10369747612694591, 0.011137002488793391, 0.004209391276579246]], "M_G21C15_M M_G21C15H2_M": [[-0.10126674152746729, 0.011254693027787649, 0.004253874119128382]], "M_G21C16_M M_G21C16H1_M": [[-0.09002491674426694, 0.007178629460794773, 0.0027132669010778094]], "M_G21C16_M M_G21C16H2_M": [[-0.09516476469422468, 0.01418128539567678, 0.0053600220611704245]], "M_G21C17_M M_G21C17H1_M": [[-0.08382247447369467, 0.007827909989891853, 0.0029586718740931394]], "M_G21C17_M M_G21C17H2_M": [[-0.08866464028105159, 0.013546632357940104, 0.005120145760218576]], "M_G21C18_M M_G21C18H1_M": [[-0.06576502558075067, 0.009598200543590417, 0.00362777881029503]], "M_G21C18_M M_G21C18H2_M": [[-0.06741045475316008, 0.00828865264674669, 0.003132816229584149]], "M_G21C19_M M_G21C19H1_M": [[-0.02472719298080806, 0.005500974579700544, 0.0020791729580536713]], "M_G21C19_M M_G21C19H2_M": [[-0.02426980432162383, 0.0016768289242310094, 0.0006337817606736028]],