{
    "10.1021/acs.jctc.9b00824": {
        "M_G1C3_M M_G1C3H1_M": [-0.235953, 0.0570947, 0.00506633, -0.220769, 0.02, 0.696424],
        "M_G1C3_M M_G1C3H2_M": [-0.256062, 0.0585256, 0.00519331, -0.220769, 0.02, 0.0743949],
        "M_G1C4_M M_G1C4H1_M": [-0.212843, 0.0494077, 0.00438423, -0.196239, 0.02, 0.67182],
        "M_G1C4_M M_G1C4H2_M": [-0.240885, 0.0496225, 0.00440328, -0.196239, 0.02, 0.0346282],
        "M_G1C5_M M_G1C5H1_M": [-0.250965, 0.0411092, 0.00364785, -0.220769, 0.02, 0.0862783],
        "M_G1C5_M M_G1C5H2_M": [-0.259138, 0.0386181, 0.0034268, -0.220769, 0.02, 0.0400416],
        "M_G1C6_M M_G1C6H1_M": [-0.246769, 0.0381451, 0.00338483, -0.220769, 0.02, 0.140121],
        "M_G1C6_M M_G1C6H2_M": [-0.250291, 0.0361147, 0.00320466, -0.220769, 0.02, 0.0827702],
        "M_G1C7_M M_G1C7H1_M": [-0.258559, 0.0359537, 0.00319037, -0.220769, 0.02, 0.0389287],
        "M_G1C7_M M_G1C7H2_M": [-0.258728, 0.0347543, 0.00308394, -0.220769, 0.02, 0.0372122],
        "M_G1C8_M M_G1C8H1_M": [-0.247451, 0.0351386, 0.00311805, -0.220769, 0.02, 0.117751],
        "M_G1C8_M M_G1C8H2_M": [-0.247562, 0.0356316, 0.0031618, -0.220769, 0.02, 0.117192],
        "M_G1C9_M M_G1C9H1_M": [-0.242433, 0.0352017, 0.00312365, -0.220769, 0.02, 0.320385],
        "M_G1C9_M M_G1C9H2_M": [-0.244924, 0.0333952, 0.00296334, -0.220769, 0.02, 0.175885],
        "M_G1C10_M M_G1C10H1_M": [-0.227764, 0.0338522, 0.00300389, -0.196239, 0.02, 0.0626244],
        "M_G1C10_M M_G1C10H2_M": [-0.22775, 0.0341663, 0.00303177, -0.196239, 0.02, 0.0632614],
        "M_G1C11_M M_G1C11H1_M": [-0.214723, 0.0336343, 0.00298457, -0.17171, 0.02, 0.0259871],
        "M_G1C11_M M_G1C11H2_M": [-0.216349, 0.0340486, 0.00302132, -0.17171, 0.02, 0.0239707],
        "M_G1C12_M M_G1C12H1_M": [-0.195996, 0.0324779, 0.00288195, -0.17171, 0.02, 0.167729],
        "M_G1C12_M M_G1C12H2_M": [-0.196555, 0.0330747, 0.0029349, -0.17171, 0.02, 0.152549],
        "M_G1C13_M M_G1C13H1_M": [-0.176961, 0.0304121, 0.00269864, -0.14718, 0.02, 0.0684526],
        "M_G1C13_M M_G1C13H2_M": [-0.178734, 0.0307737, 0.00273072, -0.14718, 0.02, 0.0570312],
        "M_G1C14_M M_G1C14H1_M": [-0.153328, 0.0293468, 0.00260411, -0.12265, 0.02, 0.0598011],
        "M_G1C14_M M_G1C14H2_M": [-0.154727, 0.0294184, 0.00261046, -0.12265, 0.02, 0.0518156],
        "M_G1C15_M M_G1C15H1_M": [-0.127506, 0.0251673, 0.00223323, -0.09812, 0.02, 0.0599674],
        "M_G1C15_M M_G1C15H2_M": [-0.127994, 0.0258204, 0.00229119, -0.09812, 0.02, 0.057966],
        "M_G1C16_M M_G1C16H1_M": [-0.0925449, 0.0197716, 0.00175445, -0.07359, 0.02, 0.656678],
        "M_G1C16_M M_G1C16H2_M": [-0.090406, 0.0215787, 0.0019148, -0.07359, 0.02, 0.811114],
        "M_G1C17_M M_G1C17H1_M": [-0.0256185, 0.0108284, 0.000960864, -0, 0.02, 0.0472119],
        "M_G1C17_M M_G1C17H2_M": [-0.026812, 0.0107834, 0.000956873, -0, 0.02, 0.0379166],
        "M_G1C17_M M_G1C17H3_M": [-0.0263668, 0.0113405, 0.00100631, -0, 0.02, 0.042991],
        "M_G2C3_M M_G2C3H1_M": [-0.230913, 0.0644826, 0.00572191, -0.12, 0.02, 0.00610379],
        "M_G2C3_M M_G2C3H2_M": [-0.159813, 0.0775339, 0.00688003, -0.12, 0.02, 0.0699325],
        "M_G2C4_M M_G2C4H1_M": [-0.254896, 0.0449244, 0.0039864, -0.2, 0.02, 0.0192796],
        "M_G2C4_M M_G2C4H2_M": [-0.182567, 0.0701641, 0.00622606, -0.2, 0.02, 0.572007],
        "M_G2C5_M M_G2C5H1_M": [-0.23884, 0.0414634, 0.00367928, -0.2, 0.02, 0.0415132],
        "M_G2C5_M M_G2C5H2_M": [-0.221833, 0.0486632, 0.00431816, -0.2, 0.02, 0.339452],
        "M_G2C6_M M_G2C6H1_M": [-0.231777, 0.0422457, 0.0037487, -0.22, 0.02, 0.826473],
        "M_G2C6_M M_G2C6H2_M": [-0.225872, 0.0430812, 0.00382284, -0.22, 0.02, 0.86919],
        "M_G2C7_M M_G2C7H1_M": [-0.215053, 0.037143, 0.00329591, -0.2, 0.02, 0.783093],
        "M_G2C7_M M_G2C7H2_M": [-0.212464, 0.040895, 0.00362885, -0.2, 0.02, 0.821724],
        "M_G2C8_M M_G2C8H1_M": [-0.208402, 0.0365444, 0.00324279, -0.17, 0.02, 0.037866],
        "M_G2C8_M M_G2C8H2_M": [-0.206665, 0.0385786, 0.00342329, -0.17, 0.02, 0.0452833],
        "M_G2C9_M M_G2C9H1_M": [-0.151579, 0.0314511, 0.00279083, -0.12, 0.02, 0.0580792],
        "M_G2C9_M M_G2C9H2_M": [-0.150429, 0.0341852, 0.00303344, -0.12, 0.02, 0.0709768],
        "M_G2C10_M M_G2C10H1_M": [-0.107635, 0.0341999, 0.00303475, -0.12, 0.02, 0.849812],
        "M_G2C11_M M_G2C11H1_M": [-0.0230829, 0.0401324, 0.00356117, -0, 0.02, 0.246625],
        "M_G2C12_M M_G2C12H1_M": [-0.0930736, 0.0378217, 0.00335614, -0.07, 0.02, 0.239225],
        "M_G2C12_M M_G2C12H2_M": [-0.0957036, 0.0362857, 0.00321984, -0.07, 0.02, 0.1412],
        "M_G2C13_M M_G2C13H1_M": [-0.145374, 0.0359952, 0.00319406, -0.12, 0.02, 0.148313],
        "M_G2C13_M M_G2C13H2_M": [-0.145884, 0.0324181, 0.00287664, -0.12, 0.02, 0.124817],
        "M_G2C14_M M_G2C14H1_M": [-0.145779, 0.0285498, 0.00253338],
        "M_G2C14_M M_G2C14H2_M": [-0.14467, 0.0285412, 0.00253262],
        "M_G2C15_M M_G2C15H1_M": [-0.155018, 0.0263914, 0.00234185, -0.12, 0.02, 0.0356992],
        "M_G2C15_M M_G2C15H2_M": [-0.154387, 0.0281532, 0.00249819, -0.12, 0.02, 0.0401165],
        "M_G2C16_M M_G2C16H1_M": [-0.135974, 0.0246044, 0.00218328, -0.1, 0.02, 0.0308294],
        "M_G2C16_M M_G2C16H2_M": [-0.135701, 0.0245538, 0.00217879, -0.1, 0.02, 0.031446],
        "M_G2C17_M M_G2C17H1_M": [-0.122124, 0.0208115, 0.00184673, -0.1, 0.02, 0.213876],
        "M_G2C17_M M_G2C17H2_M": [-0.121771, 0.0208726, 0.00185215, -0.1, 0.02, 0.24298],
        "M_G2C18_M M_G2C18H1_M": [-0.0851302, 0.0175917, 0.00156101, -0.07, 0.02, 0.887126],
        "M_G2C18_M M_G2C18H2_M": [-0.0882261, 0.0157141, 0.0013944, -0.07, 0.02, 0.776342],
        "M_G2C19_M M_G2C19H1_M": [-0.0297406, 0.0117869, 0.00104592, -0, 0.02, 0.0273564],
        "M_G2C19_M M_G2C19H2_M": [-0.0315515, 0.0114763, 0.00101836, -0, 0.02, 0.0217021],
        "M_G2C19_M M_G2C19H3_M": [-0.0290823, 0.00948524, 0.000841679, -0, 0.02, 0.0239566]
    },
    "10.1021/acs.jpcb.9b06091": {
        "M_G1_M M_G1H1_M": [0.0508559, 0.176214, 0.0156365, -0.13, 0.02, 0.00611505],
        "M_G1_M M_G1H2_M": [-0.183233, 0.123396, 0.0109496, 0, 0.02, 0.00418714],
        "M_G2_M M_G2H1_M": [0.0516989, 0.187583, 0.0166453, -0.18, 0.02, 0.00395665],
        "M_G3_M M_G3H1_M": [0.0383008, 0.168108, 0.0149172, -0.21, 0.02, 0.00308944],
        "M_G3_M M_G3H2_M": [0.129238, 0.163792, 0.0145342, -0.21, 0.02, 0.00161065],
        "M_G3C4_M M_G3C4H1_M": [0.0182871, 0.112898, 0.0100181, -0, 0.02, 0.472443],
        "M_G3C4_M M_G3C4H2_M": [-0.0921775, 0.0800407, 0.00710246, 0.09, 0.02, 0.0027537],
        "M_G3C5_M M_G3C5H1_M": [-0.0891229, 0.079939, 0.00709344, -0.11, 0.02, 0.406147]
    }
}