{"headgroup": 170.67516905861208, "sn-1": 4.764064963796087, "sn-2": 8.078144514241352, "total": 61.172459512216506}