{"headgroup": 0.11253787152400113, "sn-1": 0.16389999689929194, "sn-2": 0.26189079248111524, "total": 0.17944288696813612}