{"headgroup": 170.67516905861208, "sn-1": 4.764064963796087, "sn-2": 7.588559998226725, "total": 61.009264673544955}