{"unpublished/ferreiraDOPC": {"M_G1_M M_G1H1_M": [0.33732031542752317, 0.034848423721356284, 0.004135747008947322, -0.0047, 0.02, 0.00045163112308379064], "M_G1_M M_G1H2_M": [-0.009343958461189338, 0.024076668322263958, 0.002857374835527984, -0.135, 0.02, 0.0023627413034577214], "M_G1C3_M M_G1C3H1_M": [-0.07743699420925308, 0.020256863741385214, 0.0024040474340808085, -0.1908, 0.02, 0.0024571563118577283], "M_G1C3_M M_G1C3H2_M": [-0.0512083219385689, 0.02430151656078991, 0.0028840594120639637, -0.1908, 0.02, 0.0019231298435226085], "M_G1C4_M M_G1C4H1_M": [-0.14212376584630926, 0.017869398233585323, 0.0021207074066580704, -0.1676, 0.02, 0.10277367763442131], "M_G1C4_M M_G1C4H2_M": [-0.1452583274516666, 0.01810744606923574, 0.0021489584871703365, -0.1676, 0.02, 0.22020693619919363], "M_G1C5_M M_G1C5H1_M": [-0.13567935353028043, 0.018592962976440544, 0.002206578743191703, -0.1722, 0.02, 0.029844306294236185], "M_G1C5_M M_G1C5H2_M": [-0.13528283463383428, 0.01825513088892386, 0.002166485450690289, -0.1722, 0.02, 0.02843321170639765], "M_G1C6_M M_G1C6H1_M": [-0.14411722844234331, 0.018219463679849952, 0.002162252531737501, -0.1629, 0.02, 0.6454777717605815], "M_G1C6_M M_G1C6H2_M": [-0.1444217457769999, 0.01885958186065885, 0.0022382205833435427, -0.1629, 0.02, 0.6715687294469409], "M_G1C7_M M_G1C7H1_M": [-0.1302155661227608, 0.013559651027262275, 0.0016092345130664309, -0.1629, 0.02, 0.030448708419625783], "M_G1C7_M M_G1C7H2_M": [-0.12969860797670052, 0.013416978625349978, 0.0015923024140944333, -0.1629, 0.02, 0.028684687448096234], "M_G1C8_M M_G1C8H1_M": [-0.13636807875229992, 0.012757999971453512, 0.001514096036135873, -0.1536, 0.02, 0.8277404689783737], "M_G1C8_M M_G1C8H2_M": [-0.1377274938944283, 0.013176241145392299, 0.001563732131529075, -0.1536, 0.02, 0.8708578216983704], "M_G1C9_M M_G1C9H1_M": [-0.1274414572043819, 0.012020338989138978, 0.0014265517837582582, -0.1164, 0.02, 0.9351165219195298], "M_G1C9_M M_G1C9H2_M": [-0.12598143135056775, 0.011964957868612555, 0.00141997925395316, -0.1164, 0.02, 0.941614310529023], "M_G1C10_M M_G1C10H1_M": [-0.1420233265085552, 0.013061302627061164, 0.001550091438991538, -0.1071, 0.02, 0.023963603152440283], "M_G1C11_M M_G1C11H1_M": [-0.13067084527818457, 0.014521278874458659, 0.0017233587421725419, -0.0279, 0.02, 0.0021586369415952378], "M_G1C12_M M_G1C12H1_M": [-0.09377006407721801, 0.01292802548422719, 0.0015342743521343538, -0.0465, 0.02, 0.010631307535723278], "M_G1C12_M M_G1C12H2_M": [-0.09470090477748278, 0.012055279936477167, 0.0014306985113003462, -0.0465, 0.02, 0.009458347573002457], "M_G1C13_M M_G1C13H1_M": [-0.07752456371110894, 0.011781184154303055, 0.0013981693266130928, -0.0838, 0.02, 0.9507621880980204], "M_G1C13_M M_G1C13H2_M": [-0.07751962346434767, 0.011302089769451271, 0.0013413112837645164, -0.0838, 0.02, 0.952746755576664], "M_G1C14_M M_G1C14H1_M": [-0.073060625575387, 0.010803732475588542, 0.0012821671542061755, -0.0791, 0.02, 0.9551868828513219], "M_G1C14_M M_G1C14H2_M": [-0.07218751354099749, 0.01135951547325604, 0.0013481264609629538, -0.0791, 0.02, 0.951394810551736], "M_G1C15_M M_G1C15H1_M": [-0.060243369668709384, 0.00968826775379495, 0.001149785846987481, -0.0698, 0.02, 0.9527191786933594], "M_G1C15_M M_G1C15H2_M": [-0.059976173964527556, 0.010738034263322642, 0.0012743702108768456, -0.0698, 0.02, 0.9467511557728091], "M_G1C16_M M_G1C16H1_M": [-0.06416286309462567, 0.009418449790042476, 0.001117764345944216, -0.0698, 0.02, 0.9614085833691773], "M_G1C16_M M_G1C16H2_M": [-0.06363198182124075, 0.009520952652794401, 0.0011299291976868506, -0.0698, 0.02, 0.9603189819158299], "M_G1C17_M M_G1C17H1_M": [-0.05036698249797611, 0.007841123253464338, 0.0009305701256848789, -0.0605, 0.02, 0.9602412985202868], "M_G1C17_M M_G1C17H2_M": [-0.04950427107470879, 0.006988194353401919, 0.0008293460882511252, -0.0605, 0.02, 0.9622493652147713], "M_G1C18_M M_G1C18H1_M": [-0.044688875737667305, 0.00659544232230696, 0.0007827349975789372, -0.0419, 0.02, 0.9746049625621933], "M_G1C18_M M_G1C18H2_M": [-0.043689896371743746, 0.0063499331800747905, 0.0007535984228869328, -0.0419, 0.02, 0.9758304382714647], "M_G1C19_M M_G1C19H1_M": [-0.013698435062873906, 0.0031783647833617426, 0.0003772025027942996, -0.0093, 0.02, 0.9873849361138715], "M_G1C19_M M_G1C19H2_M": [-0.013286018592547312, 0.003881254686074972, 0.00046062018722127187, -0.0093, 0.02, 0.9847348021765006], "M_G1C19_M M_G1C19H3_M": [-0.013546532669155053, 0.003628059798604563, 0.00043057148238143805, -0.0093, 0.02, 0.9856501925008495], "M_G2_M M_G2H1_M": [-0.10147396481373387, 0.03534411605808821, 0.0041945748662813925, -0.1862, 0.02, 0.007856884783831812], "M_G2C3_M M_G2C3H1_M": [-0.07373562310368016, 0.03462380719951894, 0.004109089932122937, -0.0745, 0.02, 0.8708226117798566], "M_G2C3_M M_G2C3H2_M": [-0.09569913744870535, 0.025762836321661063, 0.003057486160959775, -0.0745, 0.02, 0.35744862491195506], "M_G2C4_M M_G2C4H1_M": [-0.12137302109127616, 0.0211577324774866, 0.002510960883325349, -0.1676, 0.02, 0.018319490208548457], "M_G2C4_M M_G2C4H2_M": [-0.13041097752359354, 0.02084055734110584, 0.002473319119896167, -0.1676, 0.02, 0.03173147391600759], "M_G2C5_M M_G2C5H1_M": [-0.144463161987311, 0.021523331875133046, 0.0025543495492627013, -0.1722, 0.02, 0.08448855056733853], "M_G2C5_M M_G2C5H2_M": [-0.14676752266599014, 0.022053918301649995, 0.002617318573170395, -0.1722, 0.02, 0.1245957813732001], "M_G2C6_M M_G2C6H1_M": [-0.13218596449468623, 0.019766439022228816, 0.0023458447279388404, -0.1629, 0.02, 0.0538980691584091], "M_G2C6_M M_G2C6H2_M": [-0.13264047032499718, 0.01872560706453219, 0.0022223207002732047, -0.1629, 0.02, 0.053834721928850277], "M_G2C7_M M_G2C7H1_M": [-0.13397434491809282, 0.014862471920991986, 0.0017638509071254453, -0.1629, 0.02, 0.05063228351198479], "M_G2C7_M M_G2C7H2_M": [-0.13291098513109378, 0.01674216078452279, 0.001986928933760406, -0.1629, 0.02, 0.04985439813703206], "M_G2C8_M M_G2C8H1_M": [-0.12774441883270185, 0.014668507144648006, 0.0017408315232353745, -0.1536, 0.02, 0.07990457450922472], "M_G2C8_M M_G2C8H2_M": [-0.12789295068874212, 0.015374778292607074, 0.0018246504876463085, -0.1536, 0.02, 0.08579992267302282], "M_G2C9_M M_G2C9H1_M": [-0.12040204843643536, 0.014210284911784802, 0.0016864505491015062, -0.1164, 0.02, 0.9442396699864312], "M_G2C9_M M_G2C9H2_M": [-0.12036221177161319, 0.014080332075830046, 0.0016710279848873683, -0.1164, 0.02, 0.9447917575721736], "M_G2C10_M M_G2C10H1_M": [-0.12875557795461845, 0.014479056994968216, 0.0017183479269571689, -0.1071, 0.02, 0.24279802611047407], "M_G2C11_M M_G2C11H1_M": [-0.11281156935592465, 0.01494760030538642, 0.0017739537876445442, -0.0279, 0.02, 0.0033150538184228973], "M_G2C12_M M_G2C12H1_M": [-0.08202374472868268, 0.012349023294112655, 0.0014655594342061536, -0.0465, 0.02, 0.02156216926586718], "M_G2C12_M M_G2C12H2_M": [-0.08157061887433809, 0.012712590848476497, 0.001508706964709494, -0.0465, 0.02, 0.02304172666374782], "M_G2C13_M M_G2C13H1_M": [-0.06652261262715378, 0.011829934159799618, 0.00140395488784911, -0.0838, 0.02, 0.8364698316655204], "M_G2C13_M M_G2C13H2_M": [-0.06705013704082688, 0.011185224614964092, 0.0013274419415817789, -0.0838, 0.02, 0.8650828605291436], "M_G2C14_M M_G2C14H1_M": [-0.06336036352977878, 0.011063533265226246, 0.001312999835398806, -0.0791, 0.02, 0.8931514636691174], "M_G2C14_M M_G2C14H2_M": [-0.0626411045544117, 0.009831269185383925, 0.0011667569945980067, -0.0791, 0.02, 0.8885029707482026], "M_G2C15_M M_G2C15H1_M": [-0.05304622092432369, 0.00910543069770503, 0.001080615814199159, -0.0698, 0.02, 0.8883561990464773], "M_G2C15_M M_G2C15H2_M": [-0.051879796097975196, 0.008430987050342653, 0.0010005740791816558, -0.0698, 0.02, 0.848870408118614], "M_G2C16_M M_G2C16H1_M": [-0.05577233692430066, 0.00834405609577248, 0.0009902572729403392, -0.0698, 0.02, 0.9384370280696948], "M_G2C16_M M_G2C16H2_M": [-0.05662162272254149, 0.007806085861821851, 0.000926411952309653, -0.0698, 0.02, 0.948149116586279],