{"M_G1_M M_G1H1_M": [[-0.17226888623927472, 0.015930631816824692, 0.002007070953116724]], "M_G1_M M_G1H2_M": [[-0.03468286472387151, 0.01324350131943431, 0.0016685243323323314]], "M_G1C3_M M_G1C3H1_M": [[-0.2385801222670575, 0.011775464067417214, 0.0014835690235601461]], "M_G1C3_M M_G1C3H2_M": [[-0.21286847102805884, 0.010342329494602837, 0.0013030110390384495]], "M_G1C4_M M_G1C4H1_M": [[-0.1746532467520777, 0.011859957158164904, 0.0014942141523992699]], "M_G1C4_M M_G1C4H2_M": [[-0.16541514499253884, 0.010219711027156924, 0.0012875625642286516]], "M_G1C5_M M_G1C5H1_M": [[-0.1981673977103264, 0.011261036339434474, 0.0014187572218573694]], "M_G1C5_M M_G1C5H2_M": [[-0.19522537910274576, 0.010398962091734406, 0.0013101460756151087]], "M_G1C6_M M_G1C6H1_M": [[-0.19248174386634873, 0.0122873707016321, 0.0015480631973037984]], "M_G1C6_M M_G1C6H2_M": [[-0.19095625375317127, 0.012179443643737657, 0.0015344656661169618]], "M_G1C7_M M_G1C7H1_M": [[-0.1996922270588879, 0.012142190979684385, 0.0015297722716046001]], "M_G1C7_M M_G1C7H2_M": [[-0.19805783563849835, 0.01137927536595027, 0.0014336539389727583]], "M_G1C8_M M_G1C8H1_M": [[-0.1833090377658893, 0.011321914975841658, 0.0014264272090997565]], "M_G1C8_M M_G1C8H2_M": [[-0.18241664203620261, 0.011785011398472002, 0.001484771874210402]], "M_G1C9_M M_G1C9H1_M": [[-0.17861956837578813, 0.009245802962555994, 0.001164861681429876]], "M_G1C9_M M_G1C9H2_M": [[-0.17779122352132273, 0.012226272573376686, 0.0015403655566878292]], "M_G1C10_M M_G1C10H1_M": [[-0.15717876255134872, 0.011745485197746333, 0.0014797920410012906]], "M_G1C10_M M_G1C10H2_M": [[-0.16082997007541572, 0.011343490201106837, 0.0014291454319822262]], "M_G1C11_M M_G1C11H1_M": [[-0.1487105723094151, 0.012251676977529893, 0.0015435662107637894]], "M_G1C11_M M_G1C11H2_M": [[-0.1520555913842163, 0.011591270869446148, 0.0014603628618924734]], "M_G1C12_M M_G1C12H1_M": [[-0.12880377811167393, 0.013112254501847333, 0.0016519887875845315]], "M_G1C12_M M_G1C12H2_M": [[-0.129026464737971, 0.012219364946197468, 0.00153949527746565]], "M_G1C13_M M_G1C13H1_M": [[-0.11378338408392638, 0.012150613895882395, 0.0015308334592985943]], "M_G1C13_M M_G1C13H2_M": [[-0.1113693404756066, 0.013983482919064028, 0.0017617532507791884]], "M_G1C14_M M_G1C14H1_M": [[-0.08381087298379115, 0.012811507238061936, 0.0016140981938959932]], "M_G1C14_M M_G1C14H2_M": [[-0.0813935040328492, 0.013688648559014806, 0.0017246076129388496]], "M_G1C15_M M_G1C15H1_M": [[-0.027439570020526702, 0.01249425466499013, 0.0015741281266986912]], "M_G1C15_M M_G1C15H2_M": [[-0.025857769072151253, 0.011754894466203314, 0.0014809774973992057]], "M_G1C15_M M_G1C15H3_M": [[-0.028543755295584228, 0.013690609617711754, 0.0017248546831111604]], "M_G2_M M_G2H1_M": [[-0.194143261153511, 0.012723887979919243, 0.0016030592049862057]], "M_G2C3_M M_G2C3H1_M": [[-0.09052703007543818, 0.01147952895638858, 0.001446284704131858]], "M_G2C3_M M_G2C3H2_M": [[-0.11572079631885071, 0.01031807214946047, 0.0012999549008140036]], "M_G2C4_M M_G2C4H1_M": [[-0.20605184906033225, 0.009951929206262021, 0.0012538252259566539]], "M_G2C4_M M_G2C4H2_M": [[-0.20748657739677603, 0.009532729593125492, 0.0012010110390017138]], "M_G2C5_M M_G2C5H1_M": [[-0.20765246274743865, 0.012289189454688, 0.0015482923386505674]], "M_G2C5_M M_G2C5H2_M": [[-0.2087918983198988, 0.010093780399294478, 0.001271696796430068]], "M_G2C6_M M_G2C6H1_M": [[-0.21574082369249925, 0.010089242766061325, 0.0012711251083788423]], "M_G2C6_M M_G2C6H2_M": [[-0.2154046424620801, 0.01071400229797781, 0.0013498374107916106]], "M_G2C7_M M_G2C7H1_M": [[-0.20854932560955447, 0.009362565518905552, 0.0011795723807891663]], "M_G2C7_M M_G2C7H2_M": [[-0.20843571416860251, 0.01179311935484593, 0.00148579338069642]], "M_G2C8_M M_G2C8H1_M": [[-0.20530114110616737, 0.012603092150977687, 0.0015878403610436697]], "M_G2C8_M M_G2C8H2_M": [[-0.2038486734924923, 0.00908656410324722, 0.0011447994709161322]], "M_G2C9_M M_G2C9H1_M": [[-0.19124585290314555, 0.011324817437213218, 0.001426792884860667]], "M_G2C9_M M_G2C9H2_M": [[-0.19099312535271415, 0.010426976926899258, 0.0013136756130849498]], "M_G2C10_M M_G2C10H1_M": [[-0.18115835909901623, 0.01121357043988211, 0.00141277708062063]], "M_G2C10_M M_G2C10H2_M": [[-0.18191989385513493, 0.013020880096332834, 0.0016404766945755918]], "M_G2C11_M M_G2C11H1_M": [[-0.16464239435788908, 0.01224663063662995, 0.0015429304315708319]], "M_G2C11_M M_G2C11H2_M": [[-0.16397968292855508, 0.011744773019052098, 0.0014797023149196722]], "M_G2C12_M M_G2C12H1_M": [[-0.1493441566344161, 0.011530250426347517, 0.0014526750086862855]], "M_G2C12_M M_G2C12H2_M": [[-0.14920612681144524, 0.011213086205350204, 0.0014127160728040751]], "M_G2C13_M M_G2C13H1_M": [[-0.12494415301970402, 0.01230881837602921, 0.0015507653502873908]], "M_G2C13_M M_G2C13H2_M": [[-0.12551794758881818, 0.012242554621351393, 0.0015424169019152528]], "M_G2C14_M M_G2C14H1_M": [[-0.1012625306337013, 0.009728302163511445, 0.001225650866835376]], "M_G2C14_M M_G2C14H2_M": [[-0.09955138684057876, 0.01076653755594873, 0.0013564562311560715]], "M_G2C15_M M_G2C15H1_M": [[-0.028852136583167043, 0.014863724442190888, 0.0018726532585823495]], "M_G2C15_M M_G2C15H2_M": [[-0.023040764580630507, 0.013267864874229915, 0.0016715938517153155]], "M_G2C15_M M_G2C15H3_M": [[-0.023405293328918712, 0.012329948416559256, 0.0015534274851652582]], "M_G3_M M_G3H1_M": [[-0.23459661329256792, 0.010544840164265521, 0.0013285249852177169]], "M_G3_M M_G3H2_M": [[-0.2496857693747202, 0.010079001571819098, 0.001269834839183926]], "M_G3C4_M M_G3C4H1_M": [[0.041464639462629314, 0.0155567497313993, 0.0019599662379882576]], "M_G3C4_M M_G3C4H2_M": [[0.033045068677487015, 0.013675495961254492, 0.0017229505413784564]], "M_G3C5_M M_G3C5H1_M": [[-0.06318167384945095, 0.01467002273321548, 0.001848249137131057]], "M_G3C5_M M_G3C5H2_M": [[-0.06486597753413537, 0.015029964372511417, 0.0018935975211345794]], "M_G3N6C1_M M_G3N6C1H1_M": [[0.010202298375819333, 0.017253736962686866, 0.002173766532847255]], "M_G3N6C1_M M_G3N6C1H2_M": [[0.01013768493123581, 0.013637380157998697, 0.0017181484015481563]], "M_G3N6C1_M M_G3N6C1H3_M": [[0.010396794502330933, 0.014496418541069245, 0.0018263770647988092]], "M_G3N6C2_M M_G3N6C2H1_M": [[0.00810624696357292, 0.013014841841292639, 0.0016397159459475375]], "M_G3N6C2_M M_G3N6C2H2_M": [[0.01041099429625008, 0.015531293619202784, 0.0019567590693111846]], "M_G3N6C2_M M_G3N6C2H3_M": [[0.008317602104083745, 0.014146648400428495, 0.0017823101691715945]], "M_G3N6C3_M M_G3N6C3H1_M": [[0.007303936412901924, 0.01388231397584394, 0.001749007162009495]], "M_G3N6C3_M M_G3N6C3H2_M": [[0.009863481014417972, 0.013907585198793428, 0.001752191036830962]], "M_G3N6C3_M M_G3N6C3H3_M": [[0.010341603840698838, 0.014815593772149754, 0.0018665893641364568]]}