{"POPC": 1.943675568144789, "POPS": 1.7298946188989504}