{"sn-1": 0.5996732462086247, "sn-2": 0.5413438807961826, "headgroup": 0.2843558067740622, "total": 0.4751243112596231}