{"10.1021/jacs.1c05549": {"M_G1_M M_G1H1_M": [-0.14275924033502158, 0.1783119729865054, 0.021161737897674244, -0.13, 0.02, 0.4223748967930031], "M_G1_M M_G1H2_M": [0.07991683561721048, 0.13716282405167177, 0.016278232377059478, 0.0, 0.02, 0.03303371953874878], "M_G2_M M_G2H1_M": [-0.19089324659122464, 0.1648228120853528, 0.019560869023482887, -0.19, 0.02, 0.506741830582149], "M_G3_M M_G3H1_M": [-0.16095695656721987, 0.09373506288560636, 0.011124305336228503, -0.21, 0.02, 0.06558523149120263], "M_G3_M M_G3H2_M": [-0.19673498392524535, 0.10261515480045677, 0.012178178356990503, -0.21, 0.02, 0.5490931120223195], "M_G3C4_M M_G3C4H1_M": [0.09097999801174217, 0.06366304599512342, 0.007555413529176411, 0.08, 0.02, 0.7019095599429744], "M_G3C4_M M_G3C4H2_M": [0.055419999926994395, 0.06420254136668772, 0.0076194398503417115, 0.08, 0.02, 0.27383956399736886], "M_G3C5_M M_G3C5H1_M": [0.13106290724925548, 0.04077048903334007, 0.004838566858036164, -0.03, 0.02, 0.002409785273259763], "M_G3C5_M M_G3C5H2_M": [0.09552717848001738, 0.04290796818694048, 0.005092238963462633, -0.03, 0.02, 0.004214561325534046]}, "unpublished/ferreiraPOPE": {"M_G1C3_M M_G1C3H1_M": [-0.17826496538142889, 0.08429018366853204, 0.010003404394360491, -0.2223, 0.02, 0.07621263242824117], "M_G1C3_M M_G1C3H2_M": [-0.12498709036278782, 0.17062140768139863, 0.02024903571314997, -0.2223, 0.02, 0.027130677517718846], "M_G1C4_M M_G1C4H1_M": [-0.18478036251887467, 0.04311003403033244, 0.005116219767131138, -0.2179, 0.02, 0.08779247113319344], "M_G1C4_M M_G1C4H2_M": [-0.206131174228644, 0.03794987586371465, 0.004503821660579016, -0.2179, 0.02, 0.7958057416414673], "M_G1C5_M M_G1C5H1_M": [-0.21720963151702588, 0.037711525644300525, 0.0044755346937162994, -0.249, 0.02, 0.08804089425526382], "M_G1C5_M M_G1C5H2_M": [-0.22994213029047117, 0.03438082421044375, 0.004080253156654181, -0.249, 0.02, 0.5390991676121513], "M_G1C6_M M_G1C6H1_M": [-0.22710435438358229, 0.035720662408583355, 0.00423926269650414, -0.2579, 0.02, 0.09260213653038143], "M_G1C6_M M_G1C6H2_M": [-0.23150627236748866, 0.0352084445672975, 0.004178473622600369, -0.2579, 0.02, 0.15566229688506245], "M_G1C7_M M_G1C7H1_M": [-0.23063831763366943, 0.0349571767712669, 0.004148653621437978, -0.2579, 0.02, 0.13735032690468543], "M_G1C7_M M_G1C7H2_M": [-0.2347707372114852, 0.03200402314877975, 0.00379817876613833, -0.2579, 0.02, 0.25268127834294374], "M_G1C8_M M_G1C8H1_M": [-0.22833510838007445, 0.03199292604085624, 0.0037968617817240678, -0.249, 0.02, 0.4151838084772841], "M_G1C8_M M_G1C8H2_M": [-0.22919997348903592, 0.0315098565937895, 0.0037395319857828025, -0.249, 0.02, 0.48718537259735295], "M_G1C9_M M_G1C9H1_M": [-0.22582568994631658, 0.031361459514958084, 0.0037219204926541355, -0.2446, 0.02, 0.5708032403478183], "M_G1C9_M M_G1C9H2_M": [-0.22670238092888845, 0.028457974561362898, 0.003377340223877275, -0.2446, 0.02, 0.6489416574921347], "M_G1C10_M M_G1C10H1_M": [-0.2155540465188717, 0.02664174623028479, 0.003161793576835722, -0.2357, 0.02, 0.46029908739812214], "M_G1C10_M M_G1C10H2_M": [-0.21598729928910107, 0.026812872452291716, 0.003182102522987105, -0.2357, 0.02, 0.5032100315185489], "M_G1C11_M M_G1C11H1_M": [-0.20795949960092916, 0.024327437809789444, 0.002887135698350976, -0.2268, 0.02, 0.5979426736776106], "M_G1C11_M M_G1C11H2_M": [-0.2067352179457307, 0.02396561944748863, 0.0028441957587533413, -0.2268, 0.02, 0.47019218160186976], "M_G1C12_M M_G1C12H1_M": [-0.19011743338898818, 0.021568251366352646, 0.0025596805120901836, -0.2001, 0.02, 0.8932594305613681], "M_G1C12_M M_G1C12H2_M": [-0.18914121029927491, 0.020287791824841393, 0.0024077179222976967, -0.2001, 0.02, 0.8924494504410061], "M_G1C13_M M_G1C13H1_M": [-0.17441269530484918, 0.018926084101031627, 0.0022461129472538637, -0.1779, 0.02, 0.9266185338084385], "M_G1C13_M M_G1C13H2_M": [-0.17445025525463803, 0.01801069139617708, 0.00213747582003728, -0.1779, 0.02, 0.9301819708931256], "M_G1C14_M M_G1C14H1_M": [-0.15129551006678219, 0.01576463058615598, 0.001870917442785173, -0.1512, 0.02, 0.9406183202238724], "M_G1C14_M M_G1C14H2_M": [-0.1527531093047447, 0.014970971331369933, 0.0017767274181415848, -0.1512, 0.02, 0.9432553682459406], "M_G1C15_M M_G1C15H1_M": [-0.12999303277786708, 0.013467333796057326, 0.0015982784733935033, -0.1245, 0.02, 0.9451413971023933], "M_G1C15_M M_G1C15H2_M": [-0.12976247309385558, 0.015295902177114724, 0.0018152896149327183, -0.1245, 0.02, 0.9381551951760683], "M_G1C16_M M_G1C16H1_M": [-0.10151372490057835, 0.010835792592997613, 0.001285971990136238, -0.0889, 0.02, 0.9325867157972032], "M_G1C16_M M_G1C16H2_M": [-0.10162138718621397, 0.011014799706824448, 0.0013072162260738289, -0.0889, 0.02, 0.9307258625354481], "M_G1C17_M M_G1C17H1_M": [-0.03219922223739631, 0.006316285467544505, 0.0007496051740798206, -0.0222, 0.02, 0.9682336037452322], "M_G1C17_M M_G1C17H2_M": [-0.03217728085099983, 0.005822287180148277, 0.0006909783634137187, -0.0222, 0.02, 0.97075423450964], "M_G1C17_M M_G1C17H3_M": [-0.032197577548786334, 0.005615037948892108, 0.0006663824047807589, -0.0222, 0.02, 0.9717548730657787], "M_G2C3_M M_G2C3H1_M": [-0.15232498779360817, 0.12461066455762003, 0.014788565111233032, -0.129, 0.02, 0.3248987234023113], "M_G2C3_M M_G2C3H2_M": [-0.18859363096885087, 0.06332571711419868, 0.007515379956310358, -0.0889, 0.02, 0.009969202720306325], "M_G2C4_M M_G2C4H1_M": [-0.2521480983245335, 0.03533335288493991, 0.004193297512633756, -0.2179, 0.02, 0.06655206043308703], "M_G2C4_M M_G2C4H2_M": [-0.23634853768489034, 0.03828533281013625, 0.004543633075691703, -0.2179, 0.02, 0.5672959522093224], "M_G2C5_M M_G2C5H1_M": [-0.25925647295857523, 0.03041247616553266, 0.003609296889351189, -0.2135, 0.02, 0.026862562789911282], "M_G2C5_M M_G2C5H2_M": [-0.24961127287808338, 0.02990647458891719, 0.0035492455503367483, -0.2135, 0.02, 0.04891241362342846], "M_G2C6_M M_G2C6H1_M": [-0.25877488588488734, 0.030109663752291068, 0.003573359667560335, -0.2179, 0.02, 0.0353017930765358], "M_G2C6_M M_G2C6H2_M": [-0.2498170128259098, 0.029306014062577424, 0.0034779839964238016, -0.2179, 0.02, 0.06909618956036234], "M_G2C7_M M_G2C7H1_M": [-0.2246241943596835, 0.028931297783893858, 0.0034335133557669706, -0.2223, 0.02, 0.8903528980416839], "M_G2C7_M M_G2C7H2_M": [-0.2190907458363522, 0.029882878479971828, 0.003546445207406638, -0.2223, 0.02, 0.8854768469794025], "M_G2C8_M M_G2C8H1_M": [-0.19694404446638789, 0.024451419765959468, 0.002901849649503934, -0.1912, 0.02, 0.9003513338228905], "M_G2C8_M M_G2C8H2_M": [-0.19387150444592674, 0.02519801830290851, 0.0029904545944724826, -0.1912, 0.02, 0.9038583989593022], "M_G2C9_M M_G2C9H1_M": [-0.12355207885939398, 0.02260911544721781, 0.0026832083520745417, -0.1467, 0.02, 0.20491669754307199], "M_G2C9_M M_G2C9H2_M": [-0.12205892686378045, 0.02425683619712517, 0.002878756828456089, -0.1467, 0.02, 0.15622622034447162], "M_G2C10_M M_G2C10H1_M": [-0.12253021685717652, 0.022774102775658008, 0.0027027887455972647, -0.1245, 0.02, 0.9136733072592811], "M_G2C11_M M_G2C11H1_M": [-0.05299216261374359, 0.025954582062357866, 0.003080242193769351, -0.04, 0.02, 0.838547979455088], "M_G2C12_M M_G2C12H1_M": [-0.05229037988012654, 0.020986033616412703, 0.0024905839774198215, -0.0934, 0.02, 0.0244165911456248], "M_G2C12_M M_G2C12H2_M": [-0.05357245142602049, 0.02157886450911166, 0.0025609400604064024, -0.0934, 0.02, 0.02726970813341364], "M_G2C13_M M_G2C13H1_M": [-0.11404023381831602, 0.018512665865822498, 0.002197049229382957], "M_G2C13_M M_G2C13H2_M": [-0.11498822694056551, 0.01947842718829721, 0.0023116640117535597], "M_G2C14_M M_G2C14H1_M": [-0.13045677150936472, 0.018011263617479765, 0.0021375437302119256, -0.1512, 0.02, 0.37680071437963975], "M_G2C14_M M_G2C14H2_M": [-0.13086837310241972, 0.016671918336718737, 0.001978592688892357, -0.1512, 0.02, 0.43153705065495296], "M_G2C15_M M_G2C15H1_M": [-0.1368897667534981, 0.017592913663308705, 0.00208789472498028, -0.1512, 0.02, 0.8687040537363357],