{"POPC": 0.03303722267420891, "CER": 0.03063045920229903}