{"M_G1_M M_G1H1_M": [[-0.16687617323777626, 0.01997006837580679, 0.0006243695791695602]], "M_G1_M M_G1H2_M": [[-0.04678555991019122, 0.018311988184828484, 0.0005725292543600222]], "M_G1C3_M M_G1C3H1_M": [[-0.19146136813186115, 0.015803434712437964, 0.0004940986528014268]], "M_G1C3_M M_G1C3H2_M": [[-0.22425266133364996, 0.014566021546402774, 0.00045541059609590983]], "M_G1C4_M M_G1C4H1_M": [[-0.16233343126186162, 0.013960409361039363, 0.0004364759676209568]], "M_G1C4_M M_G1C4H2_M": [[-0.15065188422508705, 0.014204696914009, 0.00044411368391584913]], "M_G1C5_M M_G1C5H1_M": [[-0.1817087770136895, 0.013649658145993305, 0.000426760246987782]], "M_G1C5_M M_G1C5H2_M": [[-0.17954080063755248, 0.01313230369324153, 0.00041058502035022805]], "M_G1C6_M M_G1C6H1_M": [[-0.1801859683829737, 0.013810391452983252, 0.00043178561722464234]], "M_G1C6_M M_G1C6H2_M": [[-0.1779104158478345, 0.013706555440202562, 0.0004285391562520266]], "M_G1C7_M M_G1C7H1_M": [[-0.17609553227938599, 0.013471221293216614, 0.00042118137061240146]], "M_G1C7_M M_G1C7H2_M": [[-0.1775868768547349, 0.013842801071769014, 0.0004327989127057348]], "M_G1C8_M M_G1C8H1_M": [[-0.15723844170307588, 0.013971546095311605, 0.0004368241606246075]], "M_G1C8_M M_G1C8H2_M": [[-0.1584049690825565, 0.013652660779302756, 0.00042685412512883503]], "M_G1C9_M M_G1C9H1_M": [[-0.11713219405466983, 0.013913756462391545, 0.00043501735214966137]], "M_G1C9_M M_G1C9H2_M": [[-0.11711285959399818, 0.013978898313902479, 0.0004370540297237593]], "M_G1C10_M M_G1C10H1_M": [[-0.0862093189756461, 0.014777226598058992, 0.0004620139790558217]], "M_G1C11_M M_G1C11H1_M": [[-0.07771855477506431, 0.013232534915796648, 0.0004137187765832415]], "M_G1C12_M M_G1C12H1_M": [[-0.06356906142149052, 0.014612163970900302, 0.0004568532514550816]], "M_G1C12_M M_G1C12H2_M": [[-0.06433422297940566, 0.01439676627462614, 0.0004501187843292845]], "M_G1C13_M M_G1C13H1_M": [[-0.0983853162162895, 0.013445049287625473, 0.0004203630957918324]], "M_G1C13_M M_G1C13H2_M": [[-0.09896262614624692, 0.01347228599984296, 0.00042121465895251733]], "M_G1C14_M M_G1C14H1_M": [[-0.09774220813823598, 0.01338870015166484, 0.0004186013248432196]], "M_G1C14_M M_G1C14H2_M": [[-0.09743132506274808, 0.013568822443803375, 0.0004242328969352731]], "M_G1C15_M M_G1C15H1_M": [[-0.10094534095272961, 0.013501928639310056, 0.0004221414440781991]], "M_G1C15_M M_G1C15H2_M": [[-0.10121005778526168, 0.013518074067790792, 0.0004226462352584958]], "M_G1C16_M M_G1C16H1_M": [[-0.08731264358623932, 0.013155357458028042, 0.00041130580253019626]], "M_G1C16_M M_G1C16H2_M": [[-0.0862130861327726, 0.014036742457908794, 0.00043886254250253377]], "M_G1C17_M M_G1C17H1_M": [[-0.07957324380265791, 0.013215893739927221, 0.0004131984857269985]], "M_G1C17_M M_G1C17H2_M": [[-0.08001322314091552, 0.013273775019014509, 0.00041500815954410505]], "M_G1C18_M M_G1C18H1_M": [[-0.05918921093207326, 0.013454941344672528, 0.00042067237362600717]], "M_G1C18_M M_G1C18H2_M": [[-0.05902807734938407, 0.013380586132326672, 0.0004183476378380372]], "M_G1C19_M M_G1C19H1_M": [[-0.021864254437647307, 0.013934555825578074, 0.00043566764985497624]], "M_G1C19_M M_G1C19H2_M": [[-0.022302459300294755, 0.013709803803462796, 0.00042864071720633153]], "M_G1C19_M M_G1C19H3_M": [[-0.02108919828276725, 0.014063292683496782, 0.00043969264247341376]], "M_G2_M M_G2H1_M": [[-0.18278920354201064, 0.018313032790445095, 0.0005725619142366419]], "M_G2C3_M M_G2C3H1_M": [[-0.06478665873072213, 0.016855531156586206, 0.000526992732166445]], "M_G2C3_M M_G2C3H2_M": [[-0.09296281393362915, 0.015554071944986645, 0.00048630225855558854]], "M_G2C4_M M_G2C4H1_M": [[-0.18769697595544863, 0.014160540476387587, 0.00044273312097252394]], "M_G2C4_M M_G2C4H2_M": [[-0.1936378174644517, 0.014006015074586759, 0.0004379018425673747]], "M_G2C5_M M_G2C5H1_M": [[-0.18731651634149987, 0.013996752521544135, 0.0004376122463458482]], "M_G2C5_M M_G2C5H2_M": [[-0.18979292662888725, 0.01342276533043066, 0.0004196663818540467]], "M_G2C6_M M_G2C6H1_M": [[-0.1999392464409303, 0.013802221853444872, 0.0004315301924894951]], "M_G2C6_M M_G2C6H2_M": [[-0.19795827045030126, 0.013383767606734067, 0.0004184471074942999]], "M_G2C7_M M_G2C7H1_M": [[-0.17786361323828156, 0.013309809515686662, 0.0004161347878109384]], "M_G2C7_M M_G2C7H2_M": [[-0.17707596940407777, 0.013706340762991195, 0.00042853244431105596]], "M_G2C8_M M_G2C8H1_M": [[-0.16979424626010897, 0.013118490065728508, 0.00041015313355671263]], "M_G2C8_M M_G2C8H2_M": [[-0.16998073075828948, 0.013493975062855114, 0.00042189277336307615]], "M_G2C9_M M_G2C9H1_M": [[-0.09782777756317769, 0.014781153199216909, 0.00046213674530110434]], "M_G2C9_M M_G2C9H2_M": [[-0.09850826304199012, 0.01389595791964293, 0.0004344608759054815]], "M_G2C10_M M_G2C10H1_M": [[-0.060785488893405695, 0.014743017691872718, 0.0004609444283683914]], "M_G2C11_M M_G2C11H1_M": [[-0.049921882119026754, 0.01380036026861118, 0.00043147198953709013]], "M_G2C12_M M_G2C12H1_M": [[-0.07031986162534876, 0.013935610194157034, 0.0004357006149732496]], "M_G2C12_M M_G2C12H2_M": [[-0.07032902561865954, 0.013956599143978631, 0.0004363568401558933]], "M_G2C13_M M_G2C13H1_M": [[-0.10701725418079797, 0.013910993012977971, 0.0004349309521576864]], "M_G2C13_M M_G2C13H2_M": [[-0.10639860287978972, 0.013530005093600599, 0.00042301926200150655]], "M_G2C14_M M_G2C14H1_M": [[-0.10943616518496752, 0.01356554253101956, 0.0004241303495765958]], "M_G2C14_M M_G2C14H2_M": [[-0.1093710342680588, 0.012995253561614767, 0.0004063001109849401]], "M_G2C15_M M_G2C15H1_M": [[-0.11175501395028933, 0.013116134504454117, 0.00041007948629752844]], "M_G2C15_M M_G2C15H2_M": [[-0.1120178417164239, 0.013169956493434786, 0.00041176224531354864]], "M_G2C16_M M_G2C16H1_M": [[-0.09854690562394514, 0.013386181893773767, 0.0004185225908303909]], "M_G2C16_M M_G2C16H2_M": [[-0.09946188603399199, 0.013726883716728764, 0.00042917472530572514]], "M_G2C17_M M_G2C17H1_M": [[-0.0892429526478518, 0.013023963948521396, 0.0004071977489826349]], "M_G2C17_M M_G2C17H2_M": [[-0.08948414396641008, 0.013245288416663956, 0.000414117518230972]], "M_G2C18_M M_G2C18H1_M": [[-0.0679554888542297, 0.013482800177911184, 0.00042154338756837537]], "M_G2C18_M M_G2C18H2_M": [[-0.06882220162391356, 0.013612487828456326, 0.0004255981069749677]], "M_G2C19_M M_G2C19H1_M": [[-0.023311098961895763, 0.014070221724444231, 0.0004399092808092969]], "M_G2C19_M M_G2C19H2_M": [[-0.022787669303930013, 0.01330710433640608, 0.0004160502096504029]], "M_G2C19_M M_G2C19H3_M": [[-0.023100001264381005, 0.0140015861523899, 0.00043776337111919584]], "M_G3_M M_G3H1_M": [[-0.22024154730379644, 0.01645080408017367, 0.0005143388308566047]], "M_G3_M M_G3H2_M": [[-0.2442874613646362, 0.013125624610488874, 0.00041037619702478733]], "M_G3C4_M M_G3C4H1_M": [[0.0358919920922192, 0.016451825171543866, 0.0005143707555539621]], "M_G3C4_M M_G3C4H2_M": [[0.03436224256428835, 0.015750382311474874, 0.000492439955162545]], "M_G3C5_M M_G3C5H1_M": [[-0.07329686946061878, 0.01411769421061864, 0.00044139352090587854]], "M_G3C5_M M_G3C5H2_M": [[-0.07587036263934123, 0.013905212879858913, 0.00043475023473523323]], "M_G3N6C1_M M_G3N6C1H1_M": [[0.011328295627424953, 0.014675770845902863, 0.0004588419375742414]], "M_G3N6C1_M M_G3N6C1H2_M": [[0.010862500332152844, 0.014443394942721153, 0.0004515766422258048]], "M_G3N6C1_M M_G3N6C1H3_M": [[0.011978422639411429, 0.014040517285248237, 0.00043898056349840685]], "M_G3N6C2_M M_G3N6C2H1_M": [[0.010103832001653875, 0.014292301218177138, 0.00044685265613655353]], "M_G3N6C2_M M_G3N6C2H2_M": [[0.012059314923737628, 0.013976178151438251, 0.000436968983109942]], "M_G3N6C2_M M_G3N6C2H3_M": [[0.010588424034336132, 0.013677982597271068, 0.0004276458186038477]], "M_G3N6C3_M M_G3N6C3H1_M": [[0.011550455981066559, 0.01447951729545633, 0.0004527060173361675]], "M_G3N6C3_M M_G3N6C3H2_M": [[0.011299401414686688, 0.01380624756876788, 0.0004316560575659076]], "M_G3N6C3_M M_G3N6C3H3_M": [[0.010892986950109181, 0.014388150363965268, 0.0004498494055564002]]}