{"M_G1_M M_G1H1_M": [[-0.2411845455761694, 0.07869041166422232, 0.00863739480460746]], "M_G1_M M_G1H2_M": [[-0.004600026658231351, 0.08625872572153108, 0.009468125196477528]], "M_G1C3_M M_G1C3H1_M": [[-0.30048754075663675, 0.026610631370414157, 0.0029208962602319494]], "M_G1C3_M M_G1C3H2_M": [[-0.28685583834448664, 0.03598491367522357, 0.003949857420353804]], "M_G1C4_M M_G1C4H1_M": [[-0.28297966530005664, 0.024112157772118874, 0.0026466531546112887]], "M_G1C4_M M_G1C4H2_M": [[-0.2710871536921583, 0.03112742048608822, 0.003416678275043401]], "M_G1C5_M M_G1C5H1_M": [[-0.3251897936845237, 0.025664383245267743, 0.002817032035008621]], "M_G1C5_M M_G1C5H2_M": [[-0.32521544303109995, 0.025204912250016316, 0.002766598541228122]], "M_G1C6_M M_G1C6H1_M": [[-0.33139027249493, 0.026923431483512134, 0.0029552305331708405]], "M_G1C6_M M_G1C6H2_M": [[-0.3302412993489263, 0.02676508427610272, 0.0029378496691281116]], "M_G1C7_M M_G1C7H1_M": [[-0.34910739022105036, 0.02459813478962402, 0.0026999960623097377]], "M_G1C7_M M_G1C7H2_M": [[-0.34834356463126304, 0.0247667052140602, 0.0027184990702041234]], "M_G1C8_M M_G1C8H1_M": [[-0.3464174544544567, 0.02604068209493435, 0.0028583361997772485]], "M_G1C8_M M_G1C8H2_M": [[-0.34666372428305725, 0.024792276416644006, 0.0027213058743327813]], "M_G1C9_M M_G1C9H1_M": [[-0.34757634274902593, 0.022354354286827267, 0.002453709155840957]], "M_G1C9_M M_G1C9H2_M": [[-0.3478548502567829, 0.022548666119928958, 0.0024750376504086044]], "M_G1C10_M M_G1C10H1_M": [[-0.3347100211652946, 0.023083030358314188, 0.0025336917455999136]], "M_G1C10_M M_G1C10H2_M": [[-0.33649286629028363, 0.023516305825382534, 0.002581249906614358]], "M_G1C11_M M_G1C11H1_M": [[-0.32489081164096434, 0.02162381471870633, 0.0023735220207529743]], "M_G1C11_M M_G1C11H2_M": [[-0.3271596448801186, 0.02084870622925516, 0.00228844281099664]], "M_G1C12_M M_G1C12H1_M": [[-0.30249136640123075, 0.0204846523920889, 0.002248482710963678]], "M_G1C12_M M_G1C12H2_M": [[-0.3027807880680878, 0.021409957285395225, 0.0023500481178422863]], "M_G1C13_M M_G1C13H1_M": [[-0.2833535191789639, 0.020223696931152554, 0.002219839127903732]], "M_G1C13_M M_G1C13H2_M": [[-0.28435483480812873, 0.02039837721888489, 0.002239012780421458]], "M_G1C14_M M_G1C14H1_M": [[-0.24772429667923357, 0.0200019753775621, 0.002195502025650111]], "M_G1C14_M M_G1C14H2_M": [[-0.24931739025328645, 0.02165426254174254, 0.002376864103516841]], "M_G1C15_M M_G1C15H1_M": [[-0.21294842000235578, 0.018691787868558032, 0.002051690263276544]], "M_G1C15_M M_G1C15H2_M": [[-0.21403340766088405, 0.01971427006425443, 0.002163922264839793]], "M_G1C16_M M_G1C16H1_M": [[-0.14860603366134933, 0.017982906850028416, 0.0019738804628569025]], "M_G1C16_M M_G1C16H2_M": [[-0.14918372856572473, 0.01661508482200293, 0.0018237424901530875]], "M_G1C17_M M_G1C17H1_M": [[-0.04642395414544584, 0.010367256937210464, 0.0011379542858358902]], "M_G1C17_M M_G1C17H2_M": [[-0.04731146317587802, 0.011631234542179238, 0.0012766938522888289]], "M_G1C17_M M_G1C17H3_M": [[-0.04766577242511464, 0.01139510075148873, 0.001250774801495125]], "M_G2_M M_G2H1_M": [[-0.22102122613945396, 0.07386211503011321, 0.008107420397553761]], "M_G2C3_M M_G2C3H1_M": [[-0.13312389642857042, 0.054928950268511696, 0.006029235578233689]], "M_G2C3_M M_G2C3H2_M": [[-0.14469669420550096, 0.04670731393441181, 0.005126793750116865]], "M_G2C4_M M_G2C4H1_M": [[-0.24808355987937564, 0.037106854658109575, 0.004073006442092392]], "M_G2C4_M M_G2C4H2_M": [[-0.2382961476485758, 0.03756974255450048, 0.0041238149894979245]], "M_G2C5_M M_G2C5H1_M": [[-0.2647860197494588, 0.032066215457471806, 0.0035197244103593625]], "M_G2C5_M M_G2C5H2_M": [[-0.2633763013717373, 0.034227192472195724, 0.0037569224532352638]], "M_G2C6_M M_G2C6H1_M": [[-0.2993762562338251, 0.02842690436210248, 0.003120258121103879]], "M_G2C6_M M_G2C6H2_M": [[-0.2974776956427678, 0.030293857429908498, 0.003325182843027089]], "M_G2C7_M M_G2C7H1_M": [[-0.28250008111729424, 0.03113042950192689, 0.00341700855744023]], "M_G2C7_M M_G2C7H2_M": [[-0.2818912691573116, 0.031834912736750876, 0.0034943356383858276]], "M_G2C8_M M_G2C8H1_M": [[-0.2807065274049315, 0.029566573664558917, 0.0032453530787209767]], "M_G2C8_M M_G2C8H2_M": [[-0.2786594435576116, 0.028562829919142853, 0.003135177889286102]], "M_G2C9_M M_G2C9H1_M": [[-0.19863618681624304, 0.03131372585823047, 0.003437127946348699]], "M_G2C9_M M_G2C9H2_M": [[-0.19407417618143424, 0.028182440175141807, 0.0030934246905281594]], "M_G2C10_M M_G2C10H1_M": [[-0.13957064829453356, 0.027390058339528716, 0.0030064494847128163]], "M_G2C11_M M_G2C11H1_M": [[-0.045211040814472546, 0.027545732022269967, 0.0030235368912987794]], "M_G2C12_M M_G2C12H1_M": [[-0.15735797057413942, 0.02410701930050878, 0.002646089134077529]], "M_G2C12_M M_G2C12H2_M": [[-0.15353590686866436, 0.024877186418197642, 0.0027306259578190393]], "M_G2C13_M M_G2C13H1_M": [[-0.2451301934710955, 0.023605957929071778, 0.002591090503432327]], "M_G2C13_M M_G2C13H2_M": [[-0.2423340311116176, 0.02238569466771907, 0.0024571492095573407]], "M_G2C14_M M_G2C14H1_M": [[-0.2507849780688899, 0.023971680082739817, 0.002631233724991535]], "M_G2C14_M M_G2C14H2_M": [[-0.2515200422983438, 0.021717826709393387, 0.002383841177340897]], "M_G2C15_M M_G2C15H1_M": [[-0.2587380609706163, 0.023312242212744354, 0.0025588510151823055]], "M_G2C15_M M_G2C15H2_M": [[-0.25801694374492934, 0.0214046820616776, 0.002349469086814641]], "M_G2C16_M M_G2C16H1_M": [[-0.2316888567459751, 0.02258006240301026, 0.00247848384018745]], "M_G2C16_M M_G2C16H2_M": [[-0.2327036719807436, 0.02230073250479363, 0.0024478234006167065]], "M_G2C17_M M_G2C17H1_M": [[-0.20824083898538046, 0.021650306605366175, 0.002376429883087923]], "M_G2C17_M M_G2C17H2_M": [[-0.208053928937776, 0.021109245785829973, 0.0023170407426221164]], "M_G2C18_M M_G2C18H1_M": [[-0.147509890652114, 0.018945914015021718, 0.002079584231687162]], "M_G2C18_M M_G2C18H2_M": [[-0.14887904290787374, 0.018095068746804003, 0.0019861918304555147]], "M_G2C19_M M_G2C19H1_M": [[-0.053393271556817334, 0.01102825016318054, 0.0012105077181426937]], "M_G2C19_M M_G2C19H2_M": [[-0.053417733153157246, 0.009595643879908562, 0.0010532587496027645]], "M_G2C19_M M_G2C19H3_M": [[-0.052866629734668394, 0.011642945794174268, 0.001277979329197616]], "M_G3_M M_G3H1_M": [[-0.12495461550094247, 0.09025290386443123, 0.009906543204599959]], "M_G3_M M_G3H2_M": [[-0.22110188004256245, 0.053518462186769665, 0.005874414397716997]], "M_G3C4_M M_G3C4H1_M": [[0.07362329185069735, 0.026540631659227914, 0.0029132127937340994]], "M_G3C4_M M_G3C4H2_M": [[0.0709332731591229, 0.025096001900005976, 0.002754644077254019]], "M_G3C5_M M_G3C5H1_M": [[0.006179230907697013, 0.02094708110818395, 0.002299240856783834]], "M_G3C5_M M_G3C5H2_M": [[0.005744447395889976, 0.01851489561597249, 0.0020322738160735826]], "M_G3N6C1_M M_G3N6C1H1_M": [[0.011987521356449846, 0.01293417172340761, 0.0014197097877994141]], "M_G3N6C1_M M_G3N6C1H2_M": [[0.011415906441532373, 0.009459232451055805, 0.0010382856500606053]], "M_G3N6C1_M M_G3N6C1H3_M": [[0.010289808161217781, 0.011093068135343302, 0.0012176224148911716]], "M_G3N6C2_M M_G3N6C2H1_M": [[0.011055429366014422, 0.009963636602379675, 0.0010936511984663976]], "M_G3N6C2_M M_G3N6C2H2_M": [[0.011299222268186275, 0.01103669015184111, 0.0012114341272523425]], "M_G3N6C2_M M_G3N6C2H3_M": [[0.011307883217186166, 0.010530844834676341, 0.0011559103903445015]], "M_G3N6C3_M M_G3N6C3H1_M": [[0.01134023578983005, 0.009767535442913084, 0.001072126299814427]], "M_G3N6C3_M M_G3N6C3H2_M": [[0.010246511119789968, 0.010659407701758753, 0.0011700219983119553]], "M_G3N6C3_M M_G3N6C3H3_M": [[0.012164152186464288, 0.01006674885718236, 0.0011049692388106827]]}