{"headgroup": 0.27867631449720365, "tails": 0.11919502634006622, "total": 0.1723554557257787}