{"10.5281/zenodo.4748647": {"M_G1_M M_G1H2_M": [-0.026133934421615365, 0.06907966039452872, 0.0030924303081667948, 0.0, 0.02, 1.6260950567948205], "M_G3_M M_G3H1_M": [-0.21277832390011098, 0.05898686979714352, 0.002640614949505784, -0.21, 0.02, 1.5080586869582085e-11], "M_G3C5_M M_G3C5H1_M": [-0.015819139688604253, 0.02456199089414503, 0.001099545722086191, -0.03, 0.02, 2.6226871746869087e-08], "M_G3C4_M M_G3C4H2_M": [0.05558143195948999, 0.03049275974269866, 0.0013650433987286682, 0.08, 0.02, 3.2189004106006647], "M_G2_M M_G2H1_M": [-0.20563755957534374, 0.06893071611505724, 0.003085762646492793, -0.19, 0.02, 0.03560852145544452], "M_G3_M M_G3H2_M": [-0.22134143386504632, 0.043413233830517935, 0.001943443255312512, -0.21, 0.02, 1.819422719385037e-06], "M_G1_M M_G1H1_M": [-0.19217498397132718, 0.0723232964257479, 0.003237635399134476, -0.13, 0.02, 38.36396175344625], "M_G3C4_M M_G3C4H1_M": [0.07807433680206055, 0.03245005027852278, 0.0014526637567371151, 0.08, 0.02, 0.0], "M_G3C5_M M_G3C5H2_M": [-0.004043703849644159, 0.028170723486884906, 0.0012610947797990167, -0.03, 0.02, 5.935057460666427]}}