{
    "10.1021/acs.jpcb.0c03389": {
        "M_G1C2_M M_G1C2H1_M": [-0.132365, 0.106917, 0.00757913, -0.207, 0.02, 0.0184384],
        "M_G1C2_M M_G1C2H2_M": [-0.154062, 0.0637501, 0.00451912, -0.148, 0.02, 0.84555],
        "M_G1C3_M M_G1C3H1_M": [-0.237979, 0.0476316, 0.00337651, -0.258, 0.02, 0.471244],
        "M_G1C3_M M_G1C3H2_M": [-0.186162, 0.0432672, 0.00306713, -0.258, 0.02, 0.00818504],
        "M_G1C4_M M_G1C4H1_M": [-0.251213, 0.0345652, 0.00245026, -0.247, 0.02, 0.918885],
        "M_G1C4_M M_G1C4H2_M": [-0.23174, 0.0335316, 0.00237699, -0.247, 0.02, 0.83062],
        "M_G1C5_M M_G1C5H1_M": [-0.252372, 0.0331827, 0.00235226, -0.242, 0.02, 0.899126],
        "M_G1C5_M M_G1C5H2_M": [-0.245527, 0.0327214, 0.00231956, -0.242, 0.02, 0.92419],
        "M_G1C6_M M_G1C6H1_M": [-0.257681, 0.0326304, 0.00231311, -0.237, 0.02, 0.390814],
        "M_G1C6_M M_G1C6H2_M": [-0.255042, 0.0330468, 0.00234263, -0.237, 0.02, 0.702031],
        "M_G1C7_M M_G1C7H1_M": [-0.260062, 0.0323788, 0.00229527, -0.231, 0.02, 0.0640849],
        "M_G1C7_M M_G1C7H2_M": [-0.25822, 0.0326721, 0.00231606, -0.231, 0.02, 0.0832018],
        "M_G1C8_M M_G1C8H1_M": [-0.255739, 0.0319907, 0.00226776, -0.224, 0.02, 0.0468007],
        "M_G1C8_M M_G1C8H2_M": [-0.254013, 0.0326187, 0.00231228, -0.224, 0.02, 0.0575315],
        "M_G1C9_M M_G1C9H1_M": [-0.251382, 0.0324248, 0.00229854, -0.212, 0.02, 0.025259],
        "M_G1C9_M M_G1C9H2_M": [-0.249264, 0.0331919, 0.00235291, -0.212, 0.02, 0.0300457],
        "M_G1C10_M M_G1C10H1_M": [-0.238816, 0.0327637, 0.00232256, -0.203, 0.02, 0.0331734],
        "M_G1C10_M M_G1C10H2_M": [-0.23788, 0.0332277, 0.00235545, -0.203, 0.02, 0.0363193],
        "M_G1C11_M M_G1C11H1_M": [-0.227855, 0.0333934, 0.0023672, -0.193, 0.02, 0.0365743],
        "M_G1C11_M M_G1C11H2_M": [-0.226349, 0.0337949, 0.00239565, -0.193, 0.02, 0.0422382],
        "M_G1C12_M M_G1C12H1_M": [-0.208475, 0.0324863, 0.00230289, -0.175, 0.02, 0.0401784],
        "M_G1C12_M M_G1C12H2_M": [-0.208686, 0.0329665, 0.00233693, -0.175, 0.02, 0.0399873],
        "M_G1C13_M M_G1C13H1_M": [-0.189603, 0.0318643, 0.0022588, -0.161, 0.02, 0.0669466],
        "M_G1C13_M M_G1C13H2_M": [-0.189074, 0.0317924, 0.0022537, -0.161, 0.02, 0.0717288],
        "M_G1C14_M M_G1C14H1_M": [-0.158595, 0.0280878, 0.00199109, -0.13, 0.02, 0.0594286],
        "M_G1C14_M M_G1C14H2_M": [-0.158369, 0.0280143, 0.00198588, -0.13, 0.02, 0.0611013],
        "M_G1C15_M M_G1C15H1_M": [-0.123773, 0.0235349, 0.00166834, -0.103, 0.02, 0.348934],
        "M_G1C15_M M_G1C15H2_M": [-0.122896, 0.0243199, 0.00172399, -0.103, 0.02, 0.505447],
        "M_G1C16_M M_G1C16H1_M": [-0.0309444, 0.00811959, 0.000575583, -0.02, 0.02, 0.973875],
        "M_G1C16_M M_G1C16H2_M": [-0.0305318, 0.00857336, 0.000607749, -0.02, 0.02, 0.973261],
        "M_G1C16_M M_G1C16H3_M": [-0.0308421, 0.00854395, 0.000605664, -0.02, 0.02, 0.972729]
    }
}