{"DMPC": 0.1888951546376196, "DMTAP": 0.1976835942291901}