{"M_G1_M M_G1H1_M": [[-0.22169641478290253, 0.046547061849610466, 0.00413038383264463]], "M_G1_M M_G1H2_M": [[-0.015209294805122996, 0.04434262461418838, 0.003934771659599525]], "M_G1C3_M M_G1C3H1_M": [[-0.22249930294179826, 0.020360900499885013, 0.0018067377596146772]], "M_G1C3_M M_G1C3H2_M": [[-0.22969138191261662, 0.018203230336480296, 0.0016152754931476666]], "M_G1C4_M M_G1C4H1_M": [[-0.15874432373839104, 0.019644949724537553, 0.001743207401522069]], "M_G1C4_M M_G1C4H2_M": [[-0.1601434938480611, 0.01907687751550217, 0.0016927991442714752]], "M_G1C5_M M_G1C5H1_M": [[-0.19975179417429703, 0.018744044215098392, 0.001663264964705101]], "M_G1C5_M M_G1C5H2_M": [[-0.1969657714280337, 0.018705899944692038, 0.0016598802080409003]], "M_G1C6_M M_G1C6H1_M": [[-0.1946805146390871, 0.01938263691774449, 0.0017199309038609654]], "M_G1C6_M M_G1C6H2_M": [[-0.19327520685868466, 0.01845109111492007, 0.0016372695806654144]], "M_G1C7_M M_G1C7H1_M": [[-0.20702461244773435, 0.018594037090313487, 0.001649953984841433]], "M_G1C7_M M_G1C7H2_M": [[-0.20738560929148098, 0.017473344966994743, 0.0015505086397736075]], "M_G1C8_M M_G1C8H1_M": [[-0.19414872147976747, 0.017507665240603505, 0.0015535540715927753]], "M_G1C8_M M_G1C8H2_M": [[-0.19367554614406185, 0.018004008152201687, 0.0015975973829436946]], "M_G1C9_M M_G1C9H1_M": [[-0.19387167727487045, 0.017540036386402398, 0.0015564265462869658]], "M_G1C9_M M_G1C9H2_M": [[-0.19316632051761923, 0.016846362732777013, 0.0014948729630914715]], "M_G1C10_M M_G1C10H1_M": [[-0.17605977369370301, 0.01693158581392051, 0.0015024352886719894]], "M_G1C10_M M_G1C10H2_M": [[-0.1742585640961164, 0.01679570950721065, 0.0014903782161485482]], "M_G1C11_M M_G1C11H1_M": [[-0.16773664484916462, 0.015580569834232007, 0.0013825520062818112]], "M_G1C11_M M_G1C11H2_M": [[-0.16735329255142423, 0.015553337973949114, 0.001380135569433258]], "M_G1C12_M M_G1C12H1_M": [[-0.14750588451520835, 0.01488741150145316, 0.0013210441504170783]], "M_G1C12_M M_G1C12H2_M": [[-0.14608975712360572, 0.015609526838509288, 0.001385121524905675]], "M_G1C13_M M_G1C13H1_M": [[-0.1349169371215228, 0.012941833128029687, 0.001148401986993425]], "M_G1C13_M M_G1C13H2_M": [[-0.13507566431998516, 0.013040434071343863, 0.0011571514058818652]], "M_G1C14_M M_G1C14H1_M": [[-0.11293194262323511, 0.011675093414800074, 0.001035997013966405]], "M_G1C14_M M_G1C14H2_M": [[-0.11288406424618945, 0.0118910552605345, 0.001055160528926201]], "M_G1C15_M M_G1C15H1_M": [[-0.0969380420054498, 0.009906496099101813, 0.0008790593799043332]], "M_G1C15_M M_G1C15H2_M": [[-0.09720567118525344, 0.010036048092552154, 0.0008905552603739327]], "M_G1C16_M M_G1C16H1_M": [[-0.0685477896060471, 0.007913739923080606, 0.0007022308634571752]], "M_G1C16_M M_G1C16H2_M": [[-0.06820928525484754, 0.008281308322997801, 0.0007348472846893941]], "M_G1C17_M M_G1C17H1_M": [[-0.022145990811926, 0.004640993375669898, 0.0004118215682057748]], "M_G1C17_M M_G1C17H2_M": [[-0.02202666593774751, 0.004591103774204396, 0.0004073945819445159]], "M_G1C17_M M_G1C17H3_M": [[-0.022252163948539943, 0.004764465887161568, 0.0004227779818863837]], "M_G2_M M_G2H1_M": [[-0.21171623896477546, 0.05175418817207217, 0.004592441576403468]], "M_G2C3_M M_G2C3H1_M": [[-0.22249930294179826, 0.020360900499885013, 0.0018067377596146772]], "M_G2C3_M M_G2C3H2_M": [[-0.22969138191261662, 0.018203230336480296, 0.0016152754931476666]], "M_G2C4_M M_G2C4H1_M": [[-0.15874432373839104, 0.019644949724537553, 0.001743207401522069]], "M_G2C4_M M_G2C4H2_M": [[-0.1601434938480611, 0.01907687751550217, 0.0016927991442714752]], "M_G2C5_M M_G2C5H1_M": [[-0.19975179417429703, 0.018744044215098392, 0.001663264964705101]], "M_G2C5_M M_G2C5H2_M": [[-0.1969657714280337, 0.018705899944692038, 0.0016598802080409003]], "M_G2C6_M M_G2C6H1_M": [[-0.1946805146390871, 0.01938263691774449, 0.0017199309038609654]], "M_G2C6_M M_G2C6H2_M": [[-0.19327520685868466, 0.01845109111492007, 0.0016372695806654144]], "M_G2C7_M M_G2C7H1_M": [[-0.20702461244773435, 0.018594037090313487, 0.001649953984841433]], "M_G2C7_M M_G2C7H2_M": [[-0.20738560929148098, 0.017473344966994743, 0.0015505086397736075]], "M_G2C8_M M_G2C8H1_M": [[-0.19414872147976747, 0.017507665240603505, 0.0015535540715927753]], "M_G2C8_M M_G2C8H2_M": [[-0.19367554614406185, 0.018004008152201687, 0.0015975973829436946]], "M_G2C9_M M_G2C9H1_M": [[-0.19387167727487045, 0.017540036386402398, 0.0015564265462869658]], "M_G2C9_M M_G2C9H2_M": [[-0.19316632051761923, 0.016846362732777013, 0.0014948729630914715]], "M_G2C10_M M_G2C10H1_M": [[-0.17605977369370301, 0.01693158581392051, 0.0015024352886719894]], "M_G2C11_M M_G2C11H1_M": [[-0.16773664484916462, 0.015580569834232007, 0.0013825520062818112]], "M_G2C12_M M_G2C12H1_M": [[-0.14750588451520835, 0.01488741150145316, 0.0013210441504170783]], "M_G2C12_M M_G2C12H2_M": [[-0.14608975712360572, 0.015609526838509288, 0.001385121524905675]], "M_G2C13_M M_G2C13H1_M": [[-0.1349169371215228, 0.012941833128029687, 0.001148401986993425]], "M_G2C13_M M_G2C13H2_M": [[-0.13507566431998516, 0.013040434071343863, 0.0011571514058818652]], "M_G2C14_M M_G2C14H1_M": [[-0.11293194262323511, 0.011675093414800074, 0.001035997013966405]], "M_G2C14_M M_G2C14H2_M": [[-0.11288406424618945, 0.0118910552605345, 0.001055160528926201]], "M_G2C15_M M_G2C15H1_M": [[-0.0969380420054498, 0.009906496099101813, 0.0008790593799043332]], "M_G2C15_M M_G2C15H2_M": [[-0.09720567118525344, 0.010036048092552154, 0.0008905552603739327]], "M_G2C16_M M_G2C16H1_M": [[-0.0685477896060471, 0.007913739923080606, 0.0007022308634571752]], "M_G2C16_M M_G2C16H2_M": [[-0.06820928525484754, 0.008281308322997801, 0.0007348472846893941]], "M_G2C17_M M_G2C17H1_M": [[-0.022145990811926, 0.004640993375669898, 0.0004118215682057748]], "M_G2C17_M M_G2C17H2_M": [[-0.02202666593774751, 0.004591103774204396, 0.0004073945819445159]], "M_G2C18_M M_G2C18H1_M": [[-0.06556055764448843, 0.007728017330637166, 0.000685750648322143]], "M_G2C18_M M_G2C18H2_M": [[-0.06463758179915283, 0.007416014438525272, 0.0006580648685949287]], "M_G2C19_M M_G2C19H1_M": [[-0.021033283639496917, 0.00424823656411648, 0.0003769700368708304]], "M_G2C19_M M_G2C19H2_M": [[-0.021253260594998526, 0.004398691794711235, 0.00039032077969522623]], "M_G2C19_M M_G2C19H3_M": [[-0.02135520818530247, 0.0043337178276935655, 0.0003845552724376546]], "M_G3_M M_G3H1_M": [[-0.14973709338396013, 0.053705693192224686, 0.004765609644682525]], "M_G3_M M_G3H2_M": [[-0.170258870576745, 0.03771405324934563, 0.0033465810647272786]], "M_G3C4_M M_G3C4H1_M": [[-0.014611667707241413, 0.017171036016696433, 0.0015236830582834118]], "M_G3C4_M M_G3C4H2_M": [[-0.01322595408544115, 0.01682328817064619, 0.0014928254268006002]], "M_G3C5_M M_G3C5H1_M": [[-0.054793405504852975, 0.012558844949360928, 0.0011144172816563104]], "M_G3C5_M M_G3C5H2_M": [[-0.057009108238933764, 0.011594314552262395, 0.0010288290490168012]], "M_G3N6C1_M M_G3N6C1H1_M": [[0.011123158658748543, 0.004672848131789263, 0.0004146482207256129]], "M_G3N6C1_M M_G3N6C1H2_M": [[0.010945060409257888, 0.004858398340220273, 0.00043111313925309024]], "M_G3N6C1_M M_G3N6C1H3_M": [[0.011417820411688121, 0.004439348211632618, 0.0003939284533156987]], "M_G3N6C2_M M_G3N6C2H1_M": [[0.01123033709666009, 0.004527557332259039, 0.0004017557470534713]], "M_G3N6C2_M M_G3N6C2H2_M": [[0.01150655360359822, 0.004545926474700047, 0.0004033857448652134]], "M_G3N6C2_M M_G3N6C2H3_M": [[0.010805136711199455, 0.0044182908828662715, 0.00039205991754052543]], "M_G3N6C3_M M_G3N6C3H1_M": [[0.010877136787249865, 0.004971383329199189, 0.00044113893579676515]], "M_G3N6C3_M M_G3N6C3H2_M": [[0.011252689952756273, 0.0043909388715810144, 0.00038963281901456586]], "M_G3N6C3_M M_G3N6C3H3_M": [[0.011466271983130107, 0.004539212056173001, 0.0004027899365665215]]}