{"POPC": 0.47424745346691577, "POPS": 0.45934040424746}