{"M_G1_M M_G1H1_M": [[-0.23680707239819668, 0.06223815240751467, 0.008102717283392877]], "M_G1_M M_G1H2_M": [[0.03664313142432581, 0.09581614842285417, 0.01247420001754837]], "M_G1C3_M M_G1C3H1_M": [[-0.2571823943790722, 0.02605875101830152, 0.0033925604165931105]], "M_G1C3_M M_G1C3H2_M": [[-0.24964283799176046, 0.023331913500959475, 0.003037556409788696]], "M_G1C4_M M_G1C4H1_M": [[-0.21937021129279238, 0.019935561984279756, 0.002595389104524094]], "M_G1C4_M M_G1C4H2_M": [[-0.2142017906116197, 0.020575613476680174, 0.002678716711291355]], "M_G1C5_M M_G1C5H1_M": [[-0.2535970352616929, 0.019730325840613298, 0.0025686696344862535]], "M_G1C5_M M_G1C5H2_M": [[-0.25115411378171426, 0.017824806674364188, 0.0023205921693791945]], "M_G1C6_M M_G1C6H1_M": [[-0.2415380267332796, 0.018429586352504426, 0.002399327777059605]], "M_G1C6_M M_G1C6H2_M": [[-0.24113794974270403, 0.018115164293483064, 0.002358393511607266]], "M_G1C7_M M_G1C7H1_M": [[-0.2550509300243567, 0.01667587023694007, 0.0021710133858047613]], "M_G1C7_M M_G1C7H2_M": [[-0.2554113329879393, 0.01807397533021404, 0.0023530311653348424]], "M_G1C8_M M_G1C8H1_M": [[-0.2438449857692586, 0.016980780943804716, 0.0022107093786778624]], "M_G1C8_M M_G1C8H2_M": [[-0.244757946687404, 0.01818637099250476, 0.0023676638342074396]], "M_G1C9_M M_G1C9H1_M": [[-0.24494069036664162, 0.017300040923420572, 0.002252273487743811]], "M_G1C9_M M_G1C9H2_M": [[-0.24559302334687208, 0.01769463313770396, 0.0023036450184028773]], "M_G1C10_M M_G1C10H1_M": [[-0.22933936182884151, 0.01935290642962836, 0.0025195338123871007]], "M_G1C10_M M_G1C10H2_M": [[-0.22866125123008157, 0.018630877065416045, 0.0024255335957641226]], "M_G1C11_M M_G1C11H1_M": [[-0.22156215106488358, 0.018559969745324714, 0.0024163022489808637]], "M_G1C11_M M_G1C11H2_M": [[-0.22172738641885928, 0.019085444838691682, 0.0024847132791338557]], "M_G1C12_M M_G1C12H1_M": [[-0.20040493220596833, 0.01878339664740084, 0.0024453899540459734]], "M_G1C12_M M_G1C12H2_M": [[-0.19972867230383992, 0.019540829189921147, 0.002543999271898129]], "M_G1C13_M M_G1C13H1_M": [[-0.18662096135682515, 0.01811893395941278, 0.002358884280309417]], "M_G1C13_M M_G1C13H2_M": [[-0.18646581037339377, 0.019275060608158274, 0.0025093991496655025]], "M_G1C14_M M_G1C14H1_M": [[-0.15971122639170357, 0.01711792102724154, 0.002228563496792322]], "M_G1C14_M M_G1C14H2_M": [[-0.158626522916511, 0.018483280642227266, 0.0024063181781645107]], "M_G1C15_M M_G1C15H1_M": [[-0.1381268674701897, 0.015284937587771268, 0.001989929378961802]], "M_G1C15_M M_G1C15H2_M": [[-0.13683131245706198, 0.015308452039597775, 0.0019929906998374064]], "M_G1C16_M M_G1C16H1_M": [[-0.09767128104367513, 0.012075762754064173, 0.001572130402214409]], "M_G1C16_M M_G1C16H2_M": [[-0.09766229547490561, 0.011955410263644157, 0.0015564618425527971]], "M_G1C17_M M_G1C17H1_M": [[-0.03095089230909525, 0.004322723697390072, 0.0005627706906342139]], "M_G1C17_M M_G1C17H2_M": [[-0.030979253156625076, 0.004636771831631485, 0.000603656275226663]], "M_G1C17_M M_G1C17H3_M": [[-0.030529804363126675, 0.004086967210713813, 0.0005320778103771667]], "M_G2_M M_G2H1_M": [[-0.22004777175655052, 0.08382634632327364, 0.010913260739328384]], "M_G2C3_M M_G2C3H1_M": [[-0.14867578568736978, 0.0443083518075219, 0.005768456069176495]], "M_G2C3_M M_G2C3H2_M": [[-0.13945023414731497, 0.0464384423749471, 0.006045770240440107]], "M_G2C4_M M_G2C4H1_M": [[-0.20146647517332897, 0.02590713554703599, 0.0033728217635012065]], "M_G2C4_M M_G2C4H2_M": [[-0.1885194391578309, 0.03169916680323418, 0.004126880005112542]], "M_G2C5_M M_G2C5H1_M": [[-0.20559806259791158, 0.02595490490504102, 0.003379040804198134]], "M_G2C5_M M_G2C5H2_M": [[-0.2022964888623668, 0.025667420285162623, 0.00334161349461243]], "M_G2C6_M M_G2C6H1_M": [[-0.22073448487665684, 0.023112197751124275, 0.003008951855592316]], "M_G2C6_M M_G2C6H2_M": [[-0.22047971316502407, 0.023465755614077564, 0.003054981168738912]], "M_G2C7_M M_G2C7H1_M": [[-0.19759520759087695, 0.0227333782512408, 0.002959633757444186]], "M_G2C7_M M_G2C7H2_M": [[-0.19745450748501792, 0.023355745896132957, 0.003040659123362396]], "M_G2C8_M M_G2C8H1_M": [[-0.19427672269661844, 0.02111002563642672, 0.002748291248383668]], "M_G2C8_M M_G2C8H2_M": [[-0.1934984031350996, 0.020715362136234407, 0.0026969104370897505]], "M_G2C9_M M_G2C9H1_M": [[-0.1361054315877501, 0.016432923570471814, 0.0021393844238708376]], "M_G2C9_M M_G2C9H2_M": [[-0.1342245057738187, 0.017862283022917685, 0.002325471174384912]], "M_G2C10_M M_G2C10H1_M": [[-0.09902561456641604, 0.01736067253368897, 0.002260167051055667]], "M_G2C11_M M_G2C11H1_M": [[-0.003238197379699922, 0.02150894621048879, 0.0028002262834886543]], "M_G2C12_M M_G2C12H1_M": [[-0.07741787416629185, 0.015946654697786278, 0.0020760776088920344]], "M_G2C12_M M_G2C12H2_M": [[-0.07858478260326839, 0.017691194279463415, 0.002303197317193523]], "M_G2C13_M M_G2C13H1_M": [[-0.1382301241075835, 0.018313244575194284, 0.0023841813677700245]], "M_G2C13_M M_G2C13H2_M": [[-0.1382461824746045, 0.017677171276965296, 0.0023013716777696117]], "M_G2C14_M M_G2C14H1_M": [[-0.14464197412225774, 0.01671652526147159, 0.0021763062191744184]], "M_G2C14_M M_G2C14H2_M": [[-0.1439821962750167, 0.01598949855682622, 0.00208165540424266]], "M_G2C15_M M_G2C15H1_M": [[-0.1541205542472361, 0.01587816669552008, 0.002067161230461746]], "M_G2C15_M M_G2C15H2_M": [[-0.1530506482053897, 0.016416747651109374, 0.002137278498544928]], "M_G2C16_M M_G2C16H1_M": [[-0.1384646589208879, 0.014290593122836936, 0.0018604767559321916]], "M_G2C16_M M_G2C16H2_M": [[-0.1369240283871976, 0.014390879417672729, 0.0018735329194431653]], "M_G2C17_M M_G2C17H1_M": [[-0.12509243993099844, 0.012165541016312448, 0.0015838185364062628]], "M_G2C17_M M_G2C17H2_M": [[-0.12485872178461668, 0.01233440256891639, 0.0016058024380463012]], "M_G2C18_M M_G2C18H1_M": [[-0.09116940272464286, 0.009395386263371558, 0.001223175105872535]], "M_G2C18_M M_G2C18H2_M": [[-0.09153185365609175, 0.009140553515356153, 0.001189998707926159]], "M_G2C19_M M_G2C19H1_M": [[-0.029444211549998534, 0.004033653971379919, 0.0005251370178074269]], "M_G2C19_M M_G2C19H2_M": [[-0.02954187235806586, 0.00348706423744812, 0.0004539770955935478]], "M_G2C19_M M_G2C19H3_M": [[-0.029841599628101494, 0.0036792156746709073, 0.0004789930819489826]], "M_G3_M M_G3H1_M": [[-0.12002924853324376, 0.08424277835520821, 0.010967475572063479]], "M_G3_M M_G3H2_M": [[-0.18680062986468546, 0.08989429731374131, 0.011703240670662382]], "M_G3C4_M M_G3C4H1_M": [[-0.008159684857584856, 0.061398572468730976, 0.00799341328548128]], "M_G3C4_M M_G3C4H2_M": [[0.0026615278050311285, 0.07658142176295943, 0.009970051900682854]], "M_G3C5_M M_G3C5H1_M": [[-0.03096028323971254, 0.06227764067802866, 0.008107858218327609]], "M_G3C5_M M_G3C5H2_M": [[-0.03967964571320711, 0.045275130458945524, 0.005894319928964846]], "M_G3N6C1_M M_G3N6C1H1_M": [[0.01277720659154618, 0.006548519482331983, 0.0008525446199415094]], "M_G3N6C1_M M_G3N6C1H2_M": [[0.013114898959548817, 0.007398128637369406, 0.0009631543105951694]], "M_G3N6C1_M M_G3N6C1H3_M": [[0.013641502829236981, 0.006517492202281592, 0.000848505212141052]], "M_G3N6C2_M M_G3N6C2H1_M": [[0.013575560971829775, 0.0055271458138540655, 0.0007195730943378802]], "M_G3N6C2_M M_G3N6C2H2_M": [[0.014023417894026915, 0.005828562647431003, 0.00075881422365255]], "M_G3N6C2_M M_G3N6C2H3_M": [[0.013427281411328535, 0.0065305093292338506, 0.0008501998977230656]], "M_G3N6C3_M M_G3N6C3H1_M": [[0.013749869161906252, 0.006596086751946875, 0.0008587373509710034]], "M_G3N6C3_M M_G3N6C3H2_M": [[0.011871317149881717, 0.006932617382701424, 0.0009025499073006279]], "M_G3N6C3_M M_G3N6C3H3_M": [[0.013397878512775652, 0.007115416553850349, 0.0009263483323207036]]}