{"-16.64019012451172": [0.0036870647695370173, 0.00012370567309482542, 0.0], "-15.65089036673721": [0.007166525892164383, 9.619668989532576e-06, 0.0], "-14.661590608962701": [0.01676789455646566, 3.354058921871098e-06, 0.0], "-13.672290851188192": [0.033575389808584606, 1.1380699917513088e-05, 0.0], "-12.682991093413683": [0.059609097134743966, 1.3500237154529355e-05, 0.0], "-11.693691335639176": [0.09413715367853319, 4.677082161942072e-06, 0.0], "-10.704391577864666": [0.13620659269947757, 6.442613178093765e-06, 0.0], "-9.715091820090159": [0.1789220930695837, 1.676579452118431e-05, 0.0], "-8.725792062315648": [0.21554232636600443, 3.1859059669604254e-05, 0.0], "-7.736492304541141": [0.24142678107031554, 0.0001228431579835199, 0.0], "-6.747192546766632": [0.26070648475107777, 0.0004402472337563831, 0.0], "-5.757892788992123": [0.27617705151789723, 0.0013095695050792668, 0.0], "-4.768593031217614": [0.2860124842937576, 0.003954528468383607, 0.0], "-3.7792932734431055": [0.2895958072382527, 0.010168536128521243, 0.0], "-2.7899935156685967": [0.29172102956051993, 0.023310530990810662, 0.0], "-1.8006937578940878": [0.29131032232180853, 0.04673771303008323, 0.0], "-0.811394000119579": [0.2855011252387004, 0.07917979093163116, 0.0], "0.17790575765492989": [0.2707067253137522, 0.11626713993406744, 0.0], "1.167205515429437": [0.254338587748188, 0.1483493645123466, 0.0], "2.1565052732039476": [0.24181459772737787, 0.17003343342892974, 0.0], "3.1458050309784547": [0.2286250910402246, 0.1868485908144733, 0.0], "4.135104788752965": [0.20382605542879342, 0.20279335041030333, 0.0], "5.124404546527472": [0.1614239856005672, 0.22339223726176677, 0.0], "6.113704304301983": [0.11105292077776771, 0.24757589908636296, 0.0], "7.10300406207649": [0.06743428456447176, 0.27289630037950224, 0.0], "8.092303819851": [0.03670865982949611, 0.29316171787529105, 0.0], "9.081603577625508": [0.017837608337452803, 0.3068826509085369, 0.0], "10.070903335400018": [0.007788646816101404, 0.3163983875705556, 0.0], "11.060203093174525": [0.0029452717368639984, 0.3202379450203547, 0.0], "12.049502850949036": [0.0008332046361131964, 0.3234957532501995, 0.0], "13.038802608723543": [0.00022221390342139362, 0.32468262659946023, 0.0], "14.028102366498054": [4.22707425276771e-05, 0.32281316926038267, 0.0], "15.01740212427256": [3.7050650839548856e-06, 0.32460365021245496, 0.0], "16.006701882047068": [1.2900226605387197e-06, 0.3237818382763469, 0.0], "16.99600163982158": [0.0, 0.322494554663574, 0.0], "17.98530139759609": [0.0, 0.3245648880314785, 0.0], "18.974601155370593": [0.0, 0.3235065204405998, 0.0], "19.963900913145103": [0.0, 0.32450994656604193, 0.0], "20.953200670919614": [0.0, 0.3233413705388065, 0.0], "21.942500428694125": [0.0, 0.3235142530761925, 0.0], "22.931800186468628": [0.0, 0.32445464809504104, 0.0], "23.92109994424314": [0.0, 0.32320379412219186, 0.0], "24.91039970201765": [0.0, 0.32372085920513116, 0.0], "25.89969945979216": [0.0, 0.3236815525145589, 0.0], "26.888999217566663": [0.0, 0.3236486434368195, 0.0], "27.878298975341174": [0.0, 0.32415011574535985, 0.0], "28.867598733115685": [0.0, 0.3238092767583438, 0.0], "29.856898490890195": [0.0, 0.32360913124239954, 0.0], "30.8461982486647": [0.0, 0.32427361741535166, 0.0], "31.83549800643921": [0.0, 0.32388101101829414, 0.0]}