{"M_G1_M M_G1H1_M": [[-0.1651918927035829, 0.014538088001084026, 0.0009104103852212363]], "M_G1_M M_G1H2_M": [[-0.03381690705375964, 0.01458720733890979, 0.0009134863574720873]], "M_G1C3_M M_G1C3H1_M": [[-0.20879287701468668, 0.013568324069449739, 0.0008496814121604734]], "M_G1C3_M M_G1C3H2_M": [[-0.2305002451559867, 0.012576396698016348, 0.0007875645106620902]], "M_G1C4_M M_G1C4H1_M": [[-0.18550279924062602, 0.014436973957428566, 0.0009040783781905469]], "M_G1C4_M M_G1C4H2_M": [[-0.17689428348907585, 0.015275225238420419, 0.0009565717096095811]], "M_G1C5_M M_G1C5H1_M": [[-0.20683841659611824, 0.015374156070397134, 0.0009627669986216893]], "M_G1C5_M M_G1C5H2_M": [[-0.20514270867832196, 0.014334080030958513, 0.0008976349105744792]], "M_G1C6_M M_G1C6H1_M": [[-0.20954841538876218, 0.016078966870794718, 0.0010069039630045027]], "M_G1C6_M M_G1C6H2_M": [[-0.20889473909198064, 0.01584064884154328, 0.0009919799091124234]], "M_G1C7_M M_G1C7H1_M": [[-0.204610900348421, 0.015481221672944941, 0.0009694717067271998]], "M_G1C7_M M_G1C7H2_M": [[-0.20553885748187006, 0.01587455088383467, 0.00099410293735245]], "M_G1C8_M M_G1C8H1_M": [[-0.18696827570859983, 0.016308563362864095, 0.001021281853052681]], "M_G1C8_M M_G1C8H2_M": [[-0.185754341191656, 0.015202573873273343, 0.0009520221046460215]], "M_G1C9_M M_G1C9H1_M": [[-0.13703192577111312, 0.013555865056713296, 0.0008489011985186234]], "M_G1C9_M M_G1C9H2_M": [[-0.13682723779140338, 0.015312570655701227, 0.0009589103703557764]], "M_G1C10_M M_G1C10H1_M": [[-0.10067188901965068, 0.01289078802619329, 0.0008072524593231827]], "M_G1C11_M M_G1C11H1_M": [[-0.0844125035624991, 0.013976652151466339, 0.0008752519085295738]], "M_G1C12_M M_G1C12H1_M": [[-0.0786219899060896, 0.014656925362167493, 0.0009178522694411287]], "M_G1C12_M M_G1C12H2_M": [[-0.07985793863875379, 0.014992384882254108, 0.0009388595594565292]], "M_G1C13_M M_G1C13H1_M": [[-0.11994410386260282, 0.013815694196868077, 0.0008651723304282926]], "M_G1C13_M M_G1C13H2_M": [[-0.11945235325320387, 0.01638380039306491, 0.0010259933786427669]], "M_G1C14_M M_G1C14H1_M": [[-0.11728767905092247, 0.016524756074550104, 0.0010348203658140157]], "M_G1C14_M M_G1C14H2_M": [[-0.11730297647019229, 0.014787516115454417, 0.0009260301796310666]], "M_G1C15_M M_G1C15H1_M": [[-0.12075854633635996, 0.01601598555217092, 0.0010029599198438232]], "M_G1C15_M M_G1C15H2_M": [[-0.12063968294550388, 0.014873746258849687, 0.000931430120672854]], "M_G1C16_M M_G1C16H1_M": [[-0.10157938483203063, 0.014373476056962023, 0.0009001019854200413]], "M_G1C16_M M_G1C16H2_M": [[-0.10031950524655037, 0.01471345696720157, 0.0009213924158697658]], "M_G1C17_M M_G1C17H1_M": [[-0.0898522506423171, 0.014328161062022771, 0.0008972642503619053]], "M_G1C17_M M_G1C17H2_M": [[-0.09163879182325771, 0.014159559920562254, 0.0008867060373331793]], "M_G1C18_M M_G1C18H1_M": [[-0.06559342437992478, 0.013686426792353119, 0.0008570772915530129]], "M_G1C18_M M_G1C18H2_M": [[-0.06592588175069458, 0.013314568200948795, 0.0008337906032744034]], "M_G1C19_M M_G1C19H1_M": [[-0.024214268297664685, 0.014579561000547801, 0.000913007525190074]], "M_G1C19_M M_G1C19H2_M": [[-0.02439057997520895, 0.013479706014056776, 0.0008441319342688931]], "M_G1C19_M M_G1C19H3_M": [[-0.02356445132602393, 0.014139860131262895, 0.0008854723886743275]], "M_G2_M M_G2H1_M": [[-0.1786045523306453, 0.013952775496278833, 0.0008737566943827457]], "M_G2C3_M M_G2C3H1_M": [[-0.0793213507527959, 0.013171407624053902, 0.0008248255401966688]], "M_G2C3_M M_G2C3H2_M": [[-0.10537300010573139, 0.013742302339833739, 0.0008605763540640174]], "M_G2C4_M M_G2C4H1_M": [[-0.20275044142023765, 0.01290456524637712, 0.000808115222317457]], "M_G2C4_M M_G2C4H2_M": [[-0.20659750146917094, 0.012251741021761273, 0.0007672337835911299]], "M_G2C5_M M_G2C5H1_M": [[-0.20552561879978096, 0.013699948127098911, 0.0008579240303795838]], "M_G2C5_M M_G2C5H2_M": [[-0.20858312672576226, 0.01353826370387194, 0.0008477989590481017]], "M_G2C6_M M_G2C6H1_M": [[-0.22272409879484395, 0.01431441277147357, 0.0008964032990116246]], "M_G2C6_M M_G2C6H2_M": [[-0.2203596860483951, 0.014217749684392907, 0.0008903500216935056]], "M_G2C7_M M_G2C7H1_M": [[-0.2024316328234716, 0.013765333228152014, 0.0008620186042350347]], "M_G2C7_M M_G2C7H2_M": [[-0.20127674760971193, 0.01470738938830614, 0.0009210124493405263]], "M_G2C8_M M_G2C8H1_M": [[-0.19403489619415074, 0.01362179145540331, 0.0008530296697469684]], "M_G2C8_M M_G2C8H2_M": [[-0.19306539333693207, 0.014606030833670507, 0.0009146651304383148]], "M_G2C9_M M_G2C9H1_M": [[-0.11836832079841232, 0.012989776501665476, 0.0008134513581109996]], "M_G2C9_M M_G2C9H2_M": [[-0.1181988554271492, 0.013973592472281537, 0.0008750603039867287]], "M_G2C10_M M_G2C10H1_M": [[-0.07859809741865889, 0.013620649134577641, 0.0008529581348420438]], "M_G2C11_M M_G2C11H1_M": [[-0.06198729911541701, 0.01303309178062725, 0.0008161638660970988]], "M_G2C12_M M_G2C12H1_M": [[-0.08862414327058017, 0.015179859821086666, 0.0009505996955231942]], "M_G2C12_M M_G2C12H2_M": [[-0.08886929075979173, 0.014318033525444127, 0.0008966300394204652]], "M_G2C13_M M_G2C13H1_M": [[-0.1324771037338301, 0.016061810077042455, 0.0010058295629040222]], "M_G2C13_M M_G2C13H2_M": [[-0.13228278548271002, 0.014248845060921424, 0.0008922972897057652]], "M_G2C14_M M_G2C14H1_M": [[-0.13403215668287172, 0.01570009490512088, 0.000983178080192889]], "M_G2C14_M M_G2C14H2_M": [[-0.13350331233619953, 0.01526215805517824, 0.0009557534108533498]], "M_G2C15_M M_G2C15H1_M": [[-0.13606336999166602, 0.015893064247689225, 0.000995262289167992]], "M_G2C15_M M_G2C15H2_M": [[-0.1365812945997883, 0.015094309407547015, 0.0009452423208161033]], "M_G2C16_M M_G2C16H1_M": [[-0.11726435839465932, 0.015489856726003254, 0.0009700124547251923]], "M_G2C16_M M_G2C16H2_M": [[-0.11863169961568845, 0.015067489915180634, 0.0009435628190566632]], "M_G2C17_M M_G2C17H1_M": [[-0.10545449733988992, 0.014678625224731083, 0.0009192111675461816]], "M_G2C17_M M_G2C17H2_M": [[-0.10451613397366899, 0.01563717264012329, 0.0009792377351137303]], "M_G2C18_M M_G2C18H1_M": [[-0.0772390686396627, 0.013585778260725987, 0.0008507744360163167]], "M_G2C18_M M_G2C18H2_M": [[-0.07699986882955438, 0.014606775015069405, 0.0009147117328852112]], "M_G2C19_M M_G2C19H1_M": [[-0.025019254724757637, 0.012931145197399616, 0.000809779723416071]], "M_G2C19_M M_G2C19H2_M": [[-0.02540071693916261, 0.01461728343025744, 0.0009153697953703669]], "M_G2C19_M M_G2C19H3_M": [[-0.026473843009963454, 0.014438077116135359, 0.0009041474606684585]], "M_G3_M M_G3H1_M": [[-0.20783482624057775, 0.013643861752718945, 0.0008544117653760207]], "M_G3_M M_G3H2_M": [[-0.23094635619742215, 0.01105348251283352, 0.0006921959250621269]], "M_G3C4_M M_G3C4H1_M": [[0.03700280025302794, 0.014223051062906063, 0.0008906820068936231]], "M_G3C4_M M_G3C4H2_M": [[0.038807442773102885, 0.013952477105316488, 0.0008737380084158597]], "M_G3C5_M M_G3C5H1_M": [[-0.05511063922727921, 0.013319024047817223, 0.0008340696392290399]], "M_G3C5_M M_G3C5H2_M": [[-0.05714985846566262, 0.01316271591336923, 0.0008242812441604862]], "M_G3N6C1_M M_G3N6C1H1_M": [[0.008812959462353477, 0.015683535149220214, 0.0009821410680529454]], "M_G3N6C1_M M_G3N6C1H2_M": [[0.0091570537515166, 0.015181054863309477, 0.0009506745319700739]], "M_G3N6C1_M M_G3N6C1H3_M": [[0.008789713973343815, 0.014260013916803614, 0.0008929967105914709]], "M_G3N6C2_M M_G3N6C2H1_M": [[0.008663853872131116, 0.01361478899151709, 0.0008525911584486688]], "M_G3N6C2_M M_G3N6C2H2_M": [[0.008519111791295143, 0.013703493503818096, 0.0008581460504818438]], "M_G3N6C2_M M_G3N6C2H3_M": [[0.00933151490223827, 0.014269682746275037, 0.0008936021961796075]], "M_G3N6C3_M M_G3N6C3H1_M": [[0.008249285144023722, 0.013947836797048814, 0.0008734474210403256]], "M_G3N6C3_M M_G3N6C3H2_M": [[0.008157246702788971, 0.01297068991316244, 0.0008122561095755448]], "M_G3N6C3_M M_G3N6C3H3_M": [[0.009978907079136507, 0.013382747159236172, 0.0008380601352564471]]}