{"M_G1_M M_G1H1_M": [[-0.19376775599074691, 0.09963993775950472, 0.004407811336293344]], "M_G1_M M_G1H2_M": [[-0.027110800096221445, 0.1973662879412176, 0.008730970542045023]], "M_G1C3_M M_G1C3H1_M": [[-0.2948589527107115, 0.0937374721383019, 0.004146701630062744]], "M_G1C3_M M_G1C3H2_M": [[-0.28328041068193555, 0.09763395396506612, 0.00431907183777129]], "M_G1C4_M M_G1C4H1_M": [[-0.30439128879072863, 0.09563820883017998, 0.004230785270881455]], "M_G1C4_M M_G1C4H2_M": [[-0.2958056280474753, 0.09543004546224339, 0.00422157666564119]], "M_G1C5_M M_G1C5H1_M": [[-0.34343214787042387, 0.08847764070192071, 0.003914020386441017]], "M_G1C5_M M_G1C5H2_M": [[-0.3417029273994775, 0.087654062477887, 0.0038775874308024645]], "M_G1C6_M M_G1C6H1_M": [[-0.3577544551983859, 0.08813463343611194, 0.00389884663835707]], "M_G1C6_M M_G1C6H2_M": [[-0.35660160600085616, 0.08878130054785048, 0.00392745350714907]], "M_G1C7_M M_G1C7H1_M": [[-0.3733377165655599, 0.08416171896062226, 0.0037230952493361863]], "M_G1C7_M M_G1C7H2_M": [[-0.372515762072522, 0.08422729309980874, 0.003725996078467287]], "M_G1C8_M M_G1C8H1_M": [[-0.377130076914479, 0.08431663309369183, 0.003729948247112482]], "M_G1C8_M M_G1C8H2_M": [[-0.37703053268197834, 0.08426480015631682, 0.0037276552929608403]], "M_G1C9_M M_G1C9H1_M": [[-0.3826934227622456, 0.08306509048532594, 0.0036745832617355906]], "M_G1C9_M M_G1C9H2_M": [[-0.3825184000251741, 0.0824668661573717, 0.0036481193755299648]], "M_G1C10_M M_G1C10H1_M": [[-0.38238150302906837, 0.08345426413307892, 0.0036917992903173487]], "M_G1C10_M M_G1C10H2_M": [[-0.38219658577918847, 0.08337791152477247, 0.0036884216497846834]], "M_G1C11_M M_G1C11H1_M": [[-0.3826412330348306, 0.08297524853024703, 0.0036706088876344405]], "M_G1C11_M M_G1C11H2_M": [[-0.38242230378405684, 0.08320500614914761, 0.0036807727662955666]], "M_G1C12_M M_G1C12H1_M": [[-0.3783264138378767, 0.08384873682572642, 0.003709249734843986]], "M_G1C12_M M_G1C12H2_M": [[-0.3782159895704759, 0.08393251431179821, 0.0037129558326310466]], "M_G1C13_M M_G1C13H1_M": [[-0.3715827662133476, 0.08367509258592484, 0.0037015681659280475]], "M_G1C13_M M_G1C13H2_M": [[-0.3716465890432238, 0.0836148516379767, 0.003698903263287143]], "M_G1C14_M M_G1C14H1_M": [[-0.3572607755273641, 0.08386241758047587, 0.0037098549358028543]], "M_G1C14_M M_G1C14H2_M": [[-0.3565239684397671, 0.08343359844583123, 0.003690885094136872]], "M_G1C15_M M_G1C15H1_M": [[-0.32521556077657593, 0.08019029120795558, 0.003547409629060853]], "M_G1C15_M M_G1C15H2_M": [[-0.32570064623261963, 0.0803772299965373, 0.0035556793141894435]], "M_G1C16_M M_G1C16H1_M": [[-0.2683291510446971, 0.07313718755989625, 0.003235398693335411]], "M_G1C16_M M_G1C16H2_M": [[-0.26811060141142895, 0.07293154545087364, 0.0032263016220229327]], "M_G1C17_M M_G1C17H1_M": [[-0.08563680169696744, 0.028032603830386863, 0.0012400893831109679]], "M_G1C17_M M_G1C17H2_M": [[-0.08491355653876849, 0.027743434873849532, 0.0012272973016084101]], "M_G1C17_M M_G1C17H3_M": [[-0.08520865505209452, 0.0279594026300337, 0.0012368511526583783]], "M_G2_M M_G2H1_M": [[-0.21224826769520821, 0.08966622836588443, 0.003966600409042426]], "M_G2C3_M M_G2C3H1_M": [[-0.11049619218785472, 0.13672212082551632, 0.00604823053534367]], "M_G2C3_M M_G2C3H2_M": [[-0.18436833130100516, 0.10657797841811696, 0.004714732185044858]], "M_G2C4_M M_G2C4H1_M": [[-0.2933069031533747, 0.0936664058660285, 0.0041435578432680266]], "M_G2C4_M M_G2C4H2_M": [[-0.2953128319805619, 0.0898205343532769, 0.003973426504037869]], "M_G2C5_M M_G2C5H1_M": [[-0.3212998489977744, 0.08986904582106826, 0.003975572525025829]], "M_G2C5_M M_G2C5H2_M": [[-0.3228191350954678, 0.08908323262116914, 0.003940810195696756]], "M_G2C6_M M_G2C6H1_M": [[-0.35278195669382184, 0.08786381679142195, 0.003886866415332416]], "M_G2C6_M M_G2C6H2_M": [[-0.35169369028674546, 0.08866962101762349, 0.003922513095598888]], "M_G2C7_M M_G2C7H1_M": [[-0.3631573485851275, 0.08728217978682272, 0.0038611363091106705]], "M_G2C7_M M_G2C7H2_M": [[-0.36281445780196964, 0.08841716231538821, 0.003911344980135544]], "M_G2C8_M M_G2C8H1_M": [[-0.37457116966828075, 0.08529181242537545, 0.0037730876409114707]], "M_G2C8_M M_G2C8H2_M": [[-0.3744482653575084, 0.08692744651387473, 0.003845443833011031]], "M_G2C9_M M_G2C9H1_M": [[-0.37798120387163914, 0.08511057009857428, 0.0037650699524157333]], "M_G2C9_M M_G2C9H2_M": [[-0.37808217954547263, 0.08627177698770999, 0.0038164387208514208]], "M_G2C10_M M_G2C10H1_M": [[-0.38210442149113555, 0.08567766829757109, 0.003790156899743651]], "M_G2C10_M M_G2C10H2_M": [[-0.3819426590202587, 0.08403477204277796, 0.0037174794483214144]], "M_G2C11_M M_G2C11H1_M": [[-0.3811901665877544, 0.08450446561033946, 0.0037382574684430114]], "M_G2C11_M M_G2C11H2_M": [[-0.38150164980574963, 0.0855843762298436, 0.003786029901644676]], "M_G2C12_M M_G2C12H1_M": [[-0.38070957542441297, 0.08465502125231564, 0.0037449176579249363]], "M_G2C12_M M_G2C12H2_M": [[-0.3807683993536145, 0.08583799344864405, 0.0037972492668635303]], "M_G2C13_M M_G2C13H1_M": [[-0.3759159761843981, 0.08541360854349103, 0.0037784755839613965]], "M_G2C13_M M_G2C13H2_M": [[-0.37612993873917816, 0.08617091616284499, 0.0038119769006493558]], "M_G2C14_M M_G2C14H1_M": [[-0.36805616576245176, 0.08582058434744248, 0.003796479133568022]], "M_G2C14_M M_G2C14H2_M": [[-0.3681226374286145, 0.08688271887996336, 0.003843465198979003]], "M_G2C15_M M_G2C15H1_M": [[-0.34768824427008194, 0.08638509227129793, 0.0038214514938700044]], "M_G2C15_M M_G2C15H2_M": [[-0.34816130629546593, 0.08629640176903008, 0.0038175280570422803]], "M_G2C16_M M_G2C16H1_M": [[-0.3046930840765532, 0.08294269058779975, 0.0036691686090570704]], "M_G2C16_M M_G2C16H2_M": [[-0.305084630283254, 0.08272824195499481, 0.0036596819600688735]], "M_G2C17_M M_G2C17H1_M": [[-0.09412205591538098, 0.028836038884914584, 0.0012756312573930495]], "M_G2C17_M M_G2C17H2_M": [[-0.09394236630592012, 0.02872263847786972, 0.0012706147187344337]], "M_G2C17_M M_G2C17H3_M": [[-0.09413236967902741, 0.029035229662055427, 0.001284442938585441]], "M_G3_M M_G3H1_M": [[-0.20089494781640674, 0.10705042695573251, 0.004735632077866383]], "M_G3_M M_G3H2_M": [[-0.22006261986677692, 0.09411572840961097, 0.004163434702344708]], "M_G3C4_M M_G3C4H1_M": [[0.024110157809052478, 0.025229196048003256, 0.0011160739242367505]], "M_G3C4_M M_G3C4H2_M": [[0.024944757739199668, 0.028397942552318443, 0.0012562510166519657]], "M_G3C5_M M_G3C5H1_M": [[-0.0635584235817084, 0.03116632456319636, 0.0013787170266186795]], "M_G3C5_M M_G3C5H2_M": [[-0.06648478021915841, 0.03200866312822892, 0.0014159798908820948]], "M_G3N6C1_M M_G3N6C1H1_M": [[0.010567329559006019, 0.010431448090868612, 0.0004614600950460769]], "M_G3N6C1_M M_G3N6C1H2_M": [[0.010145973650960899, 0.010165901063204086, 0.0004497129861540197]], "M_G3N6C1_M M_G3N6C1H3_M": [[0.009929179597464225, 0.009814007490457879, 0.0004341461309953658]], "M_G3N6C2_M M_G3N6C2H1_M": [[0.010440007367156104, 0.010551295188481248, 0.00046676181850513677]], "M_G3N6C2_M M_G3N6C2H2_M": [[0.009767084359797843, 0.010150278051573407, 0.00044902186480929386]], "M_G3N6C2_M M_G3N6C2H3_M": [[0.010414573796269018, 0.009657159004889436, 0.00042720756250250186]], "M_G3N6C3_M M_G3N6C3H1_M": [[0.010114073447084138, 0.009829409819922388, 0.00043482748993582253]], "M_G3N6C3_M M_G3N6C3H2_M": [[0.009387847302621915, 0.009575572707055089, 0.00042359839717616025]], "M_G3N6C3_M M_G3N6C3H3_M": [[0.010102437062039324, 0.010205518948277622, 0.0004514655782056987]]}