{"M_G1_M M_G1H1_M": [[-0.15604685526792905, 0.013422857126875553, 0.0016911210400792228]], "M_G1_M M_G1H2_M": [[-0.031607349722814024, 0.01446274791699111, 0.0018221349649036145]], "M_G1C3_M M_G1C3H1_M": [[-0.21912038884000884, 0.010221517843277203, 0.0012877902016628934]], "M_G1C3_M M_G1C3H2_M": [[-0.1920255579000688, 0.008636066508947021, 0.0010880421089755992]], "M_G1C4_M M_G1C4H1_M": [[-0.15134742817944044, 0.012088995436293553, 0.0015230702630965485]], "M_G1C4_M M_G1C4H2_M": [[-0.14292714580571153, 0.010173093709305825, 0.001281689334237087]], "M_G1C5_M M_G1C5H1_M": [[-0.16810724469885407, 0.011204114130110443, 0.0014115856975741431]], "M_G1C5_M M_G1C5H2_M": [[-0.1650184560634323, 0.009283172718935959, 0.0011695698281887548]], "M_G1C6_M M_G1C6H1_M": [[-0.15976291144266727, 0.011515664324313475, 0.0014508373325634338]], "M_G1C6_M M_G1C6H2_M": [[-0.15707573157968857, 0.011130133553054603, 0.0014022650209675335]], "M_G1C7_M M_G1C7H1_M": [[-0.15578132487822244, 0.010891916007605617, 0.0013722524312918076]], "M_G1C7_M M_G1C7H2_M": [[-0.1514582535805676, 0.012657588801416913, 0.0015947062936316797]], "M_G1C8_M M_G1C8H1_M": [[-0.1312500455365716, 0.013419268641584934, 0.0016906689334286326]], "M_G1C8_M M_G1C8H2_M": [[-0.12921834678056945, 0.012422435761168355, 0.0015650797953203253]], "M_G1C9_M M_G1C9H1_M": [[-0.09309238561552033, 0.010593121015423878, 0.0013346078007058853]], "M_G1C9_M M_G1C9H2_M": [[-0.0980071740129648, 0.011042651089870813, 0.0013912432666025967]], "M_G1C10_M M_G1C10H1_M": [[-0.07271464968895322, 0.013943744552318397, 0.0017567466871641019]], "M_G1C11_M M_G1C11H1_M": [[-0.04529533927448268, 0.013987673543568769, 0.0017622812198400265]], "M_G1C12_M M_G1C12H1_M": [[-0.023483260221586696, 0.013936067378013726, 0.0017557794541173469]], "M_G1C12_M M_G1C12H2_M": [[-0.024951473569120343, 0.014676020233328703, 0.0018490047511209463]], "M_G1C13_M M_G1C13H1_M": [[-0.04007749713828552, 0.014675372442860149, 0.0018489231371932571]], "M_G1C13_M M_G1C13H2_M": [[-0.042107950702402155, 0.01210669374850664, 0.0015253000408461392]], "M_G1C14_M M_G1C14H1_M": [[-0.03231613364538148, 0.013870339919753989, 0.0017474985727428877]], "M_G1C14_M M_G1C14H2_M": [[-0.03459304157437275, 0.01483967878552231, 0.0018696237905987164]], "M_G1C15_M M_G1C15H1_M": [[-0.017046589502455987, 0.012377283635766251, 0.001559391162226041]], "M_G1C15_M M_G1C15H2_M": [[-0.017399573655874214, 0.013710834634105573, 0.0017274027956654578]], "M_G1C15_M M_G1C15H3_M": [[-0.02069276637534368, 0.015141608713123549, 0.001907663385922555]], "M_G2_M M_G2H1_M": [[-0.17669526729924812, 0.012290219006053744, 0.001548422049930364]], "M_G2C3_M M_G2C3H1_M": [[-0.07937312570037533, 0.010758515507462868, 0.0013554455480466005]], "M_G2C3_M M_G2C3H2_M": [[-0.09377878810593764, 0.012863586873444806, 0.001620659611209993]], "M_G2C4_M M_G2C4H1_M": [[-0.1814429858309802, 0.012593870700051924, 0.001586678567430491]], "M_G2C4_M M_G2C4H2_M": [[-0.18567782285892917, 0.012492846374018575, 0.0015739506987137218]], "M_G2C5_M M_G2C5H1_M": [[-0.17741209945544342, 0.010943748008884313, 0.0013787826496412462]], "M_G2C5_M M_G2C5H2_M": [[-0.18128282742580215, 0.011192814356873755, 0.001410162059961967]], "M_G2C6_M M_G2C6H1_M": [[-0.1850963811699282, 0.012925884987616373, 0.0016285084358407679]], "M_G2C6_M M_G2C6H2_M": [[-0.18399598917911275, 0.013100689350323687, 0.0016505317154508958]], "M_G2C7_M M_G2C7H1_M": [[-0.16005945011492392, 0.011955087436389797, 0.0015061994408914342]], "M_G2C7_M M_G2C7H2_M": [[-0.1570482754580141, 0.013523072892713891, 0.0017037470397866573]], "M_G2C8_M M_G2C8H1_M": [[-0.14512844120471358, 0.011064412341971606, 0.0013939849266633626]], "M_G2C8_M M_G2C8H2_M": [[-0.14600751668545647, 0.010780582166700348, 0.0013582256857898566]], "M_G2C9_M M_G2C9H1_M": [[-0.08406316716620982, 0.01185082134599641, 0.0014930631482553446]], "M_G2C9_M M_G2C9H2_M": [[-0.08301711624384, 0.0116833065541487, 0.0014719582682480212]], "M_G2C10_M M_G2C10H1_M": [[-0.05528109238331737, 0.013099665707639034, 0.0016504027485949443]], "M_G2C11_M M_G2C11H1_M": [[-0.024190038597628208, 0.012215830321936903, 0.0015390499566670067]], "M_G2C12_M M_G2C12H1_M": [[-0.03261005595221949, 0.014558559654945673, 0.001834206109251646]], "M_G2C12_M M_G2C12H2_M": [[-0.03242937422787939, 0.010855105398573756, 0.0013676147304771823]], "M_G2C13_M M_G2C13H1_M": [[-0.04827039428554425, 0.014562174793508537, 0.0018346615738989022]], "M_G2C13_M M_G2C13H2_M": [[-0.04826921127901848, 0.013041985351957035, 0.0016431357068488338]], "M_G2C14_M M_G2C14H1_M": [[-0.03961044748952819, 0.012344056926527456, 0.001555204990343617]], "M_G2C14_M M_G2C14H2_M": [[-0.04049405307865464, 0.012540216733783836, 0.0015799188030687]], "M_G2C15_M M_G2C15H1_M": [[-0.01868390312804242, 0.013629599287605041, 0.0017171681040221926]], "M_G2C15_M M_G2C15H2_M": [[-0.015975819588924373, 0.013078263416352263, 0.001647706313345813]], "M_G2C15_M M_G2C15H3_M": [[-0.021013780164666818, 0.011761125463816899, 0.0014817625293089857]], "M_G3_M M_G3H1_M": [[-0.22045317634874756, 0.010845098516480313, 0.001366353981838211]], "M_G3_M M_G3H2_M": [[-0.24114417205355965, 0.00842020825755306, 0.001060846525564662]], "M_G3C4_M M_G3C4H1_M": [[0.03700411520830511, 0.016442512159788716, 0.0020715618144741175]], "M_G3C4_M M_G3C4H2_M": [[0.04188493480934777, 0.01437911329840468, 0.0018115979933904986]], "M_G3C5_M M_G3C5H1_M": [[-0.058490053804429024, 0.0103008458198599, 0.001297784587284216]], "M_G3C5_M M_G3C5H2_M": [[-0.06214322010654394, 0.013628110162705235, 0.001716980491919526]], "M_G3N6C1_M M_G3N6C1H1_M": [[0.006681259348782196, 0.014523130232096998, 0.0018297424215396392]], "M_G3N6C1_M M_G3N6C1H2_M": [[0.009559325192143947, 0.015828536063371493, 0.0019942080972332513]], "M_G3N6C1_M M_G3N6C1H3_M": [[0.010359440119454104, 0.013249859035290176, 0.0016693253292399998]], "M_G3N6C2_M M_G3N6C2H1_M": [[0.006606984718974574, 0.015978820358740042, 0.0020131421387334304]], "M_G3N6C2_M M_G3N6C2H2_M": [[0.01084991983250664, 0.015238292173970895, 0.001919844357031847]], "M_G3N6C2_M M_G3N6C2H3_M": [[0.009392093933707437, 0.01293036828788218, 0.0016290732785815372]], "M_G3N6C3_M M_G3N6C3H1_M": [[0.009069705442300348, 0.013237699025805209, 0.0016677933120477421]], "M_G3N6C3_M M_G3N6C3H2_M": [[0.010464910119613674, 0.014569191972003811, 0.0018355456552895614]], "M_G3N6C3_M M_G3N6C3H3_M": [[0.007008656359546791, 0.014156523774913402, 0.0017835543494092465]]}