{
    "unpublished/nesterenkoPOPC": {
        "M_G1_M M_G1H1_M": [-0.162317, 0.309718, 0.0182821, -0.14, 0.02, 0.330056],
        "M_G1_M M_G1H2_M": [0.00299473, 0.351608, 0.0207548, 0, 0.02, 0.484779],
        "M_G1C3_M M_G1C3H1_M": [-0.223854, 0.155986, 0.00920755, -0.23, 0.02, 0.705507],
        "M_G1C3_M M_G1C3H2_M": [-0.219172, 0.170254, 0.0100498, -0.23, 0.02, 0.635161],
        "M_G1C4_M M_G1C4H1_M": [-0.192659, 0.150248, 0.00886884, -0.23, 0.02, 0.101639],
        "M_G1C4_M M_G1C4H2_M": [-0.208545, 0.13822, 0.00815889, -0.23, 0.02, 0.381977],
        "M_G1C5_M M_G1C5H1_M": [-0.232591, 0.114336, 0.00674904, -0.25, 0.02, 0.55986],
        "M_G1C5_M M_G1C5H2_M": [-0.224603, 0.119274, 0.00704051, -0.25, 0.02, 0.242832],
        "M_G1C6_M M_G1C6H1_M": [-0.25981, 0.0993185, 0.00586259, -0.25, 0.02, 0.772007],
        "M_G1C6_M M_G1C6H2_M": [-0.264174, 0.0950292, 0.0056094, -0.25, 0.02, 0.704254],
        "M_G1C7_M M_G1C7H1_M": [-0.284611, 0.0938372, 0.00553903, -0.26, 0.02, 0.239691],
        "M_G1C7_M M_G1C7H2_M": [-0.28303, 0.0863442, 0.00509674, -0.26, 0.02, 0.291757],
        "M_G1C8_M M_G1C8H1_M": [-0.2913, 0.0734068, 0.00433307, -0.26, 0.02, 0.0897353],
        "M_G1C8_M M_G1C8H2_M": [-0.293367, 0.0770137, 0.00454598, -0.26, 0.02, 0.0772998],
        "M_G1C9_M M_G1C9H1_M": [-0.294412, 0.0725941, 0.00428509, -0.25, 0.02, 0.0341654],
        "M_G1C9_M M_G1C9H2_M": [-0.293483, 0.0702377, 0.004146, -0.25, 0.02, 0.0348671],
        "M_G1C10_M M_G1C10H1_M": [-0.288909, 0.0692279, 0.00408639, -0.24, 0.02, 0.0258439],
        "M_G1C10_M M_G1C10H2_M": [-0.291066, 0.0678375, 0.00400432, -0.24, 0.02, 0.0228872],
        "M_G1C11_M M_G1C11H1_M": [-0.281753, 0.0677191, 0.00399733, -0.21, 0.02, 0.0106785],
        "M_G1C11_M M_G1C11H2_M": [-0.282041, 0.0692239, 0.00408616, -0.21, 0.02, 0.0108197],
        "M_G1C12_M M_G1C12H1_M": [-0.268167, 0.0716583, 0.00422986, -0.21, 0.02, 0.0179251],
        "M_G1C12_M M_G1C12H2_M": [-0.269243, 0.0693001, 0.00409065, -0.21, 0.02, 0.0166438],
        "M_G1C13_M M_G1C13H1_M": [-0.250535, 0.0729884, 0.00430837, -0.17, 0.02, 0.00898383],
        "M_G1C13_M M_G1C13H2_M": [-0.251764, 0.0723507, 0.00427073, -0.17, 0.02, 0.00862409],
        "M_G1C14_M M_G1C14H1_M": [-0.226022, 0.0730681, 0.00431307, -0.17, 0.02, 0.0198924],
        "M_G1C14_M M_G1C14H2_M": [-0.226071, 0.0730275, 0.00431068, -0.17, 0.02, 0.0198419],
        "M_G1C15_M M_G1C15H1_M": [-0.192945, 0.0693071, 0.00409107, -0.14, 0.02, 0.0214924],
        "M_G1C15_M M_G1C15H2_M": [-0.193166, 0.069339, 0.00409295, -0.14, 0.02, 0.0212965],
        "M_G1C16_M M_G1C16H1_M": [-0.142086, 0.0578668, 0.00341577, -0.11, 0.02, 0.0668299],
        "M_G1C16_M M_G1C16H2_M": [-0.143358, 0.0579899, 0.00342304, -0.11, 0.02, 0.0594568],
        "M_G1C17_M M_G1C17H1_M": [-0.0360707, 0.0226056, 0.00133437, -0.03, 0.02, 0.953322],
        "M_G1C17_M M_G1C17H2_M": [-0.0351988, 0.0230091, 0.00135819, -0.03, 0.02, 0.953733],
        "M_G1C17_M M_G1C17H3_M": [-0.0355592, 0.0227914, 0.00134533, -0.03, 0.02, 0.953692],
        "M_G2_M M_G2H1_M": [-0.188029, 0.288984, 0.0170582, -0.2, 0.02, 0.484023],
        "M_G2C3_M M_G2C3H1_M": [-0.177969, 0.200374, 0.0118277, -0.08, 0.02, 0.0161136],
        "M_G2C3_M M_G2C3H2_M": [-0.126847, 0.257771, 0.0152158, -0.14, 0.02, 0.497641],
        "M_G2C4_M M_G2C4H1_M": [-0.224885, 0.152204, 0.00898432, -0.23, 0.02, 0.717788],
        "M_G2C4_M M_G2C4H2_M": [-0.229808, 0.159996, 0.00944424, -0.23, 0.02, 0.719123],
        "M_G2C5_M M_G2C5H1_M": [-0.239486, 0.127342, 0.00751674, -0.23, 0.02, 0.722981],
        "M_G2C5_M M_G2C5H2_M": [-0.227389, 0.123461, 0.00728764, -0.23, 0.02, 0.774429],
        "M_G2C6_M M_G2C6H1_M": [-0.255213, 0.106848, 0.00630701, -0.24, 0.02, 0.650247],
        "M_G2C6_M M_G2C6H2_M": [-0.263493, 0.105458, 0.00622497, -0.24, 0.02, 0.29197],
        "M_G2C7_M M_G2C7H1_M": [-0.253391, 0.0996421, 0.00588169, -0.23, 0.02, 0.290658],
        "M_G2C7_M M_G2C7H2_M": [-0.248195, 0.101661, 0.00600085, -0.23, 0.02, 0.54338],
        "M_G2C8_M M_G2C8H1_M": [-0.242741, 0.0874517, 0.00516211, -0.22, 0.02, 0.306381],
        "M_G2C8_M M_G2C8H2_M": [-0.237921, 0.0891926, 0.00526487, -0.22, 0.02, 0.57582],
        "M_G2C9_M M_G2C9H1_M": [-0.151969, 0.087995, 0.00519418, -0.16, 0.02, 0.811347],
        "M_G2C9_M M_G2C9H2_M": [-0.149526, 0.0898561, 0.00530404, -0.16, 0.02, 0.783436],
        "M_G2C10_M M_G2C10H1_M": [-0.111444, 0.0895535, 0.00528618, -0.13, 0.02, 0.54151],
        "M_G2C11_M M_G2C11H1_M": [-0.103875, 0.0809235, 0.00477676, -0.06, 0.02, 0.0390967],
        "M_G2C12_M M_G2C12H1_M": [-0.133847, 0.0676481, 0.00399314, -0.11, 0.02, 0.227022],
        "M_G2C12_M M_G2C12H2_M": [-0.132936, 0.0796157, 0.00469956, -0.11, 0.02, 0.287528],
        "M_G2C13_M M_G2C13H1_M": [-0.210001, 0.0683294, 0.00403336, -0.17, 0.02, 0.0419755],
        "M_G2C13_M M_G2C13H2_M": [-0.208363, 0.0715726, 0.0042248, -0.17, 0.02, 0.0489786],
        "M_G2C14_M M_G2C14H1_M": [-0.218369, 0.0707748, 0.0041777, -0.17, 0.02, 0.0271141],
        "M_G2C14_M M_G2C14H2_M": [-0.218886, 0.0704761, 0.00416007, -0.17, 0.02, 0.0263297],
        "M_G2C15_M M_G2C15H1_M": [-0.226371, 0.0705514, 0.00416452, -0.16, 0.02, 0.0131745],
        "M_G2C15_M M_G2C15H2_M": [-0.226599, 0.0706701, 0.00417152, -0.16, 0.02, 0.0130977],
        "M_G2C16_M M_G2C16H1_M": [-0.206711, 0.0695824, 0.00410732, -0.16, 0.02, 0.028993],
        "M_G2C16_M M_G2C16H2_M": [-0.207113, 0.0693005, 0.00409068, -0.16, 0.02, 0.0282882],
        "M_G2C17_M M_G2C17H1_M": [-0.186961, 0.063997, 0.00377763, -0.14, 0.02, 0.026373],
        "M_G2C17_M M_G2C17H2_M": [-0.187533, 0.0641039, 0.00378393, -0.14, 0.02, 0.0256579],
        "M_G2C18_M M_G2C18H1_M": [-0.135217, 0.0538237, 0.00317711, -0.11, 0.02, 0.151798],
        "M_G2C18_M M_G2C18H2_M": [-0.13627, 0.0535169, 0.003159, -0.11, 0.02, 0.126868],
        "M_G2C19_M M_G2C19H1_M": [-0.0420896, 0.0205656, 0.00121395, -0.03, 0.02, 0.939494],
        "M_G2C19_M M_G2C19H2_M": [-0.0418621, 0.0205369, 0.00121225, -0.03, 0.02, 0.940824],
        "M_G2C19_M M_G2C19H3_M": [-0.0420545, 0.0197922, 0.0011683, -0.03, 0.02, 0.941933],
        "M_G3_M M_G3H1_M": [-0.189749, 0.295044, 0.0174159, -0.24, 0.02, 0.0889217],
        "M_G3_M M_G3H2_M": [-0.260923, 0.226159, 0.0133497, -0.24, 0.02, 0.377647],
        "M_G3C4_M M_G3C4H1_M": [0.0850485, 0.328627, 0.0193982, 0.09, 0.02, 0.499668],
        "M_G3C4_M M_G3C4H2_M": [0.12787, 0.332742, 0.0196412, 0.09, 0.02, 0.160867],
        "M_G3C5_M M_G3C5H1_M": [0.103787, 0.328033, 0.0193632, -0.02, 0.02, 0.0161018],
        "M_G3C5_M M_G3C5H2_M": [0.0687375, 0.318129, 0.0187786, -0.02, 0.02, 0.0304544],
        "M_G3N6C1_M M_G3N6C1H1_M": [-0.0174889, 0.0954148, 0.00563216, 0, 0.02, 0.586031],
        "M_G3N6C1_M M_G3N6C1H2_M": [-0.0196969, 0.0854051, 0.0050413, 0, 0.02, 0.478907],
        "M_G3N6C1_M M_G3N6C1H3_M": [-0.0158347, 0.0855676, 0.0050509, 0, 0.02, 0.674935],
        "M_G3N6C2_M M_G3N6C2H1_M": [-0.0315767, 0.0915352, 0.00540315, 0, 0.02, 0.105774],
        "M_G3N6C2_M M_G3N6C2H2_M": [-0.0292018, 0.0833663, 0.00492096, 0, 0.02, 0.124587],
        "M_G3N6C2_M M_G3N6C2H3_M": [-0.0237839, 0.0878724, 0.00518695, 0, 0.02, 0.261849],
        "M_G3N6C3_M M_G3N6C3H1_M": [-0.0153129, 0.0830013, 0.00489941, 0, 0.02, 0.699068],
        "M_G3N6C3_M M_G3N6C3H2_M": [-0.00961784, 0.0875111, 0.00516562, 0, 0.02, 0.798078],
        "M_G3N6C3_M M_G3N6C3H3_M": [-0.0140152, 0.0858286, 0.0050663, 0, 0.02, 0.729331]
    }
}