{"headgroup": 0.3850599271504326, "tails": 0.4498633742651118, "total": 0.42826222522688545}