{"headgroup": 0.3850599271504326, "tails": 0.31454941333719855, "total": 0.3380529179416099}