{"unpublished/ferreiraPOPE": {"M_G1C3_M M_G1C3H1_M": [-0.2556346314668691, 0.015235968786979345, 0.0012740957162828905, -0.2223, 0.02, 25.208244574392406], "M_G1C3_M M_G1C3H2_M": [-0.23911127751585276, 0.017705979473624827, 0.0014806483864168317, -0.2223, 0.02, 0.006844201295797544], "M_G1C4_M M_G1C4H1_M": [-0.21891722357747423, 0.011889262154634397, 0.0009942300481692702, -0.2179, 0.02, 0.0], "M_G1C4_M M_G1C4H2_M": [-0.2100679277138854, 0.012615236162953597, 0.0010549390445622456, -0.2179, 0.02, 0.0], "M_G1C5_M M_G1C5H1_M": [-0.2499611251734689, 0.01070217262348999, 0.0008949606346110129, -0.249, 0.02, 0.0], "M_G1C5_M M_G1C5H2_M": [-0.24760099028616667, 0.010037264809629805, 0.0008393582499378267, -0.249, 0.02, 0.0], "M_G1C6_M M_G1C6H1_M": [-0.2554920256961424, 0.01072200826942892, 0.0008966193746539889, -0.2579, 0.02, 0.0], "M_G1C6_M M_G1C6H2_M": [-0.25370654756925676, 0.009663000232213463, 0.0008080606736885172, -0.2579, 0.02, 0.0], "M_G1C7_M M_G1C7H1_M": [-0.26882904527158924, 0.009965901121688544, 0.0008333905185532748, -0.2579, 0.02, 0.0], "M_G1C7_M M_G1C7H2_M": [-0.2674838002181288, 0.009502346564585911, 0.0007946261390953295, -0.2579, 0.02, 0.0], "M_G1C8_M M_G1C8H1_M": [-0.2647062310268444, 0.009479608411100095, 0.0007927246791778467, -0.249, 0.02, 1.3199813309909505e-08], "M_G1C8_M M_G1C8H2_M": [-0.2643362917866528, 0.009887359910770268, 0.0008268225725446059, -0.249, 0.02, 3.6814842959221982e-09], "M_G1C9_M M_G1C9H1_M": [-0.2665310142494537, 0.008711330212943427, 0.0007284780287107309, -0.2446, 0.02, 2.3962446833818616], "M_G1C9_M M_G1C9H2_M": [-0.2657966415759338, 0.010231285421047495, 0.0008555830685453001, -0.2446, 0.02, 1.091716446815364], "M_G1C10_M M_G1C10H1_M": [-0.25424835200729223, 0.009605451280467504, 0.000803248188580333, -0.2357, 0.02, 0.01563645199917379], "M_G1C10_M M_G1C10H2_M": [-0.2536771525066525, 0.010317614619674084, 0.0008628022788034801, -0.2357, 0.02, 0.004156956055888226], "M_G1C11_M M_G1C11H1_M": [-0.247192151613029, 0.008539087408698973, 0.0007140743618276669, -0.2268, 0.02, 0.5354467236458451], "M_G1C11_M M_G1C11H2_M": [-0.24710362264668925, 0.009811683032509325, 0.0008204941540658065, -0.2268, 0.02, 0.4489488947821746], "M_G1C12_M M_G1C12H1_M": [-0.22827399628048528, 0.008567038434268323, 0.0007164117440080542, -0.2001, 0.02, 29.72781250743964], "M_G1C12_M M_G1C12H2_M": [-0.22764615803579868, 0.00918719725511761, 0.0007682720298951177, -0.2001, 0.02, 22.345307104678916], "M_G1C13_M M_G1C13H1_M": [-0.21355994467217776, 0.008785066899085014, 0.0007346442001737613, -0.1779, 0.02, 100.3977370934704], "M_G1C13_M M_G1C13H2_M": [-0.2132935758706812, 0.008590492865195304, 0.0007183731020542493, -0.1779, 0.02, 101.43975897521734], "M_G1C14_M M_G1C14H1_M": [-0.18623212679477438, 0.008162878912449247, 0.0006826142269191053, -0.1512, 0.02, 107.04673799965916], "M_G1C14_M M_G1C14H2_M": [-0.18594964870276906, 0.008370168702552064, 0.0006999486699920581, -0.1512, 0.02, 98.14780913118102], "M_G1C15_M M_G1C15H1_M": [-0.1616447377960003, 0.007473400902760366, 0.0006249571792513135, -0.1245, 0.02, 165.26181465542544], "M_G1C16_M M_G1C16H1_M": [-0.12069078782229845, 0.007720414283381438, 0.0006456134758422347, -0.0889, 0.02, 74.08800103965544], "M_G1C16_M M_G1C16H2_M": [-0.12008179464380508, 0.007987786099793457, 0.000667972230359798, -0.0889, 0.02, 62.47437104966821], "M_G1C17_M M_G1C17H1_M": [-0.039059835514731314, 0.007113700515780492, 0.0005948775217904757, -0.0222, 0.02, 2.8255654808522522e-08], "M_G1C17_M M_G1C17H2_M": [-0.0380554712353974, 0.007024278594605089, 0.0005873996850802342, -0.0222, 0.02, 3.728572149429885e-13], "M_G1C17_M M_G1C17H3_M": [-0.03902615203784022, 0.006815578241212197, 0.000569947284779188, -0.0222, 0.02, 5.573998232619851e-09], "M_G2C3_M M_G2C3H1_M": [-0.0971160371745396, 0.021204014902696494, 0.0017731688042451222, -0.129, 0.02, 10.988349452057241], "M_G2C3_M M_G2C3H2_M": [-0.13899199127938863, 0.0176773332267551, 0.0014782528669106817, -0.0889, 0.02, 91.69146969226402], "M_G2C4_M M_G2C4H1_M": [-0.2340307014037066, 0.013183003465322928, 0.0011024181315772087, -0.2179, 0.02, 9.737882122528023e-05], "M_G2C4_M M_G2C4H2_M": [-0.2346981200477216, 0.012538259459940727, 0.0010485019292771254, -0.2179, 0.02, 0.0004910041246009599], "M_G2C5_M M_G2C5H1_M": [-0.2366975974036164, 0.011292574190020355, 0.0009443324938816816, -0.2135, 0.02, 3.4504118171880602], "M_G2C5_M M_G2C5H2_M": [-0.23786200408773084, 0.010462817262612088, 0.0008749447338023619, -0.2135, 0.02, 6.5099445923431185], "M_G2C6_M M_G2C6H1_M": [-0.2536955201891018, 0.010772178631064477, 0.000900814831059679, -0.2179, 0.02, 68.40973890479854], "M_G2C6_M M_G2C6H2_M": [-0.25134071130080404, 0.011002432815274216, 0.0009200696532412885, -0.2179, 0.02, 47.90585035528132], "M_G2C7_M M_G2C7H1_M": [-0.23214183050291057, 0.01096600791740905, 0.0009170236502607815, -0.2223, 0.02, 0.0], "M_G2C7_M M_G2C7H2_M": [-0.22987468580245154, 0.010968577118811863, 0.0009172384976753017, -0.2223, 0.02, 0.0], "M_G2C8_M M_G2C8H1_M": [-0.22211675659295882, 0.01054817865975303, 0.0008820830124345774, -0.1912, 0.02, 34.75449593112072], "M_G2C8_M M_G2C8H2_M": [-0.22059100463941578, 0.010378794186571585, 0.000867918371202853, -0.1912, 0.02, 26.859597496264943], "M_G2C9_M M_G2C9H1_M": [-0.13237520721465218, 0.01068654641033675, 0.0008936539050214065, -0.1467, 0.02, 4.6583622280168e-11], "M_G2C9_M M_G2C9H2_M": [-0.1309352188956541, 0.010211339261378776, 0.0008539150868799709, -0.1467, 0.02, 1.5325863019655687e-07], "M_G2C10_M M_G2C10H1_M": [-0.07982162147323302, 0.011209466755585804, 0.0009373827010798735, -0.1245, 0.02, Infinity], "M_G2C11_M M_G2C11H1_M": [-0.07371302600277346, 0.012205985222445212, 0.0010207157616534432, -0.04, 0.02, 40.72294166401658], "M_G2C12_M M_G2C12H1_M": [-0.11700217018273351, 0.011311343175819558, 0.0009459020353227337, -0.0934, 0.02, 4.15493179186531], "M_G2C12_M M_G2C12H2_M": [-0.11722834371307468, 0.012039476996370809, 0.0010067916442879257, -0.0934, 0.02, 4.14498797626841], "M_G2C13_M M_G2C13H1_M": [-0.1762822766888895, 0.01043946324270351, 0.0008729917725473524, NaN, 0.02, NaN], "M_G2C13_M M_G2C13H2_M": [-0.17701478751150349, 0.010535717639467796, 0.0008810409695695711, NaN, 0.02, NaN], "M_G2C14_M M_G2C14H1_M": [-0.18456555477780962, 0.009668874688303396, 0.0008085519203853515, -0.1512, 0.02, 60.95415223334786], "M_G2C14_M M_G2C14H2_M": [-0.1853982069497195, 0.010122693508802481, 0.0008465021566486717, -0.1512, 0.02, 62.71453029141937], "M_G2C15_M M_G2C15H1_M": [-0.18996956948946686, 0.009424596564178381, 0.0007881243574334451, -0.1512, 0.02, 124.93777778622227], "M_G2C15_M M_G2C15H2_M": [-0.19009966042728527, 0.009811296142692646, 0.0008204618007140115, -0.1512, 0.02, 116.9870002770914], "M_G2C16_M M_G2C16H1_M": [-0.17136914012134014, 0.008793691054880443, 0.0007353653883114596, -0.1379, 0.02, 74.51289822828272], "M_G2C16_M M_G2C16H2_M": [-0.17226659164844346, 0.008799708554648336, 0.0007358685969215716, -0.1379, 0.02, 84.45854868437276], "M_G2C17_M M_G2C17H1_M": [-0.15397072642502332, 0.00816036077877598, 0.0006824036500026653, -0.1245, 0.02, 43.36887642878478], "M_G2C17_M M_G2C17H2_M": [-0.15412962893045865, 0.008318425453187422, 0.0006956216821067595, -0.1245, 0.02, 43.15538878159525], "M_G2C18_M M_G2C18H1_M": [-0.11684059589527501, 0.008324302738481691, 0.0006961131653935459, -0.0889, 0.02, 29.714896738906692], "M_G2C18_M M_G2C18H2_M": [-0.11687905531772991, 0.008084371579109134, 0.000676049113895842, -0.0889, 0.02, 31.722412900910854], "M_G2C19_M M_G2C19H1_M": [-0.039599591966390166, 0.006984549551490538, 0.0005840773755932571, -0.0222, 0.02, 1.8459586037936655e-06], "M_G2C19_M M_G2C19H2_M": [-0.039118989826211994, 0.006874460354898823, 0.000574871254489465, -0.0222, 0.02, 1.8123649666550474e-08], "M_G2C19_M M_G2C19H3_M": [-0.03933521115087716, 0.006984571596811843, 0.0005840792191156371, -0.0222, 0.02, 2.0308689959317416e-07]},