{"headgroup": 5.6897470796337135, "sn-1": 35.93802675179433, "sn-2": 48.164575257751, "total": 29.930783029726346}