{"M_G1_M M_G1H1_M": [[-0.28156423343569503, 0.03378366608704199, 0.0021156152345615277]], "M_G1_M M_G1H2_M": [[0.03315645509228585, 0.051478097187977245, 0.003223683491795348]], "M_G1C3_M M_G1C3H1_M": [[-0.317921495720081, 0.01646473037620026, 0.0010310614107744134]], "M_G1C3_M M_G1C3H2_M": [[-0.30852670219184386, 0.017887041170174464, 0.0011201299676403386]], "M_G1C4_M M_G1C4H1_M": [[-0.2890528751111039, 0.01946530752131445, 0.0012189648403289571]], "M_G1C4_M M_G1C4H2_M": [[-0.2799725939694114, 0.021020966762064303, 0.001316384000849821]], "M_G1C5_M M_G1C5H1_M": [[-0.328888770091565, 0.020015005553228903, 0.00125338826636361]], "M_G1C5_M M_G1C5H2_M": [[-0.3256490527017142, 0.020167228986080147, 0.0012629208674959918]], "M_G1C6_M M_G1C6H1_M": [[-0.33528008291596895, 0.02212909495736777, 0.0013857776802033588]], "M_G1C6_M M_G1C6H2_M": [[-0.3326320811688403, 0.021632140776018792, 0.0013546572022116524]], "M_G1C7_M M_G1C7H1_M": [[-0.3512469228190164, 0.02088628982031021, 0.0013079502036122737]], "M_G1C7_M M_G1C7H2_M": [[-0.3507094963682247, 0.02028693234262484, 0.001270416982455263]], "M_G1C8_M M_G1C8H1_M": [[-0.348973477417513, 0.020403767365513217, 0.0012777334753934823]], "M_G1C8_M M_G1C8H2_M": [[-0.3478143563393087, 0.02044506195800057, 0.0012803194430840866]], "M_G1C9_M M_G1C9H1_M": [[-0.34934889565081384, 0.01790486678012894, 0.0011212462506360289]], "M_G1C9_M M_G1C9H2_M": [[-0.34934012326875974, 0.018870496804174977, 0.0011817163483619055]], "M_G1C10_M M_G1C10H1_M": [[-0.3341924773944118, 0.01807610460794295, 0.0011319695793690077]], "M_G1C10_M M_G1C10H2_M": [[-0.3337161370649212, 0.018195897790711152, 0.001139471319464593]], "M_G1C11_M M_G1C11H1_M": [[-0.32233003649900793, 0.017352855480436587, 0.0010866779621539454]], "M_G1C11_M M_G1C11H2_M": [[-0.3219004542887023, 0.016991607959414533, 0.001064055764878115]], "M_G1C12_M M_G1C12H1_M": [[-0.2948983601238395, 0.017760627430508255, 0.0011122136321897493]], "M_G1C12_M M_G1C12H2_M": [[-0.29543744109639497, 0.017650135883489553, 0.0011052943831194805]], "M_G1C13_M M_G1C13H1_M": [[-0.27401656602044155, 0.018135755742792317, 0.0011357050783323548]], "M_G1C13_M M_G1C13H2_M": [[-0.27428148659769286, 0.017706861933136423, 0.0011088467061420976]], "M_G1C14_M M_G1C14H1_M": [[-0.23729239095072288, 0.018155985511363684, 0.0011369719155805969]], "M_G1C14_M M_G1C14H2_M": [[-0.2360837783750294, 0.018485513539745094, 0.0011576077611771805]], "M_G1C15_M M_G1C15H1_M": [[-0.20326557095544753, 0.01761846178861528, 0.0011033108743586399]], "M_G1C15_M M_G1C15H2_M": [[-0.20189810159193305, 0.01785201260774869, 0.0011179363939730574]], "M_G1C16_M M_G1C16H1_M": [[-0.1446220879825283, 0.016929631514623077, 0.0010601746493577643]], "M_G1C16_M M_G1C16H2_M": [[-0.14252808970771425, 0.017051388599988043, 0.0010677993738044912]], "M_G1C17_M M_G1C17H1_M": [[-0.04480578141234303, 0.014817214978959985, 0.0009278899946055475]], "M_G1C17_M M_G1C17H2_M": [[-0.04577073659442947, 0.015214267221602972, 0.0009527543705228348]], "M_G1C17_M M_G1C17H3_M": [[-0.046183127462162785, 0.014136968376441057, 0.0008852912999629978]], "M_G2_M M_G2H1_M": [[-0.2630376289704336, 0.03909727103543615, 0.0024483660837529954]], "M_G2C3_M M_G2C3H1_M": [[-0.1699968713876869, 0.029232114808816614, 0.0018305860373070886]], "M_G2C3_M M_G2C3H2_M": [[-0.16674436710168922, 0.027665596712515596, 0.001732486868874272]], "M_G2C4_M M_G2C4H1_M": [[-0.2711551949560871, 0.021338960286389062, 0.0013362975277838149]], "M_G2C4_M M_G2C4H2_M": [[-0.2601077076096162, 0.021786551430255884, 0.0013643267724602142]], "M_G2C5_M M_G2C5H1_M": [[-0.2810363299752387, 0.02268628757738971, 0.0014206704355504704]], "M_G2C5_M M_G2C5H2_M": [[-0.2812986615593534, 0.02301963405452409, 0.0014415454016833914]], "M_G2C6_M M_G2C6H1_M": [[-0.3065007297748052, 0.023598305357924575, 0.0014777832043577203]], "M_G2C6_M M_G2C6H2_M": [[-0.3068058030377401, 0.023910801695064817, 0.0014973524840769556]], "M_G2C7_M M_G2C7H1_M": [[-0.2889557974134893, 0.02707944179452768, 0.0016957804240759664]], "M_G2C7_M M_G2C7H2_M": [[-0.2907496578324039, 0.026967299313126605, 0.0016887577894843747]], "M_G2C8_M M_G2C8H1_M": [[-0.2835206265297261, 0.02562312938490203, 0.0016045826034443336]], "M_G2C8_M M_G2C8H2_M": [[-0.28462298165787375, 0.026262509583159278, 0.0016446221445830865]], "M_G2C9_M M_G2C9H1_M": [[-0.2019405303360147, 0.0247011859153655, 0.001546848263881224]], "M_G2C9_M M_G2C9H2_M": [[-0.20144981129582396, 0.024595362537841243, 0.0015402213469241875]], "M_G2C10_M M_G2C10H1_M": [[-0.15356923252901689, 0.02284690529947806, 0.0014307287074655194]], "M_G2C11_M M_G2C11H1_M": [[-0.03952260869427554, 0.02025647217965841, 0.0012685094930592641]], "M_G2C12_M M_G2C12H1_M": [[-0.133510228107949, 0.02116199742952895, 0.0013252156838252523]], "M_G2C12_M M_G2C12H2_M": [[-0.13279633899576643, 0.021144330066449068, 0.001324109310633248]], "M_G2C13_M M_G2C13H1_M": [[-0.2221848485736848, 0.021900703869031674, 0.001371475275465015]], "M_G2C13_M M_G2C13H2_M": [[-0.22146910958652957, 0.021221342680337416, 0.0013289320275869324]], "M_G2C14_M M_G2C14H1_M": [[-0.23277840408766626, 0.021160977610064243, 0.0013251518202531203]], "M_G2C14_M M_G2C14H2_M": [[-0.23162965547348835, 0.01837594704933457, 0.0011507464413987787]], "M_G2C15_M M_G2C15H1_M": [[-0.24018733781789367, 0.018514254117415762, 0.0011594075659648996]], "M_G2C15_M M_G2C15H2_M": [[-0.2388392297114293, 0.018375793821342985, 0.001150736845889738]], "M_G2C16_M M_G2C16H1_M": [[-0.21739234133352223, 0.0187341896975748, 0.001173180466241849]], "M_G2C16_M M_G2C16H2_M": [[-0.21634849024556985, 0.01929390219748376, 0.0012082310225885477]], "M_G2C17_M M_G2C17H1_M": [[-0.19320870251581296, 0.01757772706982067, 0.0011007599673186692]], "M_G2C17_M M_G2C17H2_M": [[-0.19302144219104891, 0.018039737425986777, 0.0011296921780950808]], "M_G2C18_M M_G2C18H1_M": [[-0.1425373103732328, 0.01668957186741552, 0.001045141531118694]], "M_G2C18_M M_G2C18H2_M": [[-0.1401530379148835, 0.017189757043135613, 0.0010764643418263555]], "M_G2C19_M M_G2C19H1_M": [[-0.04544021946298153, 0.015224257151706512, 0.0009533799642125428]], "M_G2C19_M M_G2C19H2_M": [[-0.04611816827298219, 0.013763180148277437, 0.0008618837731432241]], "M_G2C19_M M_G2C19H3_M": [[-0.04663632716981553, 0.014793034985147198, 0.000926375784657162]], "M_G3_M M_G3H1_M": [[-0.14276416021232152, 0.06192728537444356, 0.0038780370382438664]], "M_G3_M M_G3H2_M": [[-0.24212810915317184, 0.0378775507934066, 0.002371984239364279]], "M_G3C4_M M_G3C4H1_M": [[0.13808654434516868, 0.04093527432378803, 0.0025634663143790284]], "M_G3C4_M M_G3C4H2_M": [[0.1497313478163441, 0.035930577008744476, 0.002250060011558138]], "M_G3C5_M M_G3C5H1_M": [[-0.025070508879852193, 0.025102895999309878, 0.0015720043251352064]], "M_G3C5_M M_G3C5H2_M": [[-0.012383733177911261, 0.02238363055608857, 0.0014017173176898456]], "M_G3N6C1_M M_G3N6C1H1_M": [[0.013442570735401588, 0.016234579195823273, 0.0010166487847970147]], "M_G3N6C1_M M_G3N6C1H2_M": [[0.013194155577051354, 0.0159512026153375, 0.000998903054974531]], "M_G3N6C1_M M_G3N6C1H3_M": [[0.014997520570388017, 0.01655012180798382, 0.0010364088296577541]], "M_G3N6C2_M M_G3N6C2H1_M": [[0.014475337812414635, 0.01471426941271487, 0.0009214432931813269]], "M_G3N6C2_M M_G3N6C2H2_M": [[0.01351600295069374, 0.015415946258015848, 0.0009653840016832738]], "M_G3N6C2_M M_G3N6C2H3_M": [[0.014612400763350443, 0.015592230306538408, 0.0009764233370148398]], "M_G3N6C3_M M_G3N6C3H1_M": [[0.014168820433064054, 0.01445415654569616, 0.0009051543936062351]], "M_G3N6C3_M M_G3N6C3H2_M": [[0.01486095373591448, 0.01660730459337973, 0.001039989754582437]], "M_G3N6C3_M M_G3N6C3H3_M": [[0.013479577706395227, 0.017014134232996504, 0.001065466414848581]]}