{"POPC": 0.3122532635164994, "POPS": 0.2963408142118877}