{"M_G1_M M_G1H1_M": [[-0.23704385435748043, 0.08965096107627764, 0.02703078181679722]], "M_G1_M M_G1H2_M": [[0.08554513448518991, 0.1463346651786996, 0.04412156165636657]], "M_G1C3_M M_G1C3H1_M": [[-0.2581810851603959, 0.03643680919839761, 0.01098611133353229]], "M_G1C3_M M_G1C3H2_M": [[-0.25195553533686693, 0.037930188074319034, 0.011436382006375386]], "M_G1C4_M M_G1C4H1_M": [[-0.21977816311900322, 0.024540374072192377, 0.007399201182948012]], "M_G1C4_M M_G1C4H2_M": [[-0.21040581978762143, 0.032476101114176883, 0.009791912913578879]], "M_G1C5_M M_G1C5H1_M": [[-0.2529074366793916, 0.02178270456380195, 0.006567732541572114]], "M_G1C5_M M_G1C5H2_M": [[-0.25174280126282966, 0.021984470277580662, 0.006628567193223226]], "M_G1C6_M M_G1C6H1_M": [[-0.24853130981979077, 0.021144856350803015, 0.006375414069234282]], "M_G1C6_M M_G1C6H2_M": [[-0.24590935317885834, 0.021301049272344077, 0.006422508007021656]], "M_G1C7_M M_G1C7H1_M": [[-0.26049337286146085, 0.019236757879689703, 0.005800100733622132]], "M_G1C7_M M_G1C7H2_M": [[-0.2609675563986315, 0.019871932506960135, 0.005991613089532119]], "M_G1C8_M M_G1C8H1_M": [[-0.25150241614495267, 0.020523496104234797, 0.006188066905824327]], "M_G1C8_M M_G1C8H2_M": [[-0.2500685956164827, 0.02108837497058027, 0.006358384292339713]], "M_G1C9_M M_G1C9H1_M": [[-0.25011649222180193, 0.021397372288438708, 0.006451550489118134]], "M_G1C9_M M_G1C9H2_M": [[-0.25110800793283, 0.020018960225669034, 0.006035943614690241]], "M_G1C10_M M_G1C10H1_M": [[-0.23429768524161818, 0.022889294528383935, 0.006901381969689488]], "M_G1C10_M M_G1C10H2_M": [[-0.23360628514044823, 0.024635008264218647, 0.007427734465428883]], "M_G1C11_M M_G1C11H1_M": [[-0.22412481435694473, 0.02392095279258972, 0.007212438640074936]], "M_G1C11_M M_G1C11H2_M": [[-0.22624843552140803, 0.023128781948154244, 0.006973590143633893]], "M_G1C12_M M_G1C12H1_M": [[-0.20282457684482713, 0.024978423166046176, 0.0075312779542269425]], "M_G1C12_M M_G1C12H2_M": [[-0.20356008274554793, 0.025581896045110648, 0.007713231873409885]], "M_G1C13_M M_G1C13H1_M": [[-0.18804647702713484, 0.024082854657977236, 0.007261253889197575]], "M_G1C13_M M_G1C13H2_M": [[-0.1886815220543706, 0.02330959802511849, 0.00702810824212066]], "M_G1C14_M M_G1C14H1_M": [[-0.16286632533151904, 0.025069978675387204, 0.007558882978951857]], "M_G1C14_M M_G1C14H2_M": [[-0.16309575531701884, 0.02322927317746996, 0.007003889389303147]], "M_G1C15_M M_G1C15H1_M": [[-0.1398957026077868, 0.021686498095238073, 0.006538725199878341]], "M_G1C15_M M_G1C15H2_M": [[-0.13869279350957645, 0.019849011112458372, 0.005984702029056295]], "M_G1C16_M M_G1C16H1_M": [[-0.10253119033853403, 0.01882356940380014, 0.005675519720692633]], "M_G1C16_M M_G1C16H2_M": [[-0.10223791677157874, 0.01787745427778635, 0.0053902552769228545]], "M_G1C17_M M_G1C17H1_M": [[-0.030552876442629082, 0.005613225318960947, 0.0016924511133378614]], "M_G1C17_M M_G1C17H2_M": [[-0.031643906937358766, 0.005414948463738085, 0.0016326683921209656]], "M_G1C17_M M_G1C17H3_M": [[-0.03164657849702806, 0.004808188613459278, 0.0014497234138275998]], "M_G2_M M_G2H1_M": [[-0.23480817131278084, 0.12186640646673451, 0.03674410407264539]], "M_G2C3_M M_G2C3H1_M": [[-0.17941748436352464, 0.06681740836973525, 0.02014620663876039]], "M_G2C3_M M_G2C3H2_M": [[-0.15752851618506727, 0.0692714780676655, 0.020886136493070886]], "M_G2C4_M M_G2C4H1_M": [[-0.21549762060623787, 0.041494831177492496, 0.012511162341353068]], "M_G2C4_M M_G2C4H2_M": [[-0.18209140400608573, 0.05206081708837426, 0.015696926960132737]], "M_G2C5_M M_G2C5H1_M": [[-0.22012583333332184, 0.04071469810543581, 0.012275943369847678]], "M_G2C5_M M_G2C5H2_M": [[-0.19587681222378384, 0.055299816731626365, 0.016673522097656577]], "M_G2C6_M M_G2C6H1_M": [[-0.22293136899416435, 0.030608778038439435, 0.009228893822252197]], "M_G2C6_M M_G2C6H2_M": [[-0.21477467063436462, 0.042217336861444035, 0.012729006001586374]], "M_G2C7_M M_G2C7H1_M": [[-0.2045699171617875, 0.02528941264544231, 0.00762504481030921]], "M_G2C7_M M_G2C7H2_M": [[-0.19312998182389807, 0.036652167592786, 0.01105104433259044]], "M_G2C8_M M_G2C8H1_M": [[-0.19523190745541505, 0.02230244305941632, 0.006724439594213627]], "M_G2C8_M M_G2C8H2_M": [[-0.1872659920854878, 0.02974361580592015, 0.008968037594247406]], "M_G2C9_M M_G2C9H1_M": [[-0.13446629279548125, 0.022197040065107847, 0.006692659395677157]], "M_G2C9_M M_G2C9H2_M": [[-0.13231637993077625, 0.02104022013634075, 0.0063438650635202366]], "M_G2C10_M M_G2C10H1_M": [[-0.1051121519544821, 0.018355006677566055, 0.005534242743086771]], "M_G2C11_M M_G2C11H1_M": [[-0.005586296591361047, 0.028205682660634685, 0.008504333303741677]], "M_G2C12_M M_G2C12H1_M": [[-0.06629151639945859, 0.022906901946144687, 0.006906690805893075]], "M_G2C12_M M_G2C12H2_M": [[-0.06942591629382895, 0.020868444293262286, 0.00629207269810767]], "M_G2C13_M M_G2C13H1_M": [[-0.12189313458334826, 0.02310438960933716, 0.006966235576759758]], "M_G2C13_M M_G2C13H2_M": [[-0.12558371965350376, 0.018560276167104987, 0.005596133822878446]], "M_G2C14_M M_G2C14H1_M": [[-0.13255519294920362, 0.018361132893255812, 0.005536089866616563]], "M_G2C14_M M_G2C14H2_M": [[-0.13061485447341892, 0.01925925766217994, 0.0058068846732934705]], "M_G2C15_M M_G2C15H1_M": [[-0.14180580447971475, 0.017476065244084158, 0.005269231929672537]], "M_G2C15_M M_G2C15H2_M": [[-0.14085684570294785, 0.017311571396346315, 0.0052196351684663305]], "M_G2C16_M M_G2C16H1_M": [[-0.1284046136493176, 0.015322707124297624, 0.004619970027618254]], "M_G2C16_M M_G2C16H2_M": [[-0.12985692299389498, 0.01592382145936991, 0.004801212819030868]], "M_G2C17_M M_G2C17H1_M": [[-0.11765089267248661, 0.013554444918597891, 0.004086818912411686]], "M_G2C17_M M_G2C17H2_M": [[-0.1171434054626831, 0.013510375522676322, 0.004073531489592644]], "M_G2C18_M M_G2C18H1_M": [[-0.08950648018082262, 0.010926990987125528, 0.0032946117447173228]], "M_G2C18_M M_G2C18H2_M": [[-0.08942863016870557, 0.010068979305635727, 0.003035911488967905]], "M_G2C19_M M_G2C19H1_M": [[-0.027688039673815123, 0.003501236612618584, 0.0010556625587555238]], "M_G2C19_M M_G2C19H2_M": [[-0.027269089290311396, 0.004229867520570574, 0.0012753530435130449]], "M_G2C19_M M_G2C19H3_M": [[-0.02808219368276002, 0.003323490101957136, 0.0010020699693319849]], "M_G3_M M_G3H1_M": [[-0.11834501101727317, 0.1201001447824189, 0.03621155613733121]], "M_G3_M M_G3H2_M": [[-0.17113840512676295, 0.13808858522967954, 0.04163527500344179]], "M_G3C4_M M_G3C4H1_M": [[0.012128525025516668, 0.20306475200914395, 0.06122632641462712]], "M_G3C4_M M_G3C4H2_M": [[0.06937728026470197, 0.25849791027130653, 0.07794005249644373]], "M_G3C5_M M_G3C5H1_M": [[0.1316100751370187, 0.2225026742542799, 0.06708708048655608]]}