{"sn-1": 0.373337971436036, "sn-2": 0.71223203549704, "headgroup": 0.029147661152617046, "total": 0.37157255602856437}