{"headgroup": 103.6670971657868, "sn-1": 2.3409186563308575, "sn-2": 1.7520965022285202, "total": 35.92003744144873}