{"M_C3_M M_C3H3_M": [[-0.39294334375403955, 0.003915644539867366, 0.0006115209380096665]], "M_C4_M M_C4H41_M": [[-0.3327390473474781, 0.005718544685901467, 0.0008930866361253292]], "M_C4_M M_C4H42_M": [[-0.24981056722940373, 0.009674876526456705, 0.0015109618629445137]], "M_C6_M M_C6H6_M": [[-0.07049939673917635, 0.010910472805443622, 0.0017039295820094641]], "M_C7_M M_C7H71_M": [[-0.3253166404610702, 0.0065593190228488, 0.0010243935272257927]], "M_C7_M M_C7H72_M": [[-0.3686208492603335, 0.00521176168192673, 0.0008139404279333862]], "M_C8_M M_C8H8_M": [[-0.44224499805782275, 0.004250764310953874, 0.000663857853343495]], "M_C14_M M_C14H14_M": [[-0.4397057646938556, 0.004338726225265133, 0.0006775951964044075]], "M_C15_M M_C15H151_M": [[-0.40749459431527363, 0.005010387240610128, 0.0007824910238847561]], "M_C15_M M_C15H152_M": [[-0.370295201266664, 0.007028188849411773, 0.0010976186918761905]], "M_C16_M M_C16H161_M": [[-0.07468640535485911, 0.008790313959387962, 0.0013728163992195457]], "M_C16_M M_C16H162_M": [[-0.1899624571899437, 0.008076204307652558, 0.0012612912085070652]], "M_C17_M M_C17H17_M": [[-0.4371496721440199, 0.004195761841335436, 0.0006552679107500197]], "M_C18_M M_C18H181_M": [[0.12320672983096637, 0.005558405493048457, 0.0008680770959516698]], "M_C18_M M_C18H182_M": [[0.12261060756037552, 0.00596245423080268, 0.0009311789073130895]], "M_C18_M M_C18H183_M": [[0.12385469929959506, 0.006716241253466614, 0.0010489006623053282]], "M_C12_M M_C12H121_M": [[-0.13219619221683446, 0.01036780950442832, 0.0016191798128510156]], "M_C12_M M_C12H122_M": [[-0.4337779609122836, 0.004152912858071572, 0.0006485760238406002]], "M_C11_M M_C11H111_M": [[-0.43847343699400776, 0.0042182953386819015, 0.0006587870517991242]], "M_C11_M M_C11H112_M": [[-0.24327943309218703, 0.007884461720095451, 0.0012313460472940163]], "M_C9_M M_C9H9_M": [[-0.43798518115267243, 0.004489421727142333, 0.0007011298798322613]], "M_C19_M M_C19H191_M": [[0.12334111506047436, 0.004948355609426295, 0.0007728033106866903]], "M_C19_M M_C19H192_M": [[0.12348690439646634, 0.004337165407732738, 0.0006773514376587517]], "M_C19_M M_C19H193_M": [[0.12268044608401431, 0.004551251560000061, 0.0007107860774265964]], "M_C1_M M_C1H11_M": [[-0.2681844884356933, 0.009338893698525315, 0.0014584901607764963]], "M_C1_M M_C1H12_M": [[-0.38949500744454635, 0.004658789658192273, 0.0007275807067676206]], "M_C2_M M_C2H21_M": [[-0.23029245442920543, 0.00782094947569346, 0.0012214271011597687]], "M_C2_M M_C2H22_M": [[-0.3584484054329916, 0.0050916870344215786, 0.0007951879185250584]], "M_C20_M M_C20H20_M": [[-0.4238354469012953, 0.0045999671129740875, 0.0007183941685970338]], "M_C21_M M_C21H211_M": [[0.1094732559030506, 0.004449460803300748, 0.0006948890320273768]], "M_C21_M M_C21H212_M": [[0.10835336426140445, 0.005186249681284583, 0.0008099561228197975]], "M_C21_M M_C21H213_M": [[0.109056283089992, 0.004590024449107445, 0.0007168413853777863]], "M_C22_M M_C22H221_M": [[-0.24397717799835872, 0.021275383729734657, 0.003322656712696304]], "M_C22_M M_C22H222_M": [[-0.38092769023805917, 0.0044425019648531875, 0.0006938022440486463]], "M_C23_M M_C23H231_M": [[-0.1788348104518514, 0.015024977971575567, 0.002346507332114394]], "M_C23_M M_C23H232_M": [[-0.35849653992562047, 0.003728413061525622, 0.0005822802936930713]], "M_C24_M M_C24H241_M": [[-0.21447931496673903, 0.005999949735750057, 0.0009370347213746344]], "M_C24_M M_C24H242_M": [[-0.2965727603231537, 0.004542704929318063, 0.0007094513179615163]], "M_C25_M M_C25H25_M": [[-0.20914007498129963, 0.004078692158524216, 0.0006369846979822857]], "M_C26_M M_C26H261_M": [[0.004752227047407822, 0.003508330432133333, 0.0005479091615345416]], "M_C26_M M_C26H262_M": [[0.0053774471233917895, 0.004253342924781861, 0.0006642605651654696]], "M_C26_M M_C26H263_M": [[0.005599266363438647, 0.003809418724077459, 0.0005949312527480707]], "M_C27_M M_C27H271_M": [[0.007529486600143159, 0.004119094455853629, 0.0006432944767451621]], "M_C27_M M_C27H272_M": [[0.007775864131744652, 0.0031784376679001225, 0.0004963885675244101]], "M_C27_M M_C27H273_M": [[0.008322242343132186, 0.0036221380679739403, 0.0005656829281554177]]}