{"M_G1_M M_G1H1_M": [[-0.08071464623375695, 0.07570744744986292, 0.005366758657636409]], "M_G1_M M_G1H2_M": [[-0.15190102475867348, 0.05760565296061667, 0.004083556468601396]], "M_G1C3_M M_G1C3H1_M": [[-0.22165084561060897, 0.03472071935892237, 0.0024612865377909143]], "M_G1C3_M M_G1C3H2_M": [[-0.22548147782112557, 0.030306180895997847, 0.002148348203275556]], "M_G1C4_M M_G1C4H1_M": [[-0.1797233824549121, 0.03106254257779533, 0.0022019652613170294]], "M_G1C4_M M_G1C4H2_M": [[-0.18941025408129833, 0.03123487976737793, 0.0022141819207789357]], "M_G1C5_M M_G1C5H1_M": [[-0.21306592251815967, 0.02730970209201635, 0.0019359334527407222]], "M_G1C5_M M_G1C5H2_M": [[-0.2201282569281858, 0.027902533067796182, 0.00197795812638843]], "M_G1C6_M M_G1C6H1_M": [[-0.19576685771947336, 0.02765717469505645, 0.001960565132495767]], "M_G1C6_M M_G1C6H2_M": [[-0.19693161921809058, 0.029754634469038345, 0.002109250113699447]], "M_G1C7_M M_G1C7H1_M": [[-0.20735343873496767, 0.025563767708185317, 0.0018121674457531592]], "M_G1C7_M M_G1C7H2_M": [[-0.20813180716960608, 0.02676718783873632, 0.0018974756369807878]], "M_G1C8_M M_G1C8H1_M": [[-0.1899677788392209, 0.026833644546936705, 0.0019021866281197853]], "M_G1C8_M M_G1C8H2_M": [[-0.19011764243328003, 0.025857136276279547, 0.00183296379215938]], "M_G1C9_M M_G1C9H1_M": [[-0.185533324839733, 0.027018834164658893, 0.001915314372056379]], "M_G1C9_M M_G1C9H2_M": [[-0.18694400563079439, 0.024947723702790737, 0.001768497244064932]], "M_G1C10_M M_G1C10H1_M": [[-0.16862861894933576, 0.025267799452956798, 0.0017911868124120985]], "M_G1C10_M M_G1C10H2_M": [[-0.1664852966952321, 0.024815326950998712, 0.0017591118871699801]], "M_G1C11_M M_G1C11H1_M": [[-0.15950763210174426, 0.023356042289232982, 0.0016556659402217127]], "M_G1C11_M M_G1C11H2_M": [[-0.15809792579199577, 0.022505863524212834, 0.0015953983654797147]], "M_G1C12_M M_G1C12H1_M": [[-0.1389402763980208, 0.02092887374257622, 0.001483608523810475]], "M_G1C12_M M_G1C12H2_M": [[-0.1393145324035815, 0.023061319387918795, 0.0016347735876789974]], "M_G1C13_M M_G1C13H1_M": [[-0.12810568324502009, 0.020186575187904586, 0.0014309883744193178]], "M_G1C13_M M_G1C13H2_M": [[-0.12841189346496906, 0.020274017728649462, 0.0014371870117845396]], "M_G1C14_M M_G1C14H1_M": [[-0.10761713149079816, 0.01718354762047943, 0.001218109394352358]], "M_G1C14_M M_G1C14H2_M": [[-0.11015065671295053, 0.01950332708800088, 0.001382554200781378]], "M_G1C15_M M_G1C15H1_M": [[-0.0927726808988108, 0.016797383132280918, 0.0011907349195797992]], "M_G1C15_M M_G1C15H2_M": [[-0.09421493048195202, 0.016392852500975018, 0.0011620585034415084]], "M_G1C16_M M_G1C16H1_M": [[-0.06643727095626899, 0.016474790660257588, 0.0011678669455503477]], "M_G1C16_M M_G1C16H2_M": [[-0.06815109554135768, 0.014551340592071475, 0.001031517185339434]], "M_G1C17_M M_G1C17H1_M": [[-0.020144240737401318, 0.013561857669248676, 0.0009613746006728543]], "M_G1C17_M M_G1C17H2_M": [[-0.021354553736098857, 0.014736991010044146, 0.0010446775945397106]], "M_G1C17_M M_G1C17H3_M": [[-0.022761576411305766, 0.01404990367248262, 0.0009959712645600525]], "M_G2_M M_G2H1_M": [[-0.028319712852984673, 0.0863811502397288, 0.006123397387194505]], "M_G2C3_M M_G2C3H1_M": [[-0.15432318591676733, 0.03962709073398645, 0.0028090899830482976]], "M_G2C3_M M_G2C3H2_M": [[-0.11430908500014375, 0.04314119243047107, 0.003058198047560883]], "M_G2C4_M M_G2C4H1_M": [[-0.20026896626578627, 0.03147130752534766, 0.002230941840175636]], "M_G2C4_M M_G2C4H2_M": [[-0.15875021084572233, 0.036491288931363136, 0.002586798886997205]], "M_G2C5_M M_G2C5H1_M": [[-0.1901684701395238, 0.031162251523904907, 0.002209033441103856]], "M_G2C5_M M_G2C5H2_M": [[-0.1811772397456248, 0.03090052712153093, 0.002190480290130361]], "M_G2C6_M M_G2C6H1_M": [[-0.19109877739639983, 0.03119294271500328, 0.0022112090819567517]], "M_G2C6_M M_G2C6H2_M": [[-0.18908460588598175, 0.029796393280360742, 0.0021122103173484407]], "M_G2C7_M M_G2C7H1_M": [[-0.17212313779971203, 0.028291099119320186, 0.002005502843471396]], "M_G2C7_M M_G2C7H2_M": [[-0.17184390301116131, 0.02953684781858484, 0.0020938116273786257]], "M_G2C8_M M_G2C8H1_M": [[-0.1674765152788489, 0.027435339910680086, 0.001944839681569619]], "M_G2C8_M M_G2C8H2_M": [[-0.16670792516182728, 0.028892921255889548, 0.002048164883608594]], "M_G2C9_M M_G2C9H1_M": [[-0.12114136448617728, 0.027097617209260513, 0.0019208991540155213]], "M_G2C9_M M_G2C9H2_M": [[-0.12470575290325649, 0.027760662102320473, 0.001967901160292218]], "M_G2C10_M M_G2C10H1_M": [[-0.09282469957556373, 0.0291920845140801, 0.0020693720047046285]], "M_G2C11_M M_G2C11H1_M": [[-0.0021252570936724307, 0.03522964570766909, 0.002497363370126921]], "M_G2C12_M M_G2C12H1_M": [[-0.06327439254241628, 0.027712659124904712, 0.001964498319444771]], "M_G2C12_M M_G2C12H2_M": [[-0.06175873900336446, 0.028605615040954605, 0.002027798286023648]], "M_G2C13_M M_G2C13H1_M": [[-0.099480581426958, 0.024521068486515876, 0.0017382524576813306]], "M_G2C13_M M_G2C13H2_M": [[-0.10042667957438678, 0.024487050796893096, 0.001735841007600191]], "M_G2C14_M M_G2C14H1_M": [[-0.09676952410785329, 0.022670326761004233, 0.0016070568552273405]], "M_G2C14_M M_G2C14H2_M": [[-0.09782408400641124, 0.021653273297348258, 0.0015349598467399054]], "M_G2C15_M M_G2C15H1_M": [[-0.10541636921682587, 0.020276021238040617, 0.0014373290367996842]], "M_G2C15_M M_G2C15H2_M": [[-0.10532884905184314, 0.020786696919919054, 0.0014735298760735283]], "M_G2C16_M M_G2C16H1_M": [[-0.09318202903801268, 0.018633895560568298, 0.0013209218338975136]], "M_G2C16_M M_G2C16H2_M": [[-0.09142359353375791, 0.017972973937136892, 0.0012740703422141014]], "M_G2C17_M M_G2C17H1_M": [[-0.08615145827544979, 0.017461330588124546, 0.0012378009068358643]], "M_G2C17_M M_G2C17H2_M": [[-0.08407595883474826, 0.01723909053591118, 0.0012220467272344515]], "M_G2C18_M M_G2C18H1_M": [[-0.0631031061724106, 0.016535303670058232, 0.0011721565990809638]], "M_G2C18_M M_G2C18H2_M": [[-0.0638302312170234, 0.015717299309729132, 0.0011141698074157472]], "M_G2C19_M M_G2C19H1_M": [[-0.021623299060681358, 0.014125016775550657, 0.0010012958912615309]], "M_G2C19_M M_G2C19H2_M": [[-0.0221275309940829, 0.014018529229686534, 0.000993747189278477]], "M_G2C19_M M_G2C19H3_M": [[-0.02138178431048372, 0.015689273804811655, 0.0011121831320460604]], "M_G3_M M_G3H1_M": [[-0.020987484419653656, 0.08074537243641414, 0.005723887691157213]], "M_G3_M M_G3H2_M": [[0.0009722556746155134, 0.07165544013796134, 0.005079519475040071]], "M_G3C4_M M_G3C4H1_M": [[0.04237925742750755, 0.03571313448737073, 0.0025316369810032117]], "M_G3C4_M M_G3C4H2_M": [[0.031141316318138226, 0.03450059393756154, 0.002445682260396191]], "M_G3C5_M M_G3C5H1_M": [[-0.03988003481858767, 0.032337083981024396, 0.002292315105892433]], "M_G3C5_M M_G3C5H2_M": [[-0.06540215338679536, 0.02694203319558421, 0.001909870095706032]], "M_G3N6C1_M M_G3N6C1H1_M": [[0.015765507915697974, 0.019393680273324745, 0.0013747815441700838]], "M_G3N6C1_M M_G3N6C1H2_M": [[0.015924529305204826, 0.01991294621779814, 0.0014115913310138932]], "M_G3N6C1_M M_G3N6C1H3_M": [[0.01580605242920374, 0.01870639224636705, 0.0013260609876963266]], "M_G3N6C2_M M_G3N6C2H1_M": [[0.012923847227732606, 0.01993995082725394, 0.0014135056370230736]], "M_G3N6C2_M M_G3N6C2H2_M": [[0.012661785719689456, 0.020552364315140764, 0.0014569184781487307]], "M_G3N6C2_M M_G3N6C2H3_M": [[0.016103332519172685, 0.01927182073770828, 0.0013661431507251281]], "M_G3N6C3_M M_G3N6C3H1_M": [[0.015192659842053749, 0.02104145804272664, 0.0014915894132460402]], "M_G3N6C3_M M_G3N6C3H2_M": [[0.01184628861384058, 0.019800267509179056, 0.001403603749139425]], "M_G3N6C3_M M_G3N6C3H3_M": [[0.0157859298355484, 0.01884618355789865, 0.0013359705310331481]]}