{"-24.959999084472656": [5.1998141289959054e-05, 0.0, 0.0], "-23.515717345254245": [0.0006946281948100563, 0.0, 0.0], "-22.071435606035834": [0.005506936468831145, 0.0, 0.0], "-20.627153866817423": [0.025651964694276323, 0.0, 0.0], "-19.182872127599015": [0.07682291937334605, 0.0, 0.0], "-17.738590388380604": [0.15349856494116618, 0.0, 0.0], "-16.294308649162193": [0.22429284986312745, 0.0, 0.0], "-14.850026909943784": [0.2641067047451381, 0.0, 0.0], "-13.405745170725373": [0.28145448646147897, 0.0, 0.0], "-11.961463431506962": [0.29115689680266066, 0.0, 0.0], "-10.517181692288553": [0.29663097414397616, 0.0, 0.0], "-9.072899953070142": [0.2990274030813671, 1.5647951057089653e-06, 0.0], "-7.6286182138517304": [0.2994467290477186, 7.773767508359857e-06, 0.0], "-6.184336474633319": [0.2999517431934445, 7.735108624220786e-05, 0.0], "-4.740054735414912": [0.3056637930146576, 0.001019784572620745, 0.0], "-3.2957729961965008": [0.3197205227400351, 0.006010836989470921, 0.0], "-1.8514912569780897": [0.34874404510683144, 0.020757122113213042, 0.0], "-0.4072095177596786": [0.36210023948930203, 0.0486694853366679, 0.0], "1.0370722214587325": [0.3565269743300373, 0.08118807596834664, 0.0], "2.48135396067714": [0.35811041220000583, 0.10604415618341402, 0.0], "3.925635699895551": [0.34604304241511075, 0.13378525091224946, 0.0], "5.369917439113962": [0.26422466651025484, 0.18409721274532262, 0.0], "6.814199178332373": [0.14767553031104305, 0.24610689211062614, 0.0], "8.258480917550784": [0.06170221502665774, 0.2965505546986161, 0.0], "9.702762656769195": [0.02033694251202047, 0.3220755272694043, 0.0], "11.147044395987606": [0.004728224008773085, 0.3307193123741467, 0.0], "12.591326135206018": [0.0007339186351723262, 0.33203035691391153, 0.0], "14.035607874424421": [8.312817513655049e-05, 0.33139686431856047, 0.0], "15.479889613642833": [3.3455319352596155e-06, 0.3304540213381018, 0.0], "16.924171352861244": [0.0, 0.33066862575674444, 0.0], "18.368453092079655": [0.0, 0.3297699015226465, 0.0], "19.812734831298066": [0.0, 0.3309821571234883, 0.0], "21.257016570516477": [0.0, 0.33054209636672227, 0.0], "22.701298309734888": [0.0, 0.33027140040025516, 0.0], "24.1455800489533": [0.0, 0.33041305185191155, 0.0], "25.58986178817171": [0.0, 0.3301416393863413, 0.0], "27.03414352739012": [0.0, 0.3305115052528112, 0.0], "28.478425266608532": [0.0, 0.3297991016290318, 0.0], "29.922707005826936": [0.0, 0.33052458625341974, 0.0], "31.366988745045347": [0.0, 0.32955086546968765, 0.0], "32.81127048426376": [0.0, 0.3309383672542667, 0.0], "34.25555222348217": [0.0, 0.33027057216163264, 0.0], "35.69983396270058": [0.0, 0.32967207190558795, 0.0], "37.14411570191899": [0.0, 0.33046319782403594, 0.0], "38.5883974411374": [0.0, 0.33049542658803094, 0.0], "40.032679180355814": [0.0, 0.32946691746284223, 0.0], "41.476960919574225": [0.0, 0.33059963372473156, 0.0], "42.921242658792636": [0.0, 0.32960433436042214, 0.0], "44.36552439801105": [0.0, 0.33108306696553597, 0.0], "45.80980613722946": [0.0, 0.3294893194291226, 0.0]}