{"M_C3_M M_C3H3_M": [[-0.3619366833258293, 0.012324704658750121, 0.0007718029437759634]], "M_C4_M M_C4H41_M": [[-0.3124458365367652, 0.014159479382058433, 0.0008867009938164333]], "M_C4_M M_C4H42_M": [[-0.20468487409102515, 0.02392800197707674, 0.0014984296075178938]], "M_C6_M M_C6H6_M": [[-0.04534138767686098, 0.026939213312352352, 0.0016869989758919474]], "M_C7_M M_C7H71_M": [[-0.2864348267205832, 0.017105221175360123, 0.001071170500439458]], "M_C7_M M_C7H72_M": [[-0.34111070848147235, 0.01367554671421095, 0.0008563959546308597]], "M_C8_M M_C8H8_M": [[-0.39759033377834996, 0.012717206904784057, 0.0007963823878531565]], "M_C14_M M_C14H14_M": [[-0.3927646820396411, 0.012751535052949535, 0.0007985320998780757]], "M_C15_M M_C15H151_M": [[-0.37164307000856966, 0.01393447083949877, 0.0008726104123111805]], "M_C15_M M_C15H152_M": [[-0.31437317247381474, 0.01914103797065211, 0.0011986582933805547]], "M_C16_M M_C16H161_M": [[-0.05352138221191213, 0.019667910445580094, 0.0012316523275909602]], "M_C16_M M_C16H162_M": [[-0.1855869717366285, 0.018539133655032774, 0.0011609655830455735]], "M_C17_M M_C17H17_M": [[-0.3905067460728971, 0.012412722579258007, 0.0007773148397632474]], "M_C18_M M_C18H181_M": [[0.10938590945805582, 0.015139866597261579, 0.0009480952226993867]], "M_C18_M M_C18H182_M": [[0.11064091940713011, 0.015575828992182874, 0.0009753962468693239]], "M_C18_M M_C18H183_M": [[0.1091499172003608, 0.015329898266265364, 0.000959995467419949]], "M_C12_M M_C12H121_M": [[-0.09840411586648222, 0.026095502660462493, 0.0016341637654058757]], "M_C12_M M_C12H122_M": [[-0.3911497222096229, 0.012812877952784116, 0.0008023735412742775]], "M_C11_M M_C11H111_M": [[-0.39235898890641974, 0.012850057233527803, 0.0008047017981469546]], "M_C11_M M_C11H112_M": [[-0.21218612802354495, 0.019470269755024642, 0.0012192755874576933]], "M_C9_M M_C9H9_M": [[-0.3909835010484699, 0.013038919554941126, 0.0008165288154809299]], "M_C19_M M_C19H191_M": [[0.10915729858988096, 0.01611385969178831, 0.00100908903621357]], "M_C19_M M_C19H192_M": [[0.11045174840852959, 0.015020963852448613, 0.0009406492439915289]], "M_C19_M M_C19H193_M": [[0.1126504117222523, 0.015383060428609846, 0.0009633246111626217]], "M_C1_M M_C1H11_M": [[-0.22146326868057864, 0.02351232364713192, 0.0014723988207689784]], "M_C1_M M_C1H12_M": [[-0.35875140591374444, 0.01296610630881053, 0.000811969073136956]], "M_C2_M M_C2H21_M": [[-0.20156472267217623, 0.018768702569341617, 0.0011753417461073978]], "M_C2_M M_C2H22_M": [[-0.3326571393231431, 0.013628314760642812, 0.0008534381749668823]], "M_C20_M M_C20H20_M": [[-0.3778934697445249, 0.012498904303656187, 0.000782711748689822]], "M_C21_M M_C21H211_M": [[0.09485807902798607, 0.014906422131506253, 0.0009334763631918487]], "M_C21_M M_C21H212_M": [[0.0958647114114974, 0.014793247759208471, 0.0009263891090857302]], "M_C21_M M_C21H213_M": [[0.09584800195734214, 0.014621911276161588, 0.0009156596023224244]], "M_C22_M M_C22H221_M": [[-0.13915673442343174, 0.03729468484716408, 0.0023354837579659393]], "M_C22_M M_C22H222_M": [[-0.33791598361128417, 0.013195673533196178, 0.0008263451303716846]], "M_C23_M M_C23H231_M": [[-0.09680814622749502, 0.028509572555833997, 0.001785338686291778]], "M_C23_M M_C23H232_M": [[-0.3106521750797965, 0.014874868344517346, 0.0009315003884030307]], "M_C24_M M_C24H241_M": [[-0.14315057108253948, 0.020401701804406952, 0.0012776041249395358]], "M_C24_M M_C24H242_M": [[-0.2507688199191742, 0.015602338489740172, 0.0009770563360008081]], "M_C25_M M_C25H25_M": [[-0.1551761872099183, 0.016499191188371825, 0.0010332194305416491]], "M_C26_M M_C26H261_M": [[0.0024215261398882744, 0.015638592645282928, 0.0009793266592861734]], "M_C26_M M_C26H262_M": [[0.0005406436816986673, 0.01674825990156556, 0.001048816718376773]], "M_C26_M M_C26H263_M": [[0.001626269109152564, 0.014895499322514853, 0.0009327923503601188]], "M_C27_M M_C27H271_M": [[0.0019347462599679185, 0.015955843523183817, 0.000999193679897136]], "M_C27_M M_C27H272_M": [[0.002802579613286793, 0.016502811127536553, 0.0010334461199253695]], "M_C27_M M_C27H273_M": [[0.0016566673814694638, 0.016713178107772543, 0.0010466198112319702]]}