{"M_G1_M M_G1H1_M": [[-0.21859269813719157, 0.22468839565930418, 0.019937871047854685]], "M_G1_M M_G1H2_M": [[0.08042038566540308, 0.26711778746804976, 0.023702870749060398]], "M_G1C3_M M_G1C3H1_M": [[-0.24827287397171416, 0.10592254701749748, 0.009399106158991076]], "M_G1C3_M M_G1C3H2_M": [[-0.24938988020746217, 0.11896253913846234, 0.010556218348118377]], "M_G1C4_M M_G1C4H1_M": [[-0.21501409930776738, 0.10172181805093887, 0.009026351739714215]], "M_G1C4_M M_G1C4H2_M": [[-0.2008444809396164, 0.0824120796698682, 0.007312889534957693]], "M_G1C5_M M_G1C5H1_M": [[-0.2402973419769661, 0.06157087003518978, 0.0054635312316139205]], "M_G1C5_M M_G1C5H2_M": [[-0.2299276208401384, 0.056929744535831425, 0.005051697939326645]], "M_G1C6_M M_G1C6H1_M": [[-0.23162204719902563, 0.04715508879198185, 0.004184337499165993]], "M_G1C6_M M_G1C6H2_M": [[-0.22117223424441781, 0.05013207357309322, 0.00444850218156118]], "M_G1C7_M M_G1C7H1_M": [[-0.22607018436515058, 0.04292901595111387, 0.0038093341747049074]], "M_G1C7_M M_G1C7H2_M": [[-0.22217940188634988, 0.04397088315869626, 0.00390178493956445]], "M_G1C8_M M_G1C8H1_M": [[-0.22112351408970468, 0.040804027468926564, 0.0036207719384945903]], "M_G1C8_M M_G1C8H2_M": [[-0.22000966880152778, 0.04249079383340513, 0.003770448249833011]], "M_G1C9_M M_G1C9H1_M": [[-0.21765826694430288, 0.040379185299965786, 0.0035830732920844096]], "M_G1C9_M M_G1C9H2_M": [[-0.21787336847988992, 0.04094626541180184, 0.0036333935149442235]], "M_G1C10_M M_G1C10H1_M": [[-0.20648457774900827, 0.0401173731740099, 0.003559841222663307]], "M_G1C10_M M_G1C10H2_M": [[-0.20570704963969574, 0.042111114251770713, 0.0037367571350074426]], "M_G1C11_M M_G1C11H1_M": [[-0.1964782822512501, 0.037813426927941936, 0.003355399052783984]], "M_G1C11_M M_G1C11H2_M": [[-0.1957833163793345, 0.03918987892276479, 0.0034775394165344697]], "M_G1C12_M M_G1C12H1_M": [[-0.17892889338340692, 0.03732284242147087, 0.003311866717260405]], "M_G1C12_M M_G1C12H2_M": [[-0.17819958899157506, 0.038975301421130086, 0.0034584987422494893]], "M_G1C13_M M_G1C13H1_M": [[-0.1623369467509273, 0.03424191561799849, 0.0030384786718508252]], "M_G1C13_M M_G1C13H2_M": [[-0.1632112011026642, 0.034315792287374726, 0.0030450341661973235]], "M_G1C14_M M_G1C14H1_M": [[-0.14154683101925727, 0.032563939341043235, 0.002889582354650619]], "M_G1C14_M M_G1C14H2_M": [[-0.142476332685689, 0.03272209033464507, 0.0029036159860149407]], "M_G1C15_M M_G1C15H1_M": [[-0.12165000037931573, 0.02664529474980829, 0.0023643875741553386]], "M_G1C15_M M_G1C15H2_M": [[-0.12118575383694571, 0.026601886428267184, 0.002360535708487106]], "M_G1C16_M M_G1C16H1_M": [[-0.09558283102441723, 0.02217450769018733, 0.0019676693741985402]], "M_G1C16_M M_G1C16H2_M": [[-0.09620146486697131, 0.022617233057498232, 0.0020069548978552372]], "M_G1C17_M M_G1C17H1_M": [[-0.02944489587906861, 0.010426012140629232, 0.0009251589740238781]], "M_G1C17_M M_G1C17H2_M": [[-0.02965272539904059, 0.010240686303292534, 0.000908713965211507]], "M_G1C17_M M_G1C17H3_M": [[-0.03109612240848266, 0.009858229938430624, 0.0008747764507187229]], "M_G2_M M_G2H1_M": [[-0.2527031251734698, 0.20615765416282344, 0.018293533638733737]], "M_G2C3_M M_G2C3H1_M": [[-0.15969375487799092, 0.16340573592427746, 0.014499914344833812]], "M_G2C3_M M_G2C3H2_M": [[0.022846773290828893, 0.22194632199789227, 0.01969455135657945]], "M_G2C4_M M_G2C4H1_M": [[-0.16766749256959443, 0.12369716442606166, 0.010976348404978116]], "M_G2C4_M M_G2C4H2_M": [[-0.07281585145545227, 0.18684280965279182, 0.016579618338300073]], "M_G2C5_M M_G2C5H1_M": [[-0.18865169188019196, 0.09530434817286244, 0.008456893372684921]], "M_G2C5_M M_G2C5H2_M": [[-0.16194507340061193, 0.112529905205558, 0.009985414388813013]], "M_G2C6_M M_G2C6H1_M": [[-0.1902085781165299, 0.08210284259171491, 0.0072854491815324786]], "M_G2C6_M M_G2C6H2_M": [[-0.17889139035341164, 0.09603536749943482, 0.008521760848479219]], "M_G2C7_M M_G2C7H1_M": [[-0.17161346203923866, 0.07162767132216251, 0.00635592804020388]], "M_G2C7_M M_G2C7H2_M": [[-0.17028150641534182, 0.07148284257883046, 0.006343076567389256]], "M_G2C8_M M_G2C8H1_M": [[-0.17013678880137112, 0.06242289026982414, 0.005539135801749624]], "M_G2C8_M M_G2C8H2_M": [[-0.16601474161189914, 0.06384420523148067, 0.0056652571100652685]], "M_G2C9_M M_G2C9H1_M": [[-0.11660142650517002, 0.056465497061915115, 0.005010502637530683]], "M_G2C9_M M_G2C9H2_M": [[-0.11516294567042931, 0.05408509031484085, 0.004799275695323244]], "M_G2C10_M M_G2C10H1_M": [[-0.10725661365823386, 0.054434253456171644, 0.00483025891395405]], "M_G2C11_M M_G2C11H1_M": [[-0.0770164601614366, 0.048021975914198836, 0.004261261292248817]], "M_G2C12_M M_G2C12H1_M": [[-0.0828624740268594, 0.038727567543277934, 0.0034365159153379892]], "M_G2C12_M M_G2C12H2_M": [[-0.08494616314371836, 0.03905782385306621, 0.0034658214239646264]], "M_G2C13_M M_G2C13H1_M": [[-0.1266640735165122, 0.03690214047728076, 0.0032745354563902943]], "M_G2C13_M M_G2C13H2_M": [[-0.1279169225047771, 0.03561722086911696, 0.003160517278552239]], "M_G2C14_M M_G2C14H1_M": [[-0.12577086999218928, 0.035769649947172494, 0.0031740431720159263]], "M_G2C14_M M_G2C14H2_M": [[-0.12484616943200404, 0.03618807446347824, 0.003211172343840246]], "M_G2C15_M M_G2C15H1_M": [[-0.13562806193252835, 0.036837728962264046, 0.0032688198586771507]], "M_G2C15_M M_G2C15H2_M": [[-0.1361833029874222, 0.035669258735603865, 0.003165134892508567]], "M_G2C16_M M_G2C16H1_M": [[-0.11747379037495509, 0.03386003002928737, 0.0030045918055513236]], "M_G2C16_M M_G2C16H2_M": [[-0.11804323360682936, 0.03216612776401539, 0.002854282285410944]], "M_G2C17_M M_G2C17H1_M": [[-0.10867181352785468, 0.029865658648671946, 0.002650148660989871]], "M_G2C17_M M_G2C17H2_M": [[-0.10933475030152759, 0.02801227814262581, 0.0024856877353433737]], "M_G2C18_M M_G2C18H1_M": [[-0.08444823701393193, 0.023388542587012888, 0.002075397551034188]], "M_G2C18_M M_G2C18H2_M": [[-0.08315295123734456, 0.022686147740827268, 0.002013070087139874]], "M_G2C19_M M_G2C19H1_M": [[-0.03294978695639347, 0.008861478656504428, 0.0007863290768901163]], "M_G2C19_M M_G2C19H2_M": [[-0.03155980098854872, 0.010530602296568615, 0.0009344398495932439]], "M_G2C19_M M_G2C19H3_M": [[-0.030985256545472212, 0.008832867867029416, 0.0007837902798620978]], "M_G3_M M_G3H1_M": [[-0.05271360122190269, 0.24551308179123382, 0.02178576312742621]], "M_G3_M M_G3H2_M": [[-0.14327638957601974, 0.1964675111731506, 0.017433672492827824]], "M_G3C4_M M_G3C4H1_M": [[0.0455219399803993, 0.33627499750086226, 0.029839580798627755]], "M_G3C4_M M_G3C4H2_M": [[-2.9424087843850366e-05, 0.3005592808140085, 0.026670323429573616]], "M_G3C5_M M_G3C5H1_M": [[-0.15266441515442786, 0.2506456862453231, 0.022241208124685635]], "M_G3C5_M M_G3C5H2_M": [[-0.18838184433584998, 0.19754066875496917, 0.017528899829413424]], "M_G3N6C1_M M_G3N6C1H1_M": [[0.025729253076213026, 0.04188448190539013, 0.003716646766226937]], "M_G3N6C1_M M_G3N6C1H2_M": [[0.025138436208888178, 0.04060080102747475, 0.003602738507923816]], "M_G3N6C1_M M_G3N6C1H3_M": [[0.02550099659032642, 0.041751134302022305, 0.003704814079840589]], "M_G3N6C2_M M_G3N6C2H1_M": [[0.0272029840092562, 0.03907495577346828, 0.0034673416360733833]], "M_G3N6C2_M M_G3N6C2H2_M": [[0.02706213535395998, 0.03816720593396324, 0.003386791863172761]], "M_G3N6C2_M M_G3N6C2H3_M": [[0.02859417340899421, 0.03904594278823793, 0.0034647671499432094]], "M_G3N6C3_M M_G3N6C3H1_M": [[0.03149491834930061, 0.036730451569665604, 0.003259300529413609]], "M_G3N6C3_M M_G3N6C3H2_M": [[0.030738380421315444, 0.037912670476864425, 0.003364205493699377]], "M_G3N6C3_M M_G3N6C3H3_M": [[0.031243948126159, 0.03789858057338362, 0.003362955216942303]]}