{"POPC": 0.4932688127342434, "POPS": 0.5805025326538009}