{"headgroup": 0.6821770967604215, "tails": 0.42062184447182216, "total": 0.5078069285680219}