{"POPC": 2.171805018972591, "POPS": 3.1513701645998213}