{"M_G1_M M_G1H1_M": [[-0.276753660592154, 0.02732289070862688, 0.008238161515309374]], "M_G1_M M_G1H2_M": [[0.0024857139443362555, 0.04351562092666428, 0.013120453375734815]], "M_G1C3_M M_G1C3H1_M": [[-0.27462438126721844, 0.01578595244263783, 0.004759643746420365]], "M_G1C3_M M_G1C3H2_M": [[-0.25920135562198904, 0.022749992820099294, 0.006859380924322607]], "M_G1C4_M M_G1C4H1_M": [[-0.2034073618383223, 0.012579823724730647, 0.003792959565794788]], "M_G1C4_M M_G1C4H2_M": [[-0.19402581326067928, 0.01678462602457636, 0.005060755160904941]], "M_G1C5_M M_G1C5H1_M": [[-0.23309840391058775, 0.015856398594240092, 0.0047808840603102915]], "M_G1C5_M M_G1C5H2_M": [[-0.22644441323545975, 0.014882352015215528, 0.004487197966587224]], "M_G1C6_M M_G1C6H1_M": [[-0.21886049260267712, 0.012566662845101011, 0.0037889914112818304]], "M_G1C6_M M_G1C6H2_M": [[-0.21227037303480512, 0.010309274011330277, 0.0031083630687767866]], "M_G1C7_M M_G1C7H1_M": [[-0.22853218490924265, 0.012045428624011987, 0.0036318333804413352]], "M_G1C7_M M_G1C7H2_M": [[-0.23092226277338482, 0.01344878484962644, 0.004054961202947924]], "M_G1C8_M M_G1C8H1_M": [[-0.21299354472327617, 0.012802786056499458, 0.0038601852382365957]], "M_G1C8_M M_G1C8H2_M": [[-0.21351379367924048, 0.011946491058107292, 0.0036020025819161598]], "M_G1C9_M M_G1C9H1_M": [[-0.2141888121402321, 0.013585316305709342, 0.00409612698584864]], "M_G1C9_M M_G1C9H2_M": [[-0.21503610863161593, 0.01148497650780206, 0.0034628507093114273]], "M_G1C10_M M_G1C10H1_M": [[-0.19457688630769107, 0.013640690038175574, 0.0041128227943788235]], "M_G1C10_M M_G1C10H2_M": [[-0.19399448764077684, 0.012511743151359472, 0.00377243250057802]], "M_G1C11_M M_G1C11H1_M": [[-0.1874639400527378, 0.01271182241353789, 0.0038327586679395616]], "M_G1C11_M M_G1C11H2_M": [[-0.18877590809544295, 0.011657122270575433, 0.0035147546097085915]], "M_G1C12_M M_G1C12H1_M": [[-0.16561810583381875, 0.010714144658590915, 0.003230436162012411]], "M_G1C12_M M_G1C12H2_M": [[-0.16555366644923405, 0.010449781141700771, 0.0031507275625775573]], "M_G1C13_M M_G1C13H1_M": [[-0.1536788537117815, 0.009760080165923482, 0.0029427748940143517]], "M_G1C13_M M_G1C13H2_M": [[-0.15410504758045554, 0.009378431938595394, 0.0028277036238369396]], "M_G1C14_M M_G1C14H1_M": [[-0.12916156952295352, 0.00867748028460779, 0.0026163587481591298]], "M_G1C14_M M_G1C14H2_M": [[-0.1291227926768376, 0.008674032484919703, 0.00261531919743934]], "M_G1C15_M M_G1C15H1_M": [[-0.11268689411056743, 0.0078026316617214545, 0.002352581963570666]], "M_G1C15_M M_G1C15H2_M": [[-0.11309117859357272, 0.007453581081827379, 0.002247339253901155]], "M_G1C16_M M_G1C16H1_M": [[-0.0810365407083428, 0.007511825636635398, 0.002264900647935654]], "M_G1C16_M M_G1C16H2_M": [[-0.0818123917877043, 0.006020750762927427, 0.0018153246578978446]], "M_G1C17_M M_G1C17H1_M": [[-0.028648190885473202, 0.003107416823830595, 0.0009369214247167263]], "M_G1C17_M M_G1C17H2_M": [[-0.02687631848935171, 0.0027951466103176936, 0.0008427684127688661]], "M_G1C17_M M_G1C17H3_M": [[-0.0289270172409371, 0.002238573810495106, 0.0006749553995389473]], "M_G2_M M_G2H1_M": [[-0.24148094538348874, 0.08149708389501827, 0.02457229534435376]], "M_G2C3_M M_G2C3H1_M": [[-0.14362177015798192, 0.024859384586095826, 0.007495386471929485]], "M_G2C3_M M_G2C3H2_M": [[-0.1360183377427637, 0.03743005011868708, 0.011285584738898423]], "M_G2C4_M M_G2C4H1_M": [[-0.19867603889733368, 0.021623384440687347, 0.006519695717033535]], "M_G2C4_M M_G2C4H2_M": [[-0.18568773944161787, 0.019212080877796297, 0.005792660337601103]], "M_G2C5_M M_G2C5H1_M": [[-0.19288711224358354, 0.019827062442099527, 0.005978084255944706]], "M_G2C5_M M_G2C5H2_M": [[-0.1883374776097901, 0.01821719033628074, 0.005492689552721048]], "M_G2C6_M M_G2C6H1_M": [[-0.2013396093766815, 0.021874443011019387, 0.00659539272414212]], "M_G2C6_M M_G2C6H2_M": [[-0.19887859608718916, 0.01835098847529517, 0.005533031209517291]], "M_G2C7_M M_G2C7H1_M": [[-0.17342579714394776, 0.020274687500855804, 0.0061130482892770115]], "M_G2C7_M M_G2C7H2_M": [[-0.17399282604746666, 0.017654766639424783, 0.005323112427659611]], "M_G2C8_M M_G2C8H1_M": [[-0.16847386231173103, 0.02058331719237808, 0.006206103642544513]], "M_G2C8_M M_G2C8H2_M": [[-0.16879361886769606, 0.019037750053233916, 0.005740097616285949]], "M_G2C9_M M_G2C9H1_M": [[-0.11595455992438099, 0.016981683991577366, 0.005120170373495176]], "M_G2C9_M M_G2C9H2_M": [[-0.11545146721230143, 0.015555231674553862, 0.004690078817413353]], "M_G2C10_M M_G2C10H1_M": [[-0.08941792041143841, 0.018643027866390546, 0.005621084398996129]], "M_G2C11_M M_G2C11H1_M": [[0.01093830216680379, 0.014992092377532809, 0.004520285930783958]], "M_G2C12_M M_G2C12H1_M": [[-0.0522288296267344, 0.007611501530566229, 0.0022949540607367295]], "M_G2C12_M M_G2C12H2_M": [[-0.05108865226142861, 0.008530584273781281, 0.0025720679344217196]], "M_G2C13_M M_G2C13H1_M": [[-0.10029851326137677, 0.006115316583249227, 0.0018438373255341698]], "M_G2C13_M M_G2C13H2_M": [[-0.1020141334770958, 0.006505882028687109, 0.001961597238133759]], "M_G2C14_M M_G2C14H1_M": [[-0.1087119952361884, 0.006071518783742057, 0.0018306317921152157]], "M_G2C14_M M_G2C14H2_M": [[-0.10879114701926147, 0.006067896314624706, 0.0018295395765809519]], "M_G2C15_M M_G2C15H1_M": [[-0.11654741928444277, 0.00666220532337076, 0.002008730484902652]], "M_G2C15_M M_G2C15H2_M": [[-0.11792124847695594, 0.005099886506602984, 0.0015376736377998596]], "M_G2C16_M M_G2C16H1_M": [[-0.10792955107132157, 0.007648512888588935, 0.0023061134050588045]], "M_G2C16_M M_G2C16H2_M": [[-0.1078479695095332, 0.006146959636419294, 0.0018533780650420223]], "M_G2C17_M M_G2C17H1_M": [[-0.09752284468403037, 0.006578154084121076, 0.001983388082743053]], "M_G2C17_M M_G2C17H2_M": [[-0.09841558968904325, 0.00626226841160331, 0.0018881449688893702]], "M_G2C18_M M_G2C18H1_M": [[-0.07594148991904805, 0.005034354745536811, 0.0015179150684082488]], "M_G2C18_M M_G2C18H2_M": [[-0.07593692671076611, 0.005755574255399566, 0.001735370932562684]], "M_G2C19_M M_G2C19H1_M": [[-0.022898294319840123, 0.0029906009209603197, 0.0009017001047742441]], "M_G2C19_M M_G2C19H2_M": [[-0.02306915538535591, 0.0018903316316061954, 0.0005699564319434617]], "M_G2C19_M M_G2C19H3_M": [[-0.02273543764861748, 0.0018437824582563018, 0.0005559213280977519]], "M_G3_M M_G3H1_M": [[-0.21123867455284692, 0.06924246576833888, 0.020877388955691627]], "M_G3_M M_G3H2_M": [[-0.25097088207195356, 0.04773198138489083, 0.014391733886719217]], "M_G3C4_M M_G3C4H1_M": [[0.1266530557933995, 0.0440431355115433, 0.01327950500750607]], "M_G3C4_M M_G3C4H2_M": [[0.14226633254489943, 0.04318664813591734, 0.013021264347267206]], "M_G3C5_M M_G3C5H1_M": [[0.11278759859164601, 0.054850416632873406, 0.016538022869628192]]}