{
    "10.1021/acs.jpcb.4c04719": {
        "M_G1_M M_G1H1_M": [-0.177761, 0.0633352, 0.00448971, -0.143, 0.02, 0.0679507],
        "M_G1_M M_G1H2_M": [-0.0491551, 0.0531195, 0.00376554, 0, 0.02, 0.02357],
        "M_G1C3_M M_G1C3H1_M": [-0.244848, 0.0354017, 0.00250956, -0.223, 0.02, 0.278884],
        "M_G1C3_M M_G1C3H2_M": [-0.21836, 0.0359211, 0.00254638, -0.223, 0.02, 0.914927],
        "M_G1C4_M M_G1C4H1_M": [-0.189199, 0.024783, 0.00175682, -0.214, 0.02, 0.0991798],
        "M_G1C4_M M_G1C4H2_M": [-0.17597, 0.0245474, 0.00174012, -0.214, 0.02, 0.0210845],
        "M_G1C5_M M_G1C5H1_M": [-0.218868, 0.0191634, 0.00135846, -0.232, 0.02, 0.924802],
        "M_G1C5_M M_G1C5H2_M": [-0.216554, 0.0181426, 0.0012861, -0.232, 0.02, 0.900839],
        "M_G1C6_M M_G1C6H1_M": [-0.221109, 0.0180183, 0.00127728, -0.237, 0.02, 0.892743],
        "M_G1C6_M M_G1C6H2_M": [-0.217839, 0.019279, 0.00136665, -0.237, 0.02, 0.664158],
        "M_G1C7_M M_G1C7H1_M": [-0.233372, 0.0177301, 0.00125685, -0.246, 0.02, 0.933993],
        "M_G1C7_M M_G1C7H2_M": [-0.232435, 0.017883, 0.00126769, -0.246, 0.02, 0.926069],
        "M_G1C8_M M_G1C8H1_M": [-0.223255, 0.0172657, 0.00122393, -0.24, 0.02, 0.87491],
        "M_G1C8_M M_G1C8H2_M": [-0.222283, 0.0178065, 0.00126227, -0.24, 0.02, 0.828612],
        "M_G1C9_M M_G1C9H1_M": [-0.222153, 0.0174441, 0.00123658, -0.231, 0.02, 0.951214],
        "M_G1C9_M M_G1C9H2_M": [-0.221976, 0.0169816, 0.0012038, -0.231, 0.02, 0.952033],
        "M_G1C10_M M_G1C10H1_M": [-0.204804, 0.016973, 0.00120319, -0.226, 0.02, 0.241719],
        "M_G1C10_M M_G1C10H2_M": [-0.20445, 0.0174396, 0.00123626, -0.226, 0.02, 0.20488],
        "M_G1C11_M M_G1C11H1_M": [-0.196276, 0.016367, 0.00116022, -0.2, 0.02, 0.961793],
        "M_G1C11_M M_G1C11H2_M": [-0.196486, 0.01658, 0.00117532, -0.2, 0.02, 0.961448],
        "M_G1C12_M M_G1C12H1_M": [-0.173981, 0.0160385, 0.00113694, -0.195, 0.02, 0.258625],
        "M_G1C12_M M_G1C12H2_M": [-0.17446, 0.0160339, 0.00113661, -0.195, 0.02, 0.349963],
        "M_G1C13_M M_G1C13H1_M": [-0.161017, 0.0149575, 0.00106031, -0.158, 0.02, 0.9655],
        "M_G1C13_M M_G1C13H2_M": [-0.161385, 0.0146054, 0.00103535, -0.158, 0.02, 0.966107],
        "M_G1C14_M M_G1C14H1_M": [-0.136319, 0.0136271, 0.000965999, -0.146, 0.02, 0.959932],
        "M_G1C14_M M_G1C14H2_M": [-0.13675, 0.0132153, 0.000936806, -0.146, 0.02, 0.962139],
        "M_G1C15_M M_G1C15H1_M": [-0.117404, 0.0111188, 0.00078819, -0.129, 0.02, 0.962295],
        "M_G1C15_M M_G1C15H2_M": [-0.118028, 0.0111817, 0.000792652, -0.129, 0.02, 0.96398],
        "M_G1C16_M M_G1C16H1_M": [-0.0846405, 0.00854428, 0.000605688, -0.092, 0.02, 0.977714],
        "M_G1C16_M M_G1C16H2_M": [-0.0846879, 0.00853842, 0.000605272, -0.092, 0.02, 0.977774],
        "M_G1C17_M M_G1C17H1_M": [-0.0277104, 0.00413068, 0.000292816, -0.027, 0.02, 0.990668],
        "M_G1C17_M M_G1C17H2_M": [-0.0273377, 0.00405658, 0.000287563, -0.027, 0.02, 0.990845],
        "M_G1C17_M M_G1C17H3_M": [-0.0275431, 0.00425586, 0.00030169, -0.027, 0.02, 0.990391],
        "M_G2_M M_G2H1_M": [-0.198152, 0.0532457, 0.00377449, -0.2, 0.02, 0.880287],
        "M_G2C3_M M_G2C3H1_M": [-0.066559, 0.0433027, 0.00306965, -0.081, 0.02, 0.811108],
        "M_G2C3_M M_G2C3H2_M": [-0.108028, 0.0322887, 0.00228889, -0.138, 0.02, 0.0572481],
        "M_G2C4_M M_G2C4H1_M": [-0.210123, 0.0267693, 0.00189762, -0.214, 0.02, 0.937463],
        "M_G2C4_M M_G2C4H2_M": [-0.214923, 0.0264704, 0.00187644, -0.214, 0.02, 0.94032],
        "M_G2C5_M M_G2C5H1_M": [-0.210726, 0.0240585, 0.00170546, -0.214, 0.02, 0.944372],
        "M_G2C5_M M_G2C5H2_M": [-0.211826, 0.0253393, 0.00179626, -0.214, 0.02, 0.942304],
        "M_G2C6_M M_G2C6H1_M": [-0.223119, 0.0249172, 0.00176634, -0.232, 0.02, 0.930409],
        "M_G2C6_M M_G2C6H2_M": [-0.221647, 0.0250994, 0.00177925, -0.232, 0.02, 0.923309],
        "M_G2C7_M M_G2C7H1_M": [-0.201151, 0.0226668, 0.0016068, -0.206, 0.02, 0.945814],
        "M_G2C7_M M_G2C7H2_M": [-0.199931, 0.0242463, 0.00171878, -0.206, 0.02, 0.939968],
        "M_G2C8_M M_G2C8H1_M": [-0.191479, 0.0215965, 0.00153094, -0.2, 0.02, 0.940725],
        "M_G2C8_M M_G2C8H2_M": [-0.190852, 0.0226191, 0.00160343, -0.2, 0.02, 0.935814],
        "M_G2C9_M M_G2C9H1_M": [-0.112533, 0.0200114, 0.00141857, -0.149, 0.02, 0.0193586],
        "M_G2C9_M M_G2C9H2_M": [-0.111348, 0.0203821, 0.00144485, -0.149, 0.02, 0.0180207],
        "M_G2C10_M M_G2C10H1_M": [-0.0625087, 0.0249165, 0.00176628, -0.126, 0.02, 0.00618726],
        "M_G2C11_M M_G2C11H1_M": [-0.0531995, 0.0176145, 0.00124866, -0.047, 0.02, 0.956119],
        "M_G2C12_M M_G2C12H1_M": [-0.0873047, 0.0172717, 0.00122436, -0.089, 0.02, 0.960796],
        "M_G2C12_M M_G2C12H2_M": [-0.0881933, 0.0171468, 0.00121551, -0.089, 0.02, 0.961294],
        "M_G2C13_M M_G2C13H1_M": [-0.133461, 0.0158382, 0.00112274, -0.146, 0.02, 0.941477],
        "M_G2C13_M M_G2C13H2_M": [-0.134008, 0.01527, 0.00108246, -0.146, 0.02, 0.946465],
        "M_G2C14_M M_G2C14H1_M": [-0.13887, 0.0149748, 0.00106153, -0.146, 0.02, 0.961356],
        "M_G2C14_M M_G2C14H2_M": [-0.138867, 0.0144606, 0.00102509, -0.146, 0.02, 0.962675],
        "M_G2C15_M M_G2C15H1_M": [-0.14274, 0.014463, 0.00102526, -0.135, 0.02, 0.961684],
        "M_G2C15_M M_G2C15H2_M": [-0.142531, 0.0132266, 0.000937608, -0.135, 0.02, 0.965273],
        "M_G2C16_M M_G2C16H1_M": [-0.127261, 0.0129289, 0.000916506, -0.135, 0.02, 0.965738],
        "M_G2C16_M M_G2C16H2_M": [-0.126703, 0.0125078, 0.000886654, -0.135, 0.02, 0.96596],
        "M_G2C17_M M_G2C17H1_M": [-0.113389, 0.0107721, 0.000763615, -0.129, 0.02, 0.938345],
        "M_G2C17_M M_G2C17H2_M": [-0.112702, 0.0111012, 0.000786941, -0.129, 0.02, 0.926428],
        "M_G2C18_M M_G2C18H1_M": [-0.0847123, 0.00876491, 0.000621328, -0.092, 0.02, 0.977208],
        "M_G2C18_M M_G2C18H2_M": [-0.0845691, 0.00865887, 0.000613811, -0.092, 0.02, 0.977346],
        "M_G2C19_M M_G2C19H1_M": [-0.0262858, 0.00388164, 0.000275162, -0.027, 0.02, 0.991231],
        "M_G2C19_M M_G2C19H2_M": [-0.0262176, 0.0037758, 0.000267659, -0.027, 0.02, 0.991468],
        "M_G2C19_M M_G2C19H3_M": [-0.0267713, 0.00391485, 0.000277516, -0.027, 0.02, 0.991166],
        "M_G3_M M_G3H1_M": [-0.240069, 0.0465972, 0.00330319, -0.234, 0.02, 0.885774],
        "M_G3_M M_G3H2_M": [-0.255355, 0.0425365, 0.00301533, -0.234, 0.02, 0.342424],
        "M_G3C4_M M_G3C4H1_M": [0.0525968, 0.0387224, 0.00274496, 0.078, 0.02, 0.130399],
        "M_G3C4_M M_G3C4H2_M": [0.0448478, 0.0376552, 0.00266931, 0.078, 0.02, 0.047765],
        "M_G3C5_M M_G3C5H1_M": [-0.0351391, 0.0406853, 0.0028841, -0.03, 0.02, 0.902624],
        "M_G3C5_M M_G3C5H2_M": [-0.0337831, 0.0435134, 0.00308458, -0.03, 0.02, 0.899115],
        "M_G3N6C1_M M_G3N6C1H1_M": [0.00528403, 0.0157184, 0.00111425, 0.001, 0.02, 0.962875],
        "M_G3N6C1_M M_G3N6C1H2_M": [0.00720007, 0.0153249, 0.00108636, 0.001, 0.02, 0.961803],
        "M_G3N6C1_M M_G3N6C1H3_M": [0.00575311, 0.0157804, 0.00111865, 0.001, 0.02, 0.962312],
        "M_G3N6C2_M M_G3N6C2H1_M": [0.00638925, 0.0156609, 0.00111017, 0.001, 0.02, 0.961951],
        "M_G3N6C2_M M_G3N6C2H2_M": [0.00606128, 0.0149793, 0.00106185, 0.001, 0.02, 0.963933],
        "M_G3N6C2_M M_G3N6C2H3_M": [0.00597109, 0.0151138, 0.00107139, 0.001, 0.02, 0.963698],
        "M_G3N6C3_M M_G3N6C3H1_M": [0.00726483, 0.016054, 0.00113804, 0.001, 0.02, 0.959903],
        "M_G3N6C3_M M_G3N6C3H2_M": [0.00570527, 0.0152821, 0.00108332, 0.001, 0.02, 0.963543],
        "M_G3N6C3_M M_G3N6C3H3_M": [0.00691172, 0.0150316, 0.00106556, 0.001, 0.02, 0.962888]
    }
}