{"sn-1": 0.571424667347447, "sn-2": 0.7496508931101984, "headgroup": 0.6557809453294711, "total": 0.6589521685957055}