{
    "10.1021/acs.jpcb.4c04719": {
        "M_G1_M M_G1H1_M": [0.0153543, 0.0484772, 0.00303576, -0.135, 0.02, 0.00173986],
        "M_G1_M M_G1H2_M": [-0.160066, 0.0424765, 0.00265998, 0, 0.02, 0.00134246],
        "M_G1C3_M M_G1C3H1_M": [-0.204811, 0.019876, 0.00124468, -0.197, 0.02, 0.953372],
        "M_G1C3_M M_G1C3H2_M": [-0.166959, 0.0243522, 0.00152499, -0.197, 0.02, 0.0382805],
        "M_G1C4_M M_G1C4H1_M": [-0.137243, 0.0208873, 0.00130801, -0.172, 0.02, 0.0205375],
        "M_G1C4_M M_G1C4H2_M": [-0.133959, 0.0172529, 0.00108042, -0.172, 0.02, 0.0131152],
        "M_G1C5_M M_G1C5H1_M": [-0.158392, 0.0175332, 0.00109797, -0.163, 0.02, 0.963139],
        "M_G1C5_M M_G1C5H2_M": [-0.155155, 0.020294, 0.00127086, -0.163, 0.02, 0.952323],
        "M_G1C6_M M_G1C6H1_M": [-0.1786, 0.0197838, 0.00123891, -0.183, 0.02, 0.958626],
        "M_G1C6_M M_G1C6H2_M": [-0.179234, 0.0176924, 0.00110794, -0.183, 0.02, 0.963481],
        "M_G1C7_M M_G1C7H1_M": [-0.189512, 0.0188332, 0.00117938, -0.189, 0.02, 0.962478],
        "M_G1C7_M M_G1C7H2_M": [-0.189496, 0.0190105, 0.00119048, -0.189, 0.02, 0.962127],
        "M_G1C8_M M_G1C8H1_M": [-0.188897, 0.0181199, 0.00113471, -0.18, 0.02, 0.955088],
        "M_G1C8_M M_G1C8H2_M": [-0.188601, 0.0193869, 0.00121405, -0.18, 0.02, 0.952723],
        "M_G1C9_M M_G1C9H1_M": [-0.185559, 0.0189521, 0.00118683, -0.166, 0.02, 0.603749],
        "M_G1C9_M M_G1C9H2_M": [-0.1851, 0.0192041, 0.00120261, -0.166, 0.02, 0.694768],
        "M_G1C10_M M_G1C10H1_M": [-0.175843, 0.0177451, 0.00111124, -0.158, 0.02, 0.839257],
        "M_G1C10_M M_G1C10H2_M": [-0.17609, 0.0184674, 0.00115647, -0.158, 0.02, 0.817063],
        "M_G1C11_M M_G1C11H1_M": [-0.166318, 0.0172766, 0.0010819, -0.135, 0.02, 0.0236268],
        "M_G1C11_M M_G1C11H2_M": [-0.16758, 0.0180304, 0.00112911, -0.135, 0.02, 0.0216591],
        "M_G1C12_M M_G1C12H1_M": [-0.154879, 0.0168833, 0.00105728, -0.132, 0.02, 0.104168],
        "M_G1C12_M M_G1C12H2_M": [-0.154003, 0.0167078, 0.00104628, -0.132, 0.02, 0.145294],
        "M_G1C13_M M_G1C13H1_M": [-0.14106, 0.016612, 0.00104028, -0.107, 0.02, 0.0173835],
        "M_G1C13_M M_G1C13H2_M": [-0.140699, 0.0161599, 0.00101197, -0.107, 0.02, 0.0174736],
        "M_G1C14_M M_G1C14H1_M": [-0.126677, 0.0162706, 0.0010189, -0.089, 0.02, 0.0127049],
        "M_G1C14_M M_G1C14H2_M": [-0.124651, 0.0160701, 0.00100635, -0.089, 0.02, 0.0146835],
        "M_G1C15_M M_G1C15H1_M": [-0.107863, 0.0141843, 0.000888254, -0.084, 0.02, 0.065497],
        "M_G1C15_M M_G1C15H2_M": [-0.10782, 0.0157879, 0.000988674, -0.084, 0.02, 0.0734412],
        "M_G1C16_M M_G1C16H1_M": [-0.0806423, 0.0141572, 0.000886558, -0.058, 0.02, 0.0964282],
        "M_G1C16_M M_G1C16H2_M": [-0.0809515, 0.0149777, 0.000937943, -0.058, 0.02, 0.090992],
        "M_G1C17_M M_G1C17H1_M": [-0.0213544, 0.0151755, 0.000950326, -0.013, 0.02, 0.963418],
        "M_G1C17_M M_G1C17H2_M": [-0.0198006, 0.0146543, 0.000917688, -0.013, 0.02, 0.96701],
        "M_G1C17_M M_G1C17H3_M": [-0.0208345, 0.0146548, 0.000917719, -0.013, 0.02, 0.965542],
        "M_G2_M M_G2H1_M": [-0.195669, 0.0403378, 0.00252605, -0.197, 0.02, 0.919671],
        "M_G2C3_M M_G2C3H1_M": [-0.179122, 0.0221181, 0.00138509, -0.072, 0.02, 0.00159208],
        "M_G2C3_M M_G2C3H2_M": [-0.161953, 0.0287492, 0.00180035, -0.118, 0.02, 0.0149212],
        "M_G2C4_M M_G2C4H1_M": [-0.189109, 0.0213254, 0.00133545, -0.172, 0.02, 0.850799],
        "M_G2C4_M M_G2C4H2_M": [-0.186067, 0.0207703, 0.00130069, -0.172, 0.02, 0.919153],
        "M_G2C5_M M_G2C5H1_M": [-0.16618, 0.0199088, 0.00124674, -0.169, 0.02, 0.959568],
        "M_G2C5_M M_G2C5H2_M": [-0.154413, 0.0208792, 0.00130751, -0.169, 0.02, 0.912525],
        "M_G2C6_M M_G2C6H1_M": [-0.181855, 0.0196616, 0.00123126, -0.172, 0.02, 0.948435],
        "M_G2C6_M M_G2C6H2_M": [-0.169619, 0.019937, 0.0012485, -0.172, 0.02, 0.959744],
        "M_G2C7_M M_G2C7H1_M": [-0.165925, 0.0184282, 0.00115402, -0.155, 0.02, 0.947866],
        "M_G2C7_M M_G2C7H2_M": [-0.160325, 0.0186531, 0.0011681, -0.155, 0.02, 0.960045],
        "M_G2C8_M M_G2C8H1_M": [-0.155675, 0.0187339, 0.00117316, -0.141, 0.02, 0.92021],
        "M_G2C8_M M_G2C8H2_M": [-0.152834, 0.0177898, 0.00111404, -0.141, 0.02, 0.945706],
        "M_G2C9_M M_G2C9H1_M": [-0.0958365, 0.0183578, 0.00114961, -0.109, 0.02, 0.93594],
        "M_G2C9_M M_G2C9H2_M": [-0.0939667, 0.0172747, 0.00108178, -0.109, 0.02, 0.92191],
        "M_G2C10_M M_G2C10H1_M": [-0.0682598, 0.0188472, 0.00118026, -0.101, 0.02, 0.0222824],
        "M_G2C11_M M_G2C11H1_M": [-0.0432018, 0.0188614, 0.00118115, -0.018, 0.02, 0.0627565],
        "M_G2C12_M M_G2C12H1_M": [-0.0573016, 0.0174551, 0.00109308, -0.05, 0.02, 0.95993],
        "M_G2C12_M M_G2C12H2_M": [-0.05618, 0.0177639, 0.00111242, -0.05, 0.02, 0.960916],
        "M_G2C13_M M_G2C13H1_M": [-0.098073, 0.0166343, 0.00104168, -0.089, 0.02, 0.958346],
        "M_G2C13_M M_G2C13H2_M": [-0.0993015, 0.0169953, 0.00106429, -0.089, 0.02, 0.954033],
        "M_G2C14_M M_G2C14H1_M": [-0.105081, 0.0172246, 0.00107865, -0.089, 0.02, 0.904991],
        "M_G2C14_M M_G2C14H2_M": [-0.104136, 0.0159437, 0.000998431, -0.089, 0.02, 0.926513],
        "M_G2C15_M M_G2C15H1_M": [-0.11156, 0.0156665, 0.000981075, -0.084, 0.02, 0.0345127],
        "M_G2C15_M M_G2C15H2_M": [-0.110457, 0.0171688, 0.00107515, -0.084, 0.02, 0.0451542],
        "M_G2C16_M M_G2C16H1_M": [-0.101951, 0.0153598, 0.000961866, -0.084, 0.02, 0.852259],
        "M_G2C16_M M_G2C16H2_M": [-0.102664, 0.0156254, 0.0009785, -0.084, 0.02, 0.790778],
        "M_G2C17_M M_G2C17H1_M": [-0.0943667, 0.0142416, 0.000891845, -0.084, 0.02, 0.961269],
        "M_G2C17_M M_G2C17H2_M": [-0.093103, 0.0151636, 0.000949581, -0.084, 0.02, 0.96195],
        "M_G2C18_M M_G2C18H1_M": [-0.0696605, 0.0141664, 0.000887133, -0.058, 0.02, 0.957349],
        "M_G2C18_M M_G2C18H2_M": [-0.0720068, 0.0151257, 0.000947209, -0.058, 0.02, 0.941241],
        "M_G2C19_M M_G2C19H1_M": [-0.0193251, 0.015073, 0.000943909, -0.013, 0.02, 0.966655],
        "M_G2C19_M M_G2C19H2_M": [-0.0228265, 0.0138025, 0.000864344, -0.013, 0.02, 0.963799],
        "M_G2C19_M M_G2C19H3_M": [-0.0201704, 0.0147054, 0.000920891, -0.013, 0.02, 0.966407],
        "M_G3_M M_G3H1_M": [-0.227538, 0.0357408, 0.00223818, -0.206, 0.02, 0.291194],
        "M_G3_M M_G3H2_M": [-0.125117, 0.0480233, 0.00300733, -0.206, 0.02, 0.00622421],
        "M_G3C4_M M_G3C4H1_M": [0.0528265, 0.0368914, 0.00231023, 0.047, 0.02, 0.920171],
        "M_G3C4_M M_G3C4H2_M": [0.0437191, 0.0284075, 0.00177895, 0.047, 0.02, 0.941983],
        "M_G3C5_M M_G3C5H1_M": [0.0137736, 0.0294167, 0.00184215, -0.038, 0.02, 0.0102662],
        "M_G3C5_M M_G3C5H2_M": [0.035921, 0.0411914, 0.0025795, -0.038, 0.02, 0.00647583],
        "M_G3N6C1_M M_G3N6C1H1_M": [-0.0136675, 0.0157314, 0.000985141, 0.001, 0.02, 0.932807],
        "M_G3N6C1_M M_G3N6C1H2_M": [-0.0126109, 0.0160384, 0.00100436, 0.001, 0.02, 0.940859],
        "M_G3N6C1_M M_G3N6C1H3_M": [-0.0143942, 0.0153126, 0.000958912, 0.001, 0.02, 0.92604],
        "M_G3N6C2_M M_G3N6C2H1_M": [-0.0133139, 0.0160061, 0.00100234, 0.001, 0.02, 0.935164],
        "M_G3N6C2_M M_G3N6C2H2_M": [-0.0123272, 0.0153931, 0.000963955, 0.001, 0.02, 0.945129],
        "M_G3N6C2_M M_G3N6C2H3_M": [-0.0114228, 0.0141661, 0.000887119, 0.001, 0.02, 0.954195],
        "M_G3N6C3_M M_G3N6C3H1_M": [-0.013792, 0.0152322, 0.00095388, 0.001, 0.02, 0.933613],
        "M_G3N6C3_M M_G3N6C3H2_M": [-0.0140604, 0.0155069, 0.000971082, 0.001, 0.02, 0.929397],
        "M_G3N6C3_M M_G3N6C3H3_M": [-0.0143477, 0.0148736, 0.000931422, 0.001, 0.02, 0.928719]
    },
    "10.1039/c2cp42738a": {
        "M_G1_M M_G1H1_M": [0.0153543, 0.0484772, 0.00303576, -0.149916, 0.02, 0.00143564],
        "M_G1_M M_G1H2_M": [-0.160066, 0.0424765, 0.00265998, 0, 0.02, 0.00134246],
        "M_G1C3_M M_G1C3H1_M": [-0.204811, 0.019876, 0.00124468, -0.209877, 0.02, 0.957738],