{"headgroup": 300.0, "sn-1": 45.358696954516134, "sn-2": 25.623042983233777, "total": 123.66057997924997}