{
    "10.1021/acs.jctc.9b00824": {
        "M_G1C3_M M_G1C3H1_M": [-0.228279, 0.143697, 0.0127511, -0.220769, 0.02, 0.608549],
        "M_G1C3_M M_G1C3H2_M": [-0.226239, 0.133105, 0.0118111, -0.220769, 0.02, 0.644528],
        "M_G1C4_M M_G1C4H1_M": [-0.217207, 0.113646, 0.0100844, -0.196239, 0.02, 0.392703],
        "M_G1C4_M M_G1C4H2_M": [-0.213769, 0.113294, 0.0100533, -0.196239, 0.02, 0.493376],
        "M_G1C5_M M_G1C5H1_M": [-0.252032, 0.0848974, 0.00753343, -0.220769, 0.02, 0.141207],
        "M_G1C5_M M_G1C5H2_M": [-0.260006, 0.0737011, 0.00653991, -0.220769, 0.02, 0.0693128],
        "M_G1C6_M M_G1C6H1_M": [-0.279946, 0.0693177, 0.00615095, -0.220769, 0.02, 0.0248924],
        "M_G1C6_M M_G1C6H2_M": [-0.284587, 0.065154, 0.00578148, -0.220769, 0.02, 0.0198367],
        "M_G1C7_M M_G1C7H1_M": [-0.298679, 0.0613944, 0.00544787, -0.220769, 0.02, 0.012164],
        "M_G1C7_M M_G1C7H2_M": [-0.299657, 0.064146, 0.00569204, -0.220769, 0.02, 0.0123702],
        "M_G1C8_M M_G1C8H1_M": [-0.302137, 0.0558842, 0.00495892, -0.220769, 0.02, 0.0101064],
        "M_G1C8_M M_G1C8H2_M": [-0.303955, 0.0601284, 0.00533553, -0.220769, 0.02, 0.0103705],
        "M_G1C9_M M_G1C9H1_M": [-0.303699, 0.0545317, 0.0048389, -0.220769, 0.02, 0.00947453],
        "M_G1C9_M M_G1C9H2_M": [-0.30714, 0.0571932, 0.00507507, -0.220769, 0.02, 0.00911707],
        "M_G1C10_M M_G1C10H1_M": [-0.298074, 0.0538224, 0.00477596, -0.196239, 0.02, 0.00608433],
        "M_G1C10_M M_G1C10H2_M": [-0.301295, 0.0547972, 0.00486246, -0.196239, 0.02, 0.00580686],
        "M_G1C11_M M_G1C11H1_M": [-0.292608, 0.0517362, 0.00459085, -0.17171, 0.02, 0.00410532],
        "M_G1C11_M M_G1C11H2_M": [-0.296188, 0.0514682, 0.00456706, -0.17171, 0.02, 0.00384681],
        "M_G1C12_M M_G1C12H1_M": [-0.28018, 0.0545947, 0.0048445, -0.17171, 0.02, 0.00541527],
        "M_G1C12_M M_G1C12H2_M": [-0.28293, 0.0533481, 0.00473388, -0.17171, 0.02, 0.00502559],
        "M_G1C13_M M_G1C13H1_M": [-0.266199, 0.056206, 0.00498748, -0.14718, 0.02, 0.00460455],
        "M_G1C13_M M_G1C13H2_M": [-0.267162, 0.0562805, 0.00499409, -0.14718, 0.02, 0.00453496],
        "M_G1C14_M M_G1C14H1_M": [-0.241515, 0.0593351, 0.00526514, -0.12265, 0.02, 0.00487279],
        "M_G1C14_M M_G1C14H2_M": [-0.242913, 0.0574259, 0.00509573, -0.12265, 0.02, 0.00460471],
        "M_G1C15_M M_G1C15H1_M": [-0.209002, 0.0571972, 0.00507543, -0.09812, 0.02, 0.00542054],
        "M_G1C15_M M_G1C15H2_M": [-0.210523, 0.0560087, 0.00496997, -0.09812, 0.02, 0.0051614],
        "M_G1C16_M M_G1C16H1_M": [-0.156017, 0.0494458, 0.0043876, -0.07359, 0.02, 0.00870827],
        "M_G1C16_M M_G1C16H2_M": [-0.154844, 0.0487657, 0.00432725, -0.07359, 0.02, 0.0088542],
        "M_G1C17_M M_G1C17H1_M": [-0.0405535, 0.0189255, 0.00167937, -0, 0.02, 0.0171249],
        "M_G1C17_M M_G1C17H2_M": [-0.0396129, 0.0184268, 0.00163511, -0, 0.02, 0.0177473],
        "M_G1C17_M M_G1C17H3_M": [-0.0397589, 0.0208399, 0.00184925, -0, 0.02, 0.0198573],
        "M_G2C3_M M_G2C3H1_M": [-0.154685, 0.19995, 0.0177427, -0.12, 0.02, 0.180064],
        "M_G2C3_M M_G2C3H2_M": [-0.22657, 0.128843, 0.011433, -0.12, 0.02, 0.0131212],
        "M_G2C4_M M_G2C4H1_M": [-0.254813, 0.0932311, 0.00827292, -0.2, 0.02, 0.0392087],
        "M_G2C4_M M_G2C4H2_M": [-0.236161, 0.117289, 0.0104077, -0.2, 0.02, 0.123795],
        "M_G2C5_M M_G2C5H1_M": [-0.244905, 0.101736, 0.00902761, -0.2, 0.02, 0.0667024],
        "M_G2C5_M M_G2C5H2_M": [-0.237561, 0.0906541, 0.00804425, -0.2, 0.02, 0.0925328],
        "M_G2C6_M M_G2C6H1_M": [-0.267979, 0.0865041, 0.007676, -0.22, 0.02, 0.0494401],
        "M_G2C6_M M_G2C6H2_M": [-0.260791, 0.0819799, 0.00727454, -0.22, 0.02, 0.0692236],
        "M_G2C7_M M_G2C7H1_M": [-0.254011, 0.0891532, 0.00791106, -0.2, 0.02, 0.03885],
        "M_G2C7_M M_G2C7H2_M": [-0.258714, 0.0745656, 0.00661663, -0.2, 0.02, 0.0271879],
        "M_G2C8_M M_G2C8H1_M": [-0.242789, 0.0839231, 0.00744697, -0.17, 0.02, 0.0191178],
        "M_G2C8_M M_G2C8H2_M": [-0.246532, 0.0701843, 0.00622785, -0.17, 0.02, 0.0144183],
        "M_G2C9_M M_G2C9H1_M": [-0.149716, 0.0665682, 0.00590698, -0.12, 0.02, 0.136239],
        "M_G2C9_M M_G2C9H2_M": [-0.153004, 0.0695378, 0.00617048, -0.12, 0.02, 0.104138],
        "M_G2C10_M M_G2C10H1_M": [-0.108733, 0.0760429, 0.00674772, -0.12, 0.02, 0.722937],
        "M_G2C11_M M_G2C11H1_M": [-0.0866748, 0.068364, 0.00606632, -0, 0.02, 0.0107995],
        "M_G2C12_M M_G2C12H1_M": [-0.128651, 0.060969, 0.00541013, -0.07, 0.02, 0.0224065],
        "M_G2C12_M M_G2C12H2_M": [-0.128067, 0.0620181, 0.00550321, -0.07, 0.02, 0.0232984],
        "M_G2C13_M M_G2C13H1_M": [-0.212876, 0.0605061, 0.00536905, -0.12, 0.02, 0.00827952],
        "M_G2C13_M M_G2C13H2_M": [-0.21199, 0.0607078, 0.00538695, -0.12, 0.02, 0.00847496],
        "M_G2C14_M M_G2C14H1_M": [-0.226872, 0.0616533, 0.00547084],
        "M_G2C14_M M_G2C14H2_M": [-0.226069, 0.0597564, 0.00530252],
        "M_G2C15_M M_G2C15H1_M": [-0.235584, 0.0626744, 0.00556145, -0.12, 0.02, 0.00545038],
        "M_G2C15_M M_G2C15H2_M": [-0.23542, 0.0622312, 0.00552212, -0.12, 0.02, 0.00542781],
        "M_G2C16_M M_G2C16H1_M": [-0.217074, 0.0631553, 0.00560413, -0.1, 0.02, 0.00534925],
        "M_G2C16_M M_G2C16H2_M": [-0.2165, 0.062012, 0.00550267, -0.1, 0.02, 0.00530628],
        "M_G2C17_M M_G2C17H1_M": [-0.195852, 0.0597, 0.00529752, -0.1, 0.02, 0.00764963],
        "M_G2C17_M M_G2C17H2_M": [-0.196023, 0.0594602, 0.00527624, -0.1, 0.02, 0.00759098],
        "M_G2C18_M M_G2C18H1_M": [-0.143192, 0.0519841, 0.00461284, -0.07, 0.02, 0.0117921],
        "M_G2C18_M M_G2C18H2_M": [-0.144052, 0.050132, 0.0044485, -0.07, 0.02, 0.0110939],
        "M_G2C19_M M_G2C19H1_M": [-0.0430508, 0.020088, 0.00178252, -0, 0.02, 0.0155695],
        "M_G2C19_M M_G2C19H2_M": [-0.0417408, 0.0197936, 0.0017564, -0, 0.02, 0.0166071],
        "M_G2C19_M M_G2C19H3_M": [-0.04168, 0.0192901, 0.00171172, -0, 0.02, 0.0162484]
    },
    "10.1021/acs.jpcb.9b06091": {
        "M_G1_M M_G1H1_M": [-0.15841, 0.263996, 0.0234258, -0.13, 0.02, 0.246825],
        "M_G1_M M_G1H2_M": [-0.00439163, 0.333584, 0.0296008, 0, 0.02, 0.373843],
        "M_G2_M M_G2H1_M": [-0.137867, 0.288476, 0.0255981, -0.18, 0.02, 0.148674],
        "M_G3_M M_G3H1_M": [-0.182388, 0.285853, 0.0253653, -0.21, 0.02, 0.251385],
        "M_G3_M M_G3H2_M": [-0.153761, 0.265405, 0.0235508, -0.21, 0.02, 0.0880682],
        "M_G3C4_M M_G3C4H1_M": [0.0447374, 0.341877, 0.0303367, -0, 0.02, 0.142761],
        "M_G3C4_M M_G3C4H2_M": [0.0129524, 0.311119, 0.0276074, 0.09, 0.02, 0.0552467],
        "M_G3C5_M M_G3C5H1_M": [0.0192949, 0.303468, 0.0269284, -0.11, 0.02, 0.0200917]
    }
}