{"headgroup": 300.0, "sn-1": 45.358696954516134, "sn-2": 24.070131287280216, "total": 123.14294274726545}