{"headgroup": 0.16586168603605086, "tails": 0.07023008665529643, "total": 0.10210728644888123}