{"M_G1_M M_G1H1_M": [[-0.2832502269213256, 0.028029976740651583, 0.0008763647901624248]], "M_G1_M M_G1H2_M": [[0.023950441999008813, 0.0400760040370241, 0.00125298708569812]], "M_G1C3_M M_G1C3H1_M": [[-0.3002660417723053, 0.01711793585150779, 0.0005351968857956229]], "M_G1C3_M M_G1C3H2_M": [[-0.29021774422940194, 0.018176543691369115, 0.0005682945457055184]], "M_G1C4_M M_G1C4H1_M": [[-0.2554752685462345, 0.022293119384682276, 0.0006970003961255094]], "M_G1C4_M M_G1C4H2_M": [[-0.2451110841425865, 0.023038078960144273, 0.000720291758372072]], "M_G1C5_M M_G1C5H1_M": [[-0.2898245446942526, 0.02348131723907033, 0.0007341497228255223]], "M_G1C5_M M_G1C5H2_M": [[-0.28504242410666913, 0.023865950023699675, 0.000746175370677824]], "M_G1C6_M M_G1C6H1_M": [[-0.28779373332465263, 0.027218763217271146, 0.0008510019803473464]], "M_G1C6_M M_G1C6H2_M": [[-0.2854510798517581, 0.027387470697079287, 0.0008562766652501871]], "M_G1C7_M M_G1C7H1_M": [[-0.3027649523473732, 0.02708188633908041, 0.0008467224877975097]], "M_G1C7_M M_G1C7H2_M": [[-0.30144133231716674, 0.02697996674736424, 0.0008435359442468601]], "M_G1C8_M M_G1C8H1_M": [[-0.29506537840110925, 0.029078498649185408, 0.0009091471107064265]], "M_G1C8_M M_G1C8H2_M": [[-0.29416621275109295, 0.028962788832496936, 0.0009055294120490151]], "M_G1C9_M M_G1C9H1_M": [[-0.2950215800089959, 0.028454334177147756, 0.0008896324399799675]], "M_G1C9_M M_G1C9H2_M": [[-0.2951460981545754, 0.028394074620308664, 0.0008877484086668775]], "M_G1C10_M M_G1C10H1_M": [[-0.27753064223999835, 0.02942621581548412, 0.0009200185817853625]], "M_G1C10_M M_G1C10H2_M": [[-0.277036823815798, 0.028668217314240248, 0.000896319554004058]], "M_G1C11_M M_G1C11H1_M": [[-0.26757199881444893, 0.027420118598201714, 0.0008572974106928655]], "M_G1C11_M M_G1C11H2_M": [[-0.26726033148379036, 0.02806519727067908, 0.0008774659695423631]], "M_G1C12_M M_G1C12H1_M": [[-0.2412139754812362, 0.026686180371579032, 0.000834350633893242]], "M_G1C12_M M_G1C12H2_M": [[-0.24017792575320898, 0.027129165645609625, 0.0008482006880803308]], "M_G1C13_M M_G1C13H1_M": [[-0.22353624873463473, 0.025652816118138827, 0.0008020422215279157]], "M_G1C13_M M_G1C13H2_M": [[-0.22446238205108082, 0.0251876152290969, 0.0007874975901398583]], "M_G1C14_M M_G1C14H1_M": [[-0.19061418648836664, 0.023937812041824377, 0.0007484221560753719]], "M_G1C14_M M_G1C14H2_M": [[-0.1900499636063649, 0.023544148604232675, 0.0007361141624201603]], "M_G1C15_M M_G1C15H1_M": [[-0.1634602626899528, 0.021559601410176394, 0.0006740667586217748]], "M_G1C15_M M_G1C15H2_M": [[-0.16331736766506955, 0.02074557712333179, 0.0006486160695281561]], "M_G1C16_M M_G1C16H1_M": [[-0.11553910877710605, 0.018764400651113466, 0.0005866740522580417]], "M_G1C16_M M_G1C16H2_M": [[-0.11581227305089525, 0.01750723586976473, 0.0005473684559673233]], "M_G1C17_M M_G1C17H1_M": [[-0.03799202314485424, 0.014505309338564878, 0.00045351241252713825]], "M_G1C17_M M_G1C17H2_M": [[-0.03848507198132213, 0.01508471979425177, 0.0004716278368499682]], "M_G1C17_M M_G1C17H3_M": [[-0.03829699806289214, 0.014878462469259156, 0.0004651791458999516]], "M_G2_M M_G2H1_M": [[-0.2620629284654251, 0.03388442348454626, 0.0010594056481589085]], "M_G2C3_M M_G2C3H1_M": [[-0.15808104889393887, 0.025367983476363168, 0.0007931368520853818]], "M_G2C3_M M_G2C3H2_M": [[-0.14832573529252285, 0.027936776784882194, 0.0008734508683837266]], "M_G2C4_M M_G2C4H1_M": [[-0.24258997440152053, 0.02213812214719659, 0.0006921543656502896]], "M_G2C4_M M_G2C4H2_M": [[-0.2302051199206373, 0.02363735313165535, 0.0007390282271328327]], "M_G2C5_M M_G2C5H1_M": [[-0.24657590365518484, 0.025359800930047527, 0.0007928810225657483]], "M_G2C5_M M_G2C5H2_M": [[-0.24506278717245095, 0.025473631464643796, 0.0007964399649611894]], "M_G2C6_M M_G2C6H1_M": [[-0.26536746400716316, 0.027222380453077146, 0.0008511150742013807]], "M_G2C6_M M_G2C6H2_M": [[-0.26526529486847894, 0.026810553735813, 0.0008382392007035962]], "M_G2C7_M M_G2C7H1_M": [[-0.2439320611385619, 0.02922978686917943, 0.0009138771777484309]], "M_G2C7_M M_G2C7H2_M": [[-0.24381395485626917, 0.029909797209431137, 0.0009351378846215367]], "M_G2C8_M M_G2C8H1_M": [[-0.2388220404284511, 0.028182577373995543, 0.0008811358901621326]], "M_G2C8_M M_G2C8H2_M": [[-0.23867232426146712, 0.028566863482060792, 0.0008931506990780642]], "M_G2C9_M M_G2C9H1_M": [[-0.1679498518214213, 0.023257240319924183, 0.0007271438974534677]], "M_G2C9_M M_G2C9H2_M": [[-0.16766741562087784, 0.023973212532463158, 0.0007495289619724067]], "M_G2C10_M M_G2C10H1_M": [[-0.13006208176816386, 0.021198031896119105, 0.0006627621901503926]], "M_G2C11_M M_G2C11H1_M": [[-0.010354012026932632, 0.02103855263960265, 0.0006577760281401471]], "M_G2C12_M M_G2C12H1_M": [[-0.09245823140583094, 0.023164534264165537, 0.0007242454175919457]], "M_G2C12_M M_G2C12H2_M": [[-0.09344376391506524, 0.023615957444273653, 0.0007383592851905638]], "M_G2C13_M M_G2C13H1_M": [[-0.1670825798729605, 0.0270329415672797, 0.000845192216293343]], "M_G2C13_M M_G2C13H2_M": [[-0.16708906196675372, 0.02705020904276649, 0.0008457320885762075]], "M_G2C14_M M_G2C14H1_M": [[-0.17785347907586432, 0.02626098394056577, 0.0008210567526856157]], "M_G2C14_M M_G2C14H2_M": [[-0.17825527611380626, 0.026307468924773567, 0.0008225101182666113]], "M_G2C15_M M_G2C15H1_M": [[-0.18712792511859083, 0.025930256414927008, 0.0008107164673086749]], "M_G2C15_M M_G2C15H2_M": [[-0.18686331310571663, 0.025704855803990987, 0.0008036692563554475]], "M_G2C16_M M_G2C16H1_M": [[-0.17057311082987298, 0.023900067913105796, 0.0007472420757010507]], "M_G2C16_M M_G2C16H2_M": [[-0.17038289281251978, 0.02393990940885724, 0.000748487730821889]], "M_G2C17_M M_G2C17H1_M": [[-0.15307183172299274, 0.022076967845237102, 0.0006902423598894524]], "M_G2C17_M M_G2C17H2_M": [[-0.15207601924339353, 0.021540318428459986, 0.0006734638709925069]], "M_G2C18_M M_G2C18H1_M": [[-0.11433064494959136, 0.018873259973072147, 0.0005900775683482703]], "M_G2C18_M M_G2C18H2_M": [[-0.11423192611071203, 0.01869460813440676, 0.0005844919703810391]], "M_G2C19_M M_G2C19H1_M": [[-0.035926484507219775, 0.015180968743493981, 0.0004746370862327432]], "M_G2C19_M M_G2C19H2_M": [[-0.03600728712936484, 0.015033329523867647, 0.0004700211061723699]], "M_G2C19_M M_G2C19H3_M": [[-0.036595450111007455, 0.015067280251105687, 0.00047108258482528206]], "M_G3_M M_G3H1_M": [[-0.16392289919824668, 0.04910697014323057, 0.001535342679135035]], "M_G3_M M_G3H2_M": [[-0.2528407315109662, 0.035971544854348, 0.0011246600612543401]], "M_G3C4_M M_G3C4H1_M": [[0.1456865873251948, 0.03647220311571838, 0.0011403132769608165]], "M_G3C4_M M_G3C4H2_M": [[0.15919898493197118, 0.0323459218903741, 0.001011303980461631]], "M_G3C5_M M_G3C5H1_M": [[-0.019681937604154133, 0.02276207443010059, 0.0007116624022261993]], "M_G3C5_M M_G3C5H2_M": [[-0.009673335537512758, 0.02019899836700632, 0.0006315271371495673]], "M_G3N6C1_M M_G3N6C1H1_M": [[0.014556121124166483, 0.015433973792895279, 0.00048254735740706916]], "M_G3N6C1_M M_G3N6C1H2_M": [[0.014617210765578726, 0.015910297298655635, 0.000497439740409646]], "M_G3N6C1_M M_G3N6C1H3_M": [[0.014143250172562991, 0.015016782569761595, 0.0004695037611849962]], "M_G3N6C2_M M_G3N6C2H1_M": [[0.01420771933120584, 0.015005541553906728, 0.00046915230778951135]], "M_G3N6C2_M M_G3N6C2H2_M": [[0.015162462837399745, 0.015211646268438612, 0.0004755962273322723]], "M_G3N6C2_M M_G3N6C2H3_M": [[0.014310182642356105, 0.014696022491852699, 0.0004594751107522817]], "M_G3N6C3_M M_G3N6C3H1_M": [[0.014724339010863707, 0.015184013548236407, 0.0004747322828750334]], "M_G3N6C3_M M_G3N6C3H2_M": [[0.014280953368986993, 0.014842572464451633, 0.00046405703521027494]], "M_G3N6C3_M M_G3N6C3H3_M": [[0.01428899610022783, 0.015421297987142216, 0.0004821510449180612]]}