{"sn-1": 0.43552490876506833, "sn-2": 0.45109438132701124, "headgroup": 0.1175689058194253, "total": 0.3347293986371683}