{"headgroup": 0.1175689058194253, "tails": 0.44330964504603976, "total": 0.3347293986371683}