{"POPC": 0.786532638932827, "POPG": 0.749506163370459}