{"M_G1_M M_G1H1_M": [[-0.17504204764131304, 0.0489941992775965, 0.004013761196847797]], "M_G1_M M_G1H2_M": [[-0.04096196559303878, 0.04263679885133369, 0.0034929426607762117]], "M_G1C3_M M_G1C3H1_M": [[-0.24085171360130853, 0.025950967739468686, 0.0021259861140532597]], "M_G1C3_M M_G1C3H2_M": [[-0.2072651828177142, 0.030870329112777702, 0.0025289959006115728]], "M_G1C4_M M_G1C4H1_M": [[-0.1868370969417661, 0.021348631893328345, 0.0017489480706425421]], "M_G1C4_M M_G1C4H2_M": [[-0.1726261796175021, 0.018438944085474473, 0.0015105771575486457]], "M_G1C5_M M_G1C5H1_M": [[-0.21480868796992467, 0.01851423157235713, 0.0015167449487956386]], "M_G1C5_M M_G1C5H2_M": [[-0.21162017816436193, 0.01721207783055035, 0.0014100683577244963]], "M_G1C6_M M_G1C6H1_M": [[-0.21739433103074732, 0.01771195071078416, 0.0014510195396934293]], "M_G1C6_M M_G1C6H2_M": [[-0.21343972830177138, 0.01797429852985197, 0.0014725119104593196]], "M_G1C7_M M_G1C7H1_M": [[-0.22935771347437642, 0.017511186634679796, 0.0014345723057296084]], "M_G1C7_M M_G1C7H2_M": [[-0.2282427305980941, 0.018259169555269884, 0.0014958494541846543]], "M_G1C8_M M_G1C8H1_M": [[-0.2218172761597546, 0.017960104134794184, 0.00147134906030694]], "M_G1C8_M M_G1C8H2_M": [[-0.22060549655423173, 0.018722749004666184, 0.0015338273624488632]], "M_G1C9_M M_G1C9H1_M": [[-0.222442125809692, 0.017986661508504337, 0.001473524725133791]], "M_G1C9_M M_G1C9H2_M": [[-0.22181226867141818, 0.018650484482883308, 0.0015279072221523057]], "M_G1C10_M M_G1C10H1_M": [[-0.20825942344029555, 0.01830073256615899, 0.001499254428707978]], "M_G1C10_M M_G1C10H2_M": [[-0.20758975642546068, 0.01897413866311528, 0.001554422005717851]], "M_G1C11_M M_G1C11H1_M": [[-0.2011270691539266, 0.01783352056158672, 0.0014609789299284486]], "M_G1C11_M M_G1C11H2_M": [[-0.20099547807603282, 0.018145518915075792, 0.0014865388309612119]], "M_G1C12_M M_G1C12H1_M": [[-0.18262467266153584, 0.01783728706858659, 0.001461287494204764]], "M_G1C12_M M_G1C12H2_M": [[-0.18280322113258393, 0.01690180652003364, 0.00138464994156484]], "M_G1C13_M M_G1C13H1_M": [[-0.17082830801904372, 0.016692010347397354, 0.001367462769422203]], "M_G1C13_M M_G1C13H2_M": [[-0.17089052192744514, 0.01579425405319657, 0.0012939157081165865]], "M_G1C14_M M_G1C14H1_M": [[-0.14875210170537664, 0.014719693186269417, 0.001205884251843853]], "M_G1C14_M M_G1C14H2_M": [[-0.1485905762764545, 0.014586483125265738, 0.0011949712584330026]], "M_G1C15_M M_G1C15H1_M": [[-0.13014268603199966, 0.01297061129049669, 0.0010625938797819553]], "M_G1C15_M M_G1C15H2_M": [[-0.12956146144184474, 0.012792132511192338, 0.0010479723284678155]], "M_G1C16_M M_G1C16H1_M": [[-0.09811108261989201, 0.010291671536651082, 0.0008431265838321811]], "M_G1C16_M M_G1C16H2_M": [[-0.09749913800878496, 0.010074885485955606, 0.0008253667785668818]], "M_G1C17_M M_G1C17H1_M": [[-0.03341460316379392, 0.005170864439380144, 0.0004236137205417007]], "M_G1C17_M M_G1C17H2_M": [[-0.03200191228283698, 0.004989092409593493, 0.0004087223756358245]], "M_G1C17_M M_G1C17H3_M": [[-0.03318796693505981, 0.004964896063832954, 0.00040674013375512953]], "M_G2_M M_G2H1_M": [[-0.1932177038228296, 0.04254024397345858, 0.0034850325769725013]], "M_G2C3_M M_G2C3H1_M": [[-0.0801087861293535, 0.035249589946448605, 0.002887758926933775]], "M_G2C3_M M_G2C3H2_M": [[-0.1127766273870706, 0.026406687293270902, 0.0021633201145812063]], "M_G2C4_M M_G2C4H1_M": [[-0.20989251095758554, 0.022205459670320764, 0.0018191421371724981]], "M_G2C4_M M_G2C4H2_M": [[-0.21158746920764016, 0.0222469397439727, 0.0018225403172126126]], "M_G2C5_M M_G2C5H1_M": [[-0.20867219989447786, 0.021399849646878428, 0.0017531439925030925]], "M_G2C5_M M_G2C5H2_M": [[-0.2091074576437087, 0.021209553978671247, 0.0017375543639299104]], "M_G2C6_M M_G2C6H1_M": [[-0.21972114544198088, 0.02100169992092802, 0.0017205262960386443]], "M_G2C6_M M_G2C6H2_M": [[-0.21740478912932076, 0.020691260558728664, 0.0016950941125487159]], "M_G2C7_M M_G2C7H1_M": [[-0.1961614436201906, 0.01911102199567766, 0.0015656359252600636]], "M_G2C7_M M_G2C7H2_M": [[-0.19532372123496822, 0.020138802203110803, 0.0016498349605807547]], "M_G2C8_M M_G2C8H1_M": [[-0.18678001339259168, 0.018266288523349255, 0.001496432662773832]], "M_G2C8_M M_G2C8H2_M": [[-0.18701927257627896, 0.01936375823614146, 0.0015863408848260556]], "M_G2C9_M M_G2C9H1_M": [[-0.10791082826022631, 0.020207883082336855, 0.001655494286716705]], "M_G2C9_M M_G2C9H2_M": [[-0.10735649442185635, 0.021386118453963942, 0.0017520190893488574]], "M_G2C10_M M_G2C10H1_M": [[-0.05839863064136568, 0.021700562236035236, 0.0017777793276970112]], "M_G2C11_M M_G2C11H1_M": [[-0.05465604654857167, 0.018314342896938476, 0.0015003694304503157]], "M_G2C12_M M_G2C12H1_M": [[-0.08910662955195534, 0.021944741636485125, 0.001797783283615186]], "M_G2C12_M M_G2C12H2_M": [[-0.08739671903267582, 0.022031284414097477, 0.001804873144206228]], "M_G2C13_M M_G2C13H1_M": [[-0.13272703285774143, 0.019351738752237804, 0.0015853562103378517]], "M_G2C13_M M_G2C13H2_M": [[-0.13313046861856387, 0.01957693583307541, 0.0016038050740408392]], "M_G2C14_M M_G2C14H1_M": [[-0.1402391018416601, 0.01871319413143688, 0.0015330445967342674]], "M_G2C14_M M_G2C14H2_M": [[-0.14046037530988073, 0.0191215567386903, 0.0015664989650351056]], "M_G2C15_M M_G2C15H1_M": [[-0.1451785564974889, 0.017556691926771114, 0.0014383002445129834]], "M_G2C15_M M_G2C15H2_M": [[-0.14526210126537292, 0.018414740421768116, 0.0015085943161584699]], "M_G2C16_M M_G2C16H1_M": [[-0.133252693263088, 0.01622395463265074, 0.001329118151212025]], "M_G2C16_M M_G2C16H2_M": [[-0.1332650006741636, 0.01645501935455602, 0.0013480477108010912]], "M_G2C17_M M_G2C17H1_M": [[-0.12076677559763661, 0.013648300397149808, 0.0011181123346177821]], "M_G2C17_M M_G2C17H2_M": [[-0.12068644228659539, 0.014321187234652899, 0.001173237372235746]], "M_G2C18_M M_G2C18H1_M": [[-0.0939655468945587, 0.010613447612368314, 0.0008694875070808719]], "M_G2C18_M M_G2C18H2_M": [[-0.09453382515837734, 0.011336011898661492, 0.0009286822798767149]], "M_G2C19_M M_G2C19H1_M": [[-0.031258410039681044, 0.005406415532082771, 0.0004429108179472139]], "M_G2C19_M M_G2C19H2_M": [[-0.030919399151538213, 0.00520985789274831, 0.00042680818871074797]], "M_G2C19_M M_G2C19H3_M": [[-0.031225329198957295, 0.005675936995484876, 0.0004649908765556148]], "M_G3_M M_G3H1_M": [[-0.21017109270231504, 0.03831954986052735, 0.0031392598425664955]], "M_G3_M M_G3H2_M": [[-0.23963922402647067, 0.02924630793812056, 0.002395950902023777]], "M_G3C4_M M_G3C4H1_M": [[0.03852247833791822, 0.025897371999036058, 0.0021215953799166333]], "M_G3C4_M M_G3C4H2_M": [[0.03612834011113538, 0.024708087243922563, 0.0020241653765190686]], "M_G3C5_M M_G3C5H1_M": [[-0.08326155212826881, 0.02219525667009828, 0.0018183062748257657]], "M_G3C5_M M_G3C5H2_M": [[-0.08553819976971538, 0.021133668985566584, 0.0017313376230659397]], "M_G3N6C1_M M_G3N6C1H1_M": [[0.013585401366933697, 0.011181485729757317, 0.0009160230028645332]], "M_G3N6C1_M M_G3N6C1H2_M": [[0.012536944805190037, 0.010603426511793993, 0.0008686665465339504]], "M_G3N6C1_M M_G3N6C1H3_M": [[0.013250789866945594, 0.011523084923696723, 0.0009440078992344067]], "M_G3N6C2_M M_G3N6C2H1_M": [[0.012121679276440525, 0.011067637497222208, 0.0009066961922457896]], "M_G3N6C2_M M_G3N6C2H2_M": [[0.011920025914752202, 0.010927736074963073, 0.00089523502116172]], "M_G3N6C2_M M_G3N6C2H3_M": [[0.013317217314260932, 0.010964182844933508, 0.0008982208568976795]], "M_G3N6C3_M M_G3N6C3H1_M": [[0.015782034360968648, 0.01130994790917208, 0.000926547034660135]], "M_G3N6C3_M M_G3N6C3H2_M": [[0.012001613956063863, 0.010013311060803673, 0.0008203224051096744]], "M_G3N6C3_M M_G3N6C3H3_M": [[0.014194032132735825, 0.01108767380002301, 0.0009083376301281499]]}