{"M_G1_M M_G1H1_M": [[-0.02006047708620246, 0.048399145475822344, 0.003965012489963837]], "M_G1_M M_G1H2_M": [[-0.17696134457455326, 0.0473912120706065, 0.00388243936803281]], "M_G1C3_M M_G1C3H1_M": [[-0.23565909259789625, 0.026433859682820412, 0.00216554616346878]], "M_G1C3_M M_G1C3H2_M": [[-0.20985859183935, 0.026236495453700628, 0.002149377455822424]], "M_G1C4_M M_G1C4H1_M": [[-0.18608487561229584, 0.01985796691931525, 0.0016268280376914206]], "M_G1C4_M M_G1C4H2_M": [[-0.174206696659463, 0.01913572634379005, 0.0015676597843149922]], "M_G1C5_M M_G1C5H1_M": [[-0.2152675433944077, 0.017548215863106568, 0.0014376058583215486]], "M_G1C5_M M_G1C5H2_M": [[-0.21295203417919173, 0.016895499836165652, 0.001384133277891112]], "M_G1C6_M M_G1C6H1_M": [[-0.21654521375753125, 0.018347941205575834, 0.001503121911141433]], "M_G1C6_M M_G1C6H2_M": [[-0.21400570839967448, 0.01852857817143724, 0.0015179202679873702]], "M_G1C7_M M_G1C7H1_M": [[-0.22837747648620688, 0.01795707075680383, 0.0014711005562992702]], "M_G1C7_M M_G1C7H2_M": [[-0.22709402973415613, 0.018228470351427356, 0.0014933344774124223]], "M_G1C8_M M_G1C8H1_M": [[-0.2206600320650091, 0.018640096262154585, 0.001527056185950469]], "M_G1C8_M M_G1C8H2_M": [[-0.2191872427008156, 0.018555857424865194, 0.001520155071504981]], "M_G1C9_M M_G1C9H1_M": [[-0.21984072927688686, 0.01880874121333412, 0.0015408721186745342]], "M_G1C9_M M_G1C9H2_M": [[-0.21932474465742355, 0.01876052866919921, 0.0015369223931620587]], "M_G1C10_M M_G1C10H1_M": [[-0.20502713136537556, 0.01892969413549957, 0.0015507809681463332]], "M_G1C10_M M_G1C10H2_M": [[-0.2041930965539718, 0.019536534367152168, 0.0016004952569888308]], "M_G1C11_M M_G1C11H1_M": [[-0.19707459925917753, 0.019181592381567043, 0.0015714172765364566]], "M_G1C11_M M_G1C11H2_M": [[-0.19733062217146718, 0.019737742123391553, 0.0016169788386455628]], "M_G1C12_M M_G1C12H1_M": [[-0.17916405656810733, 0.01808200771463935, 0.00148133579069041]], "M_G1C12_M M_G1C12H2_M": [[-0.17876629172654834, 0.018850802168215212, 0.0015443178863591442]], "M_G1C13_M M_G1C13H1_M": [[-0.16691604273324348, 0.017135398382426576, 0.0014037865325694184]], "M_G1C13_M M_G1C13H2_M": [[-0.16676471923653183, 0.017112515179631405, 0.001401911867552067]], "M_G1C14_M M_G1C14H1_M": [[-0.14547080951825248, 0.014152326069194924, 0.0011594037265478241]], "M_G1C14_M M_G1C14H2_M": [[-0.14526855265181277, 0.015761219535423088, 0.0012912094149726875]], "M_G1C15_M M_G1C15H1_M": [[-0.126733070139936, 0.012925456561111293, 0.0010588946602144637]], "M_G1C15_M M_G1C15H2_M": [[-0.1269263142030973, 0.013382502774189595, 0.001096337344905073]], "M_G1C16_M M_G1C16H1_M": [[-0.09628025515220351, 0.009627084085419823, 0.0007886814584296773]], "M_G1C16_M M_G1C16H2_M": [[-0.09600234710871959, 0.009957313731109054, 0.0008157349251147084]], "M_G1C17_M M_G1C17H1_M": [[-0.03202123389013277, 0.005002753906530862, 0.0004098415690731411]], "M_G1C17_M M_G1C17H2_M": [[-0.03199455007657643, 0.0051088636282683965, 0.0004185344161856192]], "M_G1C17_M M_G1C17H3_M": [[-0.03272940844424574, 0.005560448099491613, 0.0004555296575492963]], "M_G2_M M_G2H1_M": [[-0.19201168820706732, 0.04739145475481565, 0.0038824592494978837]], "M_G2C3_M M_G2C3H1_M": [[-0.08556249293729112, 0.031862544089960164, 0.002610281318744067]], "M_G2C3_M M_G2C3H2_M": [[-0.1113458995477131, 0.0289093427465154, 0.0023683456379171002]], "M_G2C4_M M_G2C4H1_M": [[-0.20089023724094257, 0.022701138685285432, 0.001859749744311547]], "M_G2C4_M M_G2C4H2_M": [[-0.20154340793535142, 0.021925989595442664, 0.0017962470565554994]], "M_G2C5_M M_G2C5H1_M": [[-0.20247866739403694, 0.021218203181901787, 0.0017382629342672618]], "M_G2C5_M M_G2C5H2_M": [[-0.20348855807788374, 0.021300687244242698, 0.0017450202919476374]], "M_G2C6_M M_G2C6H1_M": [[-0.21390060520740037, 0.021622265811992024, 0.0017713650347131417]], "M_G2C6_M M_G2C6H2_M": [[-0.21144912540400404, 0.02118483725671247, 0.0017355294911699877]], "M_G2C7_M M_G2C7H1_M": [[-0.193220740944057, 0.02074188245784806, 0.0016992412201123064]], "M_G2C7_M M_G2C7H2_M": [[-0.1904800373211459, 0.02147957105932345, 0.001759675025085475]], "M_G2C8_M M_G2C8H1_M": [[-0.1833854857747242, 0.02005651094077187, 0.0016430933976919688]], "M_G2C8_M M_G2C8H2_M": [[-0.1812870323990008, 0.021018815522739123, 0.0017219284607728992]], "M_G2C9_M M_G2C9H1_M": [[-0.10615732328317024, 0.02264315365372315, 0.0018549994254347347]], "M_G2C9_M M_G2C9H2_M": [[-0.10533719743053428, 0.021119726197422025, 0.0017301953853550338]], "M_G2C10_M M_G2C10H1_M": [[-0.05721060395555412, 0.023416070823205237, 0.0019183192671504297]], "M_G2C11_M M_G2C11H1_M": [[-0.05382572701055596, 0.01769665544972069, 0.0014497665030838425]], "M_G2C12_M M_G2C12H1_M": [[-0.08678964176406043, 0.019088514285614512, 0.0015637920218059117]], "M_G2C12_M M_G2C12H2_M": [[-0.08510367705402704, 0.020419247959677478, 0.001672809972156108]], "M_G2C13_M M_G2C13H1_M": [[-0.13006816237494018, 0.018174190404794226, 0.0014888876909198293]], "M_G2C13_M M_G2C13H2_M": [[-0.1301839526548921, 0.017306932067039538, 0.0014178391195573369]], "M_G2C14_M M_G2C14H1_M": [[-0.13776131817519738, 0.017319844220301767, 0.001418896924368842]], "M_G2C14_M M_G2C14H2_M": [[-0.1382898961493064, 0.017296312101326948, 0.0014169690980666797]], "M_G2C15_M M_G2C15H1_M": [[-0.14265636455764683, 0.01704677115942839, 0.0013965259075587111]], "M_G2C15_M M_G2C15H2_M": [[-0.14323496713940706, 0.017034310731715685, 0.0013955051095461543]], "M_G2C16_M M_G2C16H1_M": [[-0.13080076831131962, 0.015608622395102053, 0.0012787081701395961]], "M_G2C16_M M_G2C16H2_M": [[-0.13124659396059254, 0.015267200575495275, 0.0012507378048412395]], "M_G2C17_M M_G2C17H1_M": [[-0.1181891629875115, 0.013219016615448144, 0.001082944036924669]], "M_G2C17_M M_G2C17H2_M": [[-0.11921806698106724, 0.013036811331215042, 0.0010680171984315688]], "M_G2C18_M M_G2C18H1_M": [[-0.09237181536724656, 0.010235614354503089, 0.0008385342005331824]], "M_G2C18_M M_G2C18H2_M": [[-0.09284677814154396, 0.010488233382529704, 0.0008592295576821721]], "M_G2C19_M M_G2C19H1_M": [[-0.030529919582065464, 0.005262646048399155, 0.0004311327629241979]], "M_G2C19_M M_G2C19H2_M": [[-0.03056459283847045, 0.005399041845687409, 0.00044230674202051616]], "M_G2C19_M M_G2C19H3_M": [[-0.030537924474800134, 0.0052937613504594125, 0.0004336818277906334]], "M_G3_M M_G3H1_M": [[-0.19515065577945426, 0.039857989112654875, 0.003265293696878726]], "M_G3_M M_G3H2_M": [[-0.21323745820852072, 0.03322835583774934, 0.0027221729768649467]], "M_G3C4_M M_G3C4H1_M": [[0.027698479568166682, 0.021501914449983832, 0.0017615054669696364]], "M_G3C4_M M_G3C4H2_M": [[0.02812945981979418, 0.019536137032919582, 0.001600462706100186]], "M_G3C5_M M_G3C5H1_M": [[0.017344723985000223, 0.024531786195428826, 0.0020097222318643643]], "M_G3C6_M M_G3C6H1_M": [[0.009830696715158389, 0.021579615150289676, 0.0017678709563633595]], "M_G3C6_M M_G3C6H2_M": [[0.019949985031264668, 0.022394217447531665, 0.0018346057768062372]]}