{"M_C3_M M_C3H3_M": [[-0.4076768603965301, 0.005390727106134731, 0.0004900661005577028]], "M_C4_M M_C4H41_M": [[-0.35751743670712394, 0.005921512648500344, 0.0005383193316818494]], "M_C4_M M_C4H42_M": [[-0.2282376953039187, 0.008937607093437503, 0.0008125097357670457]], "M_C6_M M_C6H6_M": [[-0.06890850394669132, 0.00999180129566727, 0.0009083455723333882]], "M_C7_M M_C7H71_M": [[-0.29690638074664766, 0.006502248472580905, 0.0005911134975073551]], "M_C7_M M_C7H72_M": [[-0.3735394765842135, 0.00571933797263023, 0.0005199398156936573]], "M_C8_M M_C8H8_M": [[-0.4493129571591225, 0.005306129052046481, 0.00048237536836786193]], "M_C14_M M_C14H14_M": [[-0.44560530388180714, 0.005123316692185576, 0.0004657560629259615]], "M_C15_M M_C15H151_M": [[-0.4132756623364513, 0.006001209019267889, 0.0005455644562970809]], "M_C15_M M_C15H152_M": [[-0.37365869538366075, 0.006869666982776116, 0.0006245151802523742]], "M_C16_M M_C16H161_M": [[-0.08617039111901093, 0.00710120445570811, 0.00064556404142801]], "M_C16_M M_C16H162_M": [[-0.1764135477541383, 0.006132727702922983, 0.0005575207002657258]], "M_C17_M M_C17H17_M": [[-0.4436425393999826, 0.00512581884952563, 0.0004659835317750573]], "M_C18_M M_C18H181_M": [[0.13091856846674707, 0.0063419852732794985, 0.0005765441157526817]], "M_C18_M M_C18H182_M": [[0.13210763163616596, 0.005932673024958998, 0.0005393339113599089]], "M_C18_M M_C18H183_M": [[0.13129758779944214, 0.005924005171783589, 0.000538545924707599]], "M_C12_M M_C12H121_M": [[-0.13259744582190083, 0.009120418097758707, 0.0008291289179780643]], "M_C12_M M_C12H122_M": [[-0.4405513655707452, 0.005353224602673301, 0.0004866567820612092]], "M_C11_M M_C11H111_M": [[-0.4453578303757974, 0.005416997645965083, 0.0004924543314513713]], "M_C11_M M_C11H112_M": [[-0.2262778084389083, 0.007440848884728981, 0.0006764408077026346]], "M_C9_M M_C9H9_M": [[-0.4440011161209255, 0.005206895725091704, 0.00047335415682651856]], "M_C19_M M_C19H191_M": [[0.1312877610132816, 0.005383072205604953, 0.0004893702005095412]], "M_C19_M M_C19H192_M": [[0.13001565347559385, 0.005329884323538232, 0.0004845349385034756]], "M_C19_M M_C19H193_M": [[0.13177042287162202, 0.005469064787853523, 0.0004971877079866839]], "M_C1_M M_C1H11_M": [[-0.2459529572108427, 0.008806174288604435, 0.0008005612989640396]], "M_C1_M M_C1H12_M": [[-0.4042048658260399, 0.005663864969649997, 0.000514896815422727]], "M_C2_M M_C2H21_M": [[-0.21932357463464452, 0.007096520025419149, 0.0006451381841290135]], "M_C2_M M_C2H22_M": [[-0.3882678573043596, 0.005635217067579765, 0.0005122924606890696]], "M_C20_M M_C20H20_M": [[-0.4242303191136823, 0.007282746297721898, 0.0006620678452474453]], "M_C21_M M_C21H211_M": [[0.12352792066902689, 0.0037971603099298448, 0.00034519639181180406]], "M_C21_M M_C21H212_M": [[0.12390874345277515, 0.0036808197372186057, 0.00033461997611078235]], "M_C21_M M_C21H213_M": [[0.12337663169250325, 0.004141013348233705, 0.0003764557589303368]], "M_C22_M M_C22H221_M": [[-0.3086777646732265, 0.015386823829100456, 0.0013988021662818596]], "M_C22_M M_C22H222_M": [[-0.40198252755523145, 0.006472010355507711, 0.0005883645777734282]], "M_C23_M M_C23H231_M": [[-0.23800497970304083, 0.012925262151029177, 0.0011750238319117434]], "M_C23_M M_C23H232_M": [[-0.3796092663732827, 0.00667996847797806, 0.000607269861634369]], "M_C24_M M_C24H241_M": [[-0.2400104904622496, 0.010748568221694869, 0.0009771425656086245]], "M_C24_M M_C24H242_M": [[-0.3228135964964655, 0.007081319860826168, 0.0006437563509841971]], "M_C25_M M_C25H25_M": [[-0.19086581534793187, 0.009070515779208537, 0.0008245923435644125]], "M_C26_M M_C26H261_M": [[0.017092180969753137, 0.004326575128278925, 0.00039332501166172045]], "M_C26_M M_C26H262_M": [[0.017324788292537266, 0.004039916070240023, 0.00036726509729454756]], "M_C26_M M_C26H263_M": [[0.01773422518889565, 0.0041428286900333485, 0.00037662079000303167]], "M_C27_M M_C27H271_M": [[0.016378499542041562, 0.004134609793812099, 0.00037587361761928176]], "M_C27_M M_C27H272_M": [[0.01747881827091879, 0.004670271075293146, 0.00042457009775392234]], "M_C27_M M_C27H273_M": [[0.016317020372225967, 0.004366968518346384, 0.00039699713803148946]]}