{"headgroup": 0.18443441512183453, "tails": 0.21504068476744204, "total": 0.22458761030694327}