{"M_G1_M M_G1H1_M": [[0.009291975321421345, 0.26455456688438506, 0.023475421702061974]], "M_G1_M M_G1H2_M": [[-0.08945426462166209, 0.20866085925964473, 0.018515657172440535]], "M_G1C3_M M_G1C3H1_M": [[-0.1633803421419669, 0.13626699644248091, 0.012091740631181786]], "M_G1C3_M M_G1C3H2_M": [[-0.15224202440794146, 0.1571383176794951, 0.013943770907159718]], "M_G1C4_M M_G1C4H1_M": [[-0.15393356226002003, 0.1209744600833757, 0.010734747462808326]], "M_G1C4_M M_G1C4H2_M": [[-0.1473794241405687, 0.13981361237035944, 0.012406451904181975]], "M_G1C5_M M_G1C5H1_M": [[-0.1876526802492198, 0.10721534558761571, 0.009513823481646902]], "M_G1C5_M M_G1C5H2_M": [[-0.18464203564844284, 0.10270798034422288, 0.009113859492742845]], "M_G1C6_M M_G1C6H1_M": [[-0.16787551244743354, 0.09544215080471652, 0.00846912137892396]], "M_G1C6_M M_G1C6H2_M": [[-0.168452961613402, 0.10169364304918913, 0.009023851612593671]], "M_G1C7_M M_G1C7H1_M": [[-0.17419038117157895, 0.08735402727648969, 0.007751416472750589]], "M_G1C7_M M_G1C7H2_M": [[-0.1674738168456868, 0.09656298732182751, 0.008568579536868931]], "M_G1C8_M M_G1C8H1_M": [[-0.17359665837756066, 0.08011468505476722, 0.007109028728316954]], "M_G1C8_M M_G1C8H2_M": [[-0.16454604242100235, 0.08961635812826085, 0.007952165873527792]], "M_G1C9_M M_G1C9H1_M": [[-0.16910214891105732, 0.08561751407473887, 0.007597325843424528]], "M_G1C9_M M_G1C9H2_M": [[-0.16536577753156673, 0.07258765486439996, 0.0064411128047175545]], "M_G1C10_M M_G1C10H1_M": [[-0.16022223996053048, 0.0762716927535392, 0.006768018304903885]], "M_G1C10_M M_G1C10H2_M": [[-0.16441514214235237, 0.07784415691226694, 0.006907551935610944]], "M_G1C11_M M_G1C11H1_M": [[-0.1508152401473578, 0.07277622085015582, 0.006457845330209048]], "M_G1C11_M M_G1C11H2_M": [[-0.15023640536436045, 0.06842212164858386, 0.006071481503293208]], "M_G1C12_M M_G1C12H1_M": [[-0.13750524818508186, 0.06337977062778542, 0.005624045203186561]], "M_G1C12_M M_G1C12H2_M": [[-0.1339743257172234, 0.07104582800595366, 0.0063042977947940625]], "M_G1C13_M M_G1C13H1_M": [[-0.12084532191126382, 0.06145176785615967, 0.0054529626222291185]], "M_G1C13_M M_G1C13H2_M": [[-0.12531200188780622, 0.058447238738478235, 0.005186353775198631]], "M_G1C14_M M_G1C14H1_M": [[-0.10520225151812013, 0.047412576888613056, 0.00420718587303028]], "M_G1C14_M M_G1C14H2_M": [[-0.10321181117414108, 0.053445225623287955, 0.004742496885403745]], "M_G1C15_M M_G1C15H1_M": [[-0.08447757020338917, 0.04428748879491023, 0.003929879146785679]], "M_G1C15_M M_G1C15H2_M": [[-0.0867637980652983, 0.03917848841106647, 0.003476528672064361]], "M_G1C16_M M_G1C16H1_M": [[-0.058262995388149164, 0.03589643648914734, 0.0031852936583487003]], "M_G1C16_M M_G1C16H2_M": [[-0.06148848960437544, 0.03207383933126352, 0.0028460930112563262]], "M_G1C17_M M_G1C17H1_M": [[-0.010806750602991955, 0.013520290050369919, 0.0011997317385389666]], "M_G1C17_M M_G1C17H2_M": [[-0.012924741817957204, 0.014225655174597073, 0.0012623227719887737]], "M_G1C17_M M_G1C17H3_M": [[-0.013473703723990522, 0.014315776261836558, 0.001270319725328535]], "M_G2_M M_G2H1_M": [[-0.13481566546606413, 0.19614417692564803, 0.01740498121790397]], "M_G2C3_M M_G2C3H1_M": [[-0.08739722939328813, 0.14741874677685637, 0.013081298456240925]], "M_G2C3_M M_G2C3H2_M": [[-0.1119803494812184, 0.15830758213485788, 0.014047526349729222]], "M_G2C4_M M_G2C4H1_M": [[-0.14228152340324832, 0.1255027535284525, 0.011136568529311847]], "M_G2C4_M M_G2C4H2_M": [[-0.10399283789881623, 0.13033943438031814, 0.011565754553098972]], "M_G2C5_M M_G2C5H1_M": [[-0.14994443958231837, 0.09964929843169557, 0.0088424453622114]], "M_G2C5_M M_G2C5H2_M": [[-0.13202058431627212, 0.12003279531599763, 0.010651188226706252]], "M_G2C6_M M_G2C6H1_M": [[-0.16683094548820368, 0.08842934690982153, 0.007846835660384584]], "M_G2C6_M M_G2C6H2_M": [[-0.16188888471166135, 0.09449466892900231, 0.00838504595792708]], "M_G2C7_M M_G2C7H1_M": [[-0.14896310276188401, 0.08293285697682115, 0.007359101048285782]], "M_G2C7_M M_G2C7H2_M": [[-0.15933315791899275, 0.08449728671702256, 0.00749792173963497]], "M_G2C8_M M_G2C8H1_M": [[-0.17560196426575636, 0.08254896682689877, 0.007325036305942347]], "M_G2C8_M M_G2C8H2_M": [[-0.1764124433570362, 0.08848419419176246, 0.00785170256964999]], "M_G2C9_M M_G2C9H1_M": [[-0.1458887598813116, 0.07753298824265267, 0.006879940181160087]], "M_G2C9_M M_G2C9H2_M": [[-0.14496595551093744, 0.07912319451822171, 0.007021048170154141]], "M_G2C10_M M_G2C10H1_M": [[-0.09839745672560327, 0.10060551055983673, 0.00892729546784027]], "M_G2C11_M M_G2C11H1_M": [[-0.032712887622532605, 0.10826357220073096, 0.009606838552496005]], "M_G2C12_M M_G2C12H1_M": [[-0.10442285573240936, 0.07608693989582849, 0.006751624139811602]], "M_G2C12_M M_G2C12H2_M": [[-0.10384743087830678, 0.07309745213635278, 0.006486349997492546]], "M_G2C13_M M_G2C13H1_M": [[-0.13172843366715348, 0.07701840151229994, 0.006834277992676322]], "M_G2C13_M M_G2C13H2_M": [[-0.13337023914096816, 0.06969627440618192, 0.006184544277637722]], "M_G2C14_M M_G2C14H1_M": [[-0.09819680135288328, 0.0675553566287162, 0.005994568545041833]], "M_G2C14_M M_G2C14H2_M": [[-0.09957688447708041, 0.06784953421646611, 0.006020672584783255]], "M_G2C15_M M_G2C15H1_M": [[-0.10592062856359441, 0.06405609373082242, 0.0056840591739814]], "M_G2C15_M M_G2C15H2_M": [[-0.10975647598203037, 0.062160925799555566, 0.005515890213956768]], "M_G2C16_M M_G2C16H1_M": [[-0.0848591984775241, 0.05316064968555467, 0.004717244854326662]], "M_G2C16_M M_G2C16H2_M": [[-0.08432805537827948, 0.05489615869721076, 0.004871246376190998]], "M_G2C17_M M_G2C17H1_M": [[-0.07168586970248067, 0.04357038436938056, 0.003866246418793194]], "M_G2C17_M M_G2C17H2_M": [[-0.07245446253417231, 0.043620748303565264, 0.003870715495277054]], "M_G2C18_M M_G2C18H1_M": [[-0.04575290472713638, 0.03288207428818976, 0.0029178122662729413]], "M_G2C18_M M_G2C18H2_M": [[-0.04523561406156484, 0.02979248252800738, 0.002643655330289319]], "M_G2C19_M M_G2C19H1_M": [[-0.013933052025912596, 0.012045440168315822, 0.0010688599742137376]], "M_G2C19_M M_G2C19H2_M": [[-0.015552425678605833, 0.011683916857753286, 0.0010367799679204045]], "M_G2C19_M M_G2C19H3_M": [[-0.016541332624180255, 0.012949938034321984, 0.0011491211811290925]], "M_G3_M M_G3H1_M": [[-0.004107182620922937, 0.21091330754550044, 0.018715529637298257]], "M_G3_M M_G3H2_M": [[-0.1003071751641855, 0.1549448794000861, 0.013749134733636113]], "M_G3C4_M M_G3C4H1_M": [[0.015277244718288958, 0.0789041430690816, 0.00700161049722499]], "M_G3C4_M M_G3C4H2_M": [[0.014418387861462434, 0.08902077559955464, 0.007899316470153597]], "M_G3C5_M M_G3C5H1_M": [[0.013144460953328793, 0.05631617211069129, 0.004997252190782012]], "M_G3C5_M M_G3C5H2_M": [[0.012567817374106392, 0.05731435603454564, 0.00508582669102468]]}