{"sn-1": 0.525441005507562, "sn-2": 0.6399471560751602, "headgroup": 0.6823386067652367, "total": 0.615908922782653}