{"M_G1_M M_G1H1_M": [[-0.17148553615481962, 0.029002579708656946, 0.002573562789433644]], "M_G1_M M_G1H2_M": [[-0.04267912653298701, 0.020087840717334042, 0.001782507622064042]], "M_G1C3_M M_G1C3H1_M": [[-0.2338135956149534, 0.016581838473385346, 0.0014714002307445043]], "M_G1C3_M M_G1C3H2_M": [[-0.20314458346156428, 0.017758216672881848, 0.001575786916030347]], "M_G1C4_M M_G1C4H1_M": [[-0.1771533696984785, 0.014751955890512477, 0.001309024408606563]], "M_G1C4_M M_G1C4H2_M": [[-0.16386069075604848, 0.01336898070217795, 0.0011863052050336013]], "M_G1C5_M M_G1C5H1_M": [[-0.20324747353660694, 0.013319097766615304, 0.0011818788102755714]], "M_G1C5_M M_G1C5H2_M": [[-0.20092554414368952, 0.012108153978260315, 0.0010744249249621904]], "M_G1C6_M M_G1C6H1_M": [[-0.2032068334509982, 0.01315151117400066, 0.0011670079048908245]], "M_G1C6_M M_G1C6H2_M": [[-0.20076703050976177, 0.01318094837922206, 0.001169620034458047]], "M_G1C7_M M_G1C7H1_M": [[-0.2152661393548253, 0.012455191752118226, 0.0011052195477268]], "M_G1C7_M M_G1C7H2_M": [[-0.213241142738866, 0.012602725110271487, 0.0011183110162981316]], "M_G1C8_M M_G1C8H1_M": [[-0.20549222512944765, 0.012001847436539538, 0.0010649917447832459]], "M_G1C8_M M_G1C8H2_M": [[-0.20425448938185867, 0.01254505427903156, 0.0011131935575477128]], "M_G1C9_M M_G1C9H1_M": [[-0.20459897293676665, 0.011373409002579356, 0.0010092268512690622]], "M_G1C9_M M_G1C9H2_M": [[-0.20356845543884994, 0.012138820563912772, 0.001077146144402218]], "M_G1C10_M M_G1C10H1_M": [[-0.1888265386787293, 0.011153161286026494, 0.0009896830267723405]], "M_G1C10_M M_G1C10H2_M": [[-0.1881129956821173, 0.012068828340059734, 0.0010709353388577677]], "M_G1C11_M M_G1C11H1_M": [[-0.1809030692991405, 0.011034594824719461, 0.0009791619546484175]], "M_G1C11_M M_G1C11H2_M": [[-0.1806560976272304, 0.011316013048234404, 0.001004133783898848]], "M_G1C12_M M_G1C12H1_M": [[-0.1616363372941489, 0.010097390628260216, 0.0008959985302103966]], "M_G1C12_M M_G1C12H2_M": [[-0.16243536911551187, 0.010988287550421881, 0.0009750528485202901]], "M_G1C13_M M_G1C13H1_M": [[-0.1504812489156374, 0.009766292830149518, 0.0008666183515697095]], "M_G1C13_M M_G1C13H2_M": [[-0.15094889808764186, 0.009659244958710301, 0.0008571193890156368]], "M_G1C14_M M_G1C14H1_M": [[-0.13025651642080294, 0.008446588461731092, 0.0007495135253876125]], "M_G1C14_M M_G1C14H2_M": [[-0.13027195910459355, 0.008376296746018318, 0.0007432761442380367]], "M_G1C15_M M_G1C15H1_M": [[-0.11375039194685607, 0.007304265053885492, 0.0006481487142065934]], "M_G1C15_M M_G1C15H2_M": [[-0.11396120495877415, 0.007277907752172443, 0.0006458098818820214]], "M_G1C16_M M_G1C16H1_M": [[-0.08554288391894249, 0.005653028822710748, 0.0005016251923749293]], "M_G1C16_M M_G1C16H2_M": [[-0.08635587465955466, 0.006155445797211231, 0.0005462074896513446]], "M_G1C17_M M_G1C17H1_M": [[-0.029393957094156944, 0.005204264215073574, 0.0004618037727966878]], "M_G1C17_M M_G1C17H2_M": [[-0.028386363489245184, 0.0047165481404445025, 0.0004185259694397896]], "M_G1C17_M M_G1C17H3_M": [[-0.029469386311778145, 0.0045892912848136845, 0.0004072337495186063]], "M_G2_M M_G2H1_M": [[-0.19209974446658298, 0.023461607527820318, 0.002081881016117746]], "M_G2C3_M M_G2C3H1_M": [[-0.07079101038901331, 0.017307992412655203, 0.0015358359732294304]], "M_G2C3_M M_G2C3H2_M": [[-0.10741200411580781, 0.015494961300305246, 0.0013749554772976632]], "M_G2C4_M M_G2C4H1_M": [[-0.19960018831787718, 0.013865033133960519, 0.0012303227404689967]], "M_G2C4_M M_G2C4H2_M": [[-0.20744421209622776, 0.012909535695959347, 0.0011455360533349208]], "M_G2C5_M M_G2C5H1_M": [[-0.19791231560885678, 0.012701294159818141, 0.0011270576050723497]], "M_G2C5_M M_G2C5H2_M": [[-0.20268813422982532, 0.011527035166550716, 0.0010228589689307236]], "M_G2C6_M M_G2C6H1_M": [[-0.20932082097690669, 0.012674930405494198, 0.00112471820017115]], "M_G2C6_M M_G2C6H2_M": [[-0.2083570049750842, 0.012094478853935482, 0.001073211453903519]], "M_G2C7_M M_G2C7H1_M": [[-0.18612200962689474, 0.01155970444779239, 0.0010257578988674982]], "M_G2C7_M M_G2C7H2_M": [[-0.18578696637531722, 0.011626595462876971, 0.0010316935166331735]], "M_G2C8_M M_G2C8H1_M": [[-0.17662448876336131, 0.011710823509044729, 0.0010391675471374095]], "M_G2C8_M M_G2C8H2_M": [[-0.1774702024729891, 0.010737466691659299, 0.0009527960963482583]], "M_G2C9_M M_G2C9H1_M": [[-0.10254299972905762, 0.011941335509599355, 0.0010596221795564774]], "M_G2C9_M M_G2C9H2_M": [[-0.10213009620022936, 0.011526388064562566, 0.0010228015479145794]], "M_G2C10_M M_G2C10H1_M": [[-0.05838013361996242, 0.014162973303439906, 0.001256760655349404]], "M_G2C11_M M_G2C11H1_M": [[-0.04646665782347379, 0.011750814052139008, 0.0010427161340103891]], "M_G2C12_M M_G2C12H1_M": [[-0.07639820203139253, 0.009626537560898209, 0.0008542170767801746]], "M_G2C12_M M_G2C12H2_M": [[-0.07673894288609368, 0.011870496835689708, 0.0010533362637152645]], "M_G2C13_M M_G2C13H1_M": [[-0.11789924308204121, 0.010339016870243802, 0.0009174393920773854]], "M_G2C13_M M_G2C13H2_M": [[-0.11763420398105137, 0.010446065048467817, 0.0009269383818542071]], "M_G2C14_M M_G2C14H1_M": [[-0.1247323913292206, 0.01010746173082857, 0.0008968921960524992]], "M_G2C14_M M_G2C14H2_M": [[-0.12384624627198686, 0.010224738058589904, 0.000907298787336443]], "M_G2C15_M M_G2C15H1_M": [[-0.12950529320444087, 0.009538437570175218, 0.00084639946675542]], "M_G2C15_M M_G2C15H2_M": [[-0.12903485621592908, 0.009397889695344427, 0.0008339278595938497]], "M_G2C16_M M_G2C16H1_M": [[-0.11862798813337376, 0.00872117558756437, 0.0007738791927386145]], "M_G2C16_M M_G2C16H2_M": [[-0.11764952936480094, 0.008538113780902464, 0.0007576350841619229]], "M_G2C17_M M_G2C17H1_M": [[-0.1074221856556242, 0.007770500745650557, 0.0006895204418075788]], "M_G2C17_M M_G2C17H2_M": [[-0.10718884083150237, 0.007631964351346905, 0.0006772273246799406]], "M_G2C18_M M_G2C18H1_M": [[-0.08340690768746523, 0.006374113665402417, 0.000565611125275304]], "M_G2C18_M M_G2C18H2_M": [[-0.08424640955491061, 0.006623283094573783, 0.0005877213367675748]], "M_G2C19_M M_G2C19H1_M": [[-0.028076290621499994, 0.005245129542308967, 0.0004654299842098624]], "M_G2C19_M M_G2C19H2_M": [[-0.02822783696627667, 0.00456642847841933, 0.0004052050035108513]], "M_G2C19_M M_G2C19H3_M": [[-0.02803946624813224, 0.004799106203641758, 0.0004258518129180768]], "M_G3_M M_G3H1_M": [[-0.22291036059000932, 0.020050454853121045, 0.001779190163067087]], "M_G3_M M_G3H2_M": [[-0.24568590428611, 0.016848891398991536, 0.0014950973459340311]], "M_G3C4_M M_G3C4H1_M": [[0.034806373649346925, 0.01426144267830153, 0.001265498399425564]], "M_G3C4_M M_G3C4H2_M": [[0.0343644350908038, 0.014095642662882392, 0.0012507860271312175]], "M_G3C5_M M_G3C5H1_M": [[-0.07485731419281985, 0.014798832659819015, 0.0013131840492450184]], "M_G3C5_M M_G3C5H2_M": [[-0.07703781289638775, 0.011835111801382947, 0.0010501963496624626]], "M_G3N6C1_M M_G3N6C1H1_M": [[0.011718394558638434, 0.007402365743344734, 0.00065685374274358]], "M_G3N6C1_M M_G3N6C1H2_M": [[0.010884142350147103, 0.007132106953683574, 0.0006328721531203049]], "M_G3N6C1_M M_G3N6C1H3_M": [[0.011137469164827673, 0.007804914421247015, 0.0006925741617129239]], "M_G3N6C2_M M_G3N6C2H1_M": [[0.01144028161018898, 0.008071032030205354, 0.0007161882809708674]], "M_G3N6C2_M M_G3N6C2H2_M": [[0.010556948368136037, 0.007347727776826234, 0.0006520054072184349]], "M_G3N6C2_M M_G3N6C2H3_M": [[0.01078198006568313, 0.007112717630310852, 0.0006311516288895091]], "M_G3N6C3_M M_G3N6C3H1_M": [[0.01115753767061428, 0.007442632894161045, 0.0006604268745828294]], "M_G3N6C3_M M_G3N6C3H2_M": [[0.01225156549796724, 0.008184622324274285, 0.000726267789655723]], "M_G3N6C3_M M_G3N6C3H3_M": [[0.012081037589087674, 0.007755673538098686, 0.0006882047398938171]]}