{"-21.36260986328125": [0.000286786470336484, 5.577889742457825e-06, 0.0], "-20.24534298020372": [0.0010388870784763075, 1.7745037180433298e-06, 0.0], "-19.12807609712619": [0.004046561928445989, 1.4324416277942899e-06, 0.0], "-18.010809214048656": [0.012125064468868211, 0.0, 0.0], "-16.893542330971126": [0.030492735143056473, 1.4799879581767162e-06, 0.0], "-15.776275447893596": [0.06426601120573748, 4.7546330382426456e-08, 0.0], "-14.659008564816066": [0.11224703672042345, 2.8648832555885797e-06, 0.0], "-13.541741681738536": [0.16774082929242776, 9.509266076485291e-08, 0.0], "-12.424474798661004": [0.21579135311451, 1.4324416277942899e-06, 0.0], "-11.307207915583474": [0.24941335255306724, 1.4263899114727937e-07, 0.0], "-10.189941032505942": [0.2686942398816608, 6.024282271043773e-06, 0.0], "-9.072674149428412": [0.27834787044221343, 2.2684520454047065e-05, 0.0], "-7.955407266350882": [0.2840204408573248, 0.00013220180074039565, 0.0], "-6.83814038327335": [0.28870400145478237, 0.0005458454173087807, 0.0], "-5.72087350019582": [0.2919260674740688, 0.002243874572484072, 0.0], "-4.603606617118288": [0.29340640810777496, 0.007832588121969204, 0.0], "-3.486339734040758": [0.2921035534356811, 0.02155980490336943, 0.0], "-2.369072850963228": [0.2878025728896109, 0.04801679079311384, 0.0], "-1.2518059678856979": [0.27642261325847317, 0.08624321400551782, 0.0], "-0.13453908480816423": [0.2599083008836918, 0.126694297223231, 0.0], "0.9827277982693658": [0.24210586327513045, 0.1630426983810438, 0.0], "2.099994681346896": [0.23045282855522115, 0.1878328467375037, 0.0], "3.217261564424426": [0.22378633596942832, 0.20501543628451024, 0.0], "4.334528447501956": [0.2103214567512013, 0.21756114624730075, 0.0], "5.451795330579486": [0.18351168740802282, 0.23505912355935726, 0.0], "6.56906221365702": [0.14332009452397537, 0.25776615272733383, 0.0], "7.68632909673455": [0.09909770647852799, 0.284235166200633, 0.0], "8.80359597981208": [0.060872472587369796, 0.30699343826555664, 0.0], "9.92086286288961": [0.0328803962072838, 0.3241767751293108, 0.0], "11.03812974596714": [0.014962055050760825, 0.3324127197942727, 0.0], "12.155396629044674": [0.005474430598903616, 0.33486782162711765, 0.0], "13.2726635121222": [0.0016654239567341978, 0.3356804683867216, 0.0], "14.389930395199734": [0.00035506670600419225, 0.33393245160098983, 0.0], "15.507197278277268": [4.83717112835154e-05, 0.3333508447642548, 0.0], "16.624464161354794": [2.5695109947833234e-06, 0.3335149705724902, 0.0], "17.741731044432328": [0.0, 0.3307412660066059, 0.0], "18.858997927509854": [0.0, 0.33132264679625123, 0.0], "19.976264810587388": [0.0, 0.3303133062816738, 0.0], "21.09353169366492": [0.0, 0.33090076062671875, 0.0], "22.210798576742448": [0.0, 0.3290120767899901, 0.0], "23.32806545981998": [0.0, 0.3294378429091633, 0.0], "24.44533234289751": [0.0, 0.32916275090690694, 0.0], "25.562599225975042": [0.0, 0.32948948637345393, 0.0], "26.679866109052575": [0.0, 0.32822986473892435, 0.0], "27.797132992130102": [0.0, 0.32894839027296335, 0.0], "28.914399875207636": [0.0, 0.32751979376850576, 0.0], "30.031666758285162": [0.0, 0.328096254912521, 0.0], "31.148933641362696": [0.0, 0.32814720041612927, 0.0], "32.26620052444022": [0.0, 0.32777041264439016, 0.0], "33.383467407517756": [0.0, 0.32772251035897626, 0.0]}