{
    "unpublished/nesterenkoPOPC": {
        "M_G1_M M_G1H1_M": [-0.194291, 0.0729322, 0.00517003, -0.14, 0.02, 0.0255166],
        "M_G1_M M_G1H2_M": [-0.0685865, 0.0780585, 0.00553342, 0, 0.02, 0.0162392],
        "M_G1C3_M M_G1C3H1_M": [-0.272659, 0.0374237, 0.00265289, -0.23, 0.02, 0.0236297],
        "M_G1C3_M M_G1C3H2_M": [-0.245025, 0.0375252, 0.00266009, -0.23, 0.02, 0.819577],
        "M_G1C4_M M_G1C4H1_M": [-0.224195, 0.0283695, 0.00201106, -0.23, 0.02, 0.930445],
        "M_G1C4_M M_G1C4H2_M": [-0.208252, 0.028332, 0.0020084, -0.23, 0.02, 0.256729],
        "M_G1C5_M M_G1C5H1_M": [-0.255954, 0.0197241, 0.0013982, -0.25, 0.02, 0.951287],
        "M_G1C5_M M_G1C5H2_M": [-0.252297, 0.0193014, 0.00136824, -0.25, 0.02, 0.955939],
        "M_G1C6_M M_G1C6H1_M": [-0.260815, 0.0179638, 0.00127342, -0.25, 0.02, 0.943002],
        "M_G1C6_M M_G1C6H2_M": [-0.257521, 0.0184495, 0.00130785, -0.25, 0.02, 0.951646],
        "M_G1C7_M M_G1C7H1_M": [-0.274868, 0.0156502, 0.00110942, -0.26, 0.02, 0.922107],
        "M_G1C7_M M_G1C7H2_M": [-0.272957, 0.0163021, 0.00115562, -0.26, 0.02, 0.937076],
        "M_G1C8_M M_G1C8H1_M": [-0.267999, 0.0153085, 0.00108519, -0.26, 0.02, 0.958964],
        "M_G1C8_M M_G1C8H2_M": [-0.266657, 0.0157013, 0.00111303, -0.26, 0.02, 0.960226],
        "M_G1C9_M M_G1C9H1_M": [-0.269702, 0.0153556, 0.00108853, -0.25, 0.02, 0.576333],
        "M_G1C9_M M_G1C9H2_M": [-0.269748, 0.0150109, 0.0010641, -0.25, 0.02, 0.565499],
        "M_G1C10_M M_G1C10H1_M": [-0.255531, 0.0156624, 0.00111028, -0.24, 0.02, 0.912545],
        "M_G1C10_M M_G1C10H2_M": [-0.255649, 0.0155944, 0.00110546, -0.24, 0.02, 0.910935],
        "M_G1C11_M M_G1C11H1_M": [-0.249386, 0.0153332, 0.00108694, -0.21, 0.02, 0.0120031],
        "M_G1C11_M M_G1C11H2_M": [-0.249682, 0.015462, 0.00109607, -0.21, 0.02, 0.0118629],
        "M_G1C12_M M_G1C12H1_M": [-0.227784, 0.0158682, 0.00112486, -0.21, 0.02, 0.841011],
        "M_G1C12_M M_G1C12H2_M": [-0.228013, 0.016136, 0.00114385, -0.21, 0.02, 0.82416],
        "M_G1C13_M M_G1C13H1_M": [-0.214365, 0.0159491, 0.0011306, -0.17, 0.02, 0.00916915],
        "M_G1C13_M M_G1C13H2_M": [-0.214518, 0.0164567, 0.00116659, -0.17, 0.02, 0.00937914],
        "M_G1C14_M M_G1C14H1_M": [-0.183374, 0.0169815, 0.00120378, -0.17, 0.02, 0.931319],
        "M_G1C14_M M_G1C14H2_M": [-0.183448, 0.0168944, 0.00119761, -0.17, 0.02, 0.931061],
        "M_G1C15_M M_G1C15H1_M": [-0.157952, 0.0159042, 0.00112742, -0.14, 0.02, 0.830365],
        "M_G1C15_M M_G1C15H2_M": [-0.158034, 0.0156239, 0.00110755, -0.14, 0.02, 0.827429],
        "M_G1C16_M M_G1C16H1_M": [-0.111284, 0.013479, 0.000955503, -0.11, 0.02, 0.969483],
        "M_G1C16_M M_G1C16H2_M": [-0.11158, 0.0133338, 0.000945207, -0.11, 0.02, 0.969747],
        "M_G1C17_M M_G1C17H1_M": [-0.0364278, 0.00597041, 0.000423231, -0.03, 0.02, 0.98498],
        "M_G1C17_M M_G1C17H2_M": [-0.0360363, 0.0055792, 0.000395499, -0.03, 0.02, 0.986152],
        "M_G1C17_M M_G1C17H3_M": [-0.0362489, 0.00558883, 0.000396181, -0.03, 0.02, 0.986028],
        "M_G2_M M_G2H1_M": [-0.211353, 0.0733868, 0.00520225, -0.2, 0.02, 0.77526],
        "M_G2C3_M M_G2C3H1_M": [-0.0690014, 0.0569816, 0.00403932, -0.08, 0.02, 0.824489],
        "M_G2C3_M M_G2C3H2_M": [-0.121897, 0.0393445, 0.00278906, -0.14, 0.02, 0.666863],
        "M_G2C4_M M_G2C4H1_M": [-0.239623, 0.0295112, 0.00209199, -0.23, 0.02, 0.914236],
        "M_G2C4_M M_G2C4H2_M": [-0.248574, 0.026895, 0.00190654, -0.23, 0.02, 0.688695],
        "M_G2C5_M M_G2C5H1_M": [-0.242714, 0.0246456, 0.00174708, -0.23, 0.02, 0.908105],
        "M_G2C5_M M_G2C5H2_M": [-0.247568, 0.024736, 0.00175349, -0.23, 0.02, 0.78631],
        "M_G2C6_M M_G2C6H1_M": [-0.260182, 0.022059, 0.00156372, -0.24, 0.02, 0.450737],
        "M_G2C6_M M_G2C6H2_M": [-0.259609, 0.021786, 0.00154437, -0.24, 0.02, 0.566526],
        "M_G2C7_M M_G2C7H1_M": [-0.237787, 0.0212874, 0.00150902, -0.23, 0.02, 0.943599],
        "M_G2C7_M M_G2C7H2_M": [-0.237509, 0.0206591, 0.00146449, -0.23, 0.02, 0.94592],
        "M_G2C8_M M_G2C8H1_M": [-0.227339, 0.019551, 0.00138594, -0.22, 0.02, 0.949172],
        "M_G2C8_M M_G2C8H2_M": [-0.22744, 0.0191029, 0.00135417, -0.22, 0.02, 0.950117],
        "M_G2C9_M M_G2C9H1_M": [-0.133649, 0.0191751, 0.00135928, -0.16, 0.02, 0.0577821],
        "M_G2C9_M M_G2C9H2_M": [-0.13414, 0.0189904, 0.00134619, -0.16, 0.02, 0.0625356],
        "M_G2C10_M M_G2C10H1_M": [-0.0782201, 0.021922, 0.00155401, -0.13, 0.02, 0.00866247],
        "M_G2C11_M M_G2C11H1_M": [-0.0729002, 0.0185508, 0.00131503, -0.06, 0.02, 0.928987],
        "M_G2C12_M M_G2C12H1_M": [-0.12088, 0.0184652, 0.00130896, -0.11, 0.02, 0.941139],
        "M_G2C12_M M_G2C12H2_M": [-0.119968, 0.0181763, 0.00128849, -0.11, 0.02, 0.945662],
        "M_G2C13_M M_G2C13H1_M": [-0.182614, 0.0179611, 0.00127323, -0.17, 0.02, 0.933242],
        "M_G2C13_M M_G2C13H2_M": [-0.182649, 0.017645, 0.00125082, -0.17, 0.02, 0.934163],
        "M_G2C14_M M_G2C14H1_M": [-0.191014, 0.0173237, 0.00122804, -0.17, 0.02, 0.270768],
        "M_G2C14_M M_G2C14H2_M": [-0.190914, 0.0172219, 0.00122083, -0.17, 0.02, 0.285943],
        "M_G2C15_M M_G2C15H1_M": [-0.195818, 0.0171248, 0.00121394, -0.16, 0.02, 0.0174591],
        "M_G2C15_M M_G2C15H2_M": [-0.195491, 0.0170735, 0.00121031, -0.16, 0.02, 0.0178776],
        "M_G2C16_M M_G2C16H1_M": [-0.174276, 0.0165898, 0.00117602, -0.16, 0.02, 0.924582],
        "M_G2C16_M M_G2C16H2_M": [-0.174559, 0.0164353, 0.00116507, -0.16, 0.02, 0.922128],
        "M_G2C17_M M_G2C17H1_M": [-0.154369, 0.0152211, 0.00107899, -0.14, 0.02, 0.929747],
        "M_G2C17_M M_G2C17H2_M": [-0.154285, 0.0150918, 0.00106983, -0.14, 0.02, 0.931166],
        "M_G2C18_M M_G2C18H1_M": [-0.113147, 0.0120339, 0.000853063, -0.11, 0.02, 0.972176],
        "M_G2C18_M M_G2C18H2_M": [-0.112889, 0.0120698, 0.000855606, -0.11, 0.02, 0.972204],
        "M_G2C19_M M_G2C19H1_M": [-0.0353717, 0.00469841, 0.000333061, -0.03, 0.02, 0.988576],
        "M_G2C19_M M_G2C19H2_M": [-0.0357488, 0.00457014, 0.000323969, -0.03, 0.02, 0.98876],
        "M_G2C19_M M_G2C19H3_M": [-0.0358663, 0.00460764, 0.000326627, -0.03, 0.02, 0.988626],
        "M_G3_M M_G3H1_M": [-0.257732, 0.0706066, 0.00500517, -0.24, 0.02, 0.593448],
        "M_G3_M M_G3H2_M": [-0.271767, 0.0596267, 0.00422683, -0.24, 0.02, 0.0838384],
        "M_G3C4_M M_G3C4H1_M": [0.0668642, 0.090105, 0.00638737, 0.09, 0.02, 0.307938],
        "M_G3C4_M M_G3C4H2_M": [0.0332677, 0.0788417, 0.00558894, 0.09, 0.02, 0.0249194],
        "M_G3C5_M M_G3C5H1_M": [-0.0327048, 0.0865199, 0.00613323, -0.02, 0.02, 0.718467],
        "M_G3C5_M M_G3C5H2_M": [-0.0232859, 0.0887473, 0.00629113, -0.02, 0.02, 0.801418],
        "M_G3N6C1_M M_G3N6C1H1_M": [0.00493977, 0.022801, 0.00161632, 0, 0.02, 0.945368],
        "M_G3N6C1_M M_G3N6C1H2_M": [0.00730483, 0.0205052, 0.00145357, 0, 0.02, 0.946783],
        "M_G3N6C1_M M_G3N6C1H3_M": [0.00408048, 0.0209338, 0.00148396, 0, 0.02, 0.950823],
        "M_G3N6C2_M M_G3N6C2H1_M": [0.00390028, 0.0209198, 0.00148297, 0, 0.02, 0.951037],
        "M_G3N6C2_M M_G3N6C2H2_M": [0.00268368, 0.0209733, 0.00148676, 0, 0.02, 0.951904],
        "M_G3N6C2_M M_G3N6C2H3_M": [0.00399426, 0.0189745, 0.00134507, 0, 0.02, 0.955488],
        "M_G3N6C3_M M_G3N6C3H1_M": [0.00554444, 0.0241952, 0.00171515, 0, 0.02, 0.941068],
        "M_G3N6C3_M M_G3N6C3H2_M": [0.00667372, 0.0209027, 0.00148175, 0, 0.02, 0.947088],
        "M_G3N6C3_M M_G3N6C3H3_M": [0.00441744, 0.0237693, 0.00168496, 0, 0.02, 0.943783]
    }
}