{"headgroup": 0.66002144011414, "tails": 0.7239630956467631, "total": 0.702649210469222}