{"sn-1": 0.5293367640199336, "sn-2": 0.2679880618599914, "headgroup": 0.05932663974677594, "total": 0.2855504885422337}