{"M_G1_M M_G1H1_M": [[0.029821506085670732, 0.12812883086568744, 0.008992880955338307]], "M_G1_M M_G1H2_M": [[0.09798802033335033, 0.14310587947538866, 0.010044063693051298]], "M_G1C3_M M_G1C3H1_M": [[0.15693575145599434, 0.0905101772213855, 0.0063525690783187]], "M_G1C3_M M_G1C3H2_M": [[0.16290898285906777, 0.08627440571963392, 0.006055276200424601]], "M_G1C4_M M_G1C4H1_M": [[0.1556200740001442, 0.06465047438561941, 0.004537573752354589]], "M_G1C4_M M_G1C4H2_M": [[0.1613388458056503, 0.06517184707039266, 0.004574166941068265]], "M_G1C5_M M_G1C5H1_M": [[0.17672460542331273, 0.06885991221607296, 0.004833018368858178]], "M_G1C5_M M_G1C5H2_M": [[0.1817777225677368, 0.06643456437249357, 0.0046627923214866895]], "M_G1C6_M M_G1C6H1_M": [[0.1825061623649896, 0.06602166903559577, 0.004633812750014375]], "M_G1C6_M M_G1C6H2_M": [[0.18133227891069936, 0.0666422410919102, 0.00467736836968982]], "M_G1C7_M M_G1C7H1_M": [[0.18895352252870332, 0.06710178455898194, 0.0047096219980516645]], "M_G1C7_M M_G1C7H2_M": [[0.18932732175943798, 0.06650338130434849, 0.004667622323225578]], "M_G1C8_M M_G1C8H1_M": [[0.18756426781826496, 0.0667951050897429, 0.004688097319026036]], "M_G1C8_M M_G1C8H2_M": [[0.18980002549224936, 0.06705589664089427, 0.004706401297590554]], "M_G1C9_M M_G1C9H1_M": [[0.1886713362979911, 0.06663913403386526, 0.004677150296966213]], "M_G1C9_M M_G1C9H2_M": [[0.1903097346912356, 0.06684817525487673, 0.004691822114406624]], "M_G1C10_M M_G1C10H1_M": [[0.18575031689347932, 0.0667668722680168, 0.00468611576340658]], "M_G1C10_M M_G1C10H2_M": [[0.1862259123038128, 0.06618537066338813, 0.004645302351854847]], "M_G1C11_M M_G1C11H1_M": [[0.1836623252431607, 0.06591181003279062, 0.004626102159607642]], "M_G1C11_M M_G1C11H2_M": [[0.18306751349255976, 0.06521941148967167, 0.004577505308845416]], "M_G1C12_M M_G1C12H1_M": [[0.1770439584217783, 0.0648318894851776, 0.004550306596186886]], "M_G1C12_M M_G1C12H2_M": [[0.17692200132353236, 0.06531183137845968, 0.004583991913399292]], "M_G1C13_M M_G1C13H1_M": [[0.16997736341569009, 0.06378669488474034, 0.0044769483164508635]], "M_G1C13_M M_G1C13H2_M": [[0.1692641617694592, 0.06443178549170549, 0.004522224801022284]], "M_G1C14_M M_G1C14H1_M": [[0.15562059077870288, 0.06131600115923561, 0.004303539612098786]], "M_G1C14_M M_G1C14H2_M": [[0.155811921927316, 0.062142690549198215, 0.004361561832552573]], "M_G1C15_M M_G1C15H1_M": [[0.1361581128902349, 0.05592605490570552, 0.003925239547342257]], "M_G1C15_M M_G1C15H2_M": [[0.13645410331848684, 0.05602474526304325, 0.003932166252510654]], "M_G1C16_M M_G1C16H1_M": [[0.10000754627603042, 0.044309918974849295, 0.003109946635657751]], "M_G1C16_M M_G1C16H2_M": [[0.10063597152071342, 0.04444019416932054, 0.0031190901618055977]], "M_G1C17_M M_G1C17H1_M": [[0.028896464788539244, 0.01356452479773856, 0.0009520430015448172]], "M_G1C17_M M_G1C17H2_M": [[0.0292380355185475, 0.013800147777029401, 0.0009685804926683088]], "M_G1C17_M M_G1C17H3_M": [[0.029538341710735598, 0.012971131619885817, 0.0009103949651732571]], "M_G2_M M_G2H1_M": [[-0.010382386688082987, 0.15748068663108097, 0.011052977367153233]], "M_G2C3_M M_G2C3H1_M": [[0.10925800798087042, 0.11592290406939636, 0.008136192840048441]], "M_G2C3_M M_G2C3H2_M": [[0.08643976728052526, 0.1569710519118863, 0.01101720802211621]], "M_G2C4_M M_G2C4H1_M": [[0.15489853831753317, 0.07724492589471005, 0.005421530956629398]], "M_G2C4_M M_G2C4H2_M": [[0.12424268097683909, 0.06838407420183483, 0.004799621087487885]], "M_G2C5_M M_G2C5H1_M": [[0.16846893228009158, 0.0799043649603436, 0.005608186986842371]], "M_G2C5_M M_G2C5H2_M": [[0.15260345415780743, 0.07862109577116745, 0.005518119146732194]], "M_G2C6_M M_G2C6H1_M": [[0.18330594296686017, 0.0715398962450629, 0.005021116372813107]], "M_G2C6_M M_G2C6H2_M": [[0.16814646011982157, 0.07114357625893195, 0.004993300162898314]], "M_G2C7_M M_G2C7H1_M": [[0.18920333592244687, 0.07359224286305815, 0.005165162866408836]], "M_G2C7_M M_G2C7H2_M": [[0.17493651564193002, 0.07358371919170334, 0.005164564621960039]], "M_G2C8_M M_G2C8H1_M": [[0.19500182573230943, 0.07010007799190522, 0.004920060942427238]], "M_G2C8_M M_G2C8H2_M": [[0.18168451011804262, 0.07045795823667757, 0.004945179211405114]], "M_G2C9_M M_G2C9H1_M": [[0.1951128242124096, 0.07036820869947802, 0.004938880028790404]], "M_G2C9_M M_G2C9H2_M": [[0.18346509610739256, 0.07105929879374764, 0.004987385044446834]], "M_G2C10_M M_G2C10H1_M": [[0.18421566152199995, 0.06960728367606246, 0.004885473561992254]], "M_G2C10_M M_G2C10H2_M": [[0.19627494943132978, 0.0693748847225015, 0.004869162353114451]], "M_G2C11_M M_G2C11H1_M": [[0.1930307966719728, 0.06870455335535489, 0.004822114314475139]], "M_G2C11_M M_G2C11H2_M": [[0.18292526988903154, 0.0691134549605199, 0.004850813580931027]], "M_G2C12_M M_G2C12H1_M": [[0.19054862705543435, 0.06830403579259242, 0.0047940034924368055]], "M_G2C12_M M_G2C12H2_M": [[0.18069926780921677, 0.06748622147394837, 0.004736604179874229]], "M_G2C13_M M_G2C13H1_M": [[0.18492905662621095, 0.06743004292989842, 0.0047326612190630515]], "M_G2C13_M M_G2C13H2_M": [[0.17553496363038676, 0.06662679569365462, 0.00467628431525116]], "M_G2C14_M M_G2C14H1_M": [[0.17792751631411127, 0.06611165261594583, 0.004640128359237966]], "M_G2C14_M M_G2C14H2_M": [[0.16947919733168088, 0.06493727603504847, 0.004557703281935747]], "M_G2C15_M M_G2C15H1_M": [[0.16273295478375224, 0.06377850055824695, 0.004476373187479761]], "M_G2C15_M M_G2C15H2_M": [[0.1555994398739196, 0.06103009410262836, 0.004283472870624687]], "M_G2C16_M M_G2C16H1_M": [[0.1313297502904478, 0.052009293820433414, 0.0036503368113040536]], "M_G2C16_M M_G2C16H2_M": [[0.13559658235910754, 0.0558752128627345, 0.003921671135479951]], "M_G2C17_M M_G2C17H1_M": [[0.03891014928736128, 0.01717281455478325, 0.0012052952947112507]], "M_G2C17_M M_G2C17H2_M": [[0.03919811742273185, 0.017939010865680435, 0.0012590717333610393]], "M_G2C17_M M_G2C17H3_M": [[0.03928719983314387, 0.017565961930602527, 0.0012328888310352696]], "M_G3_M M_G3H1_M": [[-0.0017611077316156763, 0.10645665511330799, 0.007471792412911667]], "M_G3_M M_G3H2_M": [[0.013827156606132611, 0.1464426564324902, 0.010278259523505612]], "M_G3C4_M M_G3C4H1_M": [[-0.02426130674895221, 0.04919688371926776, 0.003452944319181137]], "M_G3C4_M M_G3C4H2_M": [[-0.015508307099677626, 0.052754612109880895, 0.003702647900116404]], "M_G3C5_M M_G3C5H1_M": [[0.03263969103172148, 0.03767016841355865, 0.002643927505010881]], "M_G3C5_M M_G3C5H2_M": [[0.018234210800778132, 0.03743808101453046, 0.002627638162974486]], "M_G3N6C1_M M_G3N6C1H1_M": [[-0.008949652958721759, 0.011758081450661009, 0.0008252555340944941]], "M_G3N6C1_M M_G3N6C1H2_M": [[-0.006831148289616948, 0.01145600278935421, 0.0008040537684815099]], "M_G3N6C1_M M_G3N6C1H3_M": [[-0.0073291687381891665, 0.011715450547686043, 0.0008222634312798331]], "M_G3N6C2_M M_G3N6C2H1_M": [[-0.008319961904913128, 0.011160026755154534, 0.000783280323323168]], "M_G3N6C2_M M_G3N6C2H2_M": [[-0.009215574731656174, 0.012562373197841668, 0.0008817057482023454]], "M_G3N6C2_M M_G3N6C2H3_M": [[-0.007144485294208626, 0.010577518959172657, 0.0007423962909829935]], "M_G3N6C3_M M_G3N6C3H1_M": [[-0.007801350737804829, 0.010826917400668656, 0.000759900630011666]], "M_G3N6C3_M M_G3N6C3H2_M": [[-0.0077573445707325855, 0.0113496745010036, 0.0007965909856490944]], "M_G3N6C3_M M_G3N6C3H3_M": [[-0.00787639548334893, 0.01058744946221006, 0.0007430932756587969]]}