{"POPC": 0.7062411923322909, "DHMDMAB": 0.6330207920726851}