{"DMPC": 0.19393259520186507, "DMTAP": 0.20221518671889005}