{"headgroup": 168.56158819621754, "sn-1": 19.370586982581646, "sn-2": 22.145286680262764, "total": 70.02582061968731}