{"sn-1": 0.16841229052615952, "sn-2": 0.23727839387497643, "headgroup": 0.0667080378266546, "total": 0.15746624074259685}