{"headgroup": 0.016677009456663658, "tails": 0.0933377903919343, "total": 0.08199301502744152}