{"M_G1_M M_G1H1_M": [[-0.18746913711615132, 0.05184853282733464, 0.004247597312423188]], "M_G1_M M_G1H2_M": [[-0.04029689760235062, 0.043451325230318895, 0.003559671261753159]], "M_G1C3_M M_G1C3H1_M": [[-0.2548818957234808, 0.0258077680367698, 0.0021142547373072832]], "M_G1C3_M M_G1C3H2_M": [[-0.2274112600751302, 0.02771828770488644, 0.0022707706069973427]], "M_G1C4_M M_G1C4H1_M": [[-0.20320604441380735, 0.01853700426305315, 0.0015186105603090675]], "M_G1C4_M M_G1C4H2_M": [[-0.1887404317519362, 0.02086540490446473, 0.0017093605732292048]], "M_G1C5_M M_G1C5H1_M": [[-0.23299380258697483, 0.016472971951860232, 0.0013495184448778746]], "M_G1C5_M M_G1C5H2_M": [[-0.22875803483966015, 0.017212791310532553, 0.0014101268082821036]], "M_G1C6_M M_G1C6H1_M": [[-0.23482284974292603, 0.01717937079864575, 0.001407388893268328]], "M_G1C6_M M_G1C6H2_M": [[-0.23174716501588738, 0.01801865018034111, 0.0014761453392401604]], "M_G1C7_M M_G1C7H1_M": [[-0.24775924126868035, 0.01707575009593966, 0.0013988999545399838]], "M_G1C7_M M_G1C7H2_M": [[-0.24561754765390886, 0.017155228968312675, 0.0014054111174654671]], "M_G1C8_M M_G1C8H1_M": [[-0.24005873802541905, 0.01749602429232171, 0.0014333301582446503]], "M_G1C8_M M_G1C8H2_M": [[-0.23965733175202794, 0.01815481364383211, 0.001487300284810186]], "M_G1C9_M M_G1C9H1_M": [[-0.2411160701273951, 0.017728625652689855, 0.0014523856041616238]], "M_G1C9_M M_G1C9H2_M": [[-0.24052696845646873, 0.018498506103705483, 0.0015154566682071837]], "M_G1C10_M M_G1C10H1_M": [[-0.22711059828920355, 0.017416981353081108, 0.0014268547083528952]], "M_G1C10_M M_G1C10H2_M": [[-0.22668013396618011, 0.018457145369305216, 0.0015120682648195028]], "M_G1C11_M M_G1C11H1_M": [[-0.21911174920591633, 0.01707931483529242, 0.0013991919893665949]], "M_G1C11_M M_G1C11H2_M": [[-0.21949912162474802, 0.018067860833131767, 0.0014801768329997288]], "M_G1C12_M M_G1C12H1_M": [[-0.19949742543841778, 0.01639286681246655, 0.0013429559761589814]], "M_G1C12_M M_G1C12H2_M": [[-0.19994732299376192, 0.017778945972932097, 0.0014565080054209424]], "M_G1C13_M M_G1C13H1_M": [[-0.18647373076212956, 0.015579169163524628, 0.0012762952673925295]], "M_G1C13_M M_G1C13H2_M": [[-0.1875255240939229, 0.017005381503051264, 0.0013931351347903655]], "M_G1C14_M M_G1C14H1_M": [[-0.16234965924102499, 0.014854603588243967, 0.0012169365426146135]], "M_G1C14_M M_G1C14H2_M": [[-0.1635024028394784, 0.015619251119360982, 0.0012795789091583271]], "M_G1C15_M M_G1C15H1_M": [[-0.14235522278216248, 0.013014675717794816, 0.0010662037783221569]], "M_G1C15_M M_G1C15H2_M": [[-0.1424271063613166, 0.013148838623279339, 0.001077194831794407]], "M_G1C16_M M_G1C16H1_M": [[-0.1071892506911622, 0.010138737986535437, 0.0008305977792348776]], "M_G1C16_M M_G1C16H2_M": [[-0.10714248735393474, 0.009998499855408193, 0.0008191090238855403]], "M_G1C17_M M_G1C17H1_M": [[-0.03674208094415776, 0.005178205555898498, 0.00042421512824010926]], "M_G1C17_M M_G1C17H2_M": [[-0.03572379172536696, 0.005169078538066779, 0.0004234674138054202]], "M_G1C17_M M_G1C17H3_M": [[-0.03664079610671115, 0.0049091826458241665, 0.00040217591271172765]], "M_G2_M M_G2H1_M": [[-0.20389170504931717, 0.04647856375235525, 0.003807672304580865]], "M_G2C3_M M_G2C3H1_M": [[-0.08649282473330039, 0.03538485440420635, 0.0028988402230844595]], "M_G2C3_M M_G2C3H2_M": [[-0.12315935028001808, 0.02768692238120667, 0.0022682010595617545]], "M_G2C4_M M_G2C4H1_M": [[-0.22299920334061085, 0.020566415408304013, 0.0016848663993137283]], "M_G2C4_M M_G2C4H2_M": [[-0.22211279891864127, 0.02409577909314941, 0.0019740031382883337]], "M_G2C5_M M_G2C5H1_M": [[-0.22168771299213338, 0.019623206379697, 0.0016075957049180663]], "M_G2C5_M M_G2C5H2_M": [[-0.22238212842669688, 0.021556820218663644, 0.0017660035228019499]], "M_G2C6_M M_G2C6H1_M": [[-0.23406818245469121, 0.02176852974038987, 0.0017833474426095443]], "M_G2C6_M M_G2C6H2_M": [[-0.2316073486670829, 0.0219812255179908, 0.0018007721596465744]], "M_G2C7_M M_G2C7H1_M": [[-0.21093131465753842, 0.020364224497325986, 0.001668302274482526]], "M_G2C7_M M_G2C7H2_M": [[-0.20961286445437563, 0.020612425950682117, 0.001688635729813382]], "M_G2C8_M M_G2C8H1_M": [[-0.20081892916412533, 0.019434132305764025, 0.0015921061532472192]], "M_G2C8_M M_G2C8H2_M": [[-0.20022600607484198, 0.019690033436683435, 0.0016130703907418294]], "M_G2C9_M M_G2C9H1_M": [[-0.11607144588012637, 0.021269968877136333, 0.0017425037452596618]], "M_G2C9_M M_G2C9H2_M": [[-0.1158769614719976, 0.02215752466980944, 0.0018152151489196006]], "M_G2C10_M M_G2C10H1_M": [[-0.06538675714994156, 0.02230006116103284, 0.0018268921932644998]], "M_G2C11_M M_G2C11H1_M": [[-0.058401426453089184, 0.018726298945050585, 0.0015341181848967473]], "M_G2C12_M M_G2C12H1_M": [[-0.09812987779703251, 0.019984184231265578, 0.0016371681627786025]], "M_G2C12_M M_G2C12H2_M": [[-0.09813707203600913, 0.02059435382523182, 0.0016871552036093313]], "M_G2C13_M M_G2C13H1_M": [[-0.14885363237419436, 0.018450552071590264, 0.0015115281208245453]], "M_G2C13_M M_G2C13H2_M": [[-0.14765074381531618, 0.017770957831694797, 0.0014558535913922212]], "M_G2C14_M M_G2C14H1_M": [[-0.15681494015417358, 0.01702951976072353, 0.0013951126179094489]], "M_G2C14_M M_G2C14H2_M": [[-0.15638630593332706, 0.016499519415954903, 0.0013516932978773933]], "M_G2C15_M M_G2C15H1_M": [[-0.16209071500592656, 0.016898305071638215, 0.0013843630917354818]], "M_G2C15_M M_G2C15H2_M": [[-0.1618027517675441, 0.015598711295392968, 0.0012778962212146832]], "M_G2C16_M M_G2C16H1_M": [[-0.147860045518996, 0.014357837429816502, 0.0011762398732128737]], "M_G2C16_M M_G2C16H2_M": [[-0.1485198836056237, 0.014115981370995621, 0.0011564262528571741]], "M_G2C17_M M_G2C17H1_M": [[-0.13399222507734457, 0.012731404067679681, 0.001042997260526915]], "M_G2C17_M M_G2C17H2_M": [[-0.13419937431689358, 0.012449856332925887, 0.0010199319713809015]], "M_G2C18_M M_G2C18H1_M": [[-0.1037468750097139, 0.009952246177105415, 0.0008153197749148348]], "M_G2C18_M M_G2C18H2_M": [[-0.10433750568257578, 0.010070990161719721, 0.0008250476611714009]], "M_G2C19_M M_G2C19H1_M": [[-0.034636410492699915, 0.005382613631133562, 0.0004409608902445514]], "M_G2C19_M M_G2C19H2_M": [[-0.034713947990450085, 0.005342223277348344, 0.00043765198353436067]], "M_G2C19_M M_G2C19H3_M": [[-0.03441870057920823, 0.005194769798370029, 0.0004255721238572988]], "M_G3_M M_G3H1_M": [[-0.22311210481490926, 0.04562582515567219, 0.0037378132367547282]], "M_G3_M M_G3H2_M": [[-0.23828084130713648, 0.03596699079668004, 0.0029465306945654843]], "M_G3C4_M M_G3C4H1_M": [[0.019464192787299384, 0.027117841737469332, 0.0022215801566918395]], "M_G3C4_M M_G3C4H2_M": [[0.021257752344445543, 0.02975451660317816, 0.002437584978093732]], "M_G3C5_M M_G3C5H1_M": [[-0.10143672443719802, 0.024888197347257352, 0.002038920571105053]], "M_G3C5_M M_G3C5H2_M": [[-0.1046567070963167, 0.022582024608312348, 0.001849991538907596]], "M_G3N6C1_M M_G3N6C1H1_M": [[0.014648237271916047, 0.012235356390389826, 0.0010023594513933972]], "M_G3N6C1_M M_G3N6C1H2_M": [[0.013918063625392314, 0.012579561691318226, 0.001030557848366638]], "M_G3N6C1_M M_G3N6C1H3_M": [[0.015617138446450666, 0.01265266858871872, 0.0010365469987626975]], "M_G3N6C2_M M_G3N6C2H1_M": [[0.013377514022787196, 0.012318954766744293, 0.0010092080972347115]], "M_G3N6C2_M M_G3N6C2H2_M": [[0.015039390764225006, 0.012315748878263772, 0.0010089454606170248]], "M_G3N6C2_M M_G3N6C2H3_M": [[0.015242173594532489, 0.011146187364198782, 0.000913131248083763]], "M_G3N6C3_M M_G3N6C3H1_M": [[0.015401744229225885, 0.011511607919214132, 0.0009430676663919989]], "M_G3N6C3_M M_G3N6C3H2_M": [[0.014261786646095492, 0.011672376353331272, 0.0009562383296960612]], "M_G3N6C3_M M_G3N6C3H3_M": [[0.014748643525143077, 0.010376717102085181, 0.0008500937880224016]]}