{"M_G1_M M_G1H1_M": [[-0.18454656447346016, 0.025812660043108265, 0.001829810955582911]], "M_G1_M M_G1H2_M": [[-0.04117819717625598, 0.021765407842688923, 0.0015429088539023208]], "M_G1C3_M M_G1C3H1_M": [[-0.2327694164655647, 0.015414610239080875, 0.0010927127481013483]], "M_G1C3_M M_G1C3H2_M": [[-0.1939676015152844, 0.017497865779964303, 0.001240390817917522]], "M_G1C4_M M_G1C4H1_M": [[-0.1642921163288359, 0.011653450149518498, 0.0008260911784495244]], "M_G1C4_M M_G1C4H2_M": [[-0.1490382476253749, 0.011660872893125005, 0.0008266173627927494]], "M_G1C5_M M_G1C5H1_M": [[-0.19328111586667643, 0.010597451839062303, 0.000751233442969229]], "M_G1C5_M M_G1C5H2_M": [[-0.19075429849579828, 0.01142156196272671, 0.0008096530607215084]], "M_G1C6_M M_G1C6H1_M": [[-0.1934761118872789, 0.010864603000202346, 0.000770171286672062]], "M_G1C6_M M_G1C6H2_M": [[-0.19053592836983924, 0.011891050645703791, 0.0008429342310541654]], "M_G1C7_M M_G1C7H1_M": [[-0.20599290373519, 0.010859777527416426, 0.0007698292179757402]], "M_G1C7_M M_G1C7H2_M": [[-0.2043226586229828, 0.011008388614796877, 0.0007803639786457256]], "M_G1C8_M M_G1C8H1_M": [[-0.19600864948114438, 0.010944836534156094, 0.000775858891095183]], "M_G1C8_M M_G1C8H2_M": [[-0.19458671301086689, 0.010813739503743322, 0.000766565669005981]], "M_G1C9_M M_G1C9H1_M": [[-0.19539018091696586, 0.010400588624565001, 0.0007372781796977628]], "M_G1C9_M M_G1C9H2_M": [[-0.1946339163181316, 0.010866870927617425, 0.0007703320557839493]], "M_G1C10_M M_G1C10H1_M": [[-0.17909449180586276, 0.010767401432964185, 0.0007632808502608133]], "M_G1C10_M M_G1C10H2_M": [[-0.17831335546923277, 0.01101184564233128, 0.000780609040830159]], "M_G1C11_M M_G1C11H1_M": [[-0.1715751149238218, 0.01040297103746425, 0.0007374470644704476]], "M_G1C11_M M_G1C11H2_M": [[-0.17148348513705217, 0.010529649898784117, 0.0007464270908565986]], "M_G1C12_M M_G1C12H1_M": [[-0.1530434320732956, 0.010335732517999019, 0.0007326806522002986]], "M_G1C12_M M_G1C12H2_M": [[-0.15271326450647224, 0.009851889842894573, 0.000698381954344049]], "M_G1C13_M M_G1C13H1_M": [[-0.1415951106601721, 0.009436686918987238, 0.0006689489994418074]], "M_G1C13_M M_G1C13H2_M": [[-0.14174290096571748, 0.009102892921135839, 0.0006452869702996625]], "M_G1C14_M M_G1C14H1_M": [[-0.12157507148777892, 0.007980804342310445, 0.0005657442199112787]], "M_G1C14_M M_G1C14H2_M": [[-0.12157782753099983, 0.00828187460079645, 0.0005870865246740518]], "M_G1C15_M M_G1C15H1_M": [[-0.10635816647267365, 0.007747111672347081, 0.0005491781857627542]], "M_G1C15_M M_G1C15H2_M": [[-0.1067473138537905, 0.0074002166462902854, 0.0005245874493545004]], "M_G1C16_M M_G1C16H1_M": [[-0.0800547172089787, 0.005937087176917679, 0.00042086895122129436]], "M_G1C16_M M_G1C16H2_M": [[-0.08010501552306235, 0.0060153278391603384, 0.000426415284714417]], "M_G1C17_M M_G1C17H1_M": [[-0.02702087799644362, 0.004976680684644079, 0.00035278754006722046]], "M_G1C17_M M_G1C17H2_M": [[-0.026581374632700595, 0.004607974505307198, 0.0003266506519969857]], "M_G1C17_M M_G1C17H3_M": [[-0.027171933049434785, 0.005340687833030681, 0.00037859132266521476]], "M_G2_M M_G2H1_M": [[-0.20322984161441865, 0.023338684331459473, 0.0016544354672194158]], "M_G2C3_M M_G2C3H1_M": [[-0.07247592856711454, 0.015205179069917064, 0.0010778665661450337]], "M_G2C3_M M_G2C3H2_M": [[-0.1052194158540853, 0.014738966008741517, 0.001044817598485359]], "M_G2C4_M M_G2C4H1_M": [[-0.19563191806928773, 0.012814700509054203, 0.0009084100338679279]], "M_G2C4_M M_G2C4H2_M": [[-0.203026243788914, 0.012933081057209318, 0.0009168018084305024]], "M_G2C5_M M_G2C5H1_M": [[-0.19386540794131885, 0.012300121630342489, 0.000871932504306628]], "M_G2C5_M M_G2C5H2_M": [[-0.19623943612011582, 0.011851632862870078, 0.0008401399785147735]], "M_G2C6_M M_G2C6H1_M": [[-0.20472365527909317, 0.0128475568003834, 0.0009107391546068825]], "M_G2C6_M M_G2C6H2_M": [[-0.2011617899920897, 0.012373422091649256, 0.0008771286362405089]], "M_G2C7_M M_G2C7H1_M": [[-0.18076062205300225, 0.012544660444926508, 0.000889267401261991]], "M_G2C7_M M_G2C7H2_M": [[-0.17877671525217737, 0.012253249406130502, 0.0008686098204285466]], "M_G2C8_M M_G2C8H1_M": [[-0.17141260237223455, 0.011953730296390647, 0.0008473774736850055]], "M_G2C8_M M_G2C8H2_M": [[-0.17032540588906875, 0.011543784493030151, 0.0008183171861775755]], "M_G2C9_M M_G2C9H1_M": [[-0.09878701989347632, 0.014410306949859432, 0.0010215195755156352]], "M_G2C9_M M_G2C9H2_M": [[-0.0996153976393117, 0.014392864319228009, 0.0010202831002135832]], "M_G2C10_M M_G2C10H1_M": [[-0.05429191201624738, 0.013147832571580774, 0.0009320251396590026]], "M_G2C11_M M_G2C11H1_M": [[-0.04273068965913828, 0.011815419775088798, 0.0008375729007844267]], "M_G2C12_M M_G2C12H1_M": [[-0.07203481251522455, 0.013594892522775182, 0.0009637163793503686]], "M_G2C12_M M_G2C12H2_M": [[-0.07186569703883178, 0.01411437713049211, 0.0010005416668205345]], "M_G2C13_M M_G2C13H1_M": [[-0.10934507297691122, 0.010020197042270763, 0.0007103129353745861]], "M_G2C13_M M_G2C13H2_M": [[-0.10851650606624119, 0.010348890113113336, 0.0007336133693882635]], "M_G2C14_M M_G2C14H1_M": [[-0.11474885626186086, 0.009698014393504997, 0.0006874740129456008]], "M_G2C14_M M_G2C14H2_M": [[-0.11487914286981729, 0.009595698626768033, 0.0006802210405440157]], "M_G2C15_M M_G2C15H1_M": [[-0.1181740778711314, 0.009032476737842387, 0.0006402952994131474]], "M_G2C15_M M_G2C15H2_M": [[-0.11893698016258547, 0.009051637392520588, 0.0006416535622108506]], "M_G2C16_M M_G2C16H1_M": [[-0.1078505329591116, 0.008496828810524786, 0.0006023242245954356]], "M_G2C16_M M_G2C16H2_M": [[-0.10788996499803578, 0.008206297205132227, 0.0005817289851430672]], "M_G2C17_M M_G2C17H1_M": [[-0.09778716889084048, 0.007474738276818937, 0.000529870147679334]], "M_G2C17_M M_G2C17H2_M": [[-0.09809484938735437, 0.006930452878414742, 0.0004912867787704132]], "M_G2C18_M M_G2C18H1_M": [[-0.07602482304658671, 0.006295478899029568, 0.0004462746668048632]], "M_G2C18_M M_G2C18H2_M": [[-0.07637483490346045, 0.006358262186585172, 0.0004507252560585433]], "M_G2C19_M M_G2C19H1_M": [[-0.024726379573617535, 0.00502644559509108, 0.00035631528103570063]], "M_G2C19_M M_G2C19H2_M": [[-0.02587181981742296, 0.005766682317225444, 0.0004087892709935036]], "M_G2C19_M M_G2C19H3_M": [[-0.024563500292689958, 0.004910555485921941, 0.000348100049012064]], "M_G3_M M_G3H1_M": [[-0.23422665008636653, 0.021040120636415846, 0.001491494607026322]], "M_G3_M M_G3H2_M": [[-0.24747254083573697, 0.015465484815198091, 0.0010963191511835745]], "M_G3C4_M M_G3C4H1_M": [[0.03333734470444663, 0.015868939658069833, 0.0011249193067017114]], "M_G3C4_M M_G3C4H2_M": [[0.034288100656155944, 0.016352944556623995, 0.0011592295042734124]], "M_G3C5_M M_G3C5H1_M": [[-0.07115838243804049, 0.014312371268203231, 0.0010145770991130591]], "M_G3C5_M M_G3C5H2_M": [[-0.07412110032122048, 0.014049476585953192, 0.00099594098919869]], "M_G3N6C1_M M_G3N6C1H1_M": [[0.010301850319459134, 0.008325884063116325, 0.00059020627274216]], "M_G3N6C1_M M_G3N6C1H2_M": [[0.01000331168489339, 0.007441293941122579, 0.0005274993415804203]], "M_G3N6C1_M M_G3N6C1H3_M": [[0.01047066245925043, 0.007419264270867243, 0.0005259376996607664]], "M_G3N6C2_M M_G3N6C2H1_M": [[0.011495158118303282, 0.008057485339353698, 0.000571179991669805]], "M_G3N6C2_M M_G3N6C2H2_M": [[0.009798380943576412, 0.008097584330612346, 0.0005740225337941099]], "M_G3N6C2_M M_G3N6C2H3_M": [[0.010410876210983175, 0.007094540081903389, 0.0005029186122239613]], "M_G3N6C3_M M_G3N6C3H1_M": [[0.010963113774421315, 0.0074896637796554, 0.0005309281885229407]], "M_G3N6C3_M M_G3N6C3H2_M": [[0.009358383921496419, 0.0075155750503235405, 0.0005327649898003936]], "M_G3N6C3_M M_G3N6C3H3_M": [[0.009338866242608507, 0.008109355874585368, 0.0005748569964217503]]}