{"sn-1": 0.5609154268290862, "sn-2": 0.5309043807527105, "headgroup": 0.15249268294406695, "total": 0.4147708301752879}