{
    "10.1021/acs.jctc.9b00824": {
        "M_G1C3_M M_G1C3H1_M": [-0.25238, 0.06253, 0.00553, -0.220769, 0.02, 0.107508],
        "M_G1C3_M M_G1C3H2_M": [-0.19214, 0.0985, 0.00871, -0.220769, 0.02, 0.195072],
        "M_G1C4_M M_G1C4H1_M": [-0.256, 0.05292, 0.00468, -0.196239, 0.02, 0.018639],
        "M_G1C4_M M_G1C4H2_M": [-0.21827, 0.07278, 0.00643, -0.196239, 0.02, 0.354293],
        "M_G1C5_M M_G1C5H1_M": [-0.24973, 0.05618, 0.00497, -0.220769, 0.02, 0.128987],
        "M_G1C5_M M_G1C5H2_M": [-0.22285, 0.06975, 0.00616, -0.220769, 0.02, 0.808005],
        "M_G1C6_M M_G1C6H1_M": [-0.24854, 0.05531, 0.00489, -0.220769, 0.02, 0.146311],
        "M_G1C6_M M_G1C6H2_M": [-0.23748, 0.06301, 0.00557, -0.220769, 0.02, 0.621854],
        "M_G1C7_M M_G1C7H1_M": [-0.23545, 0.05937, 0.00525, -0.220769, 0.02, 0.704255],
        "M_G1C7_M M_G1C7H2_M": [-0.22722, 0.05994, 0.0053, -0.220769, 0.02, 0.818364],
        "M_G1C8_M M_G1C8H1_M": [-0.22988, 0.05968, 0.00528, -0.220769, 0.02, 0.799174],
        "M_G1C8_M M_G1C8H2_M": [-0.23046, 0.06158, 0.00544, -0.220769, 0.02, 0.787761],
        "M_G1C9_M M_G1C9H1_M": [-0.21267, 0.05828, 0.00515, -0.220769, 0.02, 0.812301],
        "M_G1C9_M M_G1C9H2_M": [-0.21346, 0.05631, 0.00498, -0.220769, 0.02, 0.823556],
        "M_G1C10_M M_G1C10H1_M": [-0.20518, 0.05584, 0.00494, -0.196239, 0.02, 0.812463],
        "M_G1C10_M M_G1C10H2_M": [-0.20725, 0.05834, 0.00516, -0.196239, 0.02, 0.781642],
        "M_G1C11_M M_G1C11H1_M": [-0.18576, 0.05342, 0.00472, -0.17171, 0.02, 0.742688],
        "M_G1C11_M M_G1C11H2_M": [-0.1855, 0.05159, 0.00456, -0.17171, 0.02, 0.755692],
        "M_G1C12_M M_G1C12H1_M": [-0.17539, 0.05058, 0.00447, -0.17171, 0.02, 0.855515],
        "M_G1C12_M M_G1C12H2_M": [-0.17698, 0.04946, 0.00437, -0.17171, 0.02, 0.853692],
        "M_G1C13_M M_G1C13H1_M": [-0.15455, 0.04466, 0.00395, -0.14718, 0.02, 0.857894],
        "M_G1C13_M M_G1C13H2_M": [-0.15663, 0.04369, 0.00386, -0.14718, 0.02, 0.846869],
        "M_G1C14_M M_G1C14H1_M": [-0.14291, 0.03992, 0.00353, -0.12265, 0.02, 0.448759],
        "M_G1C14_M M_G1C14H2_M": [-0.14433, 0.03981, 0.00352, -0.12265, 0.02, 0.331438],
        "M_G1C15_M M_G1C15H1_M": [-0.1186, 0.03249, 0.00287, -0.09812, 0.02, 0.424721],
        "M_G1C15_M M_G1C15H2_M": [-0.11746, 0.0321, 0.00284, -0.09812, 0.02, 0.549744],
        "M_G1C16_M M_G1C16H1_M": [-0.09759, 0.02621, 0.00232, -0.07359, 0.02, 0.15053],
        "M_G1C16_M M_G1C16H2_M": [-0.09703, 0.0255, 0.00225, -0.07359, 0.02, 0.167903],
        "M_G2C3_M M_G2C3H1_M": [-0.23304, 0.10209, 0.00902, -0.12, 0.02, 0.00921506],
        "M_G2C3_M M_G2C3H2_M": [-0.21801, 0.08588, 0.00759, -0.12, 0.02, 0.0104284],
        "M_G2C4_M M_G2C4H1_M": [-0.2067, 0.08491, 0.00751, -0.2, 0.02, 0.749102],
        "M_G2C4_M M_G2C4H2_M": [-0.19801, 0.07665, 0.00677, -0.2, 0.02, 0.790482],
        "M_G2C5_M M_G2C5H1_M": [-0.22735, 0.06946, 0.00614, -0.2, 0.02, 0.180478],
        "M_G2C5_M M_G2C5H2_M": [-0.22021, 0.07074, 0.00625, -0.2, 0.02, 0.440225],
        "M_G2C6_M M_G2C6H1_M": [-0.21152, 0.06828, 0.00604, -0.22, 0.02, 0.779766],
        "M_G2C6_M M_G2C6H2_M": [-0.20733, 0.06968, 0.00616, -0.22, 0.02, 0.718217],
        "M_G2C7_M M_G2C7H1_M": [-0.2071, 0.05984, 0.00529, -0.2, 0.02, 0.814762],
        "M_G2C7_M M_G2C7H2_M": [-0.19822, 0.0638, 0.00564, -0.2, 0.02, 0.823789],
        "M_G2C8_M M_G2C8H1_M": [-0.19282, 0.0673, 0.00595, -0.17, 0.02, 0.31517],
        "M_G2C8_M M_G2C8H2_M": [-0.18986, 0.06461, 0.00571, -0.17, 0.02, 0.462513],
        "M_G2C9_M M_G2C9H1_M": [-0.16251, 0.05811, 0.00514, -0.12, 0.02, 0.0453438],
        "M_G2C9_M M_G2C9H2_M": [-0.15919, 0.05374, 0.00475, -0.12, 0.02, 0.0517474],
        "M_G2C10_M M_G2C10H1_M": [-0.08842, 0.06135, 0.00542, -0.12, 0.02, 0.106018],
        "M_G2C11_M M_G2C11H1_M": [-0.01947, 0.07373, 0.00652, -0, 0.02, 0.473707],
        "M_G2C12_M M_G2C12H1_M": [-0.09814, 0.0443, 0.00392, -0.07, 0.02, 0.116994],
        "M_G2C12_M M_G2C12H2_M": [-0.09771, 0.04453, 0.00394, -0.07, 0.02, 0.124151],
        "M_G2C13_M M_G2C13H1_M": [-0.13432, 0.04796, 0.00424, -0.12, 0.02, 0.756759],
        "M_G2C13_M M_G2C13H2_M": [-0.13245, 0.05034, 0.00445, -0.12, 0.02, 0.78709],
        "M_G2C14_M M_G2C14H1_M": [-0.10845, 0.04133, 0.00365],
        "M_G2C14_M M_G2C14H2_M": [-0.10694, 0.04289, 0.00379],
        "M_G2C15_M M_G2C15H1_M": [-0.12083, 0.04074, 0.0036, -0.12, 0.02, 0.886437],
        "M_G2C15_M M_G2C15H2_M": [-0.12014, 0.04241, 0.00375, -0.12, 0.02, 0.881998],
        "M_G2C16_M M_G2C16H1_M": [-0.09775, 0.03555, 0.00314, -0.1, 0.02, 0.899641],
        "M_G2C16_M M_G2C16H2_M": [-0.09865, 0.03493, 0.00309, -0.1, 0.02, 0.901985],
        "M_G2C17_M M_G2C17H1_M": [-0.09685, 0.03104, 0.00274, -0.1, 0.02, 0.911188],
        "M_G2C17_M M_G2C17H2_M": [-0.09735, 0.03095, 0.00274, -0.1, 0.02, 0.911822],
        "M_G2C18_M M_G2C18H1_M": [-0.06826, 0.02128, 0.00188, -0.07, 0.02, 0.939885],
        "M_G2C18_M M_G2C18H2_M": [-0.0683, 0.0229, 0.00202, -0.07, 0.02, 0.93546]
    },
    "10.1021/acs.jpcb.9b06091": {
        "M_G1_M M_G1H1_M": [0.34875, 0.32868, 0.02905, -0.13, 0.02, 0.00161063],
        "M_G1_M M_G1H2_M": [-0.01595, 0.19928, 0.01761, 0, 0.02, 0.426967],
        "M_G2_M M_G2H1_M": [-0.1431, 0.18544, 0.01639, -0.18, 0.02, 0.155852],
        "M_G3_M M_G3H1_M": [-0.34627, 0.07532, 0.00666, -0.21, 0.02, 0.00465534],
        "M_G3_M M_G3H2_M": [-0.1819, 0.16471, 0.01456, -0.21, 0.02, 0.244838],
        "M_G3C4_M M_G3C4H1_M": [-0.05045, 0.19177, 0.01695, -0, 0.02, 0.0865249],
        "M_G3C4_M M_G3C4H2_M": [0.06482, 0.26551, 0.02347, 0.09, 0.02, 0.27835],
        "M_G3C5_M M_G3C5H1_M": [-0.00984, 0.18632, 0.01647, -0.11, 0.02, 0.0211439]
    }
}