{"headgroup": 0.20361152690923667, "sn-1": 0.3465197905713603, "sn-2": 0.4338799296402508, "total": 0.32800374904028257}