{"M_G1_M M_G1H1_M": [[-0.09063446800463817, 0.06601328402169003, 0.004133912198868547]], "M_G1_M M_G1H2_M": [[0.08751806583707783, 0.050197168531030914, 0.003143468627782661]], "M_G1C3_M M_G1C3H1_M": [[-0.1649364299956546, 0.044895274144786224, 0.0028114511224392193]], "M_G1C3_M M_G1C3H2_M": [[-0.1331200864557673, 0.037663968007086275, 0.0023586091664691356]], "M_G1C4_M M_G1C4H1_M": [[-0.19856054637047688, 0.030765739590673868, 0.001926625346488006]], "M_G1C4_M M_G1C4H2_M": [[-0.15866149589215978, 0.0321192620471303, 0.0020113862105642323]], "M_G1C5_M M_G1C5H1_M": [[-0.27940733687976094, 0.023794516070239673, 0.0014900703957800036]], "M_G1C5_M M_G1C5H2_M": [[-0.2728007089134157, 0.02533979355589145, 0.0015868394255782164]], "M_G1C6_M M_G1C6H1_M": [[-0.29099181589443834, 0.023458290182106135, 0.0014690151139359138]], "M_G1C6_M M_G1C6H2_M": [[-0.2864556415215299, 0.024463910296870305, 0.0015319894882828296]], "M_G1C7_M M_G1C7H1_M": [[-0.31955026811973086, 0.021253648450825433, 0.0013309550934091142]], "M_G1C7_M M_G1C7H2_M": [[-0.3194515738076146, 0.022406164510176175, 0.0014031284486322312]], "M_G1C8_M M_G1C8H1_M": [[-0.3190655293084442, 0.023333327272095285, 0.0014611896329625655]], "M_G1C8_M M_G1C8H2_M": [[-0.3198699373670475, 0.02300482721571779, 0.0014406181614699226]], "M_G1C9_M M_G1C9H1_M": [[-0.32633641360159815, 0.02235497770106763, 0.0013999230063075402]], "M_G1C9_M M_G1C9H2_M": [[-0.32588657386985487, 0.022224380667993638, 0.0013917447028620818]], "M_G1C10_M M_G1C10H1_M": [[-0.3165994246608059, 0.023458284565929154, 0.0014690147622372688]], "M_G1C10_M M_G1C10H2_M": [[-0.3166693296125431, 0.021707371806304266, 0.001359368352072465]], "M_G1C11_M M_G1C11H1_M": [[-0.3089384610909026, 0.021947958236274098, 0.0013744344587277215]], "M_G1C11_M M_G1C11H2_M": [[-0.3097004536236303, 0.02129570819049602, 0.0013335889764749583]], "M_G1C12_M M_G1C12H1_M": [[-0.2893665774938641, 0.021793622455731545, 0.001364769577251788]], "M_G1C12_M M_G1C12H2_M": [[-0.2895388973863787, 0.02124819187489719, 0.0013306133893698725]], "M_G1C13_M M_G1C13H1_M": [[-0.2709251277365773, 0.02053866245590758, 0.0012861809336287902]], "M_G1C13_M M_G1C13H2_M": [[-0.2720965918719389, 0.019535090680389854, 0.0012233348312611248]], "M_G1C14_M M_G1C14H1_M": [[-0.23640125020163857, 0.019835858189305985, 0.0012421696232663697]], "M_G1C14_M M_G1C14H2_M": [[-0.23778454383318426, 0.019722501021872233, 0.0012350709220848076]], "M_G1C15_M M_G1C15H1_M": [[-0.20271465942423528, 0.01818346133325868, 0.0011386925182894144]], "M_G1C15_M M_G1C15H2_M": [[-0.20459553875616993, 0.01813200059752677, 0.0011354699220141708]], "M_G1C16_M M_G1C16H1_M": [[-0.14539479503443836, 0.01628474881188076, 0.001019790528021976]], "M_G1C16_M M_G1C16H2_M": [[-0.1454973493103857, 0.016612077225570943, 0.0010402886284034921]], "M_G1C17_M M_G1C17H1_M": [[-0.04797188327472471, 0.015134460974204521, 0.0009477567094527087]], "M_G1C17_M M_G1C17H2_M": [[-0.04736275832176949, 0.014572178287485155, 0.0009125452017646799]], "M_G1C17_M M_G1C17H3_M": [[-0.04681190786377218, 0.014584891019193165, 0.0009133413039048403]], "M_G2_M M_G2H1_M": [[-0.24644569168310343, 0.03433730813396852, 0.0021502856443966776]], "M_G2C3_M M_G2C3H1_M": [[-0.15970824987454318, 0.04670798078197676, 0.0029249672153212184]], "M_G2C3_M M_G2C3H2_M": [[-0.1609308205262654, 0.04059404954867822, 0.0025420979900896454]], "M_G2C4_M M_G2C4H1_M": [[-0.23683148036433108, 0.03162917553888717, 0.0019806958029447374]], "M_G2C4_M M_G2C4H2_M": [[-0.19861063098444254, 0.030221471771067005, 0.0018925419735386292]], "M_G2C5_M M_G2C5H1_M": [[-0.2537009528155881, 0.02656786913376099, 0.00166374450139325]], "M_G2C5_M M_G2C5H2_M": [[-0.25126111465379525, 0.023937558460253385, 0.00149902805770815]], "M_G2C6_M M_G2C6H1_M": [[-0.2743424796342584, 0.022011752583490737, 0.0013784294157138195]], "M_G2C6_M M_G2C6H2_M": [[-0.26977985299174145, 0.021649710568089515, 0.0013557574652700527]], "M_G2C7_M M_G2C7H1_M": [[-0.2674994128623115, 0.021830747909757697, 0.0013670944633646623]], "M_G2C7_M M_G2C7H2_M": [[-0.2670835425179866, 0.021386052680951718, 0.0013392465679238652]], "M_G2C8_M M_G2C8H1_M": [[-0.2570840063576211, 0.02163641438423824, 0.0013549248259394125]], "M_G2C8_M M_G2C8H2_M": [[-0.2583199614096482, 0.021200815552481433, 0.0013276465689779698]], "M_G2C9_M M_G2C9H1_M": [[-0.19728241392690887, 0.020064685641093576, 0.0012564993541440204]], "M_G2C9_M M_G2C9H2_M": [[-0.1986852057678255, 0.019476148596777466, 0.0012196437348085999]], "M_G2C10_M M_G2C10H1_M": [[-0.14781612351116158, 0.01653378780039554, 0.001035385954425499]], "M_G2C11_M M_G2C11H1_M": [[-0.08819575293196591, 0.016374209713867206, 0.001025392787014606]], "M_G2C12_M M_G2C12H1_M": [[-0.14291101537843498, 0.019511464609922223, 0.0012218553093381527]], "M_G2C12_M M_G2C12H2_M": [[-0.14201207625961032, 0.02019021905928984, 0.0012643605617257655]], "M_G2C13_M M_G2C13H1_M": [[-0.20642839255478657, 0.020714457022367606, 0.0012971896164045951]], "M_G2C13_M M_G2C13H2_M": [[-0.2063898507663803, 0.021321659569302858, 0.0013352141148545577]], "M_G2C14_M M_G2C14H1_M": [[-0.2058662546860513, 0.021229121723452156, 0.0013294191701629175]], "M_G2C14_M M_G2C14H2_M": [[-0.20519143967991493, 0.020627679084724234, 0.00129175537115634]], "M_G2C15_M M_G2C15H1_M": [[-0.21217801841633147, 0.020814076828636445, 0.0013034280506604694]], "M_G2C15_M M_G2C15H2_M": [[-0.21303827265510822, 0.019201482428058914, 0.0012024434721295148]], "M_G2C16_M M_G2C16H1_M": [[-0.18372317235600222, 0.01821192579580763, 0.001140475032077498]], "M_G2C16_M M_G2C16H2_M": [[-0.18507677261673572, 0.018672768375312856, 0.0011693341138427492]], "M_G2C17_M M_G2C17H1_M": [[-0.16328958388243267, 0.017671634488085244, 0.0011066406779617062]], "M_G2C17_M M_G2C17H2_M": [[-0.16418115073041678, 0.016856620628498128, 0.0010556025303172548]], "M_G2C18_M M_G2C18H1_M": [[-0.11478117042087088, 0.015788035053661765, 0.000988685105910683]], "M_G2C18_M M_G2C18H2_M": [[-0.11396992728030587, 0.015446025968825808, 0.0009672676662410752]], "M_G2C19_M M_G2C19H1_M": [[-0.03932196924994781, 0.014128639496819285, 0.0008847697252893301]], "M_G2C19_M M_G2C19H2_M": [[-0.042325898163375356, 0.015085730313419723, 0.0009447050771023017]], "M_G2C19_M M_G2C19H3_M": [[-0.04206195209005549, 0.013886983118317252, 0.000869636615857966]], "M_G3_M M_G3H1_M": [[-0.30225426491425167, 0.01936198904568404, 0.0012124947864131919]], "M_G3_M M_G3H2_M": [[-0.25970008600848005, 0.027934059985144213, 0.0017492986911326978]], "M_G3C4_M M_G3C4H1_M": [[-0.01947258421160073, 0.04094733446708944, 0.002564221549847959]], "M_G3C4_M M_G3C4H2_M": [[0.04404574047099074, 0.04810640728994347, 0.0030125400801798317]], "M_G3C5_M M_G3C5H1_M": [[-0.021496674684855617, 0.039634594849114774, 0.002482014606183402]], "M_G3C5_M M_G3C5H2_M": [[0.037771139564714507, 0.0476180466946097, 0.0029819577534191508]], "M_G3N6C1_M M_G3N6C1H1_M": [[-0.0014595047517713803, 0.01616957676184113, 0.001012578174483087]], "M_G3N6C1_M M_G3N6C1H2_M": [[-0.0008536021016591501, 0.015808083387021173, 0.0009899405812452263]], "M_G3N6C1_M M_G3N6C1H3_M": [[-0.0011708421208713065, 0.015174862264400424, 0.0009502867363838942]], "M_G3N6C2_M M_G3N6C2H1_M": [[-0.002347022308369226, 0.01556330468939406, 0.0009746119446057978]], "M_G3N6C2_M M_G3N6C2H2_M": [[-0.0003174723588914394, 0.0165004477701215, 0.0010332981207431871]], "M_G3N6C2_M M_G3N6C2H3_M": [[-0.0020567273687721304, 0.016751075317405117, 0.0010489930265555965]], "M_G3N6C3_M M_G3N6C3H1_M": [[-0.0010434706192355857, 0.016968380424280453, 0.0010626012002058155]], "M_G3N6C3_M M_G3N6C3H2_M": [[-0.0029038732382164574, 0.015444276763948692, 0.0009671581267826617]], "M_G3N6C3_M M_G3N6C3H3_M": [[-0.000341016479661822, 0.01691009308399898, 0.001058951105371115]]}