{"POPC": 1.6533470756238027, "POPG": 1.7360238607332903}