{"M_G1_M M_G1H1_M": [[-0.23981630603249118, 0.05388298593225241, 0.016246331538298145]], "M_G1_M M_G1H2_M": [[0.006417072354660848, 0.06618055844509335, 0.019954189161687366]], "M_G1C3_M M_G1C3H1_M": [[-0.245020184996639, 0.021491021023599375, 0.006479786645174433]], "M_G1C3_M M_G1C3H2_M": [[-0.25667454094569947, 0.017879798425555645, 0.005390962064068664]], "M_G1C4_M M_G1C4H1_M": [[-0.18245335547704725, 0.021281079432800172, 0.006416486873849771]], "M_G1C4_M M_G1C4H2_M": [[-0.1807986198931727, 0.011773563826812153, 0.003549863059894252]], "M_G1C5_M M_G1C5H1_M": [[-0.2206307757865885, 0.01635243281766299, 0.004930444005971116]], "M_G1C5_M M_G1C5H2_M": [[-0.2183708135186547, 0.014607253139120698, 0.004404252534564041]], "M_G1C6_M M_G1C6H1_M": [[-0.22576393010569892, 0.016613007000770303, 0.005009010078282054]], "M_G1C6_M M_G1C6H2_M": [[-0.22701710447968068, 0.014202990420230873, 0.004282362738628907]], "M_G1C7_M M_G1C7H1_M": [[-0.24069423629940825, 0.011591508492482198, 0.0034949713112528732]], "M_G1C7_M M_G1C7H2_M": [[-0.23804983649522096, 0.014134117811314314, 0.0042615968657098964]], "M_G1C8_M M_G1C8H1_M": [[-0.22857248409005093, 0.015169920936950708, 0.004573903258838376]], "M_G1C8_M M_G1C8H2_M": [[-0.23234628530414572, 0.014303968702266174, 0.004312808836218523]], "M_G1C9_M M_G1C9H1_M": [[-0.22905706753124797, 0.014478863064093413, 0.004365541470412123]], "M_G1C9_M M_G1C9H2_M": [[-0.23141205510646223, 0.01364282852705888, 0.004113467573037394]], "M_G1C10_M M_G1C10H1_M": [[-0.21222909015651156, 0.014226835106675648, 0.004289552182099906]], "M_G1C10_M M_G1C10H2_M": [[-0.2143730438686375, 0.01629586108625667, 0.004913386987169704]], "M_G1C11_M M_G1C11H1_M": [[-0.20579074193394706, 0.016381781022494393, 0.004939292822670776]], "M_G1C11_M M_G1C11H2_M": [[-0.207709686984433, 0.01615826473021291, 0.004871900124849949]], "M_G1C12_M M_G1C12H1_M": [[-0.1853326041151214, 0.016719874028267502, 0.005041231699433764]], "M_G1C12_M M_G1C12H2_M": [[-0.18357780730633552, 0.017335032099283738, 0.005226708836553733]], "M_G1C13_M M_G1C13H1_M": [[-0.17092221569980728, 0.013945463036435504, 0.0042047153108751715]], "M_G1C13_M M_G1C13H2_M": [[-0.1706551851939697, 0.015609687302918923, 0.004706497807141529]], "M_G1C14_M M_G1C14H1_M": [[-0.14408717080628006, 0.012267964953294776, 0.003698930608300789]], "M_G1C14_M M_G1C14H2_M": [[-0.14347747014424458, 0.01413924758911529, 0.004263143551912054]], "M_G1C15_M M_G1C15H1_M": [[-0.12327063314551662, 0.010435474681501355, 0.0031464140025266834]], "M_G1C15_M M_G1C15H2_M": [[-0.12318030864928664, 0.011502375587861869, 0.0034680967293346764]], "M_G1C16_M M_G1C16H1_M": [[-0.08980051770536547, 0.009349720464492606, 0.0028190467886753984]], "M_G1C16_M M_G1C16H2_M": [[-0.0882868060641837, 0.008616176535270989, 0.0025978749722689325]], "M_G1C17_M M_G1C17H1_M": [[-0.028395195579401275, 0.003162200100126934, 0.0009534392040132107]], "M_G1C17_M M_G1C17H2_M": [[-0.02805310813197782, 0.004220643679516607, 0.0012725719507946918]], "M_G1C17_M M_G1C17H3_M": [[-0.028896096694489434, 0.002738843387433335, 0.0008257923523329416]], "M_G2_M M_G2H1_M": [[-0.22387075697784545, 0.12074480192629768, 0.036405927579573755]], "M_G2C3_M M_G2C3H1_M": [[-0.10363912793306083, 0.029121960198294102, 0.00878060137612777]], "M_G2C3_M M_G2C3H2_M": [[-0.1333555986927343, 0.04053948033150382, 0.01222311322323552]], "M_G2C4_M M_G2C4H1_M": [[-0.15744029557256475, 0.02111025832496172, 0.006364982371943137]], "M_G2C4_M M_G2C4H2_M": [[-0.16479808017270833, 0.02871605741985657, 0.00865821708363322]], "M_G2C5_M M_G2C5H1_M": [[-0.1886657962516333, 0.021463601228668274, 0.00647151926593671]], "M_G2C5_M M_G2C5H2_M": [[-0.19165763978039693, 0.025567830649497636, 0.007708990997066588]], "M_G2C6_M M_G2C6H1_M": [[-0.20254833814322346, 0.019912283318220866, 0.006003779316890146]], "M_G2C6_M M_G2C6H2_M": [[-0.20757211299660686, 0.02144792909959968, 0.0064667939412288425]], "M_G2C7_M M_G2C7H1_M": [[-0.19060272607118625, 0.018359544320486858, 0.005535610893905036]], "M_G2C7_M M_G2C7H2_M": [[-0.19112260800826256, 0.018419785776315038, 0.005553774376251113]], "M_G2C8_M M_G2C8H1_M": [[-0.1843742940770442, 0.014646903907304215, 0.004416207690992594]], "M_G2C8_M M_G2C8H2_M": [[-0.183500997866293, 0.0150292705567056, 0.0045314955735753]], "M_G2C9_M M_G2C9H1_M": [[-0.13320345262161157, 0.01504594413958658, 0.004536522847968673]], "M_G2C9_M M_G2C9H2_M": [[-0.13111897027587505, 0.012743104098250205, 0.003842190450757829]], "M_G2C10_M M_G2C10H1_M": [[-0.10477743086927599, 0.01143839458366485, 0.0034488057307317977]], "M_G2C11_M M_G2C11H1_M": [[-0.013302917946133789, 0.015396259615393298, 0.004642146938105555]], "M_G2C12_M M_G2C12H1_M": [[-0.06768303778169409, 0.011272935285431072, 0.0033989178752484384]], "M_G2C12_M M_G2C12H2_M": [[-0.07101837715907218, 0.013215987737783968, 0.003984770232742481]], "M_G2C13_M M_G2C13H1_M": [[-0.12369580373881876, 0.013287520284505151, 0.004006338107085457]], "M_G2C13_M M_G2C13H2_M": [[-0.12455019823507248, 0.01356220467934547, 0.00408915856830829]], "M_G2C14_M M_G2C14H1_M": [[-0.13011370788613366, 0.01334201482892169, 0.00402276883044464]], "M_G2C14_M M_G2C14H2_M": [[-0.13028613873905878, 0.015024557418927312, 0.004530074509066588]], "M_G2C15_M M_G2C15H1_M": [[-0.13759918134451923, 0.013483359712032454, 0.004065385916200553]], "M_G2C15_M M_G2C15H2_M": [[-0.13857755735059946, 0.01482644010704738, 0.004470339891977537]], "M_G2C16_M M_G2C16H1_M": [[-0.12566228169518656, 0.01258194227228932, 0.0037935983319177555]], "M_G2C16_M M_G2C16H2_M": [[-0.1252766705098222, 0.012628667721738578, 0.0038076865850072018]], "M_G2C17_M M_G2C17H1_M": [[-0.11303407898339163, 0.011520051163832548, 0.003473426116011782]], "M_G2C17_M M_G2C17H2_M": [[-0.11226398434083769, 0.01091195052662793, 0.003290076875249623]], "M_G2C18_M M_G2C18H1_M": [[-0.08455687217319058, 0.009818630150921118, 0.0029604283787159963]], "M_G2C18_M M_G2C18H2_M": [[-0.08516032785908252, 0.008728592691996169, 0.0026317697188354065]], "M_G2C19_M M_G2C19H1_M": [[-0.027120981522227087, 0.003604650094541831, 0.0010868428967376702]], "M_G2C19_M M_G2C19H2_M": [[-0.026624852671273357, 0.004424701792694924, 0.0013340977868710876]], "M_G2C19_M M_G2C19H3_M": [[-0.026324410113681865, 0.00361260329039212, 0.0010892408755121812]], "M_G3_M M_G3H1_M": [[-0.15455192901464046, 0.09595094399039876, 0.02893029813605082]], "M_G3_M M_G3H2_M": [[-0.16690041282287205, 0.04509371301048, 0.013596266041793618]], "M_G3C4_M M_G3C4H1_M": [[0.11398501111447744, 0.05035228220620819, 0.015181784310552834]], "M_G3C4_M M_G3C4H2_M": [[0.026506189834212008, 0.024672658715859757, 0.007439086503727154]], "M_G3C5_M M_G3C5H1_M": [[-0.003660523612557165, 0.03483249326896913, 0.010502391880522783]]}