{"sn-1": 0.39907407380517085, "sn-2": 0.5336123868723649, "headgroup": 0.6820185174176149, "total": 0.5382349926983836}