{"headgroup": 7.626655513904124, "sn-1": 24.45298796922282, "sn-2": 17.59901879675272, "total": 16.55955409329322}