{"M_G1_M M_G1H1_M": [[0.026342283401437842, 0.12243346273991217, 0.01095078181628525]], "M_G1_M M_G1H2_M": [[-0.2627056722058705, 0.11222170263046218, 0.010037414225299215]], "M_G1C3_M M_G1C3H1_M": [[-0.27089682309636504, 0.04852589636990353, 0.004340288118088583]], "M_G1C3_M M_G1C3H2_M": [[-0.27550333870064025, 0.037011876070342904, 0.0033104428347233805]], "M_G1C4_M M_G1C4H1_M": [[-0.22827928061432542, 0.03577352760154947, 0.0031996815804811846]], "M_G1C4_M M_G1C4H2_M": [[-0.22683187737095328, 0.03039773275612258, 0.002718855872182485]], "M_G1C5_M M_G1C5H1_M": [[-0.2595295387750748, 0.03315993852860488, 0.0029659150671869946]], "M_G1C5_M M_G1C5H2_M": [[-0.2567739654808428, 0.030577510916853155, 0.0027349357197130227]], "M_G1C6_M M_G1C6H1_M": [[-0.25307488086457613, 0.033146335485920955, 0.002964698374061311]], "M_G1C6_M M_G1C6H2_M": [[-0.2504529116176898, 0.03256793680013302, 0.0029129648228805767]], "M_G1C7_M M_G1C7H1_M": [[-0.26450692818960586, 0.031181603639733546, 0.002788967415435963]], "M_G1C7_M M_G1C7H2_M": [[-0.26353601230842166, 0.030845299890772036, 0.002758887493685324]], "M_G1C8_M M_G1C8H1_M": [[-0.25387526812172806, 0.03173230509112261, 0.0028382236506605124]], "M_G1C8_M M_G1C8H2_M": [[-0.25292706860773406, 0.031653808433712474, 0.0028312026961814893]], "M_G1C9_M M_G1C9H1_M": [[-0.253471944467078, 0.03172091524807547, 0.0028372049121282543]], "M_G1C9_M M_G1C9H2_M": [[-0.25498894500372915, 0.030919975269974656, 0.0027655666626510297]], "M_G1C10_M M_G1C10H1_M": [[-0.23721787214661627, 0.03353224523470321, 0.0029992151913195908]], "M_G1C10_M M_G1C10H2_M": [[-0.23874359249047739, 0.030776048119860337, 0.002752693426992492]], "M_G1C11_M M_G1C11H1_M": [[-0.23132191738608238, 0.031910580039088164, 0.002854169046753961]], "M_G1C11_M M_G1C11H2_M": [[-0.23077087048810072, 0.029739446507180262, 0.00265997696013095]], "M_G1C12_M M_G1C12H1_M": [[-0.2084557348077543, 0.03157682769277398, 0.0028243173293936185]], "M_G1C12_M M_G1C12H2_M": [[-0.20893210580914032, 0.029089302486456782, 0.002601826311110841]], "M_G1C13_M M_G1C13H1_M": [[-0.19520873629225022, 0.02745135368233127, 0.002455323716323275]], "M_G1C13_M M_G1C13H2_M": [[-0.19425799167324803, 0.030729226721939736, 0.0027485055938504107]], "M_G1C14_M M_G1C14H1_M": [[-0.16574272638512721, 0.028240898211439044, 0.002525942725857197]], "M_G1C14_M M_G1C14H2_M": [[-0.16646366766573983, 0.025995792991988897, 0.0023251344103639928]], "M_G1C15_M M_G1C15H1_M": [[-0.14327353773600082, 0.023706534318214054, 0.00212037688985833]], "M_G1C15_M M_G1C15H2_M": [[-0.14408401423609649, 0.02335303475539433, 0.0020887589277590757]], "M_G1C16_M M_G1C16H1_M": [[-0.10374944170327619, 0.01978102623265201, 0.0017692687728366584]], "M_G1C16_M M_G1C16H2_M": [[-0.10310549363848033, 0.018901045778536206, 0.0016905609282656957]], "M_G1C17_M M_G1C17H1_M": [[-0.034110526261733554, 0.008721740610547762, 0.0007800961954922126]], "M_G1C17_M M_G1C17H2_M": [[-0.034529638820767095, 0.008198706146209237, 0.0007333145708187674]], "M_G1C17_M M_G1C17H3_M": [[-0.033282891841451286, 0.007549117635530688, 0.000675213608127564]], "M_G2_M M_G2H1_M": [[-0.24748715381880831, 0.10562270203571247, 0.00944718166876234]], "M_G2C3_M M_G2C3H1_M": [[-0.1557508059230765, 0.06060496779478653, 0.005420673110533128]], "M_G2C3_M M_G2C3H2_M": [[-0.14651883187441672, 0.06767508825042465, 0.006053043908449873]], "M_G2C4_M M_G2C4H1_M": [[-0.21789104215732533, 0.03710723919916647, 0.003318972372267243]], "M_G2C4_M M_G2C4H2_M": [[-0.20591663200934335, 0.042544948467915865, 0.003805335874939416]], "M_G2C5_M M_G2C5H1_M": [[-0.22014028507653824, 0.03583369371965087, 0.0032050630016818658]], "M_G2C5_M M_G2C5H2_M": [[-0.2162701132461403, 0.04012956313472519, 0.0035892972430646027]], "M_G2C6_M M_G2C6H1_M": [[-0.23327970852097507, 0.03447585248783699, 0.0030836139898023497]], "M_G2C6_M M_G2C6H2_M": [[-0.23075855977919116, 0.037107410578066255, 0.003318987700862036]], "M_G2C7_M M_G2C7H1_M": [[-0.20857531337640697, 0.03296550051162668, 0.002948524002252054]], "M_G2C7_M M_G2C7H2_M": [[-0.2070454577980343, 0.03309558903153734, 0.0029601594731965566]], "M_G2C8_M M_G2C8H1_M": [[-0.2022214792114129, 0.032437330681488734, 0.0029012830564979354]], "M_G2C8_M M_G2C8H2_M": [[-0.20106141844302788, 0.03248136013789751, 0.0029052211707996304]], "M_G2C9_M M_G2C9H1_M": [[-0.1401017666217521, 0.028712798011571696, 0.0025681507271238043]], "M_G2C9_M M_G2C9H2_M": [[-0.14090288954354466, 0.02768293152447296, 0.0024760366682077366]], "M_G2C10_M M_G2C10H1_M": [[-0.10968593362645082, 0.03137699498296123, 0.0028064437484628464]], "M_G2C11_M M_G2C11H1_M": [[-0.008954989480186724, 0.03729858747587763, 0.003336087082431387]], "M_G2C12_M M_G2C12H1_M": [[-0.07502981001496559, 0.03442673033687186, 0.0030792203710519883]], "M_G2C12_M M_G2C12H2_M": [[-0.07469878076024403, 0.030387503558463636, 0.002717940944929658]], "M_G2C13_M M_G2C13H1_M": [[-0.13576144600738582, 0.03226799579352529, 0.0028861372836799922]], "M_G2C13_M M_G2C13H2_M": [[-0.13542869203896035, 0.031872167726375446, 0.0028507333450580163]], "M_G2C14_M M_G2C14H1_M": [[-0.1457671201399227, 0.030274337590300217, 0.002707819073027538]], "M_G2C14_M M_G2C14H2_M": [[-0.14420077603531303, 0.030791778916147223, 0.0027541004321859994]], "M_G2C15_M M_G2C15H1_M": [[-0.15529419237600264, 0.029411036582448202, 0.002630603083483491]], "M_G2C15_M M_G2C15H2_M": [[-0.15432407084020355, 0.02912039315766188, 0.0026046071452820686]], "M_G2C16_M M_G2C16H1_M": [[-0.14184314946018675, 0.02694782178202764, 0.002410286454006533]], "M_G2C16_M M_G2C16H2_M": [[-0.1420871471055112, 0.027067420189244153, 0.002420983660748006]], "M_G2C17_M M_G2C17H1_M": [[-0.12811649106862785, 0.02370574756300231, 0.002120306520332926]], "M_G2C17_M M_G2C17H2_M": [[-0.12759328010047596, 0.023725617485982797, 0.002122083740272608]], "M_G2C18_M M_G2C18H1_M": [[-0.09757888894907131, 0.01823393075451846, 0.0016308923465650923]], "M_G2C18_M M_G2C18H2_M": [[-0.09583893398726318, 0.018624822861583946, 0.0016658547994957544]], "M_G2C19_M M_G2C19H1_M": [[-0.029021034550317956, 0.007516824959395404, 0.0006723252633670087]], "M_G2C19_M M_G2C19H2_M": [[-0.030190843621304593, 0.007654536570976033, 0.0006846425643584221]], "M_G2C19_M M_G2C19H3_M": [[-0.02970134633880762, 0.006871302397943967, 0.0006145879702304008]], "M_G3_M M_G3H1_M": [[-0.15885382538533233, 0.12211425721150962, 0.010922231205873177]], "M_G3_M M_G3H2_M": [[-0.21715212391564753, 0.09658464859096949, 0.008638793593293483]], "M_G3C4_M M_G3C4H1_M": [[0.14817617023043717, 0.09126404211272113, 0.008162904082617918]], "M_G3C4_M M_G3C4H2_M": [[0.15462799591886958, 0.09595455603258768, 0.008582436401587143]], "M_G3C5_M M_G3C5H1_M": [[0.01754090896713527, 0.08300740307511316, 0.007424407836467124]], "M_G3C5_M M_G3C5H2_M": [[0.008399542806938819, 0.06799178739250207, 0.006081370340853912]]}