{"M_G1_M M_G1H1_M": [[-0.16234327762750939, 0.017736799427553008, 0.000554545822577774]], "M_G1_M M_G1H2_M": [[-0.0415344426648491, 0.015431060620637942, 0.0004824562762899626]], "M_G1C3_M M_G1C3H1_M": [[-0.19030017605027735, 0.014231824005376235, 0.00044496181975105606]], "M_G1C3_M M_G1C3H2_M": [[-0.22031054873053668, 0.01331917865951487, 0.0004164277166221529]], "M_G1C4_M M_G1C4H1_M": [[-0.15935625563273115, 0.013178536310353255, 0.0004120304956058324]], "M_G1C4_M M_G1C4H2_M": [[-0.14845337696340305, 0.013365660744554895, 0.0004178809915598854]], "M_G1C5_M M_G1C5H1_M": [[-0.17814262833409625, 0.012938542343459014, 0.00040452701943874403]], "M_G1C5_M M_G1C5H2_M": [[-0.17629171045148528, 0.012770599103374473, 0.0003992762286971865]], "M_G1C6_M M_G1C6H1_M": [[-0.17742250724578038, 0.013180481180965068, 0.0004120913025105753]], "M_G1C6_M M_G1C6H2_M": [[-0.17446307264789915, 0.012824007601688074, 0.0004009460598158691]], "M_G1C7_M M_G1C7H1_M": [[-0.17252857080988548, 0.012686896020148997, 0.0003966592292024828]], "M_G1C7_M M_G1C7H2_M": [[-0.17417675004331565, 0.012945211717489101, 0.00040473553921835257]], "M_G1C8_M M_G1C8H1_M": [[-0.15402679740859673, 0.01272704718327877, 0.0003979145661575067]], "M_G1C8_M M_G1C8H2_M": [[-0.1543732293747753, 0.012883632738266416, 0.0004028102558082297]], "M_G1C9_M M_G1C9H1_M": [[-0.11435144704647808, 0.013110839703023415, 0.0004099139429013386]], "M_G1C9_M M_G1C9H2_M": [[-0.11443652667766095, 0.013390996227214624, 0.00041867311226516434]], "M_G1C10_M M_G1C10H1_M": [[-0.0843968809024143, 0.013746573432394745, 0.00042979032958173407]], "M_G1C11_M M_G1C11H1_M": [[-0.07475863709754907, 0.013150203198833001, 0.0004111446532249472]], "M_G1C12_M M_G1C12H1_M": [[-0.06072951337444916, 0.01341186299078274, 0.0004193255172616059]], "M_G1C12_M M_G1C12H2_M": [[-0.061929099341541956, 0.0138143185455039, 0.0004319083988325134]], "M_G1C13_M M_G1C13H1_M": [[-0.0952708458035825, 0.01334598413932126, 0.00041726579718508324]], "M_G1C13_M M_G1C13H2_M": [[-0.09411835222581283, 0.01316395141202985, 0.00041157449482220724]], "M_G1C14_M M_G1C14H1_M": [[-0.09323800261609752, 0.013282036204885871, 0.0004152664477506789]], "M_G1C14_M M_G1C14H2_M": [[-0.09324931096658835, 0.012908115872736062, 0.00040357572761723386]], "M_G1C15_M M_G1C15H1_M": [[-0.09638133238999311, 0.013186893192181328, 0.00041229177577232817]], "M_G1C15_M M_G1C15H2_M": [[-0.09628939582523852, 0.012839711582530278, 0.0004014370490165677]], "M_G1C16_M M_G1C16H1_M": [[-0.08109800560779393, 0.013202320147576009, 0.0004127741036976203]], "M_G1C16_M M_G1C16H2_M": [[-0.08169301938513959, 0.013384161101693723, 0.00041845941022044695]], "M_G1C17_M M_G1C17H1_M": [[-0.07463687446944473, 0.013638744733525011, 0.0004264190362006228]], "M_G1C17_M M_G1C17H2_M": [[-0.0745999982967535, 0.01370114046425245, 0.00042836985556704343]], "M_G1C18_M M_G1C18H1_M": [[-0.05560748692649927, 0.013729648274671958, 0.000429261159956178]], "M_G1C18_M M_G1C18H2_M": [[-0.055255785595141924, 0.013426436079640157, 0.00041978114881908866]], "M_G1C19_M M_G1C19H1_M": [[-0.021132704094616702, 0.013566917917910041, 0.0004241733514190454]], "M_G1C19_M M_G1C19H2_M": [[-0.020153260145675436, 0.01362832619974618, 0.000426093297929294]], "M_G1C19_M M_G1C19H3_M": [[-0.020484341772802016, 0.013958226459882723, 0.00043640771862696776]], "M_G2_M M_G2H1_M": [[-0.1794470715562335, 0.015909453625484196, 0.0004974133627401712]], "M_G2C3_M M_G2C3H1_M": [[-0.06802152609986142, 0.014644329596979517, 0.0004578589184383322]], "M_G2C3_M M_G2C3H2_M": [[-0.09224579117234288, 0.013929806594478452, 0.0004355191638624775]], "M_G2C4_M M_G2C4H1_M": [[-0.18452502412370347, 0.012583120142973008, 0.0003934146483857831]], "M_G2C4_M M_G2C4H2_M": [[-0.1896492171542122, 0.012504623784253837, 0.0003909604385384494]], "M_G2C5_M M_G2C5H1_M": [[-0.1832637611224003, 0.012285830800540411, 0.00038411981683422427]], "M_G2C5_M M_G2C5H2_M": [[-0.1853744428279548, 0.012203665729738328, 0.00038155090371316136]], "M_G2C6_M M_G2C6H1_M": [[-0.19472025339509919, 0.012400988814953108, 0.0003877202632445112]], "M_G2C6_M M_G2C6H2_M": [[-0.1935138188713336, 0.012280982789962303, 0.00038396824247466274]], "M_G2C7_M M_G2C7H1_M": [[-0.17329547927625608, 0.012349226318865682, 0.0003861018948298078]], "M_G2C7_M M_G2C7H2_M": [[-0.1725063131708246, 0.013167655752109802, 0.0004116903120148826]], "M_G2C8_M M_G2C8H1_M": [[-0.16563672360203877, 0.012631558011652102, 0.00039492907142700187]], "M_G2C8_M M_G2C8H2_M": [[-0.1650093183956346, 0.0130034347207888, 0.0004065558971352168]], "M_G2C9_M M_G2C9H1_M": [[-0.09578848301773218, 0.013246974176894095, 0.00041417022397967877]], "M_G2C9_M M_G2C9H2_M": [[-0.09683645950714882, 0.013422562849383535, 0.00041966005122944373]], "M_G2C10_M M_G2C10H1_M": [[-0.06011087308527483, 0.014395814591434741, 0.00045008902969737567]], "M_G2C11_M M_G2C11H1_M": [[-0.04921855792057776, 0.013817572283076866, 0.00043201012781615683]], "M_G2C12_M M_G2C12H1_M": [[-0.0677246837333983, 0.013968866208397072, 0.00043674037323672475]], "M_G2C12_M M_G2C12H2_M": [[-0.06790618513409152, 0.013478671524311175, 0.00042141430409894183]], "M_G2C13_M M_G2C13H1_M": [[-0.10220975210585431, 0.013682405211666415, 0.0004277840928369093]], "M_G2C13_M M_G2C13H2_M": [[-0.10258712789864767, 0.01351287986009007, 0.0004224838369524315]], "M_G2C14_M M_G2C14H1_M": [[-0.1047263492618049, 0.013046766859263112, 0.0004079106881431685]], "M_G2C14_M M_G2C14H2_M": [[-0.1044765216164441, 0.01326911230160261, 0.0004148623784254094]], "M_G2C15_M M_G2C15H1_M": [[-0.10704441167681678, 0.012820505759602271, 0.00040083657377765]], "M_G2C15_M M_G2C15H2_M": [[-0.10672538433555734, 0.01294307616134301, 0.0004046687704789003]], "M_G2C16_M M_G2C16H1_M": [[-0.0938566569671418, 0.013327493625676513, 0.0004166876862840217]], "M_G2C16_M M_G2C16H2_M": [[-0.09315318587658583, 0.01282180217857125, 0.00040087710666671464]], "M_G2C17_M M_G2C17H1_M": [[-0.08404750836369557, 0.013115295243616633, 0.0004100532465808659]], "M_G2C17_M M_G2C17H2_M": [[-0.08324294152482677, 0.013148016002903242, 0.0004110762699537171]], "M_G2C18_M M_G2C18H1_M": [[-0.06367122922922089, 0.013357372005328359, 0.00041762184189022335]], "M_G2C18_M M_G2C18H2_M": [[-0.0638960987486615, 0.01343390152416655, 0.0004200145579576825]], "M_G2C19_M M_G2C19H1_M": [[-0.02147977846228161, 0.013859334970465483, 0.00043331584951220324]], "M_G2C19_M M_G2C19H2_M": [[-0.02183900995178162, 0.014132970404384172, 0.0004418711352281336]], "M_G2C19_M M_G2C19H3_M": [[-0.02157248587241413, 0.013708281740604771, 0.00042859312950015795]], "M_G3_M M_G3H1_M": [[-0.2190402439710233, 0.014076584060174122, 0.00044010820095355743]], "M_G3_M M_G3H2_M": [[-0.24187976893880664, 0.012034854701107461, 0.0003762729813284226]], "M_G3C4_M M_G3C4H1_M": [[0.03512025305668992, 0.01485492275887415, 0.00046444317049965377]], "M_G3C4_M M_G3C4H2_M": [[0.03601181935705108, 0.014906659504905393, 0.0004660607338318987]], "M_G3C5_M M_G3C5H1_M": [[-0.06886487489436441, 0.01406635161997851, 0.00043978828094834845]], "M_G3C5_M M_G3C5H2_M": [[-0.07048182146857818, 0.01383484969200607, 0.00043255031067078025]], "M_G3N6C1_M M_G3N6C1H1_M": [[0.010430378593285983, 0.014294296601670182, 0.0004469150423401653]], "M_G3N6C1_M M_G3N6C1H2_M": [[0.010729354477547349, 0.014417790732955172, 0.0004507761196949996]], "M_G3N6C1_M M_G3N6C1H3_M": [[0.009671889161192219, 0.014224389534827573, 0.0004447293790222381]], "M_G3N6C2_M M_G3N6C2H1_M": [[0.010164349366336733, 0.013860834744413032, 0.0004333627403495734]], "M_G3N6C2_M M_G3N6C2H2_M": [[0.010573727277376127, 0.013917996961852877, 0.0004351499325101447]], "M_G3N6C2_M M_G3N6C2H3_M": [[0.010233475766434363, 0.014528437939285536, 0.00045423553447279126]], "M_G3N6C3_M M_G3N6C3H1_M": [[0.010416615183160179, 0.014467981837022881, 0.0004523453581139714]], "M_G3N6C3_M M_G3N6C3H2_M": [[0.011068412310932509, 0.014292842957920628, 0.0004468695937758894]], "M_G3N6C3_M M_G3N6C3H3_M": [[0.009832596401267869, 0.01410648564005278, 0.0004410430819211139]]}