{"M_C3_M M_C3H3_M": [[-0.30182186573501746, 0.09076690002858874, 0.01746809805500452]], "M_C4_M M_C4H41_M": [[-0.2705758736109741, 0.08054360849989384, 0.015500624682972511]], "M_C4_M M_C4H42_M": [[-0.11434613574222763, 0.05568054698208364, 0.010715726262910532]], "M_C6_M M_C6H6_M": [[-0.018451530865724736, 0.02552860979318649, 0.004912983245377712]], "M_C7_M M_C7H71_M": [[-0.21445502102632646, 0.07474050583828526, 0.014383817055034264]], "M_C7_M M_C7H72_M": [[-0.27397026155952536, 0.08165663681255417, 0.015714827081615885]], "M_C8_M M_C8H8_M": [[-0.32450619488929044, 0.09754305240632309, 0.018772169188122804]], "M_C14_M M_C14H14_M": [[-0.32023051811320996, 0.09556667390954189, 0.018391814969077065]], "M_C15_M M_C15H151_M": [[-0.29780939040251997, 0.09424682755312692, 0.018137810419355357]], "M_C15_M M_C15H152_M": [[-0.23517226744925662, 0.08385308806298579, 0.016137534321848748]], "M_C16_M M_C16H161_M": [[-0.053895478814470425, 0.007187928689467328, 0.001383317521259932]], "M_C16_M M_C16H162_M": [[-0.15448292061496516, 0.0448864899207571, 0.008638409012908844]], "M_C17_M M_C17H17_M": [[-0.31203011542166276, 0.09330987804521654, 0.01795749440248564]], "M_C18_M M_C18H181_M": [[0.09227027479502452, 0.027925607627168218, 0.005374285693609812]], "M_C18_M M_C18H182_M": [[0.09097500776054028, 0.02656369124649127, 0.005112184763943947]], "M_C18_M M_C18H183_M": [[0.09130568901472332, 0.027501964045722686, 0.005292755448347134]], "M_C12_M M_C12H121_M": [[-0.05356298220395779, 0.03263364591459739, 0.006280348084477244]], "M_C12_M M_C12H122_M": [[-0.31879825272271806, 0.09572028745921447, 0.01842137791049528]], "M_C11_M M_C11H111_M": [[-0.32113552723432315, 0.09648452023708683, 0.018568454577171323]], "M_C11_M M_C11H112_M": [[-0.16418011179040165, 0.05613167029942802, 0.010802544985812696]], "M_C9_M M_C9H9_M": [[-0.3233640485695061, 0.09662021807177089, 0.01859456963763242]], "M_C19_M M_C19H191_M": [[0.09230018433012353, 0.027936170379986403, 0.0053763184963374665]], "M_C19_M M_C19H192_M": [[0.09370174477773634, 0.029284292515826163, 0.00563576472234666]], "M_C19_M M_C19H193_M": [[0.09272292369598001, 0.027966065384359487, 0.005382071792611541]], "M_C1_M M_C1H11_M": [[-0.15075319204114712, 0.0681225964453723, 0.01311019979854398]], "M_C1_M M_C1H12_M": [[-0.28915708979512694, 0.08671808786544424, 0.01668890379090795]], "M_C2_M M_C2H21_M": [[-0.1734056424333811, 0.054181641792571025, 0.010427261824692252]], "M_C2_M M_C2H22_M": [[-0.27844903700553153, 0.0837872396386125, 0.016124861786669536]], "M_C20_M M_C20H20_M": [[-0.2996038014651518, 0.0895531894155764, 0.01723451933862419]], "M_C21_M M_C21H211_M": [[0.07396014621062592, 0.028917246719200238, 0.005565126725851026]], "M_C21_M M_C21H212_M": [[0.07307974061055109, 0.027605491370055673, 0.005312679291204511]], "M_C21_M M_C21H213_M": [[0.07376179613351048, 0.029112923820788596, 0.005602784801609788]], "M_C22_M M_C22H221_M": [[-0.09463292349846242, 0.036450059459526035, 0.0070148172136450734]], "M_C22_M M_C22H222_M": [[-0.25829549880765146, 0.08664115838141834, 0.016674098704804293]], "M_C23_M M_C23H231_M": [[-0.05922350056351754, 0.022465977155598855, 0.0043235793194643275]], "M_C23_M M_C23H232_M": [[-0.23678595117209825, 0.08119924232307638, 0.015626801471073933]], "M_C24_M M_C24H241_M": [[-0.0791251147810995, 0.02713028779477501, 0.00522122632050179]], "M_C24_M M_C24H242_M": [[-0.19457690223446872, 0.06568340930997234, 0.0126407780154683]], "M_C25_M M_C25H25_M": [[-0.10003808902920176, 0.029608108702933112, 0.005698083176611378]], "M_C26_M M_C26H261_M": [[0.00771653913976932, 0.00422158515723251, 0.0008124444423117061]], "M_C26_M M_C26H262_M": [[0.007358831692017527, 0.004249866402818913, 0.000817887170562482]], "M_C26_M M_C26H263_M": [[0.005592273052465689, 0.004004929813067748, 0.0007707491018867405]], "M_C27_M M_C27H271_M": [[-0.004111413954300369, 0.0033552609900454056, 0.0006457202786013884]], "M_C27_M M_C27H272_M": [[-0.004922980512640123, 0.003663087135318977, 0.0007049614478804888]], "M_C27_M M_C27H273_M": [[-0.004681513126056248, 0.0038590843528740603, 0.0007426811299857704]]}