{"10.1039/c2cp42738a": {"M_G1_M M_G1H1_M": [0.09549, 0.15547, 0.01832, -0.14991575, 0.02, 0.00387711905521786], "M_G1_M M_G1H2_M": [0.18283, 0.10557, 0.01244, 0.0, 0.02, 0.004773106375972412], "M_G1C3_M M_G1C3H1_M": [-0.09712, 0.08655, 0.0102, -0.20987741, 0.02, 0.010454249912774733], "M_G1C3_M M_G1C3H2_M": [-0.05432, 0.08922, 0.01051, -0.20987741, 0.02, 0.005596474359655688], "M_G1C4_M M_G1C4H1_M": [-0.17965, 0.05772, 0.0068, -0.18840908, 0.02, 0.7529210426542357], "M_G1C4_M M_G1C4H2_M": [-0.1622, 0.06101, 0.00719, -0.18840908, 0.02, 0.22412722597479298], "M_G1C5_M M_G1C5H1_M": [-0.20523, 0.0568, 0.00669, -0.18619612, 0.02, 0.49162228703316346], "M_G1C5_M M_G1C5H2_M": [-0.20042, 0.05675, 0.00669, -0.18619612, 0.02, 0.6652590713754619], "M_G1C6_M M_G1C6H1_M": [-0.21048, 0.05671, 0.00668, -0.20173615, 0.02, 0.7568315680117448], "M_G1C6_M M_G1C6H2_M": [-0.20366, 0.05978, 0.00705, -0.20173615, 0.02, 0.7825959890884117], "M_G1C7_M M_G1C7H1_M": [-0.21204, 0.05417, 0.00638, -0.19581075, 0.02, 0.6144265979585688], "M_G1C7_M M_G1C7H2_M": [-0.20704, 0.05645, 0.00665, -0.19581075, 0.02, 0.7267190516411616], "M_G1C8_M M_G1C8H1_M": [-0.21068, 0.04989, 0.00588, -0.19507116, 0.02, 0.652087371476055], "M_G1C8_M M_G1C8H2_M": [-0.20785, 0.05334, 0.00629, -0.19507116, 0.02, 0.7115550308028042], "M_G1C9_M M_G1C9H1_M": [-0.20495, 0.04569, 0.00539, -0.18174699, 0.02, 0.28982008305794293], "M_G1C9_M M_G1C9H2_M": [-0.2044, 0.05133, 0.00605, -0.18174699, 0.02, 0.3236042459740498], "M_G1C10_M M_G1C10H1_M": [-0.19514, 0.04517, 0.00532, -0.17434532, 0.02, 0.41152356815510405], "M_G1C10_M M_G1C10H2_M": [-0.19471, 0.04845, 0.00571, -0.17434532, 0.02, 0.43496669196504956], "M_G1C11_M M_G1C11H1_M": [-0.18536, 0.04304, 0.00507, -0.14991285, 0.02, 0.07192305628512008], "M_G1C11_M M_G1C11H2_M": [-0.18134, 0.04688, 0.00553, -0.14991285, 0.02, 0.10936943563855683], "M_G1C12_M M_G1C12H1_M": [-0.16937, 0.04204, 0.00495, -0.13658578, 0.02, 0.08782662009860742], "M_G1C12_M M_G1C12H2_M": [-0.16817, 0.04212, 0.00496, -0.13658578, 0.02, 0.09825994749815015], "M_G1C13_M M_G1C13H1_M": [-0.1538, 0.03664, 0.00432, -0.11585704, 0.02, 0.05151777304661154], "M_G1C13_M M_G1C13H2_M": [-0.15303, 0.03783, 0.00446, -0.11585704, 0.02, 0.05610076018056487], "M_G1C14_M M_G1C14H1_M": [-0.1362, 0.03258, 0.00384, -0.10623371, 0.02, 0.09264983281119221], "M_G1C14_M M_G1C14H2_M": [-0.13504, 0.03268, 0.00385, -0.10623371, 0.02, 0.10613338439785425], "M_G1C15_M M_G1C15H1_M": [-0.11468, 0.02719, 0.0032, -0.08994829, 0.02, 0.1665455300925709], "M_G1C15_M M_G1C15H2_M": [-0.11548, 0.02684, 0.00316, -0.08994829, 0.02, 0.1431509167318168], "M_G1C16_M M_G1C16H1_M": [-0.0849, 0.02138, 0.00252, -0.06699789, 0.02, 0.6998523180341771], "M_G1C16_M M_G1C16H2_M": [-0.08703, 0.02124, 0.0025, -0.06699789, 0.02, 0.4760592236639767], "M_G2_M M_G2H1_M": [-0.25318, 0.07913, 0.00933, -0.20691616, 0.02, 0.06412518758079322], "M_G2C3_M M_G2C3H1_M": [-0.20879, 0.07059, 0.00832, -0.0795825, 0.02, 0.006472758496957831], "M_G2C3_M M_G2C3H2_M": [-0.16432, 0.08319, 0.0098, -0.122519, 0.02, 0.08441297814934468], "M_G2C4_M M_G2C4H1_M": [-0.21667, 0.05903, 0.00696, -0.180265, 0.02, 0.08864030654318433], "M_G2C4_M M_G2C4H2_M": [-0.17707, 0.0687, 0.0081, -0.180265, 0.02, 0.7500893644720935], "M_G2C5_M M_G2C5H1_M": [-0.22478, 0.06034, 0.00711, -0.186187, 0.02, 0.07782328678376127], "M_G2C5_M M_G2C5H2_M": [-0.20998, 0.06846, 0.00807, -0.186187, 0.02, 0.3021377164702088], "M_G2C6_M M_G2C6H1_M": [-0.20894, 0.0573, 0.00675, -0.193592, 0.02, 0.632017084963884], "M_G2C6_M M_G2C6H2_M": [-0.20658, 0.05482, 0.00646, -0.193592, 0.02, 0.7014798285929401], "M_G2C7_M M_G2C7H1_M": [-0.20031, 0.05514, 0.0065, -0.166198, 0.02, 0.09934010870129906], "M_G2C7_M M_G2C7H2_M": [-0.19466, 0.05647, 0.00665, -0.166198, 0.02, 0.16860681399719157], "M_G2C8_M M_G2C8H1_M": [-0.18459, 0.056, 0.0066, -0.154356, 0.02, 0.14074110122256822], "M_G2C8_M M_G2C8H2_M": [-0.18188, 0.05414, 0.00638, -0.154356, 0.02, 0.1813903293349487], "M_G2C9_M M_G2C9H1_M": [-0.12804, 0.04959, 0.00584, -0.1203, 0.02, 0.7924485614089238], "M_G2C9_M M_G2C9H2_M": [-0.11887, 0.05157, 0.00608, -0.1203, 0.02, 0.8112869009253738], "M_G2C10_M M_G2C10H1_M": [-0.09551, 0.0566, 0.00667, -0.108455, 0.02, 0.695341459179575], "M_G2C11_M M_G2C11H1_M": [-0.01963, 0.06646, 0.00783, -0.0225792, 0.02, 0.7583089566508089], "M_G2C12_M M_G2C12H1_M": [-0.04952, 0.04457, 0.00525, -0.0581141, 0.02, 0.8048892740241224], "M_G2C12_M M_G2C12H2_M": [-0.04943, 0.04772, 0.00562, -0.0581141, 0.02, 0.7916860509691862], "M_G2C13_M M_G2C13H1_M": [-0.1021, 0.04633, 0.00546, -0.0995716, 0.02, 0.8279002379593068], "M_G2C13_M M_G2C13H2_M": [-0.09906, 0.04788, 0.00564, -0.0995716, 0.02, 0.8249163477558467], "M_G2C14_M M_G2C14H1_M": [-0.09999, 0.04074, 0.0048, -0.106234, 0.02, 0.8355520533125353], "M_G2C14_M M_G2C14H2_M": [-0.09626, 0.04089, 0.00482, -0.106234, 0.02, 0.8066043125574888], "M_G2C15_M M_G2C15H1_M": [-0.10428, 0.03928, 0.00463, -0.0943887, 0.02, 0.8143687626304301], "M_G2C15_M M_G2C15H2_M": [-0.10207, 0.03662, 0.00432, -0.0943887, 0.02, 0.8433598987140262], "M_G2C16_M M_G2C16H1_M": [-0.08863, 0.03503, 0.00413, -0.0943887, 0.02, 0.8595489477830406], "M_G2C16_M M_G2C16H2_M": [-0.0882, 0.03232, 0.00381, -0.0943887, 0.02, 0.8683356960418953], "M_G2C17_M M_G2C17H1_M": [-0.08102, 0.03045, 0.00359, -0.0899483, 0.02, 0.8608915202256715], "M_G2C17_M M_G2C17H2_M": [-0.08083, 0.02709, 0.00319, -0.0899483, 0.02, 0.8744964408788478], "M_G2C18_M M_G2C18H1_M": [-0.05825, 0.02205, 0.0026, -0.0669979, 0.02, 0.899007125986767], "M_G2C18_M M_G2C18H2_M": [-0.05794, 0.0204, 0.0024, -0.0669979, 0.02, 0.9050405682241575], "M_G3_M M_G3H1_M": [-0.26895, 0.0679, 0.008, -0.23134863, 0.02, 0.09186276528925941], "M_G3_M M_G3H2_M": [-0.26968, 0.06712, 0.00791, -0.23134863, 0.02, 0.08676539001145733], "M_G3C4_M M_G3C4H1_M": [0.07757, 0.0705, 0.00831, 0.05589248, 0.02, 0.37394998512183864], "M_G3C4_M M_G3C4H2_M": [0.10729, 0.07726, 0.00911, 0.05589248, 0.02, 0.04949284247267568], "M_G3C5_M M_G3C5H1_M": [0.04025, 0.05759, 0.00679, -0.04478707, 0.02, 0.012564046116730003], "M_G3C5_M M_G3C5H2_M": [0.03519, 0.05506, 0.00649, -0.04478707, 0.02, 0.013676087273583874]}}