{
    "10.1021/acs.jpcb.4c04719": {
        "M_G1_M M_G1H1_M": [0.09549, 0.15547, 0.01832, -0.135, 0.02, 0.00439572],
        "M_G1_M M_G1H2_M": [0.18283, 0.10557, 0.01244, 0, 0.02, 0.00477311],
        "M_G1C3_M M_G1C3H1_M": [-0.09712, 0.08655, 0.0102, -0.197, 0.02, 0.0134084],
        "M_G1C3_M M_G1C3H2_M": [-0.05432, 0.08922, 0.01051, -0.197, 0.02, 0.00666721],
        "M_G1C4_M M_G1C4H1_M": [-0.17965, 0.05772, 0.0068, -0.172, 0.02, 0.763033],
        "M_G1C4_M M_G1C4H2_M": [-0.1622, 0.06101, 0.00719, -0.172, 0.02, 0.729195],
        "M_G1C5_M M_G1C5H1_M": [-0.20523, 0.0568, 0.00669, -0.163, 0.02, 0.0589606],
        "M_G1C5_M M_G1C5H2_M": [-0.20042, 0.05675, 0.00669, -0.163, 0.02, 0.079796],
        "M_G1C6_M M_G1C6H1_M": [-0.21048, 0.05671, 0.00668, -0.183, 0.02, 0.187544],
        "M_G1C6_M M_G1C6H2_M": [-0.20366, 0.05978, 0.00705, -0.183, 0.02, 0.415639],
        "M_G1C7_M M_G1C7H1_M": [-0.21204, 0.05417, 0.00638, -0.189, 0.02, 0.311616],
        "M_G1C7_M M_G1C7H2_M": [-0.20704, 0.05645, 0.00665, -0.189, 0.02, 0.536145],
        "M_G1C8_M M_G1C8H1_M": [-0.21068, 0.04989, 0.00588, -0.18, 0.02, 0.123431],
        "M_G1C8_M M_G1C8H2_M": [-0.20785, 0.05334, 0.00629, -0.18, 0.02, 0.17342],
        "M_G1C9_M M_G1C9H1_M": [-0.20495, 0.04569, 0.00539, -0.166, 0.02, 0.0591848],
        "M_G1C9_M M_G1C9H2_M": [-0.2044, 0.05133, 0.00605, -0.166, 0.02, 0.0682588],
        "M_G1C10_M M_G1C10H1_M": [-0.19514, 0.04517, 0.00532, -0.158, 0.02, 0.0662466],
        "M_G1C10_M M_G1C10H2_M": [-0.19471, 0.04845, 0.00571, -0.158, 0.02, 0.0728683],
        "M_G1C11_M M_G1C11H1_M": [-0.18536, 0.04304, 0.00507, -0.135, 0.02, 0.0297733],
        "M_G1C11_M M_G1C11H2_M": [-0.18134, 0.04688, 0.00553, -0.135, 0.02, 0.0393988],
        "M_G1C12_M M_G1C12H1_M": [-0.16937, 0.04204, 0.00495, -0.132, 0.02, 0.0609711],
        "M_G1C12_M M_G1C12H2_M": [-0.16817, 0.04212, 0.00496, -0.132, 0.02, 0.0667033],
        "M_G1C13_M M_G1C13H1_M": [-0.1538, 0.03664, 0.00432, -0.107, 0.02, 0.0303154],
        "M_G1C13_M M_G1C13H2_M": [-0.15303, 0.03783, 0.00446, -0.107, 0.02, 0.0325473],
        "M_G1C14_M M_G1C14H1_M": [-0.1362, 0.03258, 0.00384, -0.089, 0.02, 0.0264735],
        "M_G1C14_M M_G1C14H2_M": [-0.13504, 0.03268, 0.00385, -0.089, 0.02, 0.0281876],
        "M_G1C15_M M_G1C15H1_M": [-0.11468, 0.02719, 0.0032, -0.084, 0.02, 0.0725923],
        "M_G1C15_M M_G1C15H2_M": [-0.11548, 0.02684, 0.00316, -0.084, 0.02, 0.0659866],
        "M_G1C16_M M_G1C16H1_M": [-0.0849, 0.02138, 0.00252, -0.058, 0.02, 0.0943747],
        "M_G1C16_M M_G1C16H2_M": [-0.08703, 0.02124, 0.0025, -0.058, 0.02, 0.069756],
        "M_G2_M M_G2H1_M": [-0.25318, 0.07913, 0.00933, -0.197, 0.02, 0.0415434],
        "M_G2C3_M M_G2C3H1_M": [-0.20879, 0.07059, 0.00832, -0.072, 0.02, 0.00576266],
        "M_G2C3_M M_G2C3H2_M": [-0.16432, 0.08319, 0.0098, -0.118, 0.02, 0.0667592],
        "M_G2C4_M M_G2C4H1_M": [-0.21667, 0.05903, 0.00696, -0.172, 0.02, 0.0534018],
        "M_G2C4_M M_G2C4H2_M": [-0.17707, 0.0687, 0.0081, -0.172, 0.02, 0.742296],
        "M_G2C5_M M_G2C5H1_M": [-0.22478, 0.06034, 0.00711, -0.169, 0.02, 0.0326614],
        "M_G2C5_M M_G2C5H2_M": [-0.20998, 0.06846, 0.00807, -0.169, 0.02, 0.0750039],
        "M_G2C6_M M_G2C6H1_M": [-0.20894, 0.0573, 0.00675, -0.172, 0.02, 0.0831385],
        "M_G2C6_M M_G2C6H2_M": [-0.20658, 0.05482, 0.00646, -0.172, 0.02, 0.09526],
        "M_G2C7_M M_G2C7H1_M": [-0.20031, 0.05514, 0.0065, -0.155, 0.02, 0.0484417],
        "M_G2C7_M M_G2C7H2_M": [-0.19466, 0.05647, 0.00665, -0.155, 0.02, 0.0684883],
        "M_G2C8_M M_G2C8H1_M": [-0.18459, 0.056, 0.0066, -0.141, 0.02, 0.0539168],
        "M_G2C8_M M_G2C8H2_M": [-0.18188, 0.05414, 0.00638, -0.141, 0.02, 0.0611571],
        "M_G2C9_M M_G2C9H1_M": [-0.12804, 0.04959, 0.00584, -0.109, 0.02, 0.504596],
        "M_G2C9_M M_G2C9H2_M": [-0.11887, 0.05157, 0.00608, -0.109, 0.02, 0.764015],
        "M_G2C10_M M_G2C10H1_M": [-0.09551, 0.0566, 0.00667, -0.101, 0.02, 0.781382],
        "M_G2C11_M M_G2C11H1_M": [-0.01963, 0.06646, 0.00783, -0.018, 0.02, 0.761191],
        "M_G2C12_M M_G2C12H1_M": [-0.04952, 0.04457, 0.00525, -0.05, 0.02, 0.83649],
        "M_G2C12_M M_G2C12H2_M": [-0.04943, 0.04772, 0.00562, -0.05, 0.02, 0.825482],
        "M_G2C13_M M_G2C13H1_M": [-0.1021, 0.04633, 0.00546, -0.089, 0.02, 0.73488],
        "M_G2C13_M M_G2C13H2_M": [-0.09906, 0.04788, 0.00564, -0.089, 0.02, 0.776682],
        "M_G2C14_M M_G2C14H1_M": [-0.09999, 0.04074, 0.0048, -0.089, 0.02, 0.795275],
        "M_G2C14_M M_G2C14H2_M": [-0.09626, 0.04089, 0.00482, -0.089, 0.02, 0.829163],
        "M_G2C15_M M_G2C15H1_M": [-0.10428, 0.03928, 0.00463, -0.084, 0.02, 0.444345],
        "M_G2C15_M M_G2C15H2_M": [-0.10207, 0.03662, 0.00432, -0.084, 0.02, 0.597773],
        "M_G2C16_M M_G2C16H1_M": [-0.08863, 0.03503, 0.00413, -0.084, 0.02, 0.863559],
        "M_G2C16_M M_G2C16H2_M": [-0.0882, 0.03232, 0.00381, -0.084, 0.02, 0.874975],
        "M_G2C17_M M_G2C17H1_M": [-0.08102, 0.03045, 0.00359, -0.084, 0.02, 0.884501],
        "M_G2C17_M M_G2C17H2_M": [-0.08083, 0.02709, 0.00319, -0.084, 0.02, 0.896824],
        "M_G2C18_M M_G2C18H1_M": [-0.05825, 0.02205, 0.0026, -0.058, 0.02, 0.917688],
        "M_G2C18_M M_G2C18H2_M": [-0.05794, 0.0204, 0.0024, -0.058, 0.02, 0.923969],
        "M_G3_M M_G3H1_M": [-0.26895, 0.0679, 0.008, -0.206, 0.02, 0.0280133],
        "M_G3_M M_G3H2_M": [-0.26968, 0.06712, 0.00791, -0.206, 0.02, 0.027025],
        "M_G3C4_M M_G3C4H1_M": [0.07757, 0.0705, 0.00831, 0.047, 0.02, 0.160234],
        "M_G3C4_M M_G3C4H2_M": [0.10729, 0.07726, 0.00911, 0.047, 0.02, 0.0348202],
        "M_G3C5_M M_G3C5H1_M": [0.04025, 0.05759, 0.00679, -0.038, 0.02, 0.0149743],
        "M_G3C5_M M_G3C5H2_M": [0.03519, 0.05506, 0.00649, -0.038, 0.02, 0.0165155]
    },
    "10.1039/c2cp42738a": {
        "M_G1_M M_G1H1_M": [0.09549, 0.15547, 0.01832, -0.149916, 0.02, 0.00387712],
        "M_G1_M M_G1H2_M": [0.18283, 0.10557, 0.01244, 0, 0.02, 0.00477311],
        "M_G1C3_M M_G1C3H1_M": [-0.09712, 0.08655, 0.0102, -0.209877, 0.02, 0.0104542],
        "M_G1C3_M M_G1C3H2_M": [-0.05432, 0.08922, 0.01051, -0.209877, 0.02, 0.00559647],
        "M_G1C4_M M_G1C4H1_M": [-0.17965, 0.05772, 0.0068, -0.188409, 0.02, 0.752921],
        "M_G1C4_M M_G1C4H2_M": [-0.1622, 0.06101, 0.00719, -0.188409, 0.02, 0.224127],
        "M_G1C5_M M_G1C5H1_M": [-0.20523, 0.0568, 0.00669, -0.186196, 0.02, 0.491622],
        "M_G1C5_M M_G1C5H2_M": [-0.20042, 0.05675, 0.00669, -0.186196, 0.02, 0.665259],
        "M_G1C6_M M_G1C6H1_M": [-0.21048, 0.05671, 0.00668, -0.201736, 0.02, 0.756832],
        "M_G1C6_M M_G1C6H2_M": [-0.20366, 0.05978, 0.00705, -0.201736, 0.02, 0.782596],
        "M_G1C7_M M_G1C7H1_M": [-0.21204, 0.05417, 0.00638, -0.195811, 0.02, 0.614427],
        "M_G1C7_M M_G1C7H2_M": [-0.20704, 0.05645, 0.00665, -0.195811, 0.02, 0.726719],
        "M_G1C8_M M_G1C8H1_M": [-0.21068, 0.04989, 0.00588, -0.195071, 0.02, 0.652087],
        "M_G1C8_M M_G1C8H2_M": [-0.20785, 0.05334, 0.00629, -0.195071, 0.02, 0.711555],
        "M_G1C9_M M_G1C9H1_M": [-0.20495, 0.04569, 0.00539, -0.181747, 0.02, 0.28982],
        "M_G1C9_M M_G1C9H2_M": [-0.2044, 0.05133, 0.00605, -0.181747, 0.02, 0.323604],
        "M_G1C10_M M_G1C10H1_M": [-0.19514, 0.04517, 0.00532, -0.174345, 0.02, 0.411524],
        "M_G1C10_M M_G1C10H2_M": [-0.19471, 0.04845, 0.00571, -0.174345, 0.02, 0.434967],
        "M_G1C11_M M_G1C11H1_M": [-0.18536, 0.04304, 0.00507, -0.149913, 0.02, 0.0719231],
        "M_G1C11_M M_G1C11H2_M": [-0.18134, 0.04688, 0.00553, -0.149913, 0.02, 0.109369],
        "M_G1C12_M M_G1C12H1_M": [-0.16937, 0.04204, 0.00495, -0.136586, 0.02, 0.0878266],
        "M_G1C12_M M_G1C12H2_M": [-0.16817, 0.04212, 0.00496, -0.136586, 0.02, 0.0982599],
        "M_G1C13_M M_G1C13H1_M": [-0.1538, 0.03664, 0.00432, -0.115857, 0.02, 0.0515178],
        "M_G1C13_M M_G1C13H2_M": [-0.15303, 0.03783, 0.00446, -0.115857, 0.02, 0.0561008],
        "M_G1C14_M M_G1C14H1_M": [-0.1362, 0.03258, 0.00384, -0.106234, 0.02, 0.0926498],