{"headgroup": 0.057410070966260156, "tails": 0.4068612202695957, "total": 0.29037750383515054}