{
    "10.1039/c2cp42738a": {
        "M_G1_M M_G1H1_M": [-0.160494, 0.175006, 0.0103303, -0.149916, 0.02, 0.631661],
        "M_G1_M M_G1H2_M": [0.016362, 0.187264, 0.0110538, 0, 0.02, 0.507268],
        "M_G1C3_M M_G1C3H1_M": [-0.20631, 0.079894, 0.004716, -0.209877, 0.02, 0.848174],
        "M_G1C3_M M_G1C3H2_M": [-0.17364, 0.0873755, 0.00515761, -0.209877, 0.02, 0.0687855],
        "M_G1C4_M M_G1C4H1_M": [-0.142378, 0.0673636, 0.00397635, -0.188409, 0.02, 0.0291045],
        "M_G1C4_M M_G1C4H2_M": [-0.148043, 0.078885, 0.00465643, -0.188409, 0.02, 0.0470425],
        "M_G1C5_M M_G1C5H1_M": [-0.155413, 0.0718941, 0.00424378, -0.186196, 0.02, 0.0928049],
        "M_G1C5_M M_G1C5H2_M": [-0.158253, 0.0733719, 0.00433101, -0.186196, 0.02, 0.130224],
        "M_G1C6_M M_G1C6H1_M": [-0.17838, 0.0712071, 0.00420322, -0.201736, 0.02, 0.254763],
        "M_G1C6_M M_G1C6H2_M": [-0.178469, 0.0701735, 0.00414221, -0.201736, 0.02, 0.257026],
        "M_G1C7_M M_G1C7H1_M": [-0.190575, 0.0701979, 0.00414365, -0.195811, 0.02, 0.861103],
        "M_G1C7_M M_G1C7H2_M": [-0.189639, 0.0704707, 0.00415976, -0.195811, 0.02, 0.856816],
        "M_G1C8_M M_G1C8H1_M": [-0.192942, 0.067288, 0.00397188, -0.195071, 0.02, 0.873855],
        "M_G1C8_M M_G1C8H2_M": [-0.190566, 0.0685078, 0.00404389, -0.195071, 0.02, 0.86668],
        "M_G1C9_M M_G1C9H1_M": [-0.190048, 0.0645952, 0.00381293, -0.181747, 0.02, 0.857084],
        "M_G1C9_M M_G1C9H2_M": [-0.189379, 0.0665371, 0.00392756, -0.181747, 0.02, 0.857179],
        "M_G1C10_M M_G1C10H1_M": [-0.182333, 0.0621687, 0.0036697, -0.174345, 0.02, 0.864123],
        "M_G1C10_M M_G1C10H2_M": [-0.181873, 0.0610603, 0.00360428, -0.174345, 0.02, 0.869014],
        "M_G1C11_M M_G1C11H1_M": [-0.173247, 0.0564714, 0.0033334, -0.149913, 0.02, 0.225512],
        "M_G1C11_M M_G1C11H2_M": [-0.173233, 0.0588528, 0.00347397, -0.149913, 0.02, 0.231739],
        "M_G1C12_M M_G1C12H1_M": [-0.159873, 0.0551676, 0.00325644, -0.136586, 0.02, 0.224583],
        "M_G1C12_M M_G1C12H2_M": [-0.161962, 0.0524966, 0.00309877, -0.136586, 0.02, 0.14473],
        "M_G1C13_M M_G1C13H1_M": [-0.148113, 0.0487029, 0.00287484, -0.115857, 0.02, 0.0558457],
        "M_G1C13_M M_G1C13H2_M": [-0.147018, 0.0504952, 0.00298064, -0.115857, 0.02, 0.0645433],
        "M_G1C14_M M_G1C14H1_M": [-0.131197, 0.0436843, 0.0025786, -0.106234, 0.02, 0.134277],
        "M_G1C14_M M_G1C14H2_M": [-0.131642, 0.0443937, 0.00262047, -0.106234, 0.02, 0.125273],
        "M_G1C15_M M_G1C15H1_M": [-0.112961, 0.0377621, 0.00222903, -0.0899483, 0.02, 0.186294],
        "M_G1C15_M M_G1C15H2_M": [-0.111867, 0.0367584, 0.00216978, -0.0899483, 0.02, 0.253091],
        "M_G1C16_M M_G1C16H1_M": [-0.083189, 0.028386, 0.00167557, -0.0669979, 0.02, 0.853355],
        "M_G1C16_M M_G1C16H2_M": [-0.0846619, 0.0276855, 0.00163422, -0.0669979, 0.02, 0.791886],
        "M_G1C17_M M_G1C17H1_M": [-0.0213226, 0.011552, 0.000681894, -0.0181358, 0.02, 0.977739],
        "M_G1C17_M M_G1C17H2_M": [-0.0207492, 0.0116824, 0.000689588, -0.0181358, 0.02, 0.977678],
        "M_G1C17_M M_G1C17H3_M": [-0.0202703, 0.011412, 0.00067363, -0.0181358, 0.02, 0.978319],
        "M_G2_M M_G2H1_M": [-0.201717, 0.141444, 0.00834919, -0.206916, 0.02, 0.734675],
        "M_G2C3_M M_G2C3H1_M": [-0.170208, 0.0958627, 0.00565859, -0.0795825, 0.02, 0.00918134],
        "M_G2C3_M M_G2C3H2_M": [-0.139777, 0.121241, 0.00715662, -0.122519, 0.02, 0.556077],
        "M_G2C4_M M_G2C4H1_M": [-0.181331, 0.0841609, 0.00496786, -0.180265, 0.02, 0.844606],
        "M_G2C4_M M_G2C4H2_M": [-0.189359, 0.0849512, 0.00501451, -0.180265, 0.02, 0.808487],
        "M_G2C5_M M_G2C5H1_M": [-0.164946, 0.0764417, 0.00451221, -0.186187, 0.02, 0.379874],
        "M_G2C5_M M_G2C5H2_M": [-0.153334, 0.0823915, 0.00486342, -0.186187, 0.02, 0.0859393],
        "M_G2C6_M M_G2C6H1_M": [-0.170093, 0.0757174, 0.00446946, -0.193592, 0.02, 0.255993],
        "M_G2C6_M M_G2C6H2_M": [-0.177492, 0.0731833, 0.00431988, -0.193592, 0.02, 0.695848],
        "M_G2C7_M M_G2C7H1_M": [-0.162775, 0.0716, 0.00422641, -0.166198, 0.02, 0.863714],
        "M_G2C7_M M_G2C7H2_M": [-0.160811, 0.0709638, 0.00418886, -0.166198, 0.02, 0.859084],
        "M_G2C8_M M_G2C8H1_M": [-0.152829, 0.068688, 0.00405452, -0.154356, 0.02, 0.871968],
        "M_G2C8_M M_G2C8H2_M": [-0.152981, 0.0675981, 0.00399019, -0.154356, 0.02, 0.874077],
        "M_G2C9_M M_G2C9H1_M": [-0.0965535, 0.0593332, 0.00350233, -0.1203, 0.02, 0.213854],
        "M_G2C9_M M_G2C9H2_M": [-0.0981455, 0.0615138, 0.00363105, -0.1203, 0.02, 0.302186],
        "M_G2C10_M M_G2C10H1_M": [-0.0706909, 0.0694285, 0.00409823, -0.108455, 0.02, 0.0496267],
        "M_G2C11_M M_G2C11H1_M": [-0.0386036, 0.0620177, 0.00366079, -0.0225792, 0.02, 0.730877],
        "M_G2C12_M M_G2C12H1_M": [-0.0566113, 0.0570832, 0.00336952, -0.0581141, 0.02, 0.893167],
        "M_G2C12_M M_G2C12H2_M": [-0.0525132, 0.0572925, 0.00338187, -0.0581141, 0.02, 0.884764],
        "M_G2C13_M M_G2C13H1_M": [-0.0971232, 0.0578577, 0.00341523, -0.0995716, 0.02, 0.890769],
        "M_G2C13_M M_G2C13H2_M": [-0.0952122, 0.0568607, 0.00335638, -0.0995716, 0.02, 0.889129],
        "M_G2C14_M M_G2C14H1_M": [-0.103047, 0.054183, 0.00319832, -0.106234, 0.02, 0.896532],
        "M_G2C14_M M_G2C14H2_M": [-0.10232, 0.0550871, 0.00325169, -0.106234, 0.02, 0.893494],
        "M_G2C15_M M_G2C15H1_M": [-0.10848, 0.0542842, 0.0032043, -0.0943887, 0.02, 0.811987],
        "M_G2C15_M M_G2C15H2_M": [-0.108749, 0.0541834, 0.00319835, -0.0943887, 0.02, 0.806255],
        "M_G2C16_M M_G2C16H1_M": [-0.100174, 0.0475519, 0.0028069, -0.0943887, 0.02, 0.903428],
        "M_G2C16_M M_G2C16H2_M": [-0.100508, 0.0474329, 0.00279987, -0.0943887, 0.02, 0.902652],
        "M_G2C17_M M_G2C17H1_M": [-0.0924567, 0.041346, 0.00244058, -0.0899483, 0.02, 0.921492],
        "M_G2C17_M M_G2C17H2_M": [-0.0932216, 0.042071, 0.00248338, -0.0899483, 0.02, 0.919247],
        "M_G2C18_M M_G2C18H1_M": [-0.0698343, 0.0310275, 0.0018315, -0.0669979, 0.02, 0.940688],
        "M_G2C18_M M_G2C18H2_M": [-0.0716034, 0.030701, 0.00181222, -0.0669979, 0.02, 0.939299],
        "M_G2C19_M M_G2C19H1_M": [-0.0220913, 0.0123266, 0.000727618, -0.0181358, 0.02, 0.975909],
        "M_G2C19_M M_G2C19H2_M": [-0.0215839, 0.0131095, 0.000773828, -0.0181358, 0.02, 0.974628],
        "M_G2C19_M M_G2C19H3_M": [-0.0202901, 0.0129196, 0.000762617, -0.0181358, 0.02, 0.975453],
        "M_G3_M M_G3H1_M": [-0.137855, 0.161705, 0.00954517, -0.231349, 0.02, 0.0144033],
        "M_G3_M M_G3H2_M": [-0.242385, 0.121211, 0.00715487, -0.231349, 0.02, 0.713454],
        "M_G3C4_M M_G3C4H1_M": [0.0586093, 0.13241, 0.00781592, 0.0558925, 0.02, 0.759333],
        "M_G3C4_M M_G3C4H2_M": [0.0360092, 0.117198, 0.006918, 0.0558925, 0.02, 0.450703],
        "M_G3C5_M M_G3C5H1_M": [0.00625616, 0.120961, 0.00714008, -0.0447871, 0.02, 0.040077],
        "M_G3C5_M M_G3C5H2_M": [0.0404137, 0.13737, 0.00810869, -0.0447871, 0.02, 0.014898],
        "M_G3N6C1_M M_G3N6C1H1_M": [-0.0136921, 0.0346186, 0.00204347, 0.00111083, 0.02, 0.862083],
        "M_G3N6C1_M M_G3N6C1H2_M": [-0.0106934, 0.0369256, 0.00217965, 0.00111083, 0.02, 0.895481],
        "M_G3N6C1_M M_G3N6C1H3_M": [-0.0114966, 0.0340934, 0.00201247, 0.00111083, 0.02, 0.895777],
        "M_G3N6C2_M M_G3N6C2H1_M": [-0.0133654, 0.0393499, 0.00232275, 0.00111083, 0.02, 0.851883],
        "M_G3N6C2_M M_G3N6C2H2_M": [-0.0114327, 0.0337827, 0.00199413, 0.00111083, 0.02, 0.897339],
        "M_G3N6C2_M M_G3N6C2H3_M": [-0.0127998, 0.0365653, 0.00215838, 0.00111083, 0.02, 0.87134],
        "M_G3N6C3_M M_G3N6C3H1_M": [-0.0167538, 0.0373558, 0.00220505, 0.00111083, 0.02, 0.726375],
        "M_G3N6C3_M M_G3N6C3H2_M": [-0.0122196, 0.0345408, 0.00203888, 0.00111083, 0.02, 0.886118],
        "M_G3N6C3_M M_G3N6C3H3_M": [-0.0154734, 0.037031, 0.00218587, 0.00111083, 0.02, 0.7998]
    },
    "unpublished/nesterenkoPOPC": {
        "M_G1_M M_G1H1_M": [-0.160494, 0.175006, 0.0103303, -0.135, 0.02, 0.273331],