{"headgroup": 0.6418149808803848, "tails": 0.6043393221817119, "total": 0.6168312084146029}