{"headgroup": 0.628234832954155, "tails": 0.5966182573507629, "total": 0.607157115885227}