{"M_G1_M M_G1H1_M": [[-0.08733221882837586, 0.05784266846591454, 0.001808466645605484]], "M_G1_M M_G1H2_M": [[0.09259433783852133, 0.04173922153148597, 0.0013049880296880103]], "M_G1C3_M M_G1C3H1_M": [[-0.14930474570013408, 0.039385613728725316, 0.0012314018463217005]], "M_G1C3_M M_G1C3H2_M": [[-0.11501414931032691, 0.03268154858796723, 0.0010217974397723744]], "M_G1C4_M M_G1C4H1_M": [[-0.17226883775279456, 0.02797881184655815, 0.0008747651059354006]], "M_G1C4_M M_G1C4H2_M": [[-0.13287352258632606, 0.027702117017404503, 0.000866114167401492]], "M_G1C5_M M_G1C5H1_M": [[-0.24861744557762322, 0.024252441915436705, 0.0007582591440157583]], "M_G1C5_M M_G1C5H2_M": [[-0.24038783356860866, 0.024439223957034243, 0.0007640989349726069]], "M_G1C6_M M_G1C6H1_M": [[-0.25314187472861127, 0.023909517483640962, 0.0007475375190749714]], "M_G1C6_M M_G1C6H2_M": [[-0.24768141550103756, 0.024381068266626605, 0.0007622806816114856]], "M_G1C7_M M_G1C7H1_M": [[-0.2807781310921231, 0.02272093750213223, 0.0007103762450673661]], "M_G1C7_M M_G1C7H2_M": [[-0.27858060831270803, 0.02366916640983777, 0.0007400228778639651]], "M_G1C8_M M_G1C8H1_M": [[-0.2761937588478204, 0.024250818370827026, 0.0007582083834552217]], "M_G1C8_M M_G1C8H2_M": [[-0.2750538607817906, 0.024546837163426066, 0.000767463490923219]], "M_G1C9_M M_G1C9H1_M": [[-0.2811329427631559, 0.02336063260010563, 0.0007303764850065719]], "M_G1C9_M M_G1C9H2_M": [[-0.281579800862076, 0.023536193561409145, 0.0007358654458586276]], "M_G1C10_M M_G1C10H1_M": [[-0.2688008257952542, 0.02386129205719308, 0.0007460297380974654]], "M_G1C10_M M_G1C10H2_M": [[-0.26827713270765996, 0.02440415393713146, 0.0007630024613323516]], "M_G1C11_M M_G1C11H1_M": [[-0.26194366439089245, 0.023980565631184884, 0.0007497588585890873]], "M_G1C11_M M_G1C11H2_M": [[-0.26215029848224053, 0.023545872049486213, 0.0007361680464012976]], "M_G1C12_M M_G1C12H1_M": [[-0.23997107794911776, 0.02387070653453822, 0.0007463240842733257]], "M_G1C12_M M_G1C12H2_M": [[-0.24025839365711382, 0.02350504787535457, 0.0007348916675756048]], "M_G1C13_M M_G1C13H1_M": [[-0.22436139184723597, 0.02268720450165428, 0.0007093215737003887]], "M_G1C13_M M_G1C13H2_M": [[-0.22445882584668836, 0.022498020290111703, 0.0007034066782516848]], "M_G1C14_M M_G1C14H1_M": [[-0.19307785550864648, 0.021897903926464384, 0.0006846438781264145]], "M_G1C14_M M_G1C14H2_M": [[-0.19409505021819215, 0.021481634459215915, 0.000671629100850943]], "M_G1C15_M M_G1C15H1_M": [[-0.1660517010267052, 0.019614229046025052, 0.0006132441664565541]], "M_G1C15_M M_G1C15H2_M": [[-0.16611754254291894, 0.019756152589884477, 0.0006176814443709911]], "M_G1C16_M M_G1C16H1_M": [[-0.11885706302406204, 0.016667782098708162, 0.0005211227071845171]], "M_G1C16_M M_G1C16H2_M": [[-0.11812607269226134, 0.017206829685009858, 0.000537976175499092]], "M_G1C17_M M_G1C17H1_M": [[-0.03934111538655194, 0.015015643932787634, 0.00046946816139260285]], "M_G1C17_M M_G1C17H2_M": [[-0.039864797334722035, 0.01449267021269371, 0.00045311724684454036]], "M_G1C17_M M_G1C17H3_M": [[-0.037897550146244185, 0.01491526192025107, 0.0004663296906701101]], "M_G2_M M_G2H1_M": [[-0.25028324929365947, 0.030675542606483096, 0.0009590791211917417]], "M_G2C3_M M_G2C3H1_M": [[-0.16121669325598761, 0.03867896391093498, 0.001209308248991382]], "M_G2C3_M M_G2C3H2_M": [[-0.14875582255440692, 0.03736088577100305, 0.001168098180099535]], "M_G2C4_M M_G2C4H1_M": [[-0.22099211215805187, 0.02738737985406782, 0.0008562738250189084]], "M_G2C4_M M_G2C4H2_M": [[-0.1781160545111487, 0.03001622187430933, 0.0009384652805008496]], "M_G2C5_M M_G2C5H1_M": [[-0.2349317597177652, 0.024735190247513188, 0.0007733524009476451]], "M_G2C5_M M_G2C5H2_M": [[-0.2279776737818988, 0.02531533709779456, 0.000791490848846279]], "M_G2C6_M M_G2C6H1_M": [[-0.24577318352813476, 0.023413071467912955, 0.0007320160003657007]], "M_G2C6_M M_G2C6H2_M": [[-0.2394262236028821, 0.024192865316212717, 0.0007563964655568854]], "M_G2C7_M M_G2C7H1_M": [[-0.2364419882208458, 0.023396619578737905, 0.0007315016276090598]], "M_G2C7_M M_G2C7H2_M": [[-0.2347799859302739, 0.023338888407243897, 0.0007296966469463823]], "M_G2C8_M M_G2C8H1_M": [[-0.22409168747434682, 0.023189616527282488, 0.000725029621319857]], "M_G2C8_M M_G2C8H2_M": [[-0.22336229834921226, 0.02312061636948787, 0.0007228723127581571]], "M_G2C9_M M_G2C9H1_M": [[-0.17372564728019277, 0.020893649899985437, 0.0006532456048660375]], "M_G2C9_M M_G2C9H2_M": [[-0.17420180361602217, 0.02003780948413158, 0.0006264875232096752]], "M_G2C10_M M_G2C10H1_M": [[-0.13715576064459012, 0.01806873801531979, 0.0005649239721391029]], "M_G2C11_M M_G2C11H1_M": [[-0.06636857029825649, 0.018419086463003668, 0.0005758777109409238]], "M_G2C12_M M_G2C12H1_M": [[-0.1054009694840681, 0.020994559072598562, 0.0006564005573906434]], "M_G2C12_M M_G2C12H2_M": [[-0.10416317473826468, 0.022019784053478073, 0.0006884544932019673]], "M_G2C13_M M_G2C13H1_M": [[-0.1598303972635069, 0.022699945524660516, 0.000709719925224424]], "M_G2C13_M M_G2C13H2_M": [[-0.15886799968300808, 0.02193584857342813, 0.0006858302277578056]], "M_G2C14_M M_G2C14H1_M": [[-0.15818640798699563, 0.022317815596198807, 0.0006977725298459096]], "M_G2C14_M M_G2C14H2_M": [[-0.15831137556314986, 0.021738252156651313, 0.0006796523224413762]], "M_G2C15_M M_G2C15H1_M": [[-0.16640968672791495, 0.021748908756322884, 0.0006799855039071131]], "M_G2C15_M M_G2C15H2_M": [[-0.16698550220833464, 0.02150855234154981, 0.0006724706957092415]], "M_G2C16_M M_G2C16H1_M": [[-0.14503211511882624, 0.020357702100141595, 0.0006364890522119291]], "M_G2C16_M M_G2C16H2_M": [[-0.14593427788330815, 0.02023526523237537, 0.0006326610304864428]], "M_G2C17_M M_G2C17H1_M": [[-0.13025654128103853, 0.018635874580436106, 0.0005826556499596119]], "M_G2C17_M M_G2C17H2_M": [[-0.13115909710860757, 0.018209444573517166, 0.0005693232006682612]], "M_G2C18_M M_G2C18H1_M": [[-0.09279229753488355, 0.016191218170471654, 0.0005062228073083154]], "M_G2C18_M M_G2C18H2_M": [[-0.0926149760603237, 0.016730426905365702, 0.0005230813139771363]], "M_G2C19_M M_G2C19H1_M": [[-0.033338714060034746, 0.014753102626066153, 0.00046125973655861954]], "M_G2C19_M M_G2C19H2_M": [[-0.03272129471055468, 0.014772475238812866, 0.00046186542652624797]], "M_G2C19_M M_G2C19H3_M": [[-0.03357814815709115, 0.014882345994477783, 0.00046530056536436294]], "M_G3_M M_G3H1_M": [[-0.3071839796841979, 0.01825345332398423, 0.000570699146132834]], "M_G3_M M_G3H2_M": [[-0.26410667841288527, 0.02383951554392931, 0.0007453488895311804]], "M_G3C4_M M_G3C4H1_M": [[-0.020852503687142802, 0.037897988411121845, 0.0011848908391466166]], "M_G3C4_M M_G3C4H2_M": [[0.04228445357463209, 0.04783748576947136, 0.0014956519074616331]], "M_G3C5_M M_G3C5H1_M": [[-0.022557904310177797, 0.03759218239292731, 0.0011753297314280795]], "M_G3C5_M M_G3C5H2_M": [[0.03567992809079949, 0.04605247368045562, 0.0014398430225916377]], "M_G3N6C1_M M_G3N6C1H1_M": [[-0.0006520678421409508, 0.015958470575075143, 0.0004989458909024358]], "M_G3N6C1_M M_G3N6C1H2_M": [[-0.0010028179606524621, 0.01616512794306305, 0.0005054070893047014]], "M_G3N6C1_M M_G3N6C1H3_M": [[-0.0014041183874809419, 0.01615294294352644, 0.0005050261220045559]], "M_G3N6C2_M M_G3N6C2H1_M": [[-0.0005908738323238085, 0.0160189273255601, 0.0005008360875281009]], "M_G3N6C2_M M_G3N6C2H2_M": [[-0.002006036491125479, 0.01686627745330908, 0.0005273287180347068]], "M_G3N6C2_M M_G3N6C2H3_M": [[0.00012592635022171664, 0.016033527312552698, 0.0005012925600630419]], "M_G3N6C3_M M_G3N6C3H1_M": [[-0.0009648669528814328, 0.016293141572363175, 0.0005094094699851261]], "M_G3N6C3_M M_G3N6C3H2_M": [[-0.001006125466481428, 0.015704806113989226, 0.0004910150030437662]], "M_G3N6C3_M M_G3N6C3H3_M": [[-0.0010034423053958625, 0.01625652174467252, 0.0005082645411859751]]}