{"M_C3_M M_C3H3_M": [[-0.40067372579253835, 0.007009190680626513, 0.001001312954375216]], "M_C4_M M_C4H41_M": [[-0.3592473959918551, 0.007114433907994055, 0.0010163477011420079]], "M_C4_M M_C4H42_M": [[-0.16563241291518888, 0.014087712711164524, 0.0020125303873092175]], "M_C6_M M_C6H6_M": [[-0.03359506735063938, 0.013988434396036305, 0.0019983477708623294]], "M_C7_M M_C7H71_M": [[-0.3034563348037822, 0.006892479266829737, 0.000984639895261391]], "M_C7_M M_C7H72_M": [[-0.3632358242157039, 0.007113326180992909, 0.0010161894544275583]], "M_C8_M M_C8H8_M": [[-0.4349568843477989, 0.008227643760491347, 0.0011753776800701925]], "M_C14_M M_C14H14_M": [[-0.4307071376131151, 0.008429941683043687, 0.0012042773832919554]], "M_C15_M M_C15H151_M": [[-0.40020838978607015, 0.008236383837220232, 0.0011766262624600332]], "M_C15_M M_C15H152_M": [[-0.32957217001719225, 0.012213513597386073, 0.001744787656769439]], "M_C16_M M_C16H161_M": [[-0.0736823428503577, 0.008390562693992304, 0.0011986518134274719]], "M_C16_M M_C16H162_M": [[-0.20423303622761843, 0.007910831938603572, 0.0011301188483719387]], "M_C17_M M_C17H17_M": [[-0.42455465537536574, 0.008538204538389431, 0.0012197435054842043]], "M_C18_M M_C18H181_M": [[0.12339289734851532, 0.00540184464641375, 0.0007716920923448214]], "M_C18_M M_C18H182_M": [[0.1233418661594906, 0.006555249631998321, 0.0009364642331426172]], "M_C18_M M_C18H183_M": [[0.12398676611298118, 0.005512606738886182, 0.0007875152484123117]], "M_C12_M M_C12H121_M": [[-0.08602377179180247, 0.014302527711537406, 0.0020432182445053438]], "M_C12_M M_C12H122_M": [[-0.427474737585118, 0.008082813501976023, 0.0011546876431394318]], "M_C11_M M_C11H111_M": [[-0.4315027494340197, 0.008385711035891152, 0.0011979587194130216]], "M_C11_M M_C11H112_M": [[-0.23551743417800858, 0.0077227231752159155, 0.001103246167887988]], "M_C9_M M_C9H9_M": [[-0.4321337172560957, 0.008381787535775528, 0.001197398219396504]], "M_C19_M M_C19H191_M": [[0.12343787071313789, 0.0076488327909367436, 0.001092690398705249]], "M_C19_M M_C19H192_M": [[0.12329997289010233, 0.009167513231750161, 0.0013096447473928802]], "M_C19_M M_C19H193_M": [[0.1269162145268515, 0.008307195849816268, 0.0011867422642594667]], "M_C1_M M_C1H11_M": [[-0.21663612303132548, 0.013906844678873794, 0.0019866920969819706]], "M_C1_M M_C1H12_M": [[-0.3857264419945637, 0.0071894160867477085, 0.0010270594409639584]], "M_C2_M M_C2H21_M": [[-0.23763513895884386, 0.007213743246595862, 0.0010305347495136944]], "M_C2_M M_C2H22_M": [[-0.3717642532976324, 0.007022989664891515, 0.0010032842378416452]], "M_C20_M M_C20H20_M": [[-0.41293371639941173, 0.00785036372377366, 0.0011214805319676657]], "M_C21_M M_C21H211_M": [[0.111606150728433, 0.004992297001245198, 0.0007131852858921711]], "M_C21_M M_C21H212_M": [[0.11115002969624328, 0.005561287953068195, 0.0007944697075811708]], "M_C21_M M_C21H213_M": [[0.11152673675495217, 0.004165490599799324, 0.0005950700856856177]], "M_C22_M M_C22H221_M": [[-0.29305883559300083, 0.021585046956614472, 0.0030835781366592104]], "M_C22_M M_C22H222_M": [[-0.38432582122650955, 0.0083324356371159, 0.0011903479481594145]], "M_C23_M M_C23H231_M": [[-0.23884778364172143, 0.019745654666540574, 0.0028208078095057964]], "M_C23_M M_C23H232_M": [[-0.3721229799202381, 0.00919205981032005, 0.0013131514014742929]], "M_C24_M M_C24H241_M": [[-0.2450578303542429, 0.019767407785091347, 0.0028239153978701923]], "M_C24_M M_C24H242_M": [[-0.32772685188515743, 0.01837001039971091, 0.0026242871999587014]], "M_C25_M M_C25H25_M": [[-0.24453068977408454, 0.01264718378103687, 0.0018067405401481242]], "M_C26_M M_C26H261_M": [[0.018697986449316722, 0.004455968948439, 0.0006365669926341429]], "M_C26_M M_C26H262_M": [[0.018372300423925524, 0.0038614854179634685, 0.0005516407739947812]], "M_C26_M M_C26H263_M": [[0.01946422614571284, 0.0036123071320210494, 0.0005160438760030071]], "M_C27_M M_C27H271_M": [[0.00812716982465505, 0.004138115494017143, 0.0005911593562881632]], "M_C27_M M_C27H272_M": [[0.009081922218074766, 0.003693787261836617, 0.0005276838945480882]], "M_C27_M M_C27H273_M": [[0.010394763273867114, 0.0037600497305946947, 0.0005371499615135278]]}