{"sn-1": NaN, "sn-2": NaN, "headgroup": 0.0007288054138408372, "total": 0.0007288054138408372}