{"headgroup": 4.555033836505278e-05, "tails": 0.0, "total": 4.555033836505278e-05}