{
    "unpublished/nesterenkoPOPC": {
        "M_G1_M M_G1H1_M": [-0.174486, 0.130282, 0.00769031, -0.143, 0.02, 0.140603],
        "M_G1_M M_G1H2_M": [0.0276615, 0.179134, 0.0105739, 0, 0.02, 0.230919],
        "M_G1C3_M M_G1C3H1_M": [-0.209743, 0.0754261, 0.00445226, -0.197, 0.02, 0.781814],
        "M_G1C3_M M_G1C3H2_M": [-0.175963, 0.0815723, 0.00481506, -0.197, 0.02, 0.395272],
        "M_G1C4_M M_G1C4H1_M": [-0.136888, 0.0685196, 0.00404458, -0.178, 0.02, 0.0392156],
        "M_G1C4_M M_G1C4H2_M": [-0.148695, 0.0758277, 0.00447597, -0.178, 0.02, 0.113902],
        "M_G1C5_M M_G1C5H1_M": [-0.160576, 0.0667044, 0.00393744, -0.195, 0.02, 0.0618381],
        "M_G1C5_M M_G1C5H2_M": [-0.160874, 0.0661995, 0.00390763, -0.195, 0.02, 0.0629652],
        "M_G1C6_M M_G1C6H1_M": [-0.183441, 0.064912, 0.00383163, -0.183, 0.02, 0.87944],
        "M_G1C6_M M_G1C6H2_M": [-0.183551, 0.0644575, 0.00380481, -0.183, 0.02, 0.880234],
        "M_G1C7_M M_G1C7H1_M": [-0.196189, 0.0634985, 0.0037482, -0.195, 0.02, 0.881664],
        "M_G1C7_M M_G1C7H2_M": [-0.194309, 0.0642945, 0.00379518, -0.195, 0.02, 0.880481],
        "M_G1C8_M M_G1C8H1_M": [-0.195993, 0.0596871, 0.00352322, -0.183, 0.02, 0.817833],
        "M_G1C8_M M_G1C8H2_M": [-0.19469, 0.0624311, 0.00368519, -0.183, 0.02, 0.830281],
        "M_G1C9_M M_G1C9H1_M": [-0.190728, 0.0599091, 0.00353632, -0.178, 0.02, 0.821672],
        "M_G1C9_M M_G1C9H2_M": [-0.192315, 0.0599188, 0.0035369, -0.178, 0.02, 0.790157],
        "M_G1C10_M M_G1C10H1_M": [-0.181807, 0.0589964, 0.00348245, -0.172, 0.02, 0.858187],
        "M_G1C10_M M_G1C10H2_M": [-0.182118, 0.0574292, 0.00338994, -0.172, 0.02, 0.859136],
        "M_G1C11_M M_G1C11H1_M": [-0.171738, 0.0541094, 0.00319398, -0.149, 0.02, 0.250679],
        "M_G1C11_M M_G1C11H2_M": [-0.171591, 0.0576077, 0.00340047, -0.149, 0.02, 0.267367],
        "M_G1C12_M M_G1C12H1_M": [-0.157321, 0.0546539, 0.00322612, -0.138, 0.02, 0.539966],
        "M_G1C12_M M_G1C12H2_M": [-0.160222, 0.0509479, 0.00300736, -0.138, 0.02, 0.27483],
        "M_G1C13_M M_G1C13H1_M": [-0.145322, 0.0466883, 0.00275592, -0.118, 0.02, 0.0960687],
        "M_G1C13_M M_G1C13H2_M": [-0.145253, 0.0476101, 0.00281034, -0.118, 0.02, 0.0987634],
        "M_G1C14_M M_G1C14H1_M": [-0.129383, 0.0419148, 0.00247415, -0.104, 0.02, 0.119804],
        "M_G1C14_M M_G1C14H2_M": [-0.129542, 0.0403709, 0.00238302, -0.104, 0.02, 0.112627],
        "M_G1C15_M M_G1C15H1_M": [-0.110934, 0.0343518, 0.00202772, -0.089, 0.02, 0.242155],
        "M_G1C15_M M_G1C15H2_M": [-0.111646, 0.0353287, 0.00208539, -0.089, 0.02, 0.196933],
        "M_G1C16_M M_G1C16H1_M": [-0.0844041, 0.025988, 0.00153402, -0.067, 0.02, 0.817059],
        "M_G1C16_M M_G1C16H2_M": [-0.0830871, 0.0254654, 0.00150318, -0.067, 0.02, 0.870001],
        "M_G1C17_M M_G1C17H1_M": [-0.0208812, 0.0108886, 0.000642734, -0.013, 0.02, 0.975797],
        "M_G1C17_M M_G1C17H2_M": [-0.0210514, 0.0108121, 0.000638216, -0.013, 0.02, 0.975773],
        "M_G1C17_M M_G1C17H3_M": [-0.0203018, 0.011131, 0.000657045, -0.013, 0.02, 0.975885],
        "M_G2_M M_G2H1_M": [-0.20508, 0.141988, 0.00838127, -0.2, 0.02, 0.734423],
        "M_G2C3_M M_G2C3H1_M": [-0.171114, 0.0975386, 0.00575752, -0.075, 0.02, 0.00826179],
        "M_G2C3_M M_G2C3H2_M": [-0.14768, 0.111675, 0.00659196, -0.124, 0.02, 0.290248],
        "M_G2C4_M M_G2C4H1_M": [-0.188651, 0.0763181, 0.00450492, -0.178, 0.02, 0.810622],
        "M_G2C4_M M_G2C4H2_M": [-0.193564, 0.0811004, 0.0047872, -0.178, 0.02, 0.695305],
        "M_G2C5_M M_G2C5H1_M": [-0.170419, 0.0698362, 0.0041223, -0.18, 0.02, 0.836001],
        "M_G2C5_M M_G2C5H2_M": [-0.153978, 0.0740826, 0.00437296, -0.18, 0.02, 0.169754],
        "M_G2C6_M M_G2C6H1_M": [-0.172396, 0.0690205, 0.00407415, -0.189, 0.02, 0.685887],
        "M_G2C6_M M_G2C6H2_M": [-0.18438, 0.0669328, 0.00395092, -0.189, 0.02, 0.869311],
        "M_G2C7_M M_G2C7H1_M": [-0.171235, 0.062438, 0.0036856, -0.166, 0.02, 0.875971],
        "M_G2C7_M M_G2C7H2_M": [-0.163881, 0.0655324, 0.00386825, -0.166, 0.02, 0.877075],
        "M_G2C8_M M_G2C8H1_M": [-0.161019, 0.0591083, 0.00348905, -0.155, 0.02, 0.879723],
        "M_G2C8_M M_G2C8H2_M": [-0.15585, 0.0643935, 0.00380103, -0.155, 0.02, 0.880232],
        "M_G2C9_M M_G2C9H1_M": [-0.100304, 0.0585738, 0.0034575, -0.118, 0.02, 0.658015],
        "M_G2C9_M M_G2C9H2_M": [-0.105567, 0.0576167, 0.003401, -0.118, 0.02, 0.832284],
        "M_G2C10_M M_G2C10H1_M": [-0.0769044, 0.0643517, 0.00379856, -0.104, 0.02, 0.130836],
        "M_G2C11_M M_G2C11H1_M": [-0.0373968, 0.0557567, 0.00329121, -0.023, 0.02, 0.800584],
        "M_G2C12_M M_G2C12H1_M": [-0.0533548, 0.0528947, 0.00312227, -0.058, 0.02, 0.896032],
        "M_G2C12_M M_G2C12H2_M": [-0.051121, 0.0553273, 0.00326587, -0.058, 0.02, 0.883863],
        "M_G2C13_M M_G2C13H1_M": [-0.0970802, 0.0507335, 0.0029947, -0.098, 0.02, 0.905185],
        "M_G2C13_M M_G2C13H2_M": [-0.0983582, 0.0463227, 0.00273434, -0.098, 0.02, 0.913472],
        "M_G2C14_M M_G2C14H1_M": [-0.104903, 0.0437253, 0.00258103, -0.104, 0.02, 0.918133],
        "M_G2C14_M M_G2C14H2_M": [-0.104421, 0.0462936, 0.00273262, -0.104, 0.02, 0.913516],
        "M_G2C15_M M_G2C15H1_M": [-0.112059, 0.0454752, 0.00268432, -0.095, 0.02, 0.741498],
        "M_G2C15_M M_G2C15H2_M": [-0.111742, 0.0437333, 0.0025815, -0.095, 0.02, 0.76439],
        "M_G2C16_M M_G2C16H1_M": [-0.104088, 0.0385135, 0.00227338, -0.095, 0.02, 0.909791],
        "M_G2C16_M M_G2C16H2_M": [-0.104088, 0.0395705, 0.00233577, -0.095, 0.02, 0.907372],
        "M_G2C17_M M_G2C17H1_M": [-0.0962387, 0.0340894, 0.00201224, -0.089, 0.02, 0.926746],
        "M_G2C17_M M_G2C17H2_M": [-0.0960981, 0.0339292, 0.00200278, -0.089, 0.02, 0.927496],
        "M_G2C18_M M_G2C18H1_M": [-0.0733076, 0.0262437, 0.00154912, -0.067, 0.02, 0.945418],
        "M_G2C18_M M_G2C18H2_M": [-0.0733977, 0.0257041, 0.00151726, -0.067, 0.02, 0.946365],
        "M_G2C19_M M_G2C19H1_M": [-0.0209318, 0.0102136, 0.000602891, -0.013, 0.02, 0.977242],
        "M_G2C19_M M_G2C19H2_M": [-0.0225997, 0.0112482, 0.000663957, -0.013, 0.02, 0.972568],
        "M_G2C19_M M_G2C19H3_M": [-0.021196, 0.0106785, 0.000630332, -0.013, 0.02, 0.975904],
        "M_G3_M M_G3H1_M": [-0.144184, 0.148138, 0.00874433, -0.223, 0.02, 0.0188853],
        "M_G3_M M_G3H2_M": [-0.242434, 0.125132, 0.0073863, -0.223, 0.02, 0.465392],
        "M_G3C4_M M_G3C4H1_M": [0.053386, 0.116443, 0.00687341, 0.055, 0.02, 0.788118],
        "M_G3C4_M M_G3C4H2_M": [0.0467569, 0.116913, 0.00690113, 0.055, 0.02, 0.754759],
        "M_G3C5_M M_G3C5H1_M": [0.0188236, 0.121003, 0.0071426, -0.038, 0.02, 0.0314749],
        "M_G3C5_M M_G3C5H2_M": [0.0335113, 0.126404, 0.00746141, -0.038, 0.02, 0.0198924],
        "M_G3N6C1_M M_G3N6C1H1_M": [-0.0141497, 0.0339529, 0.00200417, 0.001, 0.02, 0.857143],
        "M_G3N6C1_M M_G3N6C1H2_M": [-0.0164508, 0.031773, 0.0018755, 0.001, 0.02, 0.782168],
        "M_G3N6C1_M M_G3N6C1H3_M": [-0.0151095, 0.0338632, 0.00199888, 0.001, 0.02, 0.831323],
        "M_G3N6C2_M M_G3N6C2H1_M": [-0.0128538, 0.0326262, 0.00192586, 0.001, 0.02, 0.885256],
        "M_G3N6C2_M M_G3N6C2H2_M": [-0.0105051, 0.0322735, 0.00190504, 0.001, 0.02, 0.910555],
        "M_G3N6C2_M M_G3N6C2H3_M": [-0.0129806, 0.0327981, 0.00193601, 0.001, 0.02, 0.882833],
        "M_G3N6C3_M M_G3N6C3H1_M": [-0.0131117, 0.0352021, 0.00207792, 0.001, 0.02, 0.872648],
        "M_G3N6C3_M M_G3N6C3H2_M": [-0.0120481, 0.0322607, 0.00190429, 0.001, 0.02, 0.896574],
        "M_G3N6C3_M M_G3N6C3H3_M": [-0.0135243, 0.0330605, 0.0019515, 0.001, 0.02, 0.87305]
    }
}