{"M_C3_M M_C3H3_M": [[-0.3647464518355202, 0.009383237660967271, 0.002047590325959186]], "M_C4_M M_C4H41_M": [[-0.31734304132860447, 0.009985802839117356, 0.0021790808278647723]], "M_C4_M M_C4H42_M": [[-0.18274671432281783, 0.01142036506068817, 0.0024921279692682137]], "M_C6_M M_C6H6_M": [[-0.03851851280615312, 0.012905463768618728, 0.0028162030761050183]], "M_C7_M M_C7H71_M": [[-0.26571517637759656, 0.011256950495900206, 0.002456467987706351]], "M_C7_M M_C7H72_M": [[-0.33015449778818784, 0.009621725056346819, 0.002099632542226788]], "M_C8_M M_C8H8_M": [[-0.3970689563478967, 0.008769770431093171, 0.0019137208013271412]], "M_C14_M M_C14H14_M": [[-0.39415795852241425, 0.008509880661895826, 0.0018570082041989774]], "M_C15_M M_C15H151_M": [[-0.3638196762235923, 0.009188333714166014, 0.0020050587978895475]], "M_C15_M M_C15H152_M": [[-0.3197329033957396, 0.009970264322533921, 0.0021756900455585384]], "M_C16_M M_C16H161_M": [[-0.08314891017613459, 0.010571259961506884, 0.0023068380459362503]], "M_C16_M M_C16H162_M": [[-0.15572855165632984, 0.011370687717057763, 0.002481287484148658]], "M_C17_M M_C17H17_M": [[-0.3915954221374776, 0.008446997378435664, 0.0018432859467511892]], "M_C18_M M_C18H181_M": [[0.1132854837039098, 0.005122265571127878, 0.0011177699861599861]], "M_C18_M M_C18H182_M": [[0.11452225434953317, 0.005471895386664388, 0.0011940654668699626]], "M_C18_M M_C18H183_M": [[0.11219917028884702, 0.004710869985415725, 0.0010279961093934797]], "M_C12_M M_C12H121_M": [[-0.108561878157307, 0.012001102581952635, 0.002618855285939425]], "M_C12_M M_C12H122_M": [[-0.3888063274670989, 0.00863573556997335, 0.0018844719967154996]], "M_C11_M M_C11H111_M": [[-0.3923790894364616, 0.008835474217039105, 0.0019280585428767803]], "M_C11_M M_C11H112_M": [[-0.21031340552422798, 0.011932675675633199, 0.002603923310807022]], "M_C9_M M_C9H9_M": [[-0.39299056738041904, 0.008656099053962365, 0.0018889156732294367]], "M_C19_M M_C19H191_M": [[0.1132240795710762, 0.004531141039565237, 0.0009887760380156473]], "M_C19_M M_C19H192_M": [[0.11220382274444646, 0.0034215899211319854, 0.0007466521338421574]], "M_C19_M M_C19H193_M": [[0.11302015882571191, 0.004531973731069049, 0.0009889577461988266]], "M_C1_M M_C1H11_M": [[-0.19688657991226483, 0.011245614064251987, 0.002453994175509272]], "M_C1_M M_C1H12_M": [[-0.3601368147288714, 0.00948569144054601, 0.002069947573585562]], "M_C2_M M_C2H21_M": [[-0.21297829971180346, 0.010931789418741907, 0.0023855120234620043]], "M_C2_M M_C2H22_M": [[-0.3439623979615474, 0.009927547440565973, 0.002166368457698033]], "M_C20_M M_C20H20_M": [[-0.372171903196938, 0.008387368020056728, 0.0018302737539696119]], "M_C21_M M_C21H211_M": [[0.1050098764742487, 0.005512379346826088, 0.0012028997912448467]], "M_C21_M M_C21H212_M": [[0.10372678682473739, 0.004656002537715654, 0.0010160230507137366]], "M_C21_M M_C21H213_M": [[0.10271579770161661, 0.0039448907135705424, 0.0008608457287269223]], "M_C22_M M_C22H221_M": [[-0.21637731250028666, 0.012952364253224631, 0.0028264376009067642]], "M_C22_M M_C22H222_M": [[-0.34913856161037254, 0.00853568840534848, 0.0018626399155269675]], "M_C23_M M_C23H231_M": [[-0.17727430435943178, 0.010389747899338142, 0.002267228866677403]], "M_C23_M M_C23H232_M": [[-0.32511776039783924, 0.009114731649584715, 0.0019889975106396032]], "M_C24_M M_C24H241_M": [[-0.18500133453965892, 0.009162725517321946, 0.001999470631201487]], "M_C24_M M_C24H242_M": [[-0.2792874449990006, 0.00722618627572087, 0.0015768831235400914]], "M_C25_M M_C25H25_M": [[-0.16033619688469564, 0.009264104299931167, 0.0020215932952571646]], "M_C26_M M_C26H261_M": [[0.012400786582969723, 0.004153790438848621, 0.0009064313860479829]], "M_C26_M M_C26H262_M": [[0.013247193120661648, 0.0034665983059357993, 0.0007564737686169754]], "M_C26_M M_C26H263_M": [[0.011940526700135972, 0.00277160691965562, 0.0006048142145707271]], "M_C27_M M_C27H271_M": [[0.008920409253291847, 0.004026537986072682, 0.0008786626242758623]], "M_C27_M M_C27H272_M": [[0.008359821635585428, 0.003085082328043632, 0.0006732201568300252]], "M_C27_M M_C27H273_M": [[0.0066362702082594155, 0.0028702974437819894, 0.0006263502525318677]]}