{"M_G1_M M_G1H1_M": [[-0.050350105365862936, 0.07140556657111637, 0.0050618064075235916]], "M_G1_M M_G1H2_M": [[-0.14994165239607402, 0.07197001241698876, 0.005101818912661989]], "M_G1C3_M M_G1C3H1_M": [[-0.25371173223547155, 0.021567671235549993, 0.0015288916774680303]], "M_G1C3_M M_G1C3H2_M": [[-0.25776123257984174, 0.02155292189329936, 0.0015278461243172594]], "M_G1C4_M M_G1C4H1_M": [[-0.22752765903116978, 0.016415244989799363, 0.0011636458648876021]], "M_G1C4_M M_G1C4H2_M": [[-0.23592835499948983, 0.01601843149802998, 0.0011355165022666977]], "M_G1C5_M M_G1C5H1_M": [[-0.26411247063466925, 0.012713007158823316, 0.0009012011834026272]], "M_G1C5_M M_G1C5H2_M": [[-0.2678971132718471, 0.013185573179907316, 0.0009347005004498293]], "M_G1C6_M M_G1C6H1_M": [[-0.2569524920165424, 0.01254804279870694, 0.0008895071699643546]], "M_G1C6_M M_G1C6H2_M": [[-0.25782398133707773, 0.012449165327736036, 0.0008824979318873516]], "M_G1C7_M M_G1C7H1_M": [[-0.26994441312783307, 0.012015058839293652, 0.0008517249388244542]], "M_G1C7_M M_G1C7H2_M": [[-0.2698314378682578, 0.011909517044696415, 0.000844243279371171]], "M_G1C8_M M_G1C8H1_M": [[-0.2596141417121319, 0.012632118329436904, 0.0008954671263179119]], "M_G1C8_M M_G1C8H2_M": [[-0.2602746778823599, 0.012656587902393058, 0.0008972017283542318]], "M_G1C9_M M_G1C9H1_M": [[-0.2589839672411122, 0.01257544776015739, 0.0008914498561739749]], "M_G1C9_M M_G1C9H2_M": [[-0.25919138704291805, 0.012606031468321555, 0.0008936178777636786]], "M_G1C10_M M_G1C10H1_M": [[-0.24329760014775118, 0.01326865826884793, 0.000940590246246474]], "M_G1C10_M M_G1C10H2_M": [[-0.24388083371150757, 0.013534852747501212, 0.0009594602725259045]], "M_G1C11_M M_G1C11H1_M": [[-0.23430548107120447, 0.013159045545236007, 0.0009328200062866474]], "M_G1C11_M M_G1C11H2_M": [[-0.23413024198894627, 0.013633619997027937, 0.0009664616972118909]], "M_G1C12_M M_G1C12H1_M": [[-0.21313804535244024, 0.014077295022741472, 0.0009979129858978823]], "M_G1C12_M M_G1C12H2_M": [[-0.21265039486025755, 0.01423054990387136, 0.001008776936378759]], "M_G1C13_M M_G1C13H1_M": [[-0.19670429211403537, 0.013994276859455328, 0.0009920279843350962]], "M_G1C13_M M_G1C13H2_M": [[-0.19654060648091273, 0.014112180794031329, 0.0010003859726568423]], "M_G1C14_M M_G1C14H1_M": [[-0.16795602009576324, 0.014131558663569065, 0.0010017596334076827]], "M_G1C14_M M_G1C14H2_M": [[-0.1682105483951734, 0.01432493305813295, 0.0010154675807913032]], "M_G1C15_M M_G1C15H1_M": [[-0.1423840390884259, 0.01247298301632032, 0.0008841863230657657]], "M_G1C15_M M_G1C15H2_M": [[-0.14239429336214765, 0.012518915477308273, 0.0008874423888951795]], "M_G1C16_M M_G1C16H1_M": [[-0.10080763770220516, 0.010300337923095383, 0.0007301715958916915]], "M_G1C16_M M_G1C16H2_M": [[-0.10122574534659386, 0.010326940625646725, 0.0007320574114757989]], "M_G1C17_M M_G1C17H1_M": [[-0.0314540170100711, 0.004070846234351236, 0.00028857463840105505]], "M_G1C17_M M_G1C17H2_M": [[-0.03146836712259957, 0.004295903394938179, 0.0003045285175203177]], "M_G1C17_M M_G1C17H3_M": [[-0.0318128727477427, 0.0038804007852142365, 0.0002750743184537961]], "M_G2_M M_G2H1_M": [[0.021393320962987756, 0.13341613562013313, 0.009457619098595554]], "M_G2C3_M M_G2C3H1_M": [[-0.20132584652556118, 0.03756242192534246, 0.00266272949174683]], "M_G2C3_M M_G2C3H2_M": [[-0.15322696505631841, 0.04131585623640595, 0.0029288033954814616]], "M_G2C4_M M_G2C4H1_M": [[-0.23941405500263502, 0.021665595797617017, 0.0015358333656238289]], "M_G2C4_M M_G2C4H2_M": [[-0.18566976320784967, 0.030975280133565198, 0.0021957793906552466]], "M_G2C5_M M_G2C5H1_M": [[-0.23678373546772927, 0.01658992787819309, 0.00117602880652949]], "M_G2C5_M M_G2C5H2_M": [[-0.22805719456634727, 0.018466547990337232, 0.001309058879173452]], "M_G2C6_M M_G2C6H1_M": [[-0.24175475394607596, 0.01392036775913909, 0.0009867887071257706]], "M_G2C6_M M_G2C6H2_M": [[-0.2381738980733363, 0.015178866048031215, 0.0010760012854788485]], "M_G2C7_M M_G2C7H1_M": [[-0.2255202160630634, 0.013247316083064673, 0.0009390773388089194]], "M_G2C7_M M_G2C7H2_M": [[-0.22583194858851782, 0.014016032689083236, 0.000993570214207355]], "M_G2C8_M M_G2C8H1_M": [[-0.220422188585538, 0.01234862562897375, 0.0008753708616063732]], "M_G2C8_M M_G2C8H2_M": [[-0.22081779547345562, 0.012275124821527112, 0.0008701605275111873]], "M_G2C9_M M_G2C9H1_M": [[-0.16290526902765784, 0.013031841431369486, 0.0009238027457346758]], "M_G2C9_M M_G2C9H2_M": [[-0.1629436630819996, 0.013235209159611553, 0.0009382191017602802]], "M_G2C10_M M_G2C10H1_M": [[-0.11537033050284762, 0.013689031783554658, 0.0009703897346123636]], "M_G2C11_M M_G2C11H1_M": [[-0.038631743235356814, 0.021249802702125252, 0.0015063585745671941]], "M_G2C12_M M_G2C12H1_M": [[-0.11242167427152663, 0.013694932089990553, 0.0009708079962459831]], "M_G2C12_M M_G2C12H2_M": [[-0.1129651550370185, 0.014212120822500507, 0.001007470533437822]], "M_G2C13_M M_G2C13H1_M": [[-0.16631684347616169, 0.012344013022115052, 0.0008750438825755508]], "M_G2C13_M M_G2C13H2_M": [[-0.16662369259097617, 0.01175451954956728, 0.0008332557982591296]], "M_G2C14_M M_G2C14H1_M": [[-0.16468992666092902, 0.012166867105723676, 0.0008624863415081683]], "M_G2C14_M M_G2C14H2_M": [[-0.16448719885332713, 0.01199865301495345, 0.0008505619607717103]], "M_G2C15_M M_G2C15H1_M": [[-0.17300209938371855, 0.011905033824153602, 0.0008439254722931003]], "M_G2C15_M M_G2C15H2_M": [[-0.17310361806877977, 0.011393417357240641, 0.0008076579425363636]], "M_G2C16_M M_G2C16H1_M": [[-0.15073157481761154, 0.01118430235243885, 0.0007928341728774418]], "M_G2C16_M M_G2C16H2_M": [[-0.15098715904011756, 0.010756317027823297, 0.0007624950976135061]], "M_G2C17_M M_G2C17H1_M": [[-0.13557355749288594, 0.009349852314222014, 0.0006627934575155679]], "M_G2C17_M M_G2C17H2_M": [[-0.13525103668006552, 0.009656339547942644, 0.0006845197614715231]], "M_G2C18_M M_G2C18H1_M": [[-0.09578509157301413, 0.007322679471718135, 0.0005190909847801356]], "M_G2C18_M M_G2C18H2_M": [[-0.09619921370363473, 0.007067665519183948, 0.0005010135249834983]], "M_G2C19_M M_G2C19H1_M": [[-0.03353442992829044, 0.00406501650411611, 0.0002881613797816601]], "M_G2C19_M M_G2C19H2_M": [[-0.034039281477914816, 0.004156929451961881, 0.00029467691590413797]], "M_G2C19_M M_G2C19H3_M": [[-0.03351078976666758, 0.004400112759581098, 0.00031191572351844027]], "M_G3_M M_G3H1_M": [[0.034085109272396365, 0.12577631087293348, 0.008916046281310814]], "M_G3_M M_G3H2_M": [[0.08370189392321624, 0.0912643412345716, 0.006469557618865507]], "M_G3C4_M M_G3C4H1_M": [[-0.03214421106899115, 0.05690424087927448, 0.00403383468445847]], "M_G3C4_M M_G3C4H2_M": [[-0.0012231570287796977, 0.09767797922526772, 0.006924208361598698]], "M_G3C5_M M_G3C5H1_M": [[-0.08939381713033309, 0.03815894309408057, 0.0027050157562376353]], "M_G3C5_M M_G3C5H2_M": [[-0.1031786367731683, 0.039161230734585085, 0.0027760660432742156]], "M_G3N6C1_M M_G3N6C1H1_M": [[0.014164952588836982, 0.009286777557103507, 0.0006583222065323904]], "M_G3N6C1_M M_G3N6C1H2_M": [[0.014240359439012513, 0.009032005136580104, 0.0006402618684860383]], "M_G3N6C1_M M_G3N6C1H3_M": [[0.014571673727286098, 0.008631253209155273, 0.0006118533175638056]], "M_G3N6C2_M M_G3N6C2H1_M": [[0.014451746869734348, 0.008840425767471995, 0.000626681167083229]], "M_G3N6C2_M M_G3N6C2H2_M": [[0.01454480944418451, 0.008398868943541091, 0.0005953800337404497]], "M_G3N6C2_M M_G3N6C2H3_M": [[0.01406461218711178, 0.009009951168515957, 0.0006386985041403855]], "M_G3N6C3_M M_G3N6C3H1_M": [[0.013802220013310414, 0.008699695526247426, 0.0006167050647851904]], "M_G3N6C3_M M_G3N6C3H2_M": [[0.014197779755185342, 0.008772381884799476, 0.0006218576641289949]], "M_G3N6C3_M M_G3N6C3H3_M": [[0.014707360247570179, 0.008334013013891549, 0.0005907825187842595]]}