{"M_C3_M M_C3H3_M": [[-0.3711622691465496, 0.0064529144398853145, 0.001290582887977063]], "M_C4_M M_C4H41_M": [[-0.3322953599793832, 0.009808782908659818, 0.0019617565817319636]], "M_C4_M M_C4H42_M": [[-0.15009956982903344, 0.01151168860418532, 0.0023023377208370643]], "M_C6_M M_C6H6_M": [[-0.027876445942718205, 0.013881275952548264, 0.002776255190509653]], "M_C7_M M_C7H71_M": [[-0.28010854857971335, 0.0066488395424341585, 0.0013297679084868317]], "M_C7_M M_C7H72_M": [[-0.33786874691591484, 0.008614942288860143, 0.0017229884577720286]], "M_C8_M M_C8H8_M": [[-0.4050644000667761, 0.0056608339374752655, 0.001132166787495053]], "M_C14_M M_C14H14_M": [[-0.40065679589269304, 0.005076194713844039, 0.0010152389427688078]], "M_C15_M M_C15H151_M": [[-0.37323043297656844, 0.008286680520283378, 0.0016573361040566757]], "M_C15_M M_C15H152_M": [[-0.3011149576031342, 0.009035441857570044, 0.0018070883715140089]], "M_C16_M M_C16H161_M": [[-0.06902546926429151, 0.00991024521556371, 0.001982049043112742]], "M_C16_M M_C16H162_M": [[-0.18873294743235158, 0.011417677268042378, 0.0022835354536084756]], "M_C17_M M_C17H17_M": [[-0.39242524208569246, 0.005230320784546852, 0.0010460641569093705]], "M_C18_M M_C18H181_M": [[0.1147831721795697, 0.01499635406828211, 0.0029992708136564222]], "M_C18_M M_C18H182_M": [[0.11044532379053679, 0.012897211898292675, 0.002579442379658535]], "M_C18_M M_C18H183_M": [[0.11952324521013999, 0.015569990382388632, 0.0031139980764777263]], "M_C12_M M_C12H121_M": [[-0.0734241756631224, 0.012619697523892859, 0.0025239395047785716]], "M_C12_M M_C12H122_M": [[-0.39809421925296806, 0.0063040690077188575, 0.0012608138015437714]], "M_C11_M M_C11H111_M": [[-0.4003950185730557, 0.005302489458130646, 0.0010604978916261291]], "M_C11_M M_C11H112_M": [[-0.21649044942228668, 0.006724630501377925, 0.001344926100275585]], "M_C9_M M_C9H9_M": [[-0.40245359486283855, 0.005128009499816226, 0.001025601899963245]], "M_C19_M M_C19H191_M": [[0.11391574474982619, 0.01654450406892296, 0.003308900813784592]], "M_C19_M M_C19H192_M": [[0.11369885334897943, 0.014498688396967772, 0.0028997376793935543]], "M_C19_M M_C19H193_M": [[0.11820209768238239, 0.017788801549380975, 0.003557760309876195]], "M_C1_M M_C1H11_M": [[-0.19723122254295047, 0.010733914971381372, 0.0021467829942762745]], "M_C1_M M_C1H12_M": [[-0.356730192788035, 0.008303170171793826, 0.0016606340343587652]], "M_C2_M M_C2H21_M": [[-0.22374388641970472, 0.007056043647196541, 0.0014112087294393082]], "M_C2_M M_C2H22_M": [[-0.34345464519295643, 0.007742320561550919, 0.0015484641123101838]], "M_C20_M M_C20H20_M": [[-0.3773201591182214, 0.006590059951728712, 0.0013180119903457425]], "M_C21_M M_C21H211_M": [[0.09874189043793533, 0.01647877583321563, 0.003295755166643126]], "M_C21_M M_C21H212_M": [[0.09687298319995521, 0.019857720169831176, 0.003971544033966235]], "M_C21_M M_C21H213_M": [[0.09735478754801195, 0.014290437676992038, 0.0028580875353984075]], "M_C22_M M_C22H221_M": [[-0.2042401577307116, 0.016511459554536912, 0.0033022919109073822]], "M_C22_M M_C22H222_M": [[-0.3357630164907294, 0.00804400187855152, 0.001608800375710304]], "M_C23_M M_C23H231_M": [[-0.15128414061773715, 0.01801096250224308, 0.003602192500448616]], "M_C23_M M_C23H232_M": [[-0.3161906326435423, 0.006558914685126413, 0.0013117829370252825]], "M_C24_M M_C24H241_M": [[-0.16075511954844182, 0.015297692317188956, 0.0030595384634377913]], "M_C24_M M_C24H242_M": [[-0.2661708502720356, 0.006531122442937961, 0.0013062244885875922]], "M_C25_M M_C25H25_M": [[-0.17478980508204706, 0.013072235989998902, 0.0026144471979997804]], "M_C26_M M_C26H261_M": [[0.019211568381033602, 0.0183282331757375, 0.0036656466351475]], "M_C26_M M_C26H262_M": [[0.011625276548094275, 0.011996625523390288, 0.002399325104678058]], "M_C26_M M_C26H263_M": [[0.012257887250820904, 0.008536215038882886, 0.0017072430077765773]], "M_C27_M M_C27H271_M": [[0.006195658118841389, 0.01922790481423812, 0.0038455809628476236]], "M_C27_M M_C27H272_M": [[0.003004812677991008, 0.016479037168365258, 0.0032958074336730515]], "M_C27_M M_C27H273_M": [[-0.005374045122302287, 0.01634046427204856, 0.003268092854409712]]}