{"M_G1_M M_G1H1_M": [[-0.016341695390073945, 0.06517924839157156, 0.005339692083781476]], "M_G1_M M_G1H2_M": [[-0.16633838047569852, 0.06406283919502168, 0.005248232278764007]], "M_G1C3_M M_G1C3H1_M": [[-0.2262553116956634, 0.03720593987764266, 0.003048029358067715]], "M_G1C3_M M_G1C3H2_M": [[-0.1961123675360004, 0.04880883651079648, 0.003998575687303967]], "M_G1C4_M M_G1C4H1_M": [[-0.17774640908150316, 0.0332596173339085, 0.0027247340184186233]], "M_G1C4_M M_G1C4H2_M": [[-0.16685740491283635, 0.03496737822522092, 0.002864639241896341]], "M_G1C5_M M_G1C5H1_M": [[-0.20626895419928248, 0.03177020639640871, 0.002602716720141621]], "M_G1C5_M M_G1C5H2_M": [[-0.20427716318618694, 0.03166996342804186, 0.002594504496192251]], "M_G1C6_M M_G1C6H1_M": [[-0.2069863463700039, 0.031539203740087424, 0.0025837922451633125]], "M_G1C6_M M_G1C6H2_M": [[-0.2056026161084225, 0.0325243483234841, 0.0026644984340678116]], "M_G1C7_M M_G1C7H1_M": [[-0.21792374877154871, 0.03195944253463805, 0.002618219548636944]], "M_G1C7_M M_G1C7H2_M": [[-0.21715789368133842, 0.032009182543603736, 0.0026222944089441037]], "M_G1C8_M M_G1C8H1_M": [[-0.20962564471809828, 0.03193448230339483, 0.002616174726819146]], "M_G1C8_M M_G1C8H2_M": [[-0.2093699419559121, 0.03185523428168744, 0.002609682475917078]], "M_G1C9_M M_G1C9H1_M": [[-0.20776326026808567, 0.03174561736857792, 0.0026007023084922702]], "M_G1C9_M M_G1C9H2_M": [[-0.20802534060596656, 0.03203711151703021, 0.002624582439597933]], "M_G1C10_M M_G1C10H1_M": [[-0.19378456960146337, 0.03097625661540629, 0.0025376738197529928]], "M_G1C10_M M_G1C10H2_M": [[-0.19391863417229055, 0.03230617502864312, 0.0026466249813339574]], "M_G1C11_M M_G1C11H1_M": [[-0.1865669080641227, 0.029665124863053904, 0.0024302617213996787]], "M_G1C11_M M_G1C11H2_M": [[-0.18688006282459052, 0.03053089756908663, 0.0025011885850692943]], "M_G1C12_M M_G1C12H1_M": [[-0.1695933835896208, 0.028582053120369218, 0.0023415330270177307]], "M_G1C12_M M_G1C12H2_M": [[-0.168701170204666, 0.029710258959713496, 0.0024339592506684117]], "M_G1C13_M M_G1C13H1_M": [[-0.15737221791528783, 0.027422739000424152, 0.002246558313720987]], "M_G1C13_M M_G1C13H2_M": [[-0.15839126502948045, 0.027154071978718847, 0.0022245482537038104]], "M_G1C14_M M_G1C14H1_M": [[-0.13830181162300562, 0.02354770390289438, 0.001929103069218187]], "M_G1C14_M M_G1C14H2_M": [[-0.1384270478429767, 0.024443400445526505, 0.002002481389100465]], "M_G1C15_M M_G1C15H1_M": [[-0.12099994667598693, 0.02008795713389556, 0.0016456695702105422]], "M_G1C15_M M_G1C15H2_M": [[-0.12162845942998951, 0.021246918702026434, 0.0017406154013373035]], "M_G1C16_M M_G1C16H1_M": [[-0.09284436766497886, 0.01546299576928379, 0.0012667779721048157]], "M_G1C16_M M_G1C16H2_M": [[-0.09344208625502577, 0.016186230957836334, 0.0013260277073553009]], "M_G1C17_M M_G1C17H1_M": [[-0.030511343627040558, 0.007893630573066825, 0.000646671413424135]], "M_G1C17_M M_G1C17H2_M": [[-0.030405870713603667, 0.008363877599730018, 0.0006851955509013006]], "M_G1C17_M M_G1C17H3_M": [[-0.0307042741553096, 0.007830632511403365, 0.0006415104111195816]], "M_G2_M M_G2H1_M": [[-0.17862097585970424, 0.06584128045157803, 0.005393927863377903]], "M_G2C3_M M_G2C3H1_M": [[-0.08776896711913527, 0.0452706869996885, 0.0037087191853971174]], "M_G2C3_M M_G2C3H2_M": [[-0.11261684025198396, 0.03967145611624158, 0.0032500123183895426]], "M_G2C4_M M_G2C4H1_M": [[-0.20206638881499459, 0.03286284344771513, 0.0026922290351388233]], "M_G2C4_M M_G2C4H2_M": [[-0.19889203728707058, 0.032723382666808735, 0.0026808039628009204]], "M_G2C5_M M_G2C5H1_M": [[-0.2010770143805737, 0.031714761963840404, 0.002598174535244119]], "M_G2C5_M M_G2C5H2_M": [[-0.19954399253983765, 0.032468516242191846, 0.0026599244917494486]], "M_G2C6_M M_G2C6H1_M": [[-0.21161495183869494, 0.03266044065509721, 0.002675647552287344]], "M_G2C6_M M_G2C6H2_M": [[-0.2086923756788988, 0.03311622207321997, 0.002712986620937904]], "M_G2C7_M M_G2C7H1_M": [[-0.18872169471656206, 0.029911828345223792, 0.002450472458149356]], "M_G2C7_M M_G2C7H2_M": [[-0.18662230295984727, 0.03154205043516512, 0.002584025455510876]], "M_G2C8_M M_G2C8H1_M": [[-0.17839457219468177, 0.02852575872328839, 0.0023369212103142322]], "M_G2C8_M M_G2C8H2_M": [[-0.17891841937673125, 0.03045793698381323, 0.0024952114210297226]], "M_G2C9_M M_G2C9H1_M": [[-0.10604678731877912, 0.025861772161270273, 0.00211867892757033]], "M_G2C9_M M_G2C9H2_M": [[-0.10324170221573246, 0.028493992002606935, 0.002334318779154986]], "M_G2C10_M M_G2C10H1_M": [[-0.05960471062711799, 0.031232385970345798, 0.0025586567540878324]], "M_G2C11_M M_G2C11H1_M": [[-0.048767901946588116, 0.029470405212453494, 0.002414309666067262]], "M_G2C12_M M_G2C12H1_M": [[-0.07825733806580161, 0.02857759013460789, 0.002341167404978081]], "M_G2C12_M M_G2C12H2_M": [[-0.07945212782519494, 0.02994839842418464, 0.002453468395751419]], "M_G2C13_M M_G2C13H1_M": [[-0.11919664190771054, 0.028451159452506158, 0.002330809799927007]], "M_G2C13_M M_G2C13H2_M": [[-0.12252926083658025, 0.02931267652638259, 0.002401388028626181]], "M_G2C14_M M_G2C14H1_M": [[-0.1271088505090178, 0.028028767828189232, 0.002296206129766976]], "M_G2C14_M M_G2C14H2_M": [[-0.12908680012911788, 0.027521018695634166, 0.00225460970006648]], "M_G2C15_M M_G2C15H1_M": [[-0.13173582723991117, 0.027410764947976583, 0.0022455773611226855]], "M_G2C15_M M_G2C15H2_M": [[-0.1336318081963664, 0.027304816288332697, 0.0022368977087310377]], "M_G2C16_M M_G2C16H1_M": [[-0.12192847476512872, 0.024233311335131603, 0.00198527021856157]], "M_G2C16_M M_G2C16H2_M": [[-0.12245769936378134, 0.02394081952923777, 0.001961308356173721]], "M_G2C17_M M_G2C17H1_M": [[-0.1110085807651482, 0.02088780738421926, 0.0017111958558805739]], "M_G2C17_M M_G2C17H2_M": [[-0.11150779712290629, 0.020997763541092222, 0.001720203815237367]], "M_G2C18_M M_G2C18H1_M": [[-0.08755538110638886, 0.016620334157505936, 0.0013615908271521796]], "M_G2C18_M M_G2C18H2_M": [[-0.08841010896989875, 0.01657341811014555, 0.0013577473147939586]], "M_G2C19_M M_G2C19H1_M": [[-0.030352271697344748, 0.007648536320498654, 0.0006265925099001747]], "M_G2C19_M M_G2C19H2_M": [[-0.028685155017491915, 0.007831346924550692, 0.0006415689381250545]], "M_G2C19_M M_G2C19H3_M": [[-0.0311039534884354, 0.007839333034974845, 0.00064222318578308]], "M_G3_M M_G3H1_M": [[-0.19678955509720514, 0.058607494559004804, 0.004801313032438272]], "M_G3_M M_G3H2_M": [[-0.21452658589699566, 0.04298655681797519, 0.003521595949849067]], "M_G3C4_M M_G3C4H1_M": [[0.04220444851564378, 0.0317909534233179, 0.002604416382811609]], "M_G3C4_M M_G3C4H2_M": [[0.03728350448147322, 0.027709849780328803, 0.002270079345283288]], "M_G3C5_M M_G3C5H1_M": [[0.02897962007532026, 0.030081760311682453, 0.0024643938272733068]], "M_G3C6_M M_G3C6H1_M": [[0.018196880108061593, 0.02853471799838823, 0.002337655182728882]], "M_G3C6_M M_G3C6H2_M": [[0.004071524779483151, 0.02966848096376821, 0.002430536663883043]]}