{"M_G1_M M_G1H1_M": [[-0.23086792795241173, 0.015524470743662378, 0.004680804047779798]], "M_G1_M M_G1H2_M": [[-0.02958874249831597, 0.019049985410795358, 0.005743786715395689]], "M_G1C3_M M_G1C3H1_M": [[-0.22450060347390557, 0.015569417303779313, 0.0046943559455548]], "M_G1C3_M M_G1C3H2_M": [[-0.22861810402151464, 0.01098924523795356, 0.003313382107590164]], "M_G1C4_M M_G1C4H1_M": [[-0.15275642233975387, 0.011346528363397723, 0.0034211070231377795]], "M_G1C4_M M_G1C4H2_M": [[-0.15214261720051214, 0.010729194034714326, 0.003234973719642437]], "M_G1C5_M M_G1C5H1_M": [[-0.19168328632435483, 0.010501037124390468, 0.0031661818228359826]], "M_G1C5_M M_G1C5H2_M": [[-0.1908046644839344, 0.013453692354590143, 0.004056440871368053]], "M_G1C6_M M_G1C6H1_M": [[-0.1948341825412376, 0.010494767220031414, 0.00316429137554231]], "M_G1C6_M M_G1C6H2_M": [[-0.19597795872189397, 0.010373195532817677, 0.003127636132667909]], "M_G1C7_M M_G1C7H1_M": [[-0.20979415123440362, 0.009785034272304463, 0.0029502988401820178]], "M_G1C7_M M_G1C7H2_M": [[-0.20874113203085942, 0.010842709109616754, 0.0032691998025061136]], "M_G1C8_M M_G1C8H1_M": [[-0.2008914800842905, 0.009732544221010499, 0.0029344724942394185]], "M_G1C8_M M_G1C8H2_M": [[-0.20227758600755322, 0.009480668927644575, 0.0028585292358707403]], "M_G1C9_M M_G1C9H1_M": [[-0.20170696148899925, 0.00922999226506094, 0.002782947378280882]], "M_G1C9_M M_G1C9H2_M": [[-0.2023570610755714, 0.009808256464232137, 0.0029573005944941735]], "M_G1C10_M M_G1C10H1_M": [[-0.18648854483871102, 0.008608987259080029, 0.0025957073239380552]], "M_G1C10_M M_G1C10H2_M": [[-0.18743635608901288, 0.008003179986819526, 0.0024130495587238038]], "M_G1C11_M M_G1C11H1_M": [[-0.17940131370944887, 0.007785690967115453, 0.002347474151961929]], "M_G1C11_M M_G1C11H2_M": [[-0.1811561385661027, 0.0073375493266512005, 0.0022123543633842677]], "M_G1C12_M M_G1C12H1_M": [[-0.16114502479623072, 0.0075355261023592, 0.002272046607223157]], "M_G1C12_M M_G1C12H2_M": [[-0.16196446890998442, 0.007497877941338887, 0.002260695259573042]], "M_G1C13_M M_G1C13H1_M": [[-0.14967643008573775, 0.007293307520424833, 0.0021990149569024067]], "M_G1C13_M M_G1C13H2_M": [[-0.15066653548002087, 0.00813944383392853, 0.0024541346544829784]], "M_G1C14_M M_G1C14H1_M": [[-0.12789433451591994, 0.006757490078939309, 0.002037459919671889]], "M_G1C14_M M_G1C14H2_M": [[-0.12738108275512153, 0.007316109283281506, 0.0022058899470800654]], "M_G1C15_M M_G1C15H1_M": [[-0.11008706558429367, 0.006263522174128265, 0.0018885229925140507]], "M_G1C15_M M_G1C15H2_M": [[-0.10961607826295493, 0.006728117327289404, 0.0020286037018279776]], "M_G1C16_M M_G1C16H1_M": [[-0.08031648120723318, 0.005490016092450488, 0.0016553021337883064]], "M_G1C16_M M_G1C16H2_M": [[-0.08074314943050405, 0.004368872896173782, 0.0013172647412147053]], "M_G1C17_M M_G1C17H1_M": [[-0.026420150978441432, 0.002918917941391434, 0.0008800868732210892]], "M_G1C17_M M_G1C17H2_M": [[-0.026246277470426557, 0.0016977788411316845, 0.0005118995811852915]], "M_G1C17_M M_G1C17H3_M": [[-0.025602242668294053, 0.0020301099098421847, 0.0006121011685571595]], "M_G2_M M_G2H1_M": [[-0.20994516501102356, 0.027591208697171007, 0.008319062432809715]], "M_G2C3_M M_G2C3H1_M": [[-0.08405057601203647, 0.016307048661461227, 0.004916760168012195]], "M_G2C3_M M_G2C3H2_M": [[-0.09555978664806376, 0.017080415882297497, 0.005149939158618907]], "M_G2C4_M M_G2C4H1_M": [[-0.15061604503791381, 0.019122146710865377, 0.00576554416600628]], "M_G2C4_M M_G2C4H2_M": [[-0.1532163207405943, 0.017192926226078827, 0.005183862303651322]], "M_G2C5_M M_G2C5H1_M": [[-0.17049995848638003, 0.01888244716672751, 0.005693272034158595]], "M_G2C5_M M_G2C5H2_M": [[-0.17132970325825603, 0.016413845319735883, 0.004948960572044999]], "M_G2C6_M M_G2C6H1_M": [[-0.18239521894913371, 0.019219306106288806, 0.005794838825958761]], "M_G2C6_M M_G2C6H2_M": [[-0.18653285632931293, 0.017316815016521783, 0.0052212161794358905]], "M_G2C7_M M_G2C7H1_M": [[-0.16613081686388378, 0.01699448171434744, 0.005124029032095114]], "M_G2C7_M M_G2C7H2_M": [[-0.1693587070991749, 0.016509103718890687, 0.004977682060056489]], "M_G2C8_M M_G2C8H1_M": [[-0.16220824350714824, 0.014576701153703792, 0.0043950407643614684]], "M_G2C8_M M_G2C8H2_M": [[-0.1654447741515439, 0.0155038312314054, 0.004674581000687766]], "M_G2C9_M M_G2C9H1_M": [[-0.12104722518457921, 0.01284272394853766, 0.0038722269657646357]], "M_G2C9_M M_G2C9H2_M": [[-0.12014904834017225, 0.008585606693852962, 0.0025886578182794545]], "M_G2C10_M M_G2C10H1_M": [[-0.09963994444610351, 0.010421763422766779, 0.0031422799024697673]], "M_G2C11_M M_G2C11H1_M": [[0.00261399811802358, 0.010780798008949108, 0.0032505329032995224]], "M_G2C12_M M_G2C12H1_M": [[-0.05276085324746858, 0.008138012350123397, 0.0024537030458761516]], "M_G2C12_M M_G2C12H2_M": [[-0.05173314180809079, 0.00881126151283516, 0.002656695306161229]], "M_G2C13_M M_G2C13H1_M": [[-0.1013291764565641, 0.0076827407559013254, 0.0023164334953541927]], "M_G2C13_M M_G2C13H2_M": [[-0.10280977287537964, 0.009078763895371105, 0.002737350309197397]], "M_G2C14_M M_G2C14H1_M": [[-0.10774555205547981, 0.006973596602238979, 0.0021026184880839982]], "M_G2C14_M M_G2C14H2_M": [[-0.10703771979106586, 0.009190898740687355, 0.0027711602371827187]], "M_G2C15_M M_G2C15H1_M": [[-0.11673635030073233, 0.006810496050262072, 0.002053441821356066]], "M_G2C15_M M_G2C15H2_M": [[-0.1161140908493727, 0.008558794091604103, 0.002580573514523772]], "M_G2C16_M M_G2C16H1_M": [[-0.10713598238513511, 0.006989762332706926, 0.002107492639213471]], "M_G2C16_M M_G2C16H2_M": [[-0.10675103916227761, 0.00668575134066793, 0.0020158298762373733]], "M_G2C17_M M_G2C17H1_M": [[-0.09801828899628555, 0.006170835256165834, 0.001860576835254429]], "M_G2C17_M M_G2C17H2_M": [[-0.09707327839330886, 0.005535888820037145, 0.001669133281562409]], "M_G2C18_M M_G2C18H1_M": [[-0.07521184048521605, 0.0036848208788524267, 0.0011110152977110118]], "M_G2C18_M M_G2C18H2_M": [[-0.0747880895124049, 0.0043847516255495576, 0.001322052358258982]], "M_G2C19_M M_G2C19H1_M": [[-0.022123502527033476, 0.0018321026845017885, 0.0005523997438086645]], "M_G2C19_M M_G2C19H2_M": [[-0.024264973659801414, 0.0020513491245013286, 0.0006185050327268139]], "M_G2C19_M M_G2C19H3_M": [[-0.023428712068472846, 0.0020170404788416663, 0.000608160586843327]], "M_G3_M M_G3H1_M": [[-0.170915579661906, 0.03137435785023301, 0.009459724820687668]], "M_G3_M M_G3H2_M": [[-0.20602769963548606, 0.020135940378820126, 0.006071214457955739]], "M_G3C4_M M_G3C4H1_M": [[0.08386268386278994, 0.014433124791178439, 0.004351750862246865]], "M_G3C4_M M_G3C4H2_M": [[0.04657172663613531, 0.00965814019138611, 0.002912038835225365]], "M_G3C5_M M_G3C5H1_M": [[-0.014248842355122486, 0.010485009927497783, 0.0031613494411510566]]}