{"POPC": 0.9332970718626602, "POPG": 0.8686989473527689}