{"headgroup": 0.6718898756183737, "tails": 0.506592998055826, "total": 0.561691957243342}