{"sn-1": 0.7118540720787985, "sn-2": 0.45731999598916395, "headgroup": 0.5441118656582703, "total": 0.5710953112420776}