{"10.1039/c2cp42738a": {"M_G1_M M_G1H1_M": [-0.2706099900613136, 0.023274643944226646, 0.000727688026465811, -0.14991575, 0.02, 0.0006539695953835523], "M_G1_M M_G1H2_M": [0.012237614246680345, 0.027461028138121794, 0.0008585764585029804, 0.0, 0.02, 0.9564596710379698], "M_G1C3_M M_G1C3H1_M": [-0.2557506156309633, 0.013639935283366126, 0.0004264562590628228, -0.20987741, 0.02, 0.003185405574834266], "M_G1C3_M M_G1C3H2_M": [-0.24595848183285404, 0.015040976016964268, 0.0004702601758433903, -0.20987741, 0.02, 0.0066366299844848875], "M_G1C4_M M_G1C4H1_M": [-0.1756793695336083, 0.014742385082443861, 0.00046092464966381003, -0.18840908, 0.02, 0.9753642527108903], "M_G1C4_M M_G1C4H2_M": [-0.16604742988965596, 0.014948019712288308, 0.0004673538718819077, -0.18840908, 0.02, 0.05867619059084046], "M_G1C5_M M_G1C5H1_M": [-0.1996588630261027, 0.014511087006458367, 0.00045369305287364846, -0.18619612, 0.02, 0.9736288675267221], "M_G1C5_M M_G1C5H2_M": [-0.1955176265820576, 0.01449685907437011, 0.00045324821273573686, -0.18619612, 0.02, 0.981577451828187], "M_G1C6_M M_G1C6H1_M": [-0.18034974110158386, 0.015570798684483269, 0.0004868252245817359, -0.20173615, 0.02, 0.10374632605956835], "M_G1C6_M M_G1C6H2_M": [-0.1786764231624221, 0.015330626268216985, 0.00047931616914685394, -0.20173615, 0.02, 0.045919191925446814], "M_G1C7_M M_G1C7H1_M": [-0.19195506798042583, 0.01544136595565312, 0.00048277847537138506, -0.19581075, 0.02, 0.9840432155956863], "M_G1C7_M M_G1C7H2_M": [-0.19054850248483268, 0.015345134876710631, 0.0004797697847083554, -0.19581075, 0.02, 0.9835969847018832], "M_G1C8_M M_G1C8H1_M": [-0.17296543710498233, 0.016040676384715253, 0.000501516077734268, -0.19507116, 0.02, 0.07063355091200109], "M_G1C8_M M_G1C8H2_M": [-0.17261184725078335, 0.01598611483475428, 0.0004998101961445363, -0.19507116, 0.02, 0.060074629044368034], "M_G1C9_M M_G1C9H1_M": [-0.17262693886169514, 0.01615933732907327, 0.0005052260441949955, -0.18174699, 0.02, 0.9797073864876251], "M_G1C9_M M_G1C9H2_M": [-0.17245444316157924, 0.016149209431155914, 0.0005049093927323399, -0.18174699, 0.02, 0.9795151279948849], "M_G1C10_M M_G1C10H1_M": [-0.15185097796783004, 0.016545392104179848, 0.0005172961509634685, -0.17434532, 0.02, 0.06121619237864839], "M_G1C10_M M_G1C10H2_M": [-0.15141660648037358, 0.01623677388140677, 0.000507647118909561, -0.17434532, 0.02, 0.050867323326741196], "M_G1C11_M M_G1C11H1_M": [-0.14621386817963344, 0.015713440333023014, 0.0004912849542328725, -0.14991285, 0.02, 0.983811897670005], "M_G1C11_M M_G1C11H2_M": [-0.14574577098003444, 0.015904221332503087, 0.0004972497736875335, -0.14991285, 0.02, 0.983457961698835], "M_G1C12_M M_G1C12H1_M": [-0.12628000322860888, 0.015859993312190103, 0.000495866972692031, -0.13658578, 0.02, 0.9785246200820141], "M_G1C12_M M_G1C12H2_M": [-0.12565023855878069, 0.01579326580436474, 0.0004937807191451763, -0.13658578, 0.02, 0.9775970854332997], "M_G1C13_M M_G1C13H1_M": [-0.11775661198198603, 0.015218506023919312, 0.0004758106994393323, -0.11585704, 0.02, 0.9847196190377872], "M_G1C13_M M_G1C13H2_M": [-0.11755346381496146, 0.014931343573740485, 0.00046683248790808555, -0.11585704, 0.02, 0.985035391565926], "M_G1C14_M M_G1C14H1_M": [-0.09770735584885222, 0.015004610135944308, 0.0004691231867554576, -0.10623371, 0.02, 0.9817582868952177], "M_G1C14_M M_G1C14H2_M": [-0.09772628236799642, 0.015095057397457073, 0.0004719510448050664, -0.10623371, 0.02, 0.9816664510377339], "M_G1C15_M M_G1C15H1_M": [-0.08614787921225713, 0.014492250179324989, 0.00045310411438786915, -0.08994829, 0.02, 0.9850400183394805], "M_G1C15_M M_G1C15H2_M": [-0.0865290478260561, 0.014499369486393427, 0.00045332670144539194, -0.08994829, 0.02, 0.9851386456583012], "M_G1C16_M M_G1C16H1_M": [-0.06304478026015335, 0.015026622653168805, 0.00046981141404928964, -0.06699789, 0.02, 0.9844409069056784], "M_G1C16_M M_G1C16H2_M": [-0.062184021554238654, 0.014994135949683919, 0.0004687957084942682, -0.06699789, 0.02, 0.9841639466302772], "M_G1C17_M M_G1C17H1_M": [-0.02285890142175147, 0.014625090318657143, 0.0004572573972074775, -0.01813583, 0.02, 0.9845889102303715], "M_G1C17_M M_G1C17H2_M": [-0.022554231368824854, 0.014617499378468077, 0.0004570200644131096, -0.01813583, 0.02, 0.9847095454252697], "M_G1C17_M M_G1C17H3_M": [-0.02158234207868171, 0.01517960888080963, 0.00047459456975878936, -0.01813583, 0.02, 0.9844342211897434], "M_G2_M M_G2H1_M": [-0.2421049524622728, 0.030596004151681386, 0.0009565923299290485, -0.20691616, 0.02, 0.014504017894707344], "M_G2C3_M M_G2C3H1_M": [-0.11969675059714147, 0.01773072894372731, 0.0005543560272620906, -0.0795825, 0.02, 0.005835238097722351], "M_G2C3_M M_G2C3H2_M": [-0.10023977486062792, 0.024648133887335878, 0.0007706305603437446, -0.122519, 0.02, 0.0979818036233916], "M_G2C4_M M_G2C4H1_M": [-0.1744563254316217, 0.01637275345027543, 0.0005118985568411926, -0.180265, 0.02, 0.9822105016151362], "M_G2C4_M M_G2C4H2_M": [-0.1589682774554016, 0.0179963948645358, 0.000562662143999069, -0.180265, 0.02, 0.12597751290324993], "M_G2C5_M M_G2C5H1_M": [-0.166075316133395, 0.016983806317888563, 0.0005310032897155263, -0.186187, 0.02, 0.42979934082330085], "M_G2C5_M M_G2C5H2_M": [-0.16024571384026393, 0.016640062492462467, 0.0005202560462116714, -0.186187, 0.02, 0.0241977767628238], "M_G2C6_M M_G2C6H1_M": [-0.1716090743422553, 0.01681459571642286, 0.000525712874578232, -0.193592, 0.02, 0.07850676196583206], "M_G2C6_M M_G2C6H2_M": [-0.17007732962425437, 0.016629703736401345, 0.0005199321769068253, -0.193592, 0.02, 0.04294604058597896], "M_G2C7_M M_G2C7H1_M": [-0.14447108501705086, 0.01663558339785433, 0.0005201160061095087, -0.166198, 0.02, 0.08915124234261176], "M_G2C7_M M_G2C7H2_M": [-0.14487205958514773, 0.016610890129515558, 0.0005193439644083557, -0.166198, 0.02, 0.11482928701112023], "M_G2C8_M M_G2C8H1_M": [-0.1400898342812219, 0.016331982936433682, 0.0005106238557189503, -0.154356, 0.02, 0.9669846436958205], "M_G2C8_M M_G2C8H2_M": [-0.141784213543988, 0.01638626597038288, 0.0005123210294303817, -0.154356, 0.02, 0.9730747229820929], "M_G2C9_M M_G2C9H1_M": [-0.09939647024455524, 0.015300428457756195, 0.00047837202645017253, -0.1203, 0.02, 0.1512713439587349], "M_G2C9_M M_G2C9H2_M": [-0.09937734222560839, 0.01592064287413183, 0.000497763197619946, -0.1203, 0.02, 0.15360813736341813], "M_G2C10_M M_G2C10H1_M": [-0.07520473281573274, 0.015650591661222533, 0.0004893199735415209, -0.108455, 0.02, 0.00882466037862419], "M_G2C11_M M_G2C11H1_M": [0.028348637931956078, 0.01709933479042852, 0.000534615318599176, -0.0225792, 0.02, 0.0031025222187054382], "M_G2C12_M M_G2C12H1_M": [-0.030098621477083465, 0.016223108822085806, 0.0005072198771406798, -0.0581141, 0.02, 0.01675344665175193], "M_G2C12_M M_G2C12H2_M": [-0.03196778105008073, 0.016464930824631015, 0.0005147805073359179, -0.0581141, 0.02, 0.023047012396413064], "M_G2C13_M M_G2C13H1_M": [-0.07081889119285498, 0.015866782744638184, 0.0004960792461304906, -0.0995716, 0.02, 0.01478281578332348], "M_G2C13_M M_G2C13H2_M": [-0.0703044284279615, 0.016337050883956854, 0.0005107823064664765, -0.0995716, 0.02, 0.014226684923795021], "M_G2C14_M M_G2C14H1_M": [-0.07864013982950259, 0.015316215031144395, 0.00047886559792911955, -0.106234, 0.02, 0.016843376739317305], "M_G2C14_M M_G2C14H2_M": [-0.07743561019890643, 0.015238782557117051, 0.0004764446507238971, -0.106234, 0.02, 0.014112359974907226], "M_G2C15_M M_G2C15H1_M": [-0.08668075923520381, 0.014979120687053078, 0.0004683262522543839, -0.0943887, 0.02, 0.9824986498731385], "M_G2C15_M M_G2C15H2_M": [-0.08526711911920691, 0.01484135275795876, 0.0004640189007574862, -0.0943887, 0.02, 0.9813592464993107], "M_G2C16_M M_G2C16H1_M": [-0.08057184176499199, 0.01470509243712459, 0.00045975868503985703, -0.0943887, 0.02, 0.9720476389111629], "M_G2C16_M M_G2C16H2_M": [-0.08065995011266197, 0.015125387433968566, 0.0004728993215849207, -0.0943887, 0.02, 0.9715797649752459],