{"headgroup": 0.5441118656582703, "tails": 0.5845870340339812, "total": 0.5710953112420776}