{"POPC": 1.0001902858152902, "POPG": 0.8997450102933611}