{"10.1002/j.1460-2075.1987.tb02595.x": {"M_G1_M M_G1H1_M": [-0.17516083857079887, 0.04248714484875042, 0.0034806825271812467], "M_G1_M M_G1H2_M": [-0.03604423128994299, 0.040958218305380815, 0.003355427984335525], "M_G2_M M_G2H1_M": [-0.18941451187417252, 0.04187150352396554, 0.003430247224695806], "M_G3_M M_G3H1_M": [-0.20418206787336274, 0.03794449141732573, 0.0031085338576934012], "M_G3_M M_G3H2_M": [-0.23386084157879514, 0.029289069249122293, 0.002399454045117363], "M_G3C4_M M_G3C4H1_M": [0.045078756939482136, 0.02242079471819388, 0.0018367830716549132], "M_G3C4_M M_G3C4H2_M": [0.04662577345338539, 0.023869519107821625, 0.0019554671980566646], "M_G3C5_M M_G3C5H1_M": [-0.06968900180067436, 0.017693693066095865, 0.0014495238151612147, 0.015932538, 0.02, 0.0026619187998678795], "M_G3C5_M M_G3C5H2_M": [-0.07274074304202545, 0.019307294255356114, 0.0015817151752841629, 0.015932538, 0.02, 0.0026975646440431378], "M_G3N6C1_M M_G3N6C1H1_M": [0.01203564362529427, 0.010774253844856162, 0.000882661266948117], "M_G3N6C1_M M_G3N6C1H2_M": [0.012329005113535988, 0.010970280464300621, 0.0008987203933401509], "M_G3N6C1_M M_G3N6C1H3_M": [0.01054663986228658, 0.010452804760322128, 0.0008563271318609266], "M_G3N6C2_M M_G3N6C2H1_M": [0.012250976883787151, 0.010920594135162122, 0.0008946499306557835], "M_G3N6C2_M M_G3N6C2H2_M": [0.012277698631755209, 0.009164380789345667, 0.0007507753274423451], "M_G3N6C2_M M_G3N6C2H3_M": [0.009821731485502297, 0.009589593194127546, 0.000785610084942143], "M_G3N6C3_M M_G3N6C3H1_M": [0.012054211169081596, 0.010465440572426259, 0.000857362297922665], "M_G3N6C3_M M_G3N6C3H2_M": [0.012853264701808663, 0.011534055480719556, 0.0009449066422843046], "M_G3N6C3_M M_G3N6C3H3_M": [0.010330342556314095, 0.011220814014915537, 0.0009192449015226221]}}