{"M_G1_M M_G1H1_M": [[-0.026298085013478214, 0.039752329251134734, 0.003256637703751234]], "M_G1_M M_G1H2_M": [[-0.16056854544146715, 0.04647924426017159, 0.0038077280539533962]], "M_G1C3_M M_G1C3H1_M": [[-0.22378785669566592, 0.030495170119866574, 0.0024982616783853153]], "M_G1C3_M M_G1C3H2_M": [[-0.19473268093376514, 0.032534888869191265, 0.0026653619492181114]], "M_G1C4_M M_G1C4H1_M": [[-0.17291472788050583, 0.020661619014398454, 0.001692665782619837]], "M_G1C4_M M_G1C4H2_M": [[-0.1605636260047605, 0.020214253009857366, 0.0016560161315123246]], "M_G1C5_M M_G1C5H1_M": [[-0.20317465649736424, 0.02008771451951433, 0.001645649694465994]], "M_G1C5_M M_G1C5H2_M": [[-0.19836415777625366, 0.01890975002386081, 0.0015491470828582464]], "M_G1C6_M M_G1C6H1_M": [[-0.203342001372203, 0.01875972357162362, 0.0015368564369987532]], "M_G1C6_M M_G1C6H2_M": [[-0.200791292062639, 0.01826235287746361, 0.001496110242100094]], "M_G1C7_M M_G1C7H1_M": [[-0.21548974154234207, 0.018820365467881597, 0.001541824414712287]], "M_G1C7_M M_G1C7H2_M": [[-0.21346251525093904, 0.018486504162067957, 0.0015144734308374169]], "M_G1C8_M M_G1C8H1_M": [[-0.2074598115669996, 0.019360135412732966, 0.0015860440915681916]], "M_G1C8_M M_G1C8H2_M": [[-0.2057016224603429, 0.018290688889438567, 0.0014984316186511034]], "M_G1C9_M M_G1C9H1_M": [[-0.20671410014001873, 0.018955027554808244, 0.001552856362721689]], "M_G1C9_M M_G1C9H2_M": [[-0.20560272885260744, 0.019366221009468776, 0.0015865426430783298]], "M_G1C10_M M_G1C10H1_M": [[-0.1921942377900266, 0.01890038901896704, 0.0015483801994565353]], "M_G1C10_M M_G1C10H2_M": [[-0.19139317672781397, 0.01902963175607766, 0.0015589681770301624]], "M_G1C11_M M_G1C11H1_M": [[-0.1844330654879852, 0.018615853765325867, 0.0015250701632269523]], "M_G1C11_M M_G1C11H2_M": [[-0.18413157712825845, 0.018682247952402278, 0.001530509386965943]], "M_G1C12_M M_G1C12H1_M": [[-0.16609692711880175, 0.017790212945362954, 0.001457431031767239]], "M_G1C12_M M_G1C12H2_M": [[-0.16633053178351062, 0.01715215984230006, 0.001405159684865704]], "M_G1C13_M M_G1C13H1_M": [[-0.15413661382346683, 0.01608600469665708, 0.0013178168521120685]], "M_G1C13_M M_G1C13H2_M": [[-0.15491231872661654, 0.015971911623011273, 0.0013084699833279911]], "M_G1C14_M M_G1C14H1_M": [[-0.13484395141884237, 0.013879645598996028, 0.0011370648720189164]], "M_G1C14_M M_G1C14H2_M": [[-0.13430453060279907, 0.014110213758027686, 0.0011559537515923209]], "M_G1C15_M M_G1C15H1_M": [[-0.11789297764497561, 0.011775865666181762, 0.0009647165045480316]], "M_G1C15_M M_G1C15H2_M": [[-0.11772300530319238, 0.012200281263134572, 0.00099948598500702]], "M_G1C16_M M_G1C16H1_M": [[-0.09001302372196428, 0.009358109921695898, 0.0007666462363579219]], "M_G1C16_M M_G1C16H2_M": [[-0.08910575086821415, 0.009329512712572775, 0.0007643034617027798]], "M_G1C17_M M_G1C17H1_M": [[-0.029540102869634797, 0.004579671240878451, 0.00037518128660106714]], "M_G1C17_M M_G1C17H2_M": [[-0.02996652033711067, 0.005480777191172004, 0.0004490027624260793]], "M_G1C17_M M_G1C17H3_M": [[-0.0305224789148064, 0.004655802002517326, 0.0003814181616078664]], "M_G2_M M_G2H1_M": [[-0.1764220801245213, 0.042114848442987005, 0.003450182817231657]], "M_G2C3_M M_G2C3H1_M": [[-0.08450701904249999, 0.03408398699590923, 0.0027922690125604718]], "M_G2C3_M M_G2C3H2_M": [[-0.10415751766781324, 0.02801515635037054, 0.0022950910340555253]], "M_G2C4_M M_G2C4H1_M": [[-0.19382630160933279, 0.022999561511906068, 0.0018841974948494615]], "M_G2C4_M M_G2C4H2_M": [[-0.1913378980378667, 0.021603454072326896, 0.001769823916951725]], "M_G2C5_M M_G2C5H1_M": [[-0.19312464165188967, 0.020803675116036306, 0.0017043034719164596]], "M_G2C5_M M_G2C5H2_M": [[-0.19353526017058498, 0.020490597118923943, 0.001678655123031798]], "M_G2C6_M M_G2C6H1_M": [[-0.20245972746944096, 0.02284745121637248, 0.0018717361338953914]], "M_G2C6_M M_G2C6H2_M": [[-0.20002923254548383, 0.02146460993907547, 0.0017584493623580882]], "M_G2C7_M M_G2C7H1_M": [[-0.18248045094592835, 0.021307826201126888, 0.001745605138083511]], "M_G2C7_M M_G2C7H2_M": [[-0.1807932677356085, 0.021488764044402402, 0.0017604281437676285]], "M_G2C8_M M_G2C8H1_M": [[-0.17315117965262716, 0.020200617974175945, 0.001654899105865561]], "M_G2C8_M M_G2C8H2_M": [[-0.17222369236445664, 0.020083197516309256, 0.0016452796471449257]], "M_G2C9_M M_G2C9H1_M": [[-0.09991048072388407, 0.018984838915609904, 0.0015552986045579721]], "M_G2C9_M M_G2C9H2_M": [[-0.10035293571390085, 0.01864406305493548, 0.0015273811582772882]], "M_G2C10_M M_G2C10H1_M": [[-0.05469976533727103, 0.020454607117283113, 0.001675706707215428]], "M_G2C11_M M_G2C11H1_M": [[-0.04884291432786416, 0.01653627850742785, 0.001354704719987785]], "M_G2C12_M M_G2C12H1_M": [[-0.07877815688891139, 0.01740330739371326, 0.0014257344939534932]], "M_G2C12_M M_G2C12H2_M": [[-0.07875949559085055, 0.017675559435199877, 0.0014480382502347242]], "M_G2C13_M M_G2C13H1_M": [[-0.11896215699563742, 0.017139751678867464, 0.0014041431685098043]], "M_G2C13_M M_G2C13H2_M": [[-0.11956362053933191, 0.01763535838235488, 0.0014447448516618148]], "M_G2C14_M M_G2C14H1_M": [[-0.12636062373898013, 0.017055524508621314, 0.0013972430098657404]], "M_G2C14_M M_G2C14H2_M": [[-0.12640314303762884, 0.016569552105803357, 0.0013574305993777596]], "M_G2C15_M M_G2C15H1_M": [[-0.130505851569797, 0.01655966788547103, 0.0013566208524971911]], "M_G2C15_M M_G2C15H2_M": [[-0.13073639514912933, 0.016574795924784922, 0.0013578601897672718]], "M_G2C16_M M_G2C16H1_M": [[-0.11990274739428386, 0.014921381310443946, 0.0012224071867751912]], "M_G2C16_M M_G2C16H2_M": [[-0.11937417629650658, 0.015025485634208696, 0.0012309357452844043]], "M_G2C17_M M_G2C17H1_M": [[-0.10977370771001532, 0.012680109687048469, 0.0010387950611312807]], "M_G2C17_M M_G2C17H2_M": [[-0.10885202379932697, 0.013513319524552286, 0.0011070542706686417]], "M_G2C18_M M_G2C18H1_M": [[-0.08615507387827061, 0.00977627491366062, 0.0008009036473040307]], "M_G2C18_M M_G2C18H2_M": [[-0.08539160834006831, 0.010663119588836706, 0.0008735567939486896]], "M_G2C19_M M_G2C19H1_M": [[-0.028491713954728486, 0.004986578659120977, 0.000408516441173094]], "M_G2C19_M M_G2C19H2_M": [[-0.028608175688132155, 0.004946726968659198, 0.00040525166348180067]], "M_G2C19_M M_G2C19H3_M": [[-0.02853394077367568, 0.005288878021723768, 0.0004332817699127706]], "M_G3_M M_G3H1_M": [[-0.18778608760563606, 0.03765319347900878, 0.0030846698007483374]], "M_G3_M M_G3H2_M": [[-0.21066013851501533, 0.03149738162364562, 0.0025803660438860334]], "M_G3C4_M M_G3C4H1_M": [[0.03523350357387023, 0.019918280664115173, 0.0016317691321900342]], "M_G3C4_M M_G3C4H2_M": [[0.032382294499402595, 0.01868856654185316, 0.0015310270259830249]], "M_G3C5_M M_G3C5H1_M": [[0.027063299824705758, 0.02074783762594475, 0.0016997290864919927]], "M_G3C6_M M_G3C6H1_M": [[0.019743893155903625, 0.018854882755913824, 0.0015446521811288622]], "M_G3C6_M M_G3C6H2_M": [[0.013781485294729863, 0.01864312327268776, 0.0015273041683157213]]}