{"M_G1_M M_G1H1_M": [[-0.21668975033082055, 0.04843576504413507, 0.004297979140046272]], "M_G1_M M_G1H2_M": [[0.013163332806705572, 0.06578225100621474, 0.005837230863440935]], "M_G1C3_M M_G1C3H1_M": [[-0.21967993254404378, 0.02883055979253685, 0.002558298490201806]], "M_G1C3_M M_G1C3H2_M": [[-0.23057402404186064, 0.025284241169498303, 0.0022436135987401215]], "M_G1C4_M M_G1C4H1_M": [[-0.16502536844715848, 0.02644257077445799, 0.0023463987302411587]], "M_G1C4_M M_G1C4H2_M": [[-0.1693203801120996, 0.02267079276213345, 0.0020117075531102834]], "M_G1C5_M M_G1C5H1_M": [[-0.2089989404019641, 0.023952025075097468, 0.002125398536408572]], "M_G1C5_M M_G1C5H2_M": [[-0.20607322999138883, 0.021951821645601912, 0.0019479091830766405]], "M_G1C6_M M_G1C6H1_M": [[-0.20770365930265067, 0.023361801519907695, 0.0020730246650377355]], "M_G1C6_M M_G1C6H2_M": [[-0.20742544449806846, 0.021977589907901125, 0.0019501957466053952]], "M_G1C7_M M_G1C7H1_M": [[-0.22132562928494476, 0.02165370611970581, 0.001921455707830449]], "M_G1C7_M M_G1C7H2_M": [[-0.21992936696775023, 0.021296318434846275, 0.0018897426789759228]], "M_G1C8_M M_G1C8H1_M": [[-0.20993519924666887, 0.02087945233817016, 0.0018527517945318788]], "M_G1C8_M M_G1C8H2_M": [[-0.20962104490620212, 0.01975691956609976, 0.0017531431182989203]], "M_G1C9_M M_G1C9H1_M": [[-0.20904233211642376, 0.01915166764284011, 0.0016994356949048134]], "M_G1C9_M M_G1C9H2_M": [[-0.20947530751958188, 0.01906804920944551, 0.0016920157587868257]], "M_G1C10_M M_G1C10H1_M": [[-0.19186478472144133, 0.018894325267343567, 0.001676600251700267]], "M_G1C10_M M_G1C10H2_M": [[-0.19228330319981668, 0.01862122762519896, 0.0016523667546539458]], "M_G1C11_M M_G1C11H1_M": [[-0.18433471635814852, 0.01716451125459563, 0.001523104079271158]], "M_G1C11_M M_G1C11H2_M": [[-0.18317855558263135, 0.01788941886384143, 0.0015874292278501112]], "M_G1C12_M M_G1C12H1_M": [[-0.16317080739215342, 0.016343805504482587, 0.0014502782203033536]], "M_G1C12_M M_G1C12H2_M": [[-0.16282241271023717, 0.015693953738330612, 0.0013926132008183023]], "M_G1C13_M M_G1C13H1_M": [[-0.14940823951729398, 0.015276512150696295, 0.0013555712498094714]], "M_G1C13_M M_G1C13H2_M": [[-0.15005635615265112, 0.014793726515611614, 0.0013127309522149731]], "M_G1C14_M M_G1C14H1_M": [[-0.12563189339462583, 0.014520032837068115, 0.0012884445654908114]], "M_G1C14_M M_G1C14H2_M": [[-0.12639998816313364, 0.013633236656829268, 0.0012097541291847828]], "M_G1C15_M M_G1C15H1_M": [[-0.10796218116027442, 0.011691788686139574, 0.0010374784797363625]], "M_G1C15_M M_G1C15H2_M": [[-0.1079730969278466, 0.011706519638692865, 0.0010387856404001686]], "M_G1C16_M M_G1C16H1_M": [[-0.07675626788810647, 0.0092102054817808, 0.0008172735787318168]], "M_G1C16_M M_G1C16H2_M": [[-0.07754146371498252, 0.009641305739322594, 0.0008555275407058842]], "M_G1C17_M M_G1C17H1_M": [[-0.02340684000162569, 0.005034926458300328, 0.00044677747672042153]], "M_G1C17_M M_G1C17H2_M": [[-0.02441851847667598, 0.004700499998852016, 0.0004171019271491772]], "M_G1C17_M M_G1C17H3_M": [[-0.02404228584344914, 0.004867757443647214, 0.0004319436253879097]], "M_G2_M M_G2H1_M": [[-0.2095947340401598, 0.06170380182825834, 0.005475327020802694]], "M_G2C3_M M_G2C3H1_M": [[-0.21967993254404378, 0.02883055979253685, 0.002558298490201806]], "M_G2C3_M M_G2C3H2_M": [[-0.23057402404186064, 0.025284241169498303, 0.0022436135987401215]], "M_G2C4_M M_G2C4H1_M": [[-0.16502536844715848, 0.02644257077445799, 0.0023463987302411587]], "M_G2C4_M M_G2C4H2_M": [[-0.1693203801120996, 0.02267079276213345, 0.0020117075531102834]], "M_G2C5_M M_G2C5H1_M": [[-0.2089989404019641, 0.023952025075097468, 0.002125398536408572]], "M_G2C5_M M_G2C5H2_M": [[-0.20607322999138883, 0.021951821645601912, 0.0019479091830766405]], "M_G2C6_M M_G2C6H1_M": [[-0.20770365930265067, 0.023361801519907695, 0.0020730246650377355]], "M_G2C6_M M_G2C6H2_M": [[-0.20742544449806846, 0.021977589907901125, 0.0019501957466053952]], "M_G2C7_M M_G2C7H1_M": [[-0.22132562928494476, 0.02165370611970581, 0.001921455707830449]], "M_G2C7_M M_G2C7H2_M": [[-0.21992936696775023, 0.021296318434846275, 0.0018897426789759228]], "M_G2C8_M M_G2C8H1_M": [[-0.20993519924666887, 0.02087945233817016, 0.0018527517945318788]], "M_G2C8_M M_G2C8H2_M": [[-0.20962104490620212, 0.01975691956609976, 0.0017531431182989203]], "M_G2C9_M M_G2C9H1_M": [[-0.20904233211642376, 0.01915166764284011, 0.0016994356949048134]], "M_G2C9_M M_G2C9H2_M": [[-0.20947530751958188, 0.01906804920944551, 0.0016920157587868257]], "M_G2C10_M M_G2C10H1_M": [[-0.19186478472144133, 0.018894325267343567, 0.001676600251700267]], "M_G2C11_M M_G2C11H1_M": [[-0.18433471635814852, 0.01716451125459563, 0.001523104079271158]], "M_G2C12_M M_G2C12H1_M": [[-0.16317080739215342, 0.016343805504482587, 0.0014502782203033536]], "M_G2C12_M M_G2C12H2_M": [[-0.16282241271023717, 0.015693953738330612, 0.0013926132008183023]], "M_G2C13_M M_G2C13H1_M": [[-0.14940823951729398, 0.015276512150696295, 0.0013555712498094714]], "M_G2C13_M M_G2C13H2_M": [[-0.15005635615265112, 0.014793726515611614, 0.0013127309522149731]], "M_G2C14_M M_G2C14H1_M": [[-0.12563189339462583, 0.014520032837068115, 0.0012884445654908114]], "M_G2C14_M M_G2C14H2_M": [[-0.12639998816313364, 0.013633236656829268, 0.0012097541291847828]], "M_G2C15_M M_G2C15H1_M": [[-0.10796218116027442, 0.011691788686139574, 0.0010374784797363625]], "M_G2C15_M M_G2C15H2_M": [[-0.1079730969278466, 0.011706519638692865, 0.0010387856404001686]], "M_G2C16_M M_G2C16H1_M": [[-0.07675626788810647, 0.0092102054817808, 0.0008172735787318168]], "M_G2C16_M M_G2C16H2_M": [[-0.07754146371498252, 0.009641305739322594, 0.0008555275407058842]], "M_G2C17_M M_G2C17H1_M": [[-0.02340684000162569, 0.005034926458300328, 0.00044677747672042153]], "M_G2C17_M M_G2C17H2_M": [[-0.02441851847667598, 0.004700499998852016, 0.0004171019271491772]], "M_G2C18_M M_G2C18H1_M": [[-0.06995549166186191, 0.007519599225160395, 0.0006672565320646443]], "M_G2C18_M M_G2C18H2_M": [[-0.07023497556873934, 0.008961147870422329, 0.0007951732894659599]], "M_G2C19_M M_G2C19H1_M": [[-0.02311450163205575, 0.004576462148134913, 0.0004060953477243967]], "M_G2C19_M M_G2C19H2_M": [[-0.022863273048583044, 0.004174092824907589, 0.00037039084390888446]], "M_G2C19_M M_G2C19H3_M": [[-0.023124329185206058, 0.0047758987140418385, 0.00042379248122170727]], "M_G3_M M_G3H1_M": [[-0.12819724015135292, 0.07184917897499453, 0.006375583665966478]], "M_G3_M M_G3H2_M": [[-0.1432476674799355, 0.042384310177576025, 0.003760999353318373]], "M_G3C4_M M_G3C4H1_M": [[-0.03152035104645105, 0.026781500585550313, 0.0023764738876519533]], "M_G3C4_M M_G3C4H2_M": [[-0.03199905536500813, 0.026851785460912343, 0.002382710661818553]], "M_G3C5_M M_G3C5H1_M": [[-0.05623316667532351, 0.018336314955239214, 0.0016270848434235554]], "M_G3C5_M M_G3C5H2_M": [[-0.05888574271136952, 0.01673850908201032, 0.0014853024991842599]], "M_G3N6C1_M M_G3N6C1H1_M": [[0.009841367100987989, 0.004901838867826072, 0.00043496786274743786]], "M_G3N6C1_M M_G3N6C1H2_M": [[0.008888034909211785, 0.005003701193385397, 0.00044400668251237094]], "M_G3N6C1_M M_G3N6C1H3_M": [[0.00968805266276966, 0.005569267572449263, 0.0004941925833092932]], "M_G3N6C2_M M_G3N6C2H1_M": [[0.009474789185225034, 0.0047474626060269925, 0.0004212691846667639]], "M_G3N6C2_M M_G3N6C2H2_M": [[0.009756967492691712, 0.005071623877718417, 0.00045003384612036303]], "M_G3N6C2_M M_G3N6C2H3_M": [[0.009652606854411848, 0.004649400191095949, 0.00041256755244495135]], "M_G3N6C3_M M_G3N6C3H1_M": [[0.008885112812545835, 0.0052518708154935465, 0.00046602817547407126]], "M_G3N6C3_M M_G3N6C3H2_M": [[0.009445015316136621, 0.005183851975253913, 0.0004599924794091139]], "M_G3N6C3_M M_G3N6C3H3_M": [[0.009424467925073017, 0.004809816879317176, 0.0004268022316961595]]}