{"M_G1_M M_G1H1_M": [[-0.1693819415777846, 0.015365254378666099, 0.0009622095530623166]], "M_G1_M M_G1H2_M": [[-0.037054687930122676, 0.015566882013827655, 0.0009748359653515388]], "M_G1C3_M M_G1C3H1_M": [[-0.2210368314260966, 0.013942128208435267, 0.0008730899353545641]], "M_G1C3_M M_G1C3H2_M": [[-0.2402492946837719, 0.01236627905159342, 0.0007744064332445224]], "M_G1C4_M M_G1C4H1_M": [[-0.20333304365170465, 0.014617862090289922, 0.0009154060324672288]], "M_G1C4_M M_G1C4H2_M": [[-0.19749247325065336, 0.014787887538159135, 0.0009260534390230621]], "M_G1C5_M M_G1C5H1_M": [[-0.22608809041400818, 0.01486493177751994, 0.0009308781364406536]], "M_G1C5_M M_G1C5H2_M": [[-0.22607241884499685, 0.014096797326164335, 0.0008827756912148291]], "M_G1C6_M M_G1C6H1_M": [[-0.23290412916871234, 0.014830246909224886, 0.0009287060857347085]], "M_G1C6_M M_G1C6H2_M": [[-0.23245919460469597, 0.01387004152733306, 0.0008685756922775731]], "M_G1C7_M M_G1C7H1_M": [[-0.2264941071210611, 0.014891145932757295, 0.0009325197305186444]], "M_G1C7_M M_G1C7H2_M": [[-0.228847662309873, 0.014358555600333662, 0.0008991676301825651]], "M_G1C8_M M_G1C8H1_M": [[-0.20841000464861056, 0.014888845241720242, 0.000932375655657276]], "M_G1C8_M M_G1C8H2_M": [[-0.20936771905001705, 0.014805067126983462, 0.0009271292666063269]], "M_G1C9_M M_G1C9H1_M": [[-0.15411383318636201, 0.014338818374992611, 0.0008979316371878464]], "M_G1C9_M M_G1C9H2_M": [[-0.1557145310398348, 0.014496104969188493, 0.0009077813057825977]], "M_G1C10_M M_G1C10H1_M": [[-0.1144190380455414, 0.013080588728779796, 0.0008191382403656525]], "M_G1C11_M M_G1C11H1_M": [[-0.09089898030531118, 0.012451047625642378, 0.0007797148472635332]], "M_G1C12_M M_G1C12H1_M": [[-0.09128054415438946, 0.012981803307939306, 0.0008129520573521141]], "M_G1C12_M M_G1C12H2_M": [[-0.09166401177412567, 0.013191767394299897, 0.0008261005184655643]], "M_G1C13_M M_G1C13H1_M": [[-0.13807318602693994, 0.013352205998287556, 0.0008361475735700506]], "M_G1C13_M M_G1C13H2_M": [[-0.1389836640090235, 0.012587849824031456, 0.0007882817332340422]], "M_G1C14_M M_G1C14H1_M": [[-0.1360353787059247, 0.012405425189109908, 0.0007768578594660209]], "M_G1C14_M M_G1C14H2_M": [[-0.13602849707776576, 0.012576780373097597, 0.0007875885373276665]], "M_G1C15_M M_G1C15H1_M": [[-0.13823641812827697, 0.013823770552824138, 0.0008656780914566061]], "M_G1C15_M M_G1C15H2_M": [[-0.13916072035249438, 0.012464082119296269, 0.0007805310989183393]], "M_G1C16_M M_G1C16H1_M": [[-0.11630803218096905, 0.012919527018566926, 0.0008090521648357508]], "M_G1C16_M M_G1C16H2_M": [[-0.11545212667247842, 0.012284777817517394, 0.0007693026279913401]], "M_G1C17_M M_G1C17H1_M": [[-0.10448105693935839, 0.013302526125651503, 0.0008330364992677794]], "M_G1C17_M M_G1C17H2_M": [[-0.10375969618193885, 0.012698572712653115, 0.0007952154694774421]], "M_G1C18_M M_G1C18H1_M": [[-0.07368574607663796, 0.01350959197280892, 0.0008460034656021892]], "M_G1C18_M M_G1C18H2_M": [[-0.07490188288701101, 0.013788159555759027, 0.0008634480443174126]], "M_G1C19_M M_G1C19H1_M": [[-0.027489895413192553, 0.012972282167765263, 0.0008123558204265329]], "M_G1C19_M M_G1C19H2_M": [[-0.027421175348772985, 0.012688385926395044, 0.0007945775481771524]], "M_G1C19_M M_G1C19H3_M": [[-0.027689939799543956, 0.013273569854102591, 0.0008312231872054606]], "M_G2_M M_G2H1_M": [[-0.18007684543899077, 0.01404519201565355, 0.0008795440413157446]], "M_G2C3_M M_G2C3H1_M": [[-0.08135853168679799, 0.012976118140349914, 0.0008125960383477774]], "M_G2C3_M M_G2C3H2_M": [[-0.11276806563810671, 0.012921074999464415, 0.0008091491031597652]], "M_G2C4_M M_G2C4H1_M": [[-0.21568899259322843, 0.011686099255440584, 0.0007318119221788973]], "M_G2C4_M M_G2C4H2_M": [[-0.21817708124940777, 0.012668962358029914, 0.0007933611971441726]], "M_G2C5_M M_G2C5H1_M": [[-0.2212631642565281, 0.012942490250058027, 0.0008104901781719047]], "M_G2C5_M M_G2C5H2_M": [[-0.22273047375841679, 0.013346489800910922, 0.0008357896114050621]], "M_G2C6_M M_G2C6H1_M": [[-0.24005694789807236, 0.013856512212872502, 0.0008677284537418799]], "M_G2C6_M M_G2C6H2_M": [[-0.2390304120997158, 0.013393954160840436, 0.000838761944919929]], "M_G2C7_M M_G2C7H1_M": [[-0.22189301236458467, 0.014764002282991363, 0.0009245576863245795]], "M_G2C7_M M_G2C7H2_M": [[-0.2209902157938003, 0.013622760272224296, 0.0008530903394096598]], "M_G2C8_M M_G2C8H1_M": [[-0.2120336665338715, 0.01435329994814212, 0.0008988385084757812]], "M_G2C8_M M_G2C8H2_M": [[-0.21358918266046828, 0.014370276965290904, 0.000899901650528655]], "M_G2C9_M M_G2C9H1_M": [[-0.13318253961218027, 0.014983907014213031, 0.0009383286547661355]], "M_G2C9_M M_G2C9H2_M": [[-0.1335197316782816, 0.014459055376837842, 0.0009054611703121198]], "M_G2C10_M M_G2C10H1_M": [[-0.09068780423084115, 0.014588843281800153, 0.0009135888041897647]], "M_G2C11_M M_G2C11H1_M": [[-0.0688914673177407, 0.012704332224067593, 0.000795576144072695]], "M_G2C12_M M_G2C12H1_M": [[-0.10176328717354004, 0.013404641235533334, 0.0008394311954972624]], "M_G2C12_M M_G2C12H2_M": [[-0.10241054524863492, 0.013422118118318593, 0.0008405256403505202]], "M_G2C13_M M_G2C13H1_M": [[-0.15305270415499012, 0.014005081296902954, 0.0008770322106742939]], "M_G2C13_M M_G2C13H2_M": [[-0.15349924467210424, 0.013379804433216513, 0.0008378758546048952]], "M_G2C14_M M_G2C14H1_M": [[-0.1563160440756517, 0.013575946019726495, 0.0008501587172013482]], "M_G2C14_M M_G2C14H2_M": [[-0.15606627874445403, 0.012829535321832489, 0.0008034166661866435]], "M_G2C15_M M_G2C15H1_M": [[-0.15752597032458643, 0.012543334872503935, 0.0007854940988377411]], "M_G2C15_M M_G2C15H2_M": [[-0.15904571842566706, 0.012900729844182035, 0.0008078750401153926]], "M_G2C16_M M_G2C16H1_M": [[-0.13565941969279022, 0.011958705407630256, 0.0007488831816189401]], "M_G2C16_M M_G2C16H2_M": [[-0.13674634991463727, 0.01333996058998936, 0.000835380736356992]], "M_G2C17_M M_G2C17H1_M": [[-0.12039448272982392, 0.012885588260913832, 0.000806926837390589]], "M_G2C17_M M_G2C17H2_M": [[-0.12129544442204077, 0.013383194577718973, 0.0008380881536886681]], "M_G2C18_M M_G2C18H1_M": [[-0.08950823457890703, 0.013439026060650875, 0.0008415844567705944]], "M_G2C18_M M_G2C18H2_M": [[-0.08965776238043005, 0.013926547105132229, 0.000872114208817537]], "M_G2C19_M M_G2C19H1_M": [[-0.029183556714136263, 0.014084147265708514, 0.0008819835137007161]], "M_G2C19_M M_G2C19H2_M": [[-0.03238271082163922, 0.015061437370592736, 0.0009431837940122814]], "M_G2C19_M M_G2C19H3_M": [[-0.03063311856763938, 0.014600814627610665, 0.000914338478944117]], "M_G3_M M_G3H1_M": [[-0.20078276961059022, 0.013861684766411182, 0.0008680523716091659]], "M_G3_M M_G3H2_M": [[-0.22600314678223754, 0.011765265925246916, 0.0007367695313466016]], "M_G3C4_M M_G3C4H1_M": [[0.036844413255683064, 0.014968577367912416, 0.0009373686750774165]], "M_G3C4_M M_G3C4H2_M": [[0.037221846964260515, 0.015003075953230093, 0.0009395290602908169]], "M_G3C5_M M_G3C5H1_M": [[-0.05636000378811851, 0.012409138391362689, 0.0007770903892108613]], "M_G3C5_M M_G3C5H2_M": [[-0.05479781150669268, 0.013320856878991576, 0.0008341844155693237]], "M_G3N6C1_M M_G3N6C1H1_M": [[0.009167621115831507, 0.01516302576732228, 0.000949545506184725]], "M_G3N6C1_M M_G3N6C1H2_M": [[0.009662385690586278, 0.014314689612174919, 0.0008964206354488192]], "M_G3N6C1_M M_G3N6C1H3_M": [[0.007759605345123587, 0.014323827066349827, 0.0008969928450251197]], "M_G3N6C2_M M_G3N6C2H1_M": [[0.009315538187556654, 0.013375888555536557, 0.0008376306328324845]], "M_G3N6C2_M M_G3N6C2H2_M": [[0.009832265528960745, 0.014473323955556259, 0.000906354703371393]], "M_G3N6C2_M M_G3N6C2H3_M": [[0.007493488959745152, 0.013139308037045707, 0.0008228153860848355]], "M_G3N6C3_M M_G3N6C3H1_M": [[0.01024789639584733, 0.012728054040837147, 0.0007970616618616715]], "M_G3N6C3_M M_G3N6C3H2_M": [[0.009457973593166807, 0.01396973807479318, 0.000874818932253258]], "M_G3N6C3_M M_G3N6C3H3_M": [[0.007224158509825097, 0.013899556439927782, 0.00087042398779918]]}