{"M_G1_M M_G1H1_M": [[-0.21263959399810678, 0.11517786967506387, 0.010220383239684874]], "M_G1_M M_G1H2_M": [[-0.054285803091611115, 0.13366584115938612, 0.011860925423936158]], "M_G1C3_M M_G1C3H1_M": [[-0.27801484035107493, 0.05347876022099934, 0.0047454725997607295]], "M_G1C3_M M_G1C3H2_M": [[-0.24947400788390325, 0.05710187175344146, 0.00506697176002604]], "M_G1C4_M M_G1C4H1_M": [[-0.23431583728978378, 0.042739084642073155, 0.0037924804963629876]], "M_G1C4_M M_G1C4H2_M": [[-0.21719840939445811, 0.04533758338011236, 0.004023059973353852]], "M_G1C5_M M_G1C5H1_M": [[-0.2680460559561986, 0.03293594429418681, 0.002922592456321318]], "M_G1C5_M M_G1C5H2_M": [[-0.26007174943108535, 0.03858363010138773, 0.0034237435327369916]], "M_G1C6_M M_G1C6H1_M": [[-0.2716857322657444, 0.033769093891121024, 0.0029965225281370165]], "M_G1C6_M M_G1C6H2_M": [[-0.2661658195269103, 0.03739307162562994, 0.003318098551406571]], "M_G1C7_M M_G1C7H1_M": [[-0.28301988261526845, 0.03495417273117897, 0.003101681270426688]], "M_G1C7_M M_G1C7H2_M": [[-0.2872451953816756, 0.030580462462329875, 0.0027135772426903535]], "M_G1C8_M M_G1C8H1_M": [[-0.2820475901206786, 0.03212651128218594, 0.0028507668911077915]], "M_G1C8_M M_G1C8H2_M": [[-0.2798113858970791, 0.03572225055240253, 0.0031698371558667752]], "M_G1C9_M M_G1C9H1_M": [[-0.2838887584700759, 0.031428685895977325, 0.0027888449012189887]], "M_G1C9_M M_G1C9H2_M": [[-0.28298446008552675, 0.03347456217950674, 0.002970387064983976]], "M_G1C10_M M_G1C10H1_M": [[-0.27079427071052564, 0.03282841753167105, 0.002913050999055838]], "M_G1C10_M M_G1C10H2_M": [[-0.27078116951931086, 0.03404072735742049, 0.0030206261005866256]], "M_G1C11_M M_G1C11H1_M": [[-0.2642681713420255, 0.03061708559839087, 0.002716827020508249]], "M_G1C11_M M_G1C11H2_M": [[-0.26497435056117496, 0.03294407715390644, 0.002923314130922556]], "M_G1C12_M M_G1C12H1_M": [[-0.24525250390609804, 0.03195871766259632, 0.0028358776150496576]], "M_G1C12_M M_G1C12H2_M": [[-0.24552162098078983, 0.03271871789649152, 0.0029033167305201253]], "M_G1C13_M M_G1C13H1_M": [[-0.23112730868517994, 0.03147751269986016, 0.002793177579444931]], "M_G1C13_M M_G1C13H2_M": [[-0.23042545783643786, 0.030713851830342975, 0.002725413635089686]], "M_G1C14_M M_G1C14H1_M": [[-0.203474680227459, 0.029700477451135653, 0.0026354911999031732]], "M_G1C14_M M_G1C14H2_M": [[-0.20164473971286004, 0.032135111387166126, 0.0028515300270213744]], "M_G1C15_M M_G1C15H1_M": [[-0.17787407873731226, 0.02702741363433984, 0.0023982951421113283]], "M_G1C15_M M_G1C15H2_M": [[-0.17681571194878126, 0.028069356257505274, 0.0024907525990217234]], "M_G1C16_M M_G1C16H1_M": [[-0.13074178850037532, 0.02451755506373015, 0.0021755812080768953]], "M_G1C16_M M_G1C16H2_M": [[-0.13243883346705593, 0.022333311338410874, 0.001981760919295559]], "M_G1C17_M M_G1C17H1_M": [[-0.044280711540563164, 0.012590283965364504, 0.0011172070432063515]], "M_G1C17_M M_G1C17H2_M": [[-0.04522236959521528, 0.01341633392421034, 0.0011905071240148279]], "M_G1C17_M M_G1C17H3_M": [[-0.04481447352577819, 0.013383950782276208, 0.0011876335848357681]], "M_G2_M M_G2H1_M": [[-0.21050281946990274, 0.12390488975772572, 0.01099478104750039]], "M_G2C3_M M_G2C3H1_M": [[-0.08637532717657083, 0.08742962086453494, 0.0077581243189927965]], "M_G2C3_M M_G2C3H2_M": [[-0.14014226462778395, 0.08152817642810367, 0.007234455805430317]], "M_G2C4_M M_G2C4H1_M": [[-0.24143164713800702, 0.05449618827697047, 0.004835754740593586]], "M_G2C4_M M_G2C4H2_M": [[-0.24956743102996093, 0.05736966957326663, 0.005090734973888971]], "M_G2C5_M M_G2C5H1_M": [[-0.24493630035543298, 0.04044404765449916, 0.003588828895335534]], "M_G2C5_M M_G2C5H2_M": [[-0.25165625163414973, 0.039049522510538705, 0.0034650847989317586]], "M_G2C6_M M_G2C6H1_M": [[-0.2644555289645004, 0.039866662988419475, 0.0035375942911472485]], "M_G2C6_M M_G2C6H2_M": [[-0.2637938795325353, 0.03736027971835451, 0.003315188740168869]], "M_G2C7_M M_G2C7H1_M": [[-0.24184811522770855, 0.035843954876844615, 0.003180636668318553]], "M_G2C7_M M_G2C7H2_M": [[-0.2409952054878387, 0.03610216281990554, 0.0032035489182243586]], "M_G2C8_M M_G2C8H1_M": [[-0.2332568324318357, 0.034099123767702764, 0.003025807944065677]], "M_G2C8_M M_G2C8H2_M": [[-0.23223212582289018, 0.033894075727331635, 0.003007612872729043]], "M_G2C9_M M_G2C9H1_M": [[-0.13840458512910836, 0.033352973937270346, 0.0029595978531622835]], "M_G2C9_M M_G2C9H2_M": [[-0.13549591728096336, 0.03577696778523937, 0.0031746925251402765]], "M_G2C10_M M_G2C10H1_M": [[-0.0808347360286279, 0.038441481404747985, 0.003411129875610162]], "M_G2C11_M M_G2C11H1_M": [[-0.06920248084062705, 0.03910488999784364, 0.0034699978689587633]], "M_G2C12_M M_G2C12H1_M": [[-0.12328897619902132, 0.03959810512264401, 0.003513763634112172]], "M_G2C12_M M_G2C12H2_M": [[-0.12511231210872842, 0.03712290140921109, 0.0032941248213876084]], "M_G2C13_M M_G2C13H1_M": [[-0.1905603595583732, 0.03435294934646167, 0.00304833132202248]], "M_G2C13_M M_G2C13H2_M": [[-0.18926415388255835, 0.037225084739904546, 0.0033031921257520745]], "M_G2C14_M M_G2C14H1_M": [[-0.20294228016589172, 0.032011412717226524, 0.0028405535450236725]], "M_G2C14_M M_G2C14H2_M": [[-0.20225046749679626, 0.0332579477169308, 0.002951165639643933]], "M_G2C15_M M_G2C15H1_M": [[-0.2085882740095592, 0.032601931232832046, 0.0028929535898990027]], "M_G2C15_M M_G2C15H2_M": [[-0.20764705826254226, 0.032772196344705205, 0.0029080621754337134]], "M_G2C16_M M_G2C16H1_M": [[-0.19167117846749995, 0.031247375532278344, 0.0027727562080736992]], "M_G2C16_M M_G2C16H2_M": [[-0.19199559622583554, 0.02959862571465566, 0.0026264533197670873]], "M_G2C17_M M_G2C17H1_M": [[-0.17328870746579642, 0.027885615462467987, 0.0024744482399695605]], "M_G2C17_M M_G2C17H2_M": [[-0.1734886047695598, 0.02714335170401984, 0.002408582982193297]], "M_G2C18_M M_G2C18H1_M": [[-0.13245184967337226, 0.023039185171273648, 0.0020443970933372874]], "M_G2C18_M M_G2C18H2_M": [[-0.1338657917386887, 0.023191972951260943, 0.0020579548164503837]], "M_G2C19_M M_G2C19H1_M": [[-0.046258754187505045, 0.012609738921718142, 0.0011189333914224321]], "M_G2C19_M M_G2C19H2_M": [[-0.04627354724099253, 0.012517589045143121, 0.0011107564121403586]], "M_G2C19_M M_G2C19H3_M": [[-0.04412192549388447, 0.013202624182298383, 0.0011715434509537066]], "M_G3_M M_G3H1_M": [[-0.22494476020819318, 0.11609345605253195, 0.010301628392882777]], "M_G3_M M_G3H2_M": [[-0.23182368802758907, 0.10722878416173888, 0.009515015962269448]], "M_G3C4_M M_G3C4H1_M": [[0.058868481514091395, 0.19859461548421495, 0.01762242247849083]], "M_G3C4_M M_G3C4H2_M": [[-0.0552381071477404, 0.13301775154315545, 0.011803416769971431]], "M_G3C5_M M_G3C5H1_M": [[-0.06415389486022405, 0.14936542382829446, 0.01325403811157338]]}