{"M_G3C5_M M_G3C5H1_M": [-0.01311345057593508, 0.012000281403775504, 0.001003513944174394, 6.90328772297344], "M_G3C5_M M_G3C5H2_M": [-0.0035702960817604514, 0.013542166245050518, 0.0011324528320611222, -12.019051851969007], "M_G3C4_M M_G3C4H1_M": [0.07625013686392504, 0.015571568479368181, 0.0013021599724149905, 6.643730876065072], "M_G3C4_M M_G3C4H2_M": [0.05197059130212342, 0.014663447405295205, 0.0012262190731837323, -17.555218279865446], "M_G3_M M_G3H1_M": [-0.2044283743041764, 0.02737120000996633, 0.0022888947312640347, 6.079686227886718], "M_G3_M M_G3H2_M": [-0.2145958225563225, 0.018562496752594318, 0.0015522739595139566, 6.468034352493602], "M_G2_M M_G2H1_M": [-0.19808383984016936, 0.028891635423463017, 0.002416039927890878, 6.025625065858208], "M_G1_M M_G1H1_M": [-0.17782625885237446, 0.036796581038849585, 0.003077084688931638, -1000], "M_G1_M M_G1H2_M": [-0.025913244038772258, 0.03030330334142372, 0.002534089529608676, 1.3537224338796838]}