{"M_G1_M M_G1H1_M": [[-0.08334520900592798, 0.033519775096290894, 0.00237615385618671]], "M_G1_M M_G1H2_M": [[-0.1489528299028571, 0.025336585138023546, 0.0017960629003438424]], "M_G1C3_M M_G1C3H1_M": [[-0.2170217472857725, 0.01606229565793788, 0.0011386259501199164]], "M_G1C3_M M_G1C3H2_M": [[-0.2194665931424305, 0.015054023633176527, 0.0010671514413310142]], "M_G1C4_M M_G1C4H1_M": [[-0.17001334543776395, 0.014775008823029146, 0.0010473726058477695]], "M_G1C4_M M_G1C4H2_M": [[-0.1786521938717928, 0.014721985492861146, 0.0010436138816294648]], "M_G1C5_M M_G1C5H1_M": [[-0.20246098105243646, 0.013942696924495372, 0.0009883715796902299]], "M_G1C5_M M_G1C5H2_M": [[-0.20686546350937438, 0.013938284448020814, 0.0009880587875261942]], "M_G1C6_M M_G1C6H1_M": [[-0.1823203522544915, 0.014022592151471374, 0.000994035202167546]], "M_G1C6_M M_G1C6H2_M": [[-0.18163043637976145, 0.014257201609557969, 0.0010106662257030239]], "M_G1C7_M M_G1C7H1_M": [[-0.19178016710792792, 0.01346084099244195, 0.0009542137183147853]], "M_G1C7_M M_G1C7H2_M": [[-0.19062739900573128, 0.01399343736338054, 0.0009919684740361868]], "M_G1C8_M M_G1C8H1_M": [[-0.17258838530034468, 0.012938302683950718, 0.0009171719597361571]], "M_G1C8_M M_G1C8H2_M": [[-0.1731297266987456, 0.014476898259372813, 0.001026240108288728]], "M_G1C9_M M_G1C9H1_M": [[-0.16912393353103305, 0.014149767215020186, 0.0010030504033970954]], "M_G1C9_M M_G1C9H2_M": [[-0.16955408846653497, 0.013687291913572057, 0.0009702663984993812]], "M_G1C10_M M_G1C10H1_M": [[-0.1494932683433412, 0.015386702457547367, 0.00109073441792109]], "M_G1C10_M M_G1C10H2_M": [[-0.149211111427413, 0.014142936031608119, 0.0010025661536442174]], "M_G1C11_M M_G1C11H1_M": [[-0.13982351508083785, 0.01441462189682972, 0.0010218254539964197]], "M_G1C11_M M_G1C11H2_M": [[-0.14100612318861624, 0.013985196902583472, 0.0009913843232582217]], "M_G1C12_M M_G1C12H1_M": [[-0.12026931435858094, 0.013878317823990627, 0.0009838078662559142]], "M_G1C12_M M_G1C12H2_M": [[-0.12219612621279358, 0.013818333335427396, 0.000979555678602463]], "M_G1C13_M M_G1C13H1_M": [[-0.10920058584045825, 0.01294093751780493, 0.0009173587381559142]], "M_G1C13_M M_G1C13H2_M": [[-0.11069250877130454, 0.012662497922526139, 0.0008976206785735879]], "M_G1C14_M M_G1C14H1_M": [[-0.09144479418077563, 0.012793253195133546, 0.0009068896740943011]], "M_G1C14_M M_G1C14H2_M": [[-0.091673079449823, 0.01214117234704401, 0.0008606648883586444]], "M_G1C15_M M_G1C15H1_M": [[-0.07760706080259784, 0.011789167959072925, 0.0008357119588873279]], "M_G1C15_M M_G1C15H2_M": [[-0.07805742932324251, 0.009924945277442436, 0.0007035607167915187]], "M_G1C16_M M_G1C16H1_M": [[-0.05683084271797089, 0.010823454337413541, 0.000767254335305841]], "M_G1C16_M M_G1C16H2_M": [[-0.0554638680136833, 0.009778895596972757, 0.0006932075294432758]], "M_G1C17_M M_G1C17H1_M": [[-0.017862372186320565, 0.009678754799625051, 0.0006861087365338421]], "M_G1C17_M M_G1C17H2_M": [[-0.01803327651307737, 0.010831183044576732, 0.000767802208830541]], "M_G1C17_M M_G1C17H3_M": [[-0.01827315899272193, 0.01071166245870741, 0.0007593296191371064]], "M_G2_M M_G2H1_M": [[-0.018294894379813464, 0.039767606370368816, 0.002819050872412422]], "M_G2C3_M M_G2C3H1_M": [[-0.1464509689885849, 0.01988909234155894, 0.0014099003745606368]], "M_G2C3_M M_G2C3H2_M": [[-0.1082649569855441, 0.02199642025318776, 0.0015592848894949505]], "M_G2C4_M M_G2C4H1_M": [[-0.18728060334790478, 0.016181279130659493, 0.0011470604648718139]], "M_G2C4_M M_G2C4H2_M": [[-0.1520154491742514, 0.01890476815968561, 0.0013401234833441155]], "M_G2C5_M M_G2C5H1_M": [[-0.17949211935632903, 0.01650547823440304, 0.0011700423300042486]], "M_G2C5_M M_G2C5H2_M": [[-0.17245686534573543, 0.01601549236480928, 0.0011353081526367804]], "M_G2C6_M M_G2C6H1_M": [[-0.1798329355778715, 0.015892801094210266, 0.0011266107990621573]], "M_G2C6_M M_G2C6H2_M": [[-0.17747615904723754, 0.015652835155996806, 0.0011096000647179858]], "M_G2C7_M M_G2C7H1_M": [[-0.1593826605896436, 0.01577155962953492, 0.001118016219504554]], "M_G2C7_M M_G2C7H2_M": [[-0.1607901428527716, 0.01533578893339995, 0.0010871252538862059]], "M_G2C8_M M_G2C8H1_M": [[-0.15591951473093993, 0.015270469592946243, 0.0010824948886090885]], "M_G2C8_M M_G2C8H2_M": [[-0.15648149344378218, 0.014961113715329486, 0.0010605652318789508]], "M_G2C9_M M_G2C9H1_M": [[-0.11356009201134924, 0.01614397278480831, 0.0011444158881316695]], "M_G2C9_M M_G2C9H2_M": [[-0.11563914507682385, 0.015456766452219035, 0.0010957011228181451]], "M_G2C10_M M_G2C10H1_M": [[-0.08894743771006654, 0.017838019596344696, 0.0012645036826419136]], "M_G2C11_M M_G2C11H1_M": [[-0.0015321567063197982, 0.02368343156738293, 0.0016788739508218872]], "M_G2C12_M M_G2C12H1_M": [[-0.05337543420736, 0.018143057567901372, 0.0012861272511269532]], "M_G2C12_M M_G2C12H2_M": [[-0.05367221686384498, 0.018286299258025007, 0.0012962813853171805]], "M_G2C13_M M_G2C13H1_M": [[-0.08868322443000885, 0.013741808470936315, 0.0009741309747871092]], "M_G2C13_M M_G2C13H2_M": [[-0.08676008501579341, 0.014029442877563284, 0.0009945208372642675]], "M_G2C14_M M_G2C14H1_M": [[-0.08401373904705768, 0.013013994732626868, 0.000922537626803667]], "M_G2C14_M M_G2C14H2_M": [[-0.08345767012462911, 0.014537568544661634, 0.0010305409107831019]], "M_G2C15_M M_G2C15H1_M": [[-0.09125849312817419, 0.012239426586862676, 0.0008676299467506277]], "M_G2C15_M M_G2C15H2_M": [[-0.09074914784554952, 0.012844543730237046, 0.0009105255637272703]], "M_G2C16_M M_G2C16H1_M": [[-0.07883676177402144, 0.012435381715690438, 0.0008815208375357265]], "M_G2C16_M M_G2C16H2_M": [[-0.07972810110933144, 0.011784946034740151, 0.0008354126746064808]], "M_G2C17_M M_G2C17H1_M": [[-0.0724619624490025, 0.011275899977917054, 0.0007993273563899309]], "M_G2C17_M M_G2C17H2_M": [[-0.07257026681427134, 0.009469852972238105, 0.0006713000786211919]], "M_G2C18_M M_G2C18H1_M": [[-0.05239143017748184, 0.010645643883003786, 0.0007546496863873344]], "M_G2C18_M M_G2C18H2_M": [[-0.053445510973726, 0.010020365631621444, 0.0007103248863567923]], "M_G2C19_M M_G2C19H1_M": [[-0.018585092155665693, 0.009849587489702211, 0.0006982187448535133]], "M_G2C19_M M_G2C19H2_M": [[-0.01877271969645636, 0.009129437141953429, 0.0006471686402235805]], "M_G2C19_M M_G2C19H3_M": [[-0.017204328031212107, 0.009319262405492305, 0.0006606249963794267]], "M_G3_M M_G3H1_M": [[-0.008159144872589423, 0.037679220783637356, 0.0026710091432879985]], "M_G3_M M_G3H2_M": [[-0.01307020580398177, 0.03224405502202768, 0.0022857204578370064]], "M_G3C4_M M_G3C4H1_M": [[0.04684508848213987, 0.016076215182356954, 0.0011396126790442502]], "M_G3C4_M M_G3C4H2_M": [[0.04382083601408599, 0.01577048598284099, 0.0011179401107083392]], "M_G3C5_M M_G3C5H1_M": [[-0.021739423140552345, 0.015422938512195143, 0.0010933031237294363]], "M_G3C5_M M_G3C5H2_M": [[-0.051891846348386325, 0.0134257945756309, 0.0009517293436967612]], "M_G3N6C1_M M_G3N6C1H1_M": [[0.014625552350063985, 0.011866774884387593, 0.0008412133679607332]], "M_G3N6C1_M M_G3N6C1H2_M": [[0.012690320402851944, 0.011820830895494037, 0.0008379564849397579]], "M_G3N6C1_M M_G3N6C1H3_M": [[0.013980041464568473, 0.01226068592924002, 0.0008691369815748414]], "M_G3N6C2_M M_G3N6C2H1_M": [[0.014657182939205544, 0.01058837045944475, 0.0007505896810365861]], "M_G3N6C2_M M_G3N6C2H2_M": [[0.012744536503949013, 0.012124187685699067, 0.0008594608776385581]], "M_G3N6C2_M M_G3N6C2H3_M": [[0.012413782198365782, 0.01157732529778037, 0.0008206948307864039]], "M_G3N6C3_M M_G3N6C3H1_M": [[0.013828942775525963, 0.012230323386738776, 0.0008669846380033015]], "M_G3N6C3_M M_G3N6C3H2_M": [[0.01219966134852593, 0.012785058514445061, 0.00090630876858219]], "M_G3N6C3_M M_G3N6C3H3_M": [[0.012442931507731021, 0.011589632564217184, 0.0008215672697726127]]}