{"-24.822265625": [-1.2031463877981337e-09, -2.816537462679732e-12, 0.0], "-23.26238341253935": [-6.631213272384894e-09, -9.064437538870423e-13, 0.0], "-21.7025012000787": [-2.952820295988681e-08, -2.5091248872641144e-13, 0.0], "-20.14261898761805": [-9.905943023957142e-08, -1.5235484471207212e-12, 0.0], "-18.582736775157404": [-2.4228058817107735e-07, 3.6619220450726746e-13, 0.0], "-17.022854562696754": [-4.0593683634559696e-07, -7.911640381061863e-13, 0.0], "-15.462972350236104": [-4.681892435912497e-07, -5.6127218681947615e-12, 0.0], "-13.903090137775456": [-4.2408812046492457e-07, -2.4632246727462863e-11, 0.0], "-12.343207925314806": [-3.8095294691865856e-07, -1.4457688321046827e-10, 0.0], "-10.783325712854156": [-3.61435645712069e-07, -6.302145044146085e-10, 0.0], "-9.223443500393508": [-3.2965871992584085e-07, -2.0938972833133615e-09, 0.0], "-7.663561287932858": [-2.758841528046225e-07, -5.912917249539774e-09, 0.0], "-6.103679075472208": [-1.7516912494846607e-07, -1.3483634967747746e-08, 0.0], "-4.543796863011558": [2.0007664807666097e-08, -2.4655090347526657e-08, 0.0], "-2.9839146505509113": [3.908560904691563e-07, -4.410757602239206e-08, 0.0], "-1.4240324380902614": [8.849542192970525e-07, -7.841321773458796e-08, 0.0], "0.1358497743703886": [1.2165373114968056e-06, -1.2918745700738819e-07, 0.0], "1.6957319868310385": [1.194938223564393e-06, -1.8989922851889607e-07, 0.0], "3.2556141992916885": [9.815457565238662e-07, -2.535345953878924e-07, 0.0], "4.815496411752335": [8.064640557715081e-07, -3.1656562983973624e-07, 0.0], "6.375378624212985": [5.49783745600313e-07, -3.6392808060398613e-07, 0.0], "7.935260836673635": [2.1484254046282255e-07, -3.953599253535458e-07, 0.0], "9.495143049134285": [-3.1582537319387106e-09, -4.380048942154046e-07, 0.0], "11.055025261594935": [-5.787721214941809e-08, -4.988143875929877e-07, 0.0], "12.614907474055585": [-3.5783966968892534e-08, -5.511578360126499e-07, 0.0], "14.174789686516235": [-1.2591265922775722e-08, -5.776058097435982e-07, 0.0], "15.734671898976885": [-2.6468823565532017e-09, -5.850061285735596e-07, 0.0], "17.294554111437527": [-4.565119079280823e-10, -5.851977107608789e-07, 0.0], "18.854436323898177": [-2.4841801804030587e-11, -5.886438993553511e-07, 0.0], "20.414318536358827": [-1.2342093864673578e-12, -5.863827090603139e-07, 0.0], "21.974200748819477": [0.0, -5.863636330353681e-07, 0.0], "23.534082961280127": [0.0, -5.873919751564008e-07, 0.0], "25.093965173740777": [0.0, -5.864765897346163e-07, 0.0], "26.653847386201427": [0.0, -5.872604776361988e-07, 0.0], "28.213729598662077": [0.0, -5.876503995514656e-07, 0.0], "29.773611811122727": [0.0, -5.861926859171717e-07, 0.0], "31.333494023583377": [0.0, -5.869954927180988e-07, 0.0], "32.89337623604403": [0.0, -5.861603519107901e-07, 0.0], "34.45325844850467": [0.0, -5.865596140882266e-07, 0.0], "36.01314066096532": [0.0, -5.898641955547654e-07, 0.0], "37.57302287342597": [0.0, -5.851552925473811e-07, 0.0], "39.13290508588662": [0.0, -5.865551647471044e-07, 0.0], "40.69278729834727": [0.0, -5.871054443291634e-07, 0.0], "42.25266951080792": [0.0, -5.864924463943915e-07, 0.0], "43.81255172326857": [0.0, -5.881218424621299e-07, 0.0], "45.37243393572922": [0.0, -5.861947088482294e-07, 0.0], "46.93231614818987": [0.0, -5.85539974120314e-07, 0.0], "48.49219836065052": [0.0, -5.875491535128368e-07, 0.0], "50.05208057311117": [0.0, -5.869756405089639e-07, 0.0], "51.61196278557182": [0.0, -5.869898327771375e-07, 0.0]}