{"M_C3_M M_C3H3_M": [[-0.4196456700310803, 0.005010073776122787, 0.0008022538641978233]], "M_C4_M M_C4H41_M": [[-0.3765286424198951, 0.0072759983694940245, 0.0011650921859959022]], "M_C4_M M_C4H42_M": [[-0.1890432654289497, 0.01693669407423938, 0.0027120415536695114]], "M_C6_M M_C6H6_M": [[-0.052101285709250524, 0.019009791902033717, 0.0030440028814915547]], "M_C7_M M_C7H71_M": [[-0.3139123640925662, 0.01214358207233954, 0.0019445293778242846]], "M_C7_M M_C7H72_M": [[-0.3797075397823341, 0.007361388905657374, 0.001178765614904166]], "M_C8_M M_C8H8_M": [[-0.45640811188501634, 0.0031688131740866773, 0.0005074162033197378]], "M_C14_M M_C14H14_M": [[-0.45184942096603004, 0.004466542200679625, 0.0007152191564873394]], "M_C15_M M_C15H151_M": [[-0.4216230459165544, 0.006214443199300132, 0.0009951073164305092]], "M_C15_M M_C15H152_M": [[-0.354335135010637, 0.009871780964002323, 0.0015807500605338953]], "M_C16_M M_C16H161_M": [[-0.07355557083781677, 0.01609393633081173, 0.0025770923121095]], "M_C16_M M_C16H162_M": [[-0.20940533122035082, 0.013786771756264795, 0.0022076503082628005]], "M_C17_M M_C17H17_M": [[-0.4457340461767748, 0.0041575793053703096, 0.0006657454984671842]], "M_C18_M M_C18H181_M": [[0.12968492537007817, 0.016641464600435217, 0.0026647670030804033]], "M_C18_M M_C18H182_M": [[0.12921123499235668, 0.015048648535517198, 0.002409712307253997]], "M_C18_M M_C18H183_M": [[0.1307124013240047, 0.015773566948844145, 0.0025257921544393543]], "M_C12_M M_C12H121_M": [[-0.1062261476239051, 0.01753469731240789, 0.0028077987081668986]], "M_C12_M M_C12H122_M": [[-0.4492115988694437, 0.003358951774189986, 0.0005378627463213644]], "M_C11_M M_C11H111_M": [[-0.45379824937197666, 0.003194065621475892, 0.0005114598310992329]], "M_C11_M M_C11H112_M": [[-0.24063154695610836, 0.013199670862921679, 0.0021136389261144496]], "M_C9_M M_C9H9_M": [[-0.45361923708011087, 0.003946575429999269, 0.0006319578374583008]], "M_C19_M M_C19H191_M": [[0.13363504675149732, 0.016232655949069356, 0.0025993052284776406]], "M_C19_M M_C19H192_M": [[0.13207450233958412, 0.01998138360930351, 0.0031995820678289992]], "M_C19_M M_C19H193_M": [[0.12699077220109176, 0.018955488900129453, 0.003035307442050551]], "M_C1_M M_C1H11_M": [[-0.24165782948760964, 0.013997405353377191, 0.0022413786772977327]], "M_C1_M M_C1H12_M": [[-0.4045552973966708, 0.005854282637566935, 0.0009374354706067693]], "M_C2_M M_C2H21_M": [[-0.24141225321407753, 0.013071606515507758, 0.002093132218594805]], "M_C2_M M_C2H22_M": [[-0.389418342251559, 0.006789898613862602, 0.0010872539295615387]], "M_C20_M M_C20H20_M": [[-0.43243097291678734, 0.004449755910498438, 0.0007125311988313894]], "M_C21_M M_C21H211_M": [[0.11689445562255937, 0.014527616459120192, 0.0023262804027873135]], "M_C21_M M_C21H212_M": [[0.11952690474238337, 0.01496383667208888, 0.0023961315401424513]], "M_C21_M M_C21H213_M": [[0.12387151163734318, 0.015245447559726706, 0.0024412253716713083]], "M_C22_M M_C22H221_M": [[-0.33774416722268935, 0.02942791547863251, 0.004712237775925571]], "M_C22_M M_C22H222_M": [[-0.40750851847944675, 0.008773152061410331, 0.0014048286426449307]], "M_C23_M M_C23H231_M": [[-0.27924740589280583, 0.029406400890400676, 0.00470879268463213]], "M_C23_M M_C23H232_M": [[-0.3974221824737326, 0.009859278745236932, 0.0015787481033245258]], "M_C24_M M_C24H241_M": [[-0.28415511794167736, 0.01770057285777721, 0.0028343600530083]], "M_C24_M M_C24H242_M": [[-0.3572439139559346, 0.013155990425867925, 0.0021066444583716327]], "M_C25_M M_C25H25_M": [[-0.27965066082762374, 0.012505950191211998, 0.0020025547156971536]], "M_C26_M M_C26H261_M": [[0.018054550109249463, 0.019142694178198208, 0.0030652842776102687]], "M_C26_M M_C26H262_M": [[0.023293838447302668, 0.017453026579300424, 0.002794720924454492]], "M_C26_M M_C26H263_M": [[0.01918289086287215, 0.020576970823534227, 0.003294952348873679]], "M_C27_M M_C27H271_M": [[0.017251956838607318, 0.01766900336674959, 0.002829304888693481]], "M_C27_M M_C27H272_M": [[0.009731868529408657, 0.01697075575010273, 0.002717495786941017]], "M_C27_M M_C27H273_M": [[0.007534064517406952, 0.019416528376482254, 0.003109132842230189]]}