{"sn-1": 0.14720879277272533, "sn-2": 0.20632744720205937, "headgroup": 0.4766026782838661, "total": 0.2767129727528836}