{"headgroup": 0.4766026782838661, "tails": 0.17676811998739234, "total": 0.2767129727528836}