{"headgroup": 0.33991917999999993, "sn-1": 0.64692474, "sn-2": 0.21507385999999995}