{"10.1039/c2cp42738a": {"M_G1_M M_G1H1_M": [-0.1713765056857131, 0.047488895017462535, 0.0014847531234896249, 0.0, 0.02, Infinity], "M_G1_M M_G1H2_M": [-0.030825157751926104, 0.06219650501588999, 0.0019445905207632922, -0.16244546, 0.02, Infinity], "M_G1C3_M M_G1C3H1_M": [-0.30214981163036414, 0.023919893794981776, 0.0007478619372503766, -0.28155814, 0.02, 0.6687185548944558], "M_G1C3_M M_G1C3H2_M": [-0.2879671675106682, 0.027096216482929418, 0.0008471705236137157, -0.28155814, 0.02, 0.0], "M_G1C4_M M_G1C4H1_M": [-0.3160781262993779, 0.016763876234569226, 0.0005241271162851349, -0.31133669, 0.02, 0.0], "M_G1C4_M M_G1C4H2_M": [-0.30351123504032795, 0.018031940469308453, 0.0005637734869286764, -0.31133669, 0.02, 0.0], "M_G1C5_M M_G1C5H1_M": [-0.36148835897544207, 0.013075370926765827, 0.0004088050020359964, -0.34689254, 0.02, 0.0], "M_G1C5_M M_G1C5H2_M": [-0.35900527737347054, 0.012782695817053321, 0.0003996544357161543, -0.34689254, 0.02, 0.0], "M_G1C6_M M_G1C6H1_M": [-0.385533237550891, 0.011141667805543208, 0.00034834725190133496, -0.3637854, 0.02, 6.582162057257192], "M_G1C6_M M_G1C6H2_M": [-0.38416432972436365, 0.011002073625807702, 0.00034398280218510025, -0.3637854, 0.02, 0.8686415469318961], "M_G1C7_M M_G1C7H1_M": [-0.4009714174267305, 0.00897980177836725, 0.00028075592691398176, -0.38377946, 0.02, 0.0], "M_G1C7_M M_G1C7H2_M": [-0.40030776461945616, 0.008617306240377673, 0.0002694224060543541, -0.38377946, 0.02, 0.0], "M_G1C8_M M_G1C8H1_M": [-0.40402075869956755, 0.00810335832612618, 0.00025335368576268844, -0.38377946, 0.02, 0.76842228723251], "M_G1C8_M M_G1C8H2_M": [-0.4036937546050855, 0.007858549474960312, 0.00024569967093895397, -0.38377946, 0.02, 0.19627771661432833], "M_G1C9_M M_G1C9H1_M": [-0.40190346756727957, 0.007433850342615317, 0.0002324213379084488, -0.37089378, 0.02, Infinity], "M_G1C9_M M_G1C9H2_M": [-0.401952637320277, 0.007704755051313946, 0.00024089124676314903, -0.37089378, 0.02, Infinity], "M_G1C10_M M_G1C10H1_M": [-0.3898638756325061, 0.009031458743978404, 0.000282370995889854, -0.35266984, 0.02, Infinity], "M_G1C10_M M_G1C10H2_M": [-0.3899963390112011, 0.009131703428635384, 0.00028550517301911653, -0.35266984, 0.02, Infinity], "M_G1C11_M M_G1C11H1_M": [-0.37609252274234467, 0.010974719567662, 0.0003431275701722894, -0.33666901, 0.02, Infinity], "M_G1C11_M M_G1C11H2_M": [-0.3761170634360502, 0.011352940605853892, 0.00035495275304121913, -0.33666901, 0.02, Infinity], "M_G1C12_M M_G1C12H1_M": [-0.3526575074375412, 0.014813080998241954, 0.00046313497655729914, -0.29755897, 0.02, Infinity], "M_G1C12_M M_G1C12H2_M": [-0.3531973060255612, 0.014399096776423991, 0.0004501916480971693, -0.29755897, 0.02, Infinity], "M_G1C13_M M_G1C13H1_M": [-0.3293891045239229, 0.01720878210271147, 0.0005380372183656351, -0.25622582, 0.02, Infinity], "M_G1C13_M M_G1C13H2_M": [-0.33013056209121955, 0.016784911804932735, 0.0005247847990716079, -0.25622582, 0.02, Infinity], "M_G1C14_M M_G1C14H1_M": [-0.2956338143987135, 0.019814527330634085, 0.0006195065464001919, -0.25622582, 0.02, 215.0152818308413], "M_G1C14_M M_G1C14H2_M": [-0.29664305110559475, 0.019275515807165498, 0.00060265420559983, -0.25622582, 0.02, 251.1658834225198], "M_G1C15_M M_G1C15H1_M": [-0.2558217659789571, 0.020775482583443437, 0.0006495510718122445, -0.21044644, 0.02, Infinity], "M_G1C16_M M_G1C16H1_M": [-0.19354506282205408, 0.02000223770452855, 0.0006253753619169296, -0.14955827, 0.02, Infinity], "M_G1C16_M M_G1C16H2_M": [-0.19347287018237724, 0.019470046267541924, 0.0006087362529616726, -0.14955827, 0.02, Infinity], "M_G1C17_M M_G1C17H1_M": [-0.0597798482064654, 0.015942658033462336, 0.0004984515075199357, -0.0442218, 0.02, 0.0], "M_G1C17_M M_G1C17H2_M": [-0.05930096189658621, 0.016712114630061864, 0.000522508775745923, -0.0442218, 0.02, 0.0], "M_G1C17_M M_G1C17H3_M": [-0.05951808712963987, 0.016124014016506743, 0.0005041216512912258, -0.0442218, 0.02, 0.0], "M_G2_M M_G2H1_M": [-0.19359023289916366, 0.03494224104077994, 0.0010924785996378297, -0.23102242, 0.02, Infinity], "M_G2C3_M M_G2C3H1_M": [-0.08630652152965429, 0.04755293903128099, 0.0014867554768718796, -0.10155578, 0.02, 0.00030335026127320205], "M_G2C3_M M_G2C3H2_M": [-0.16577116917715284, 0.030640357704523766, 0.0009579790557329732, -0.19666873, 0.02, Infinity], "M_G2C4_M M_G2C4H1_M": [-0.29892095462154666, 0.02024758372647449, 0.0006330461715301252, -0.31133669, 0.02, 0.0], "M_G2C4_M M_G2C4H2_M": [-0.3008179355737338, 0.019886122031937927, 0.000621744974065167, -0.31133669, 0.02, 0.0], "M_G2C5_M M_G2C5H1_M": [-0.31908172739106955, 0.01799215861243905, 0.0005625296964335859, -0.31711399, 0.02, 0.0], "M_G2C5_M M_G2C5H2_M": [-0.3211789859124118, 0.016675812431848954, 0.0005213737777181453, -0.31711399, 0.02, 0.0], "M_G2C6_M M_G2C6H1_M": [-0.3542406689967619, 0.014846054232311105, 0.00046416589362238827, -0.35133876, 0.02, 0.0], "M_G2C6_M M_G2C6H2_M": [-0.3531307669987317, 0.015213296556172573, 0.00047564782402380947, -0.35133876, 0.02, 0.0], "M_G2C7_M M_G2C7H1_M": [-0.347438050701242, 0.014742623825004958, 0.00046093211401443705, -0.35133876, 0.02, 0.0], "M_G2C7_M M_G2C7H2_M": [-0.3474467683329868, 0.014819694411914172, 0.00046334174672121105, -0.35133876, 0.02, 0.0], "M_G2C8_M M_G2C8H1_M": [-0.33494338489162817, 0.013754583539272976, 0.00043004076773580285, -0.32956063, 0.02, 0.0], "M_G2C8_M M_G2C8H2_M": [-0.33500994899624215, 0.0139545060748036, 0.0004362913997830616, -0.32956063, 0.02, 0.0], "M_G2C9_M M_G2C9H1_M": [-0.23605184420502012, 0.017183191363226897, 0.0005372371169868146, -0.25978001, 0.02, 11.706150562049492], "M_G2C9_M M_G2C9H2_M": [-0.23430216906333368, 0.01739003223025525, 0.0005437040525361198, -0.25978001, 0.02, Infinity], "M_G2C10_M M_G2C10H1_M": [-0.1547635086416191, 0.018152101276674076, 0.0005675303470112608, -0.20822333, 0.02, Infinity], "M_G2C11_M M_G2C11H1_M": [-0.10846618335795205, 0.01795126126874551, 0.0005612510299417866, -0.07044616, 0.02, 225.75281694513552], "M_G2C12_M M_G2C12H1_M": [-0.20111223151504776, 0.01813909566399104, 0.0005671237230195479, -0.17489059, 0.02, 27.577020133227354], "M_G2C12_M M_G2C12H2_M": [-0.20025717608341778, 0.018481554481614614, 0.000577830790407538, -0.17489059, 0.02, 20.102374759613003], "M_G2C13_M M_G2C13H1_M": [-0.2884257854268152, 0.016738490138899238, 0.000523333413150426, -0.25400271, 0.02, 166.77505788809438], "M_G2C13_M M_G2C13H2_M": [-0.28910891608362155, 0.017009317943003765, 0.0005318009175622295, -0.25400271, 0.02, 177.0662892932839], "M_G2C14_M M_G2C14H1_M": [-0.30006794095973827, 0.018157254776258333, 0.0005676914725670736, -0.26555731, 0.02, 143.6811153937164], "M_G2C14_M M_G2C14H2_M": [-0.30072672590651983, 0.018567470139586366, 0.0005805169666490219, -0.26555731, 0.02, 150.08991986517276], "M_G2C15_M M_G2C15H1_M": [-0.3024379467346845, 0.019172583386364198, 0.0005994359956743963, -0.2482254, 0.02, Infinity], "M_G2C15_M M_G2C15H2_M": [-0.30261311332159924, 0.019446059891887968, 0.000607986312451153, -0.2482254, 0.02, Infinity], "M_G2C16_M M_G2C16H1_M": [-0.27234403969918386, 0.02188075921562678, 0.0006841078441134501, -0.22644727, 0.02, Infinity], "M_G2C16_M M_G2C16H2_M": [-0.27177786588475117, 0.022948658859745147, 0.0007174960147919879, -0.22644727, 0.02, 272.5960861258644], "M_G2C17_M M_G2C17H1_M": [-0.24460238340484222, 0.021762774048458288, 0.0006804190060089954, -0.21044644, 0.02, 95.70769354416689], "M_G2C17_M M_G2C17H2_M": [-0.24433720821393332, 0.022375201507788392, 0.0006995667158644642, -0.21044644, 0.02, 87.31282680241452], "M_G2C18_M M_G2C18H1_M": [-0.1808809300780795, 0.022314659948519576, 0.0006976738676692755, -0.14955827, 0.02, 58.80447571182672], "M_G2C18_M M_G2C18H2_M": [-0.1802513914907687, 0.022394393629256663, 0.0007001667627235442, -0.14955827, 0.02, 52.232606334926345], "M_G2C19_M M_G2C19H1_M": [-0.07106550644747067, 0.01619710883023001, 0.0005064069803759857, -0.0442218, 0.02, 41.190856650078864],