{"headgroup": 0.3499148465696393, "sn-1": 0.19276384563331786, "sn-2": 0.17822861229383563, "total": 0.3335700739203966}