{"headgroup": 0.18662125150380762, "tails": 0.14867406296091154, "total": 0.1779040394242115}