{"M_C3_M M_C3H3_M": [[0.19569670717775084, 0.043925749245938554, 0.006150835184509612]], "M_C4_M M_C4H41_M": [[0.17174227158561514, 0.04390891688235887, 0.006148478182160837]], "M_C4_M M_C4H42_M": [[0.09477613652675944, 0.04337164311304656, 0.006073244806276968]], "M_C6_M M_C6H6_M": [[0.01820797176848304, 0.03800544383475455, 0.005321826608645191]], "M_C7_M M_C7H71_M": [[0.1451255361669767, 0.03065225272901566, 0.004292173902703384]], "M_C7_M M_C7H72_M": [[0.17906902452923362, 0.04319402911536776, 0.006048373871917546]], "M_C8_M M_C8H8_M": [[0.21534038839720163, 0.05373576917601515, 0.007524512737710023]], "M_C14_M M_C14H14_M": [[0.21393059387479132, 0.053377245511364003, 0.007474309382983649]], "M_C15_M M_C15H151_M": [[0.19824907379951903, 0.05146904532778827, 0.00720710791164368]], "M_C15_M M_C15H152_M": [[0.16936735494847016, 0.03696782337401751, 0.005176530682050186]], "M_C16_M M_C16H161_M": [[0.04971520507780063, 0.03802064789011934, 0.005323955602237568]], "M_C16_M M_C16H162_M": [[0.08142163879103324, 0.026984319429288865, 0.003778560507788327]], "M_C17_M M_C17H17_M": [[0.21369084982870012, 0.053745657606732646, 0.007525897394969623]], "M_C18_M M_C18H181_M": [[-0.06129301394838093, 0.01746766035035331, 0.0024459616903165465]], "M_C18_M M_C18H182_M": [[-0.06173867397685952, 0.01611753840124396, 0.0022569068026818562]], "M_C18_M M_C18H183_M": [[-0.06135761861242074, 0.016628664895175765, 0.0023284788276690337]], "M_C12_M M_C12H121_M": [[0.05923981273194035, 0.04689099726313287, 0.006566052958777688]], "M_C12_M M_C12H122_M": [[0.20645302126001955, 0.055478382226822415, 0.007768527372631293]], "M_C11_M M_C11H111_M": [[0.21123851698248655, 0.043891936468385566, 0.006146100448610301]], "M_C11_M M_C11H112_M": [[0.11644726027556751, 0.02804249491774456, 0.003926734713977438]], "M_C9_M M_C9H9_M": [[0.21217332389165924, 0.05048432466532585, 0.00706921943844598]], "M_C19_M M_C19H191_M": [[-0.06130629398502077, 0.014612510221830933, 0.002046160704128557]], "M_C19_M M_C19H192_M": [[-0.06007798883934691, 0.015521179817207374, 0.002173399897865299]], "M_C19_M M_C19H193_M": [[-0.06092381262512998, 0.0160481037188076, 0.0022471840023862125]], "M_C1_M M_C1H11_M": [[0.10253402316992404, 0.045037008762709184, 0.006306442641461662]], "M_C1_M M_C1H12_M": [[0.19448115121668058, 0.045989621705483825, 0.006439835134617127]], "M_C2_M M_C2H21_M": [[0.11679601379401199, 0.027137704663551015, 0.0038000387366604526]], "M_C2_M M_C2H22_M": [[0.18487347624178335, 0.04051499689520203, 0.0056732343256808045]], "M_C20_M M_C20H20_M": [[0.2031986659237433, 0.049782055389405624, 0.006970882070376394]], "M_C21_M M_C21H211_M": [[-0.05525612064165161, 0.01658662519727165, 0.002322592092497665]], "M_C21_M M_C21H212_M": [[-0.057343438334710735, 0.015560996893380611, 0.00217897540374226]], "M_C21_M M_C21H213_M": [[-0.05699906873858258, 0.016080906215844282, 0.0022517772707168976]], "M_C22_M M_C22H221_M": [[0.15388311020363954, 0.04608019467462503, 0.006452517887101098]], "M_C22_M M_C22H222_M": [[0.1958425729473838, 0.03933970866415896, 0.005508661055388593]], "M_C23_M M_C23H231_M": [[0.12930122257970125, 0.034712583127448175, 0.0048607338818532405]], "M_C23_M M_C23H232_M": [[0.18660764281979642, 0.028544374248262356, 0.003997011877088377]], "M_C24_M M_C24H241_M": [[0.126737422574761, 0.029859360188909854, 0.00418114673943493]], "M_C24_M M_C24H242_M": [[0.16243290329043913, 0.0237750973479731, 0.003329179531219388]], "M_C25_M M_C25H25_M": [[0.10074674997510823, 0.016693462685279874, 0.002337552333166215]], "M_C26_M M_C26H261_M": [[-0.008757885757496043, 0.007142314483199596, 0.0010001240724689202]], "M_C26_M M_C26H262_M": [[-0.01148500534472785, 0.0067177324050997, 0.0009406706896690691]], "M_C26_M M_C26H263_M": [[-0.010280905673088146, 0.005697712818701728, 0.0007978393784539124]], "M_C27_M M_C27H271_M": [[-0.00924275607031129, 0.006777966301620769, 0.0009491051222372548]], "M_C27_M M_C27H272_M": [[-0.009035235191181441, 0.006662967349581124, 0.0009330020480147342]], "M_C27_M M_C27H273_M": [[-0.010815099737436055, 0.0072771873251827705, 0.0010190100479194498]]}