{"POPC": 0.6170013351921996, "POPS": 0.7004597135300099, "POPE": 0.6625461656075377, "POPI": 0.7587674086761863, "CER180": 0.6282583890440026}