{"M_G1_M M_G1H1_M": [[-0.17556763252215715, 0.04280000966903161, 0.0037112315079746035]], "M_G1_M M_G1H2_M": [[-0.03878048462927223, 0.03931431941414211, 0.003408983830905828]], "M_G1C3_M M_G1C3H1_M": [[-0.2513163316389501, 0.02419272722306517, 0.0020977754965097388]], "M_G1C3_M M_G1C3H2_M": [[-0.22851230382820978, 0.028237765518924155, 0.002448524799854357]], "M_G1C4_M M_G1C4H1_M": [[-0.20582907018471852, 0.019899305379288017, 0.0017254886080985588]], "M_G1C4_M M_G1C4H2_M": [[-0.19598986034265983, 0.02151183726374318, 0.0018653128554172176]], "M_G1C5_M M_G1C5H1_M": [[-0.23518815146588573, 0.019841621012830612, 0.001720486739174469]], "M_G1C5_M M_G1C5H2_M": [[-0.2341291509374152, 0.01933814114985497, 0.0016768294983103872]], "M_G1C6_M M_G1C6H1_M": [[-0.23998448352622126, 0.0203794957716795, 0.0017671263957497942]], "M_G1C6_M M_G1C6H2_M": [[-0.23904261938996496, 0.01932795355821665, 0.0016759461220828844]], "M_G1C7_M M_G1C7H1_M": [[-0.2531854258154442, 0.020768809588876228, 0.0018008841849662717]], "M_G1C7_M M_G1C7H2_M": [[-0.251814566770923, 0.02004555819865514, 0.001738170335872983]], "M_G1C8_M M_G1C8H1_M": [[-0.24696112984500204, 0.020730765741001148, 0.0017975853649891175]], "M_G1C8_M M_G1C8H2_M": [[-0.2459009447918039, 0.01971305753465843, 0.0017093388718104896]], "M_G1C9_M M_G1C9H1_M": [[-0.24628369348608903, 0.020132555325410362, 0.0017457139434659237]], "M_G1C9_M M_G1C9H2_M": [[-0.24694011082175604, 0.01928521366436216, 0.0016722401032771216]], "M_G1C10_M M_G1C10H1_M": [[-0.2322551713503533, 0.02031057215326564, 0.0017611499600835607]], "M_G1C10_M M_G1C10H2_M": [[-0.23319784312206868, 0.02000132283462103, 0.0017343346433570325]], "M_G1C11_M M_G1C11H1_M": [[-0.22422043135257047, 0.020669327326494548, 0.0017922579788160746]], "M_G1C11_M M_G1C11H2_M": [[-0.22536457490797018, 0.01936563298342045, 0.0016792133426068998]], "M_G1C12_M M_G1C12H1_M": [[-0.2035860298771879, 0.019915110615390228, 0.0017268590958780497]], "M_G1C12_M M_G1C12H2_M": [[-0.20575833481104155, 0.018305701092632846, 0.0015873055916550516]], "M_G1C13_M M_G1C13H1_M": [[-0.1902320672278262, 0.019714019586979766, 0.0017094222923263928]], "M_G1C13_M M_G1C13H2_M": [[-0.1919352614995988, 0.0171617678155576, 0.0014881139967528171]], "M_G1C14_M M_G1C14H1_M": [[-0.16629437022090993, 0.017855637019841306, 0.0015482800872108342]], "M_G1C14_M M_G1C14H2_M": [[-0.16576933436306698, 0.017003210478609327, 0.001474365331991913]], "M_G1C15_M M_G1C15H1_M": [[-0.14412691841596195, 0.01642600810181949, 0.0014243155384571645]], "M_G1C15_M M_G1C15H2_M": [[-0.14242612033737787, 0.015204090210065555, 0.0013183618198691913]], "M_G1C16_M M_G1C16H1_M": [[-0.10724620579844636, 0.012980271304848879, 0.001125532265556232]], "M_G1C16_M M_G1C16H2_M": [[-0.10683240006945822, 0.01349701186023475, 0.0011703393542794838]], "M_G1C17_M M_G1C17H1_M": [[-0.035783691115848684, 0.010728398420935814, 0.000930270122782027]], "M_G1C17_M M_G1C17H2_M": [[-0.03502446164648675, 0.010278036083041864, 0.0008912187554734236]], "M_G1C17_M M_G1C17H3_M": [[-0.0343327673427495, 0.010398822434590439, 0.000901692260434445]], "M_G2_M M_G2H1_M": [[-0.19049672680599894, 0.038262172960620455, 0.003317751162981021]], "M_G2C3_M M_G2C3H1_M": [[-0.09008715874743681, 0.02764753349104879, 0.00239734519228404]], "M_G2C3_M M_G2C3H2_M": [[-0.12297792492239279, 0.026634474984664133, 0.002309501879224305]], "M_G2C4_M M_G2C4H1_M": [[-0.2221585369470628, 0.02003013111920194, 0.001736832638433532]], "M_G2C4_M M_G2C4H2_M": [[-0.2244004528272626, 0.018503875628643168, 0.0016044895032430884]], "M_G2C5_M M_G2C5H1_M": [[-0.2223239663215731, 0.019277877664727, 0.0016716039914351144]], "M_G2C5_M M_G2C5H2_M": [[-0.22446606770716485, 0.019106556366972206, 0.0016567485509076149]], "M_G2C6_M M_G2C6H1_M": [[-0.23690337329500885, 0.019579129234132853, 0.0016977258153517744]], "M_G2C6_M M_G2C6H2_M": [[-0.2354047424604086, 0.020864193200019553, 0.0018091549929814305]], "M_G2C7_M M_G2C7H1_M": [[-0.21338179422925135, 0.01897110850083885, 0.0016450037314001149]], "M_G2C7_M M_G2C7H2_M": [[-0.21388451437079908, 0.019148276840572884, 0.0016603661747668565]], "M_G2C8_M M_G2C8H1_M": [[-0.20447927416382594, 0.017651608990765098, 0.0015305886134034006]], "M_G2C8_M M_G2C8H2_M": [[-0.20455290133402204, 0.019367333304808294, 0.0016793607791695793]], "M_G2C9_M M_G2C9H1_M": [[-0.11821916291697541, 0.01740991010311932, 0.001509630661893346]], "M_G2C9_M M_G2C9H2_M": [[-0.12078020396929394, 0.01807540348673416, 0.001567336256651823]], "M_G2C10_M M_G2C10H1_M": [[-0.07030369814704285, 0.018426713150611708, 0.001597798667845662]], "M_G2C11_M M_G2C11H1_M": [[-0.06652801291923684, 0.017503572046680425, 0.0015177521823960302]], "M_G2C12_M M_G2C12H1_M": [[-0.10649743125327557, 0.01827361498462231, 0.0015845233732411353]], "M_G2C12_M M_G2C12H2_M": [[-0.10467223043550618, 0.017528747982798455, 0.0015199352129160347]], "M_G2C13_M M_G2C13H1_M": [[-0.15720674715198696, 0.018177197424414045, 0.0015761629104717573]], "M_G2C13_M M_G2C13H2_M": [[-0.15716010299389538, 0.019001480946528843, 0.001647637356445777]], "M_G2C14_M M_G2C14H1_M": [[-0.16537731456668178, 0.018087998399128023, 0.001568428374062023]], "M_G2C14_M M_G2C14H2_M": [[-0.1630982225870756, 0.019490521442754274, 0.0016900425454235866]], "M_G2C15_M M_G2C15H1_M": [[-0.17060288075434127, 0.018321637712637426, 0.0015886874718637005]], "M_G2C15_M M_G2C15H2_M": [[-0.16803597820740598, 0.018832524050993647, 0.0016329869355919356]], "M_G2C16_M M_G2C16H1_M": [[-0.15347631807191559, 0.017268380980008102, 0.0014973585305305718]], "M_G2C16_M M_G2C16H2_M": [[-0.15160407480562763, 0.01772588609351193, 0.001537029255033315]], "M_G2C17_M M_G2C17H1_M": [[-0.13722277421521598, 0.015756806525013222, 0.0013662884025701669]], "M_G2C17_M M_G2C17H2_M": [[-0.137256522162142, 0.016032855857045045, 0.0013902249153586936]], "M_G2C18_M M_G2C18H1_M": [[-0.10338437945798244, 0.013798515994390689, 0.0011964830783374192]], "M_G2C18_M M_G2C18H2_M": [[-0.10403039223950244, 0.011999006402803521, 0.001040445807625468]], "M_G2C19_M M_G2C19H1_M": [[-0.0334772644636534, 0.009796843476377586, 0.0008494940648234342]], "M_G2C19_M M_G2C19H2_M": [[-0.03541648624743292, 0.011097519788825193, 0.0009622770045881531]], "M_G2C19_M M_G2C19H3_M": [[-0.03422871335067845, 0.010163917729323015, 0.0008813234392518941]], "M_G3_M M_G3H1_M": [[-0.21168733847013646, 0.035482968235943144, 0.0030767635505693975]], "M_G3_M M_G3H2_M": [[-0.23278591356095243, 0.027200139060012753, 0.0023585511751379484]], "M_G3C4_M M_G3C4H1_M": [[0.03732232114572523, 0.02522713284609699, 0.0021874698393360087]], "M_G3C4_M M_G3C4H2_M": [[0.0371338717875195, 0.02449253633891946, 0.0021237722438408853]], "M_G3C5_M M_G3C5H1_M": [[-0.07790091572183754, 0.02073074516383973, 0.0017975835807229363]], "M_G3C5_M M_G3C5H2_M": [[-0.080458292682262, 0.022583774537683197, 0.0019582616051110075]], "M_G3N6C1_M M_G3N6C1H1_M": [[0.012033621198488543, 0.014817070704418256, 0.0012848029726944845]], "M_G3N6C1_M M_G3N6C1H2_M": [[0.011333730515784256, 0.013711277529486735, 0.0011889185440729993]], "M_G3N6C1_M M_G3N6C1H3_M": [[0.013263354517820585, 0.012270040961340689, 0.0010639474844047828]], "M_G3N6C2_M M_G3N6C2H1_M": [[0.01203462313973854, 0.011860451425778141, 0.0010284315674348788]], "M_G3N6C2_M M_G3N6C2H2_M": [[0.013235171715085092, 0.012974027741785545, 0.001124990879978475]], "M_G3N6C2_M M_G3N6C2H3_M": [[0.012774856120584429, 0.012631044141434606, 0.0010952504300537176]], "M_G3N6C3_M M_G3N6C3H1_M": [[0.011217121003252353, 0.012933251608166284, 0.0011214551407804842]], "M_G3N6C3_M M_G3N6C3H2_M": [[0.012830927119947527, 0.012336337272689598, 0.0010696961036561143]], "M_G3N6C3_M M_G3N6C3H3_M": [[0.012264545162625312, 0.013279802471397886, 0.0011515049116260154]]}