{"M_G1_M M_G1H1_M": [[-0.19202420660211084, 0.027280207734907382, 0.001933842653199887]], "M_G1_M M_G1H2_M": [[-0.046449389308714464, 0.02480550900630082, 0.0017584159115231655]], "M_G1C3_M M_G1C3H1_M": [[-0.2590968905951192, 0.01394587977194117, 0.0009885972057635034]], "M_G1C3_M M_G1C3H2_M": [[-0.2320334412059637, 0.016944243942150324, 0.0012011456063666718]], "M_G1C4_M M_G1C4H1_M": [[-0.20394481073884235, 0.011785110174897202, 0.0008354243101937129]], "M_G1C4_M M_G1C4H2_M": [[-0.191847804247949, 0.011975151807232012, 0.000848896004326838]], "M_G1C5_M M_G1C5H1_M": [[-0.22704126029026642, 0.010206215395332322, 0.0007234994268017805]], "M_G1C5_M M_G1C5H2_M": [[-0.22491820362862433, 0.010263202162164297, 0.0007275391115959185]], "M_G1C6_M M_G1C6H1_M": [[-0.22508288328240766, 0.010416378722072364, 0.0007383975100325848]], "M_G1C6_M M_G1C6H2_M": [[-0.22296314225074665, 0.010460510472667647, 0.0007415259268866959]], "M_G1C7_M M_G1C7H1_M": [[-0.23385078468741527, 0.010053210951200011, 0.0007126532293289662]], "M_G1C7_M M_G1C7H2_M": [[-0.23226124899967615, 0.009885402660570634, 0.0007007576150017921]], "M_G1C8_M M_G1C8H1_M": [[-0.22128351412031358, 0.01036201301793763, 0.0007345436274467691]], "M_G1C8_M M_G1C8H2_M": [[-0.2207314488718512, 0.010016137858745158, 0.0007100251874836881]], "M_G1C9_M M_G1C9H1_M": [[-0.21919685007037795, 0.010090260735081891, 0.0007152796188733148]], "M_G1C9_M M_G1C9H2_M": [[-0.21896417696636145, 0.010235464815275113, 0.0007255728632072646]], "M_G1C10_M M_G1C10H1_M": [[-0.201268899210665, 0.009893478790706406, 0.0007013301166880371]], "M_G1C10_M M_G1C10H2_M": [[-0.2005246808844447, 0.009829464547997015, 0.0006967922673370842]], "M_G1C11_M M_G1C11H1_M": [[-0.19170433389204497, 0.009080718203742875, 0.0006437150462610381]], "M_G1C11_M M_G1C11H2_M": [[-0.19129546937136638, 0.009476033190630123, 0.0006717381826872867]], "M_G1C12_M M_G1C12H1_M": [[-0.16620864559260276, 0.008155562672031477, 0.0005781325094470677]], "M_G1C12_M M_G1C12H2_M": [[-0.16586836369977853, 0.008548544917711749, 0.000605990282233539]], "M_G1C13_M M_G1C13H1_M": [[-0.14565682293172305, 0.00729650614726928, 0.0005172356070026977]], "M_G1C13_M M_G1C13H2_M": [[-0.14558812866702514, 0.00722123918090901, 0.0005119000732216187]], "M_G1C14_M M_G1C14H1_M": [[-0.1058255580258566, 0.005856513142308614, 0.0004151572093466886]], "M_G1C14_M M_G1C14H2_M": [[-0.10603102211403477, 0.0055154044559433246, 0.0003909766556837449]], "M_G1C15_M M_G1C15H1_M": [[-0.03632961399063179, 0.003367960760612173, 0.00023874840824035488]], "M_G1C15_M M_G1C15H2_M": [[-0.03642183185558018, 0.003085478481767519, 0.00021872377041826498]], "M_G1C15_M M_G1C15H3_M": [[-0.036444816673004345, 0.0030054199813013, 0.00021304857379009958]], "M_G2_M M_G2H1_M": [[-0.21136989190460745, 0.02495374954072582, 0.0017689244043905927]], "M_G2C3_M M_G2C3H1_M": [[-0.09264122829863891, 0.019590483558600512, 0.0013887325591716722]], "M_G2C3_M M_G2C3H2_M": [[-0.13590556157253947, 0.014968394775098873, 0.0010610813725212569]], "M_G2C4_M M_G2C4H1_M": [[-0.23077091039436187, 0.011174557135584533, 0.0007921433527707662]], "M_G2C4_M M_G2C4H2_M": [[-0.2351306248486157, 0.010455261731665179, 0.0007411538535020353]], "M_G2C5_M M_G2C5H1_M": [[-0.23719065672387998, 0.009658811425983191, 0.0006846949882599248]], "M_G2C5_M M_G2C5H2_M": [[-0.24094590982224084, 0.009093310582384224, 0.0006446076963155581]], "M_G2C6_M M_G2C6H1_M": [[-0.2504065103777586, 0.009309698784294818, 0.0006599470492475551]], "M_G2C6_M M_G2C6H2_M": [[-0.24925179632489322, 0.00888593772592205, 0.0006299074242780655]], "M_G2C7_M M_G2C7H1_M": [[-0.24410781382171887, 0.008707750040722127, 0.0006172760341778487]], "M_G2C7_M M_G2C7H2_M": [[-0.24322626616288198, 0.009052673638542237, 0.0006417270197437017]], "M_G2C8_M M_G2C8H1_M": [[-0.24342723787303272, 0.008774125621151712, 0.0006219812743216539]], "M_G2C8_M M_G2C8H2_M": [[-0.24284099396904296, 0.008954270196787075, 0.000634751384706865]], "M_G2C9_M M_G2C9H1_M": [[-0.2310617884137145, 0.008668905145628155, 0.000614522392573585]], "M_G2C9_M M_G2C9H2_M": [[-0.23064432859963005, 0.008963066574419233, 0.0006353749433844244]], "M_G2C10_M M_G2C10H1_M": [[-0.22363995721282406, 0.008954115478113277, 0.0006347404169908731]], "M_G2C10_M M_G2C10H2_M": [[-0.22371694786015023, 0.00893517035212583, 0.0006333974326169715]], "M_G2C11_M M_G2C11H1_M": [[-0.20622397824367183, 0.008711423781223767, 0.0006175364587372178]], "M_G2C11_M M_G2C11H2_M": [[-0.2057851633684501, 0.008399683065032932, 0.0005954377452828657]], "M_G2C12_M M_G2C12H1_M": [[-0.1919757104431334, 0.00817743699359425, 0.0005796831389898835]], "M_G2C12_M M_G2C12H2_M": [[-0.19174742244496862, 0.00777055277953984, 0.0005508398817941076]], "M_G2C13_M M_G2C13H1_M": [[-0.16262719641138038, 0.007116529297400536, 0.0005044773863818418]], "M_G2C13_M M_G2C13H2_M": [[-0.16291284095140363, 0.007061663483646047, 0.0005005880519650373]], "M_G2C14_M M_G2C14H1_M": [[-0.13152160591482787, 0.006021941179023844, 0.0004268840919475741]], "M_G2C14_M M_G2C14H2_M": [[-0.13197260765411162, 0.005655284237065215, 0.0004008924704635437]], "M_G2C15_M M_G2C15H1_M": [[-0.03250926174984813, 0.0030925578833366327, 0.00021922561588977007]], "M_G2C15_M M_G2C15H2_M": [[-0.03260128866257785, 0.003011821179693689, 0.00021350234271308902]], "M_G2C15_M M_G2C15H3_M": [[-0.03294817575933659, 0.0033011588308485213, 0.00023401294499358089]], "M_G3_M M_G3H1_M": [[-0.247109498750807, 0.021385185272610963, 0.0015159555905374976]], "M_G3_M M_G3H2_M": [[-0.26069157204901644, 0.01682568634300409, 0.001192741280992104]], "M_G3C4_M M_G3C4H1_M": [[0.04388624199635343, 0.016622801412999086, 0.0011783591496261061]], "M_G3C4_M M_G3C4H2_M": [[0.041202550599227734, 0.018201954517659786, 0.0012903023451985593]], "M_G3C5_M M_G3C5H1_M": [[-0.05647816262886577, 0.015749465744480568, 0.0011164500255184892]], "M_G3C5_M M_G3C5H2_M": [[-0.0563983928681559, 0.015310158623856516, 0.0010853083694148172]], "M_G3N6C1_M M_G3N6C1H1_M": [[0.00873719322576259, 0.00854085551833583, 0.0006054451951639999]], "M_G3N6C1_M M_G3N6C1H2_M": [[0.009120266299541453, 0.00779416398968979, 0.0005525136361043877]], "M_G3N6C1_M M_G3N6C1H3_M": [[0.009628503507937054, 0.00887005602866966, 0.0006287816006094803]], "M_G3N6C2_M M_G3N6C2H1_M": [[0.008943070298746478, 0.007627115097261044, 0.000540671854088368]], "M_G3N6C2_M M_G3N6C2H2_M": [[0.00870553178695337, 0.00817084811887216, 0.0005792160660446191]], "M_G3N6C2_M M_G3N6C2H3_M": [[0.009936532865777205, 0.008300027883460905, 0.0005883733767630554]], "M_G3N6C3_M M_G3N6C3H1_M": [[0.009088611205681248, 0.007856697796040592, 0.0005569465401043591]], "M_G3N6C3_M M_G3N6C3H2_M": [[0.009149516303426579, 0.00800881932699491, 0.0005677301495214202]], "M_G3N6C3_M M_G3N6C3H3_M": [[0.009267394554512727, 0.008294513941041753, 0.0005879825037484119]]}