{"M_C3_M M_C3H3_M": [[-0.4082835679233143, 0.0059870823269242025, 0.00063462945739632]], "M_C4_M M_C4H41_M": [[-0.36575203316711996, 0.007825390734544052, 0.0008294897588838108]], "M_C4_M M_C4H42_M": [[-0.17344462570210606, 0.01378494018317414, 0.0014612007370179074]], "M_C6_M M_C6H6_M": [[-0.038846682483344865, 0.015498084724665632, 0.0016427936952304522]], "M_C7_M M_C7H71_M": [[-0.3090084653499217, 0.009328437632515613, 0.0009888124114238099]], "M_C7_M M_C7H72_M": [[-0.36985932607939537, 0.007987335441246394, 0.0008466558634620841]], "M_C8_M M_C8H8_M": [[-0.44383967122200674, 0.005517366149468702, 0.0005848396421655679]], "M_C14_M M_C14H14_M": [[-0.4394920668342664, 0.005383062341411352, 0.0005706034669838106]], "M_C15_M M_C15H151_M": [[-0.4085339419360862, 0.007583021027353803, 0.0008037986213038682]], "M_C15_M M_C15H152_M": [[-0.33899771515880656, 0.009182151675499326, 0.0009733061309926133]], "M_C16_M M_C16H161_M": [[-0.07430731045142597, 0.013640121581730096, 0.00144584999596629]], "M_C16_M M_C16H162_M": [[-0.20723715696192618, 0.009914024706973083, 0.0010508845171722143]], "M_C17_M M_C17H17_M": [[-0.43373692343696696, 0.005321091594894253, 0.000564034580990757]], "M_C18_M M_C18H181_M": [[0.12859692209912674, 0.009534930798562076, 0.001010700643248315]], "M_C18_M M_C18H182_M": [[0.12555673231618, 0.009685463367645676, 0.0010266570636583677]], "M_C18_M M_C18H183_M": [[0.12464695232156447, 0.009182281092932811, 0.0009733198492131263]], "M_C12_M M_C12H121_M": [[-0.09252155092816339, 0.013859202086732511, 0.0014690724830516183]], "M_C12_M M_C12H122_M": [[-0.43629273232603116, 0.005547472904803956, 0.0005880309518484918]], "M_C11_M M_C11H111_M": [[-0.4404752211672606, 0.005425264116850899, 0.000575076846233653]], "M_C11_M M_C11H112_M": [[-0.23907990923687406, 0.011384047404770638, 0.0012067066114948783]], "M_C9_M M_C9H9_M": [[-0.4411028918236566, 0.005462634051050455, 0.0005790380513364037]], "M_C19_M M_C19H191_M": [[0.12662674475124572, 0.012408571280642449, 0.00131530592513888]], "M_C19_M M_C19H192_M": [[0.1259408783091842, 0.013528677447143865, 0.0014340369413262351]], "M_C19_M M_C19H193_M": [[0.12947414114668107, 0.014649414109607774, 0.0015528347899519499]], "M_C1_M M_C1H11_M": [[-0.22519633445575088, 0.013347096195566217, 0.0014147893671541145]], "M_C1_M M_C1H12_M": [[-0.3931221482446051, 0.007020275422849519, 0.0007441477065281243]], "M_C2_M M_C2H21_M": [[-0.2410193170951526, 0.011612325329443353, 0.001230904023115411]], "M_C2_M M_C2H22_M": [[-0.3786396736004663, 0.007232106398647014, 0.0007666017450546266]], "M_C20_M M_C20H20_M": [[-0.42045147418375506, 0.004577927789905806, 0.0004852593752122356]], "M_C21_M M_C21H211_M": [[0.11380750186274853, 0.006240856974102773, 0.0006615295161971846]], "M_C21_M M_C21H212_M": [[0.11572687075627588, 0.005515664648046752, 0.0005846592833755583]], "M_C21_M M_C21H213_M": [[0.11356423947761252, 0.006462567133654331, 0.000685030746107237]], "M_C22_M M_C22H221_M": [[-0.30104354832279023, 0.018807707868817546, 0.0019936130468725536]], "M_C22_M M_C22H222_M": [[-0.39327814912269915, 0.005126725801050448, 0.0005434318480487383]], "M_C23_M M_C23H231_M": [[-0.24661481988769632, 0.016181915741236504, 0.001715279638015224]], "M_C23_M M_C23H232_M": [[-0.38180630397336845, 0.005697845050153091, 0.0006039703673767009]], "M_C24_M M_C24H241_M": [[-0.2530581142125944, 0.010772764809207478, 0.0011419107859567046]], "M_C24_M M_C24H242_M": [[-0.3391586009030692, 0.006092540576728332, 0.0006458080095184758]], "M_C25_M M_C25H25_M": [[-0.2538379108909011, 0.0075309995259485495, 0.0007982843531834365]], "M_C26_M M_C26H261_M": [[0.019922363561860414, 0.006263414947521235, 0.0006639206565972656]], "M_C26_M M_C26H262_M": [[0.01870666513992559, 0.0056113359646474785, 0.0005948004226529771]], "M_C26_M M_C26H263_M": [[0.01818739951576823, 0.006176909997921905, 0.0006547511502787309]], "M_C27_M M_C27H271_M": [[0.009260303755840384, 0.006147307256932853, 0.0006516132660096536]], "M_C27_M M_C27H272_M": [[0.00989877150723554, 0.006080695400163864, 0.0006445524233138121]], "M_C27_M M_C27H273_M": [[0.010086654683608868, 0.005374623438027006, 0.0005697089450141121]]}