{"M_C3_M M_C3H3_M": [[-0.4260436317205051, 0.004694840265187913, 0.0006330521322153163]], "M_C4_M M_C4H41_M": [[-0.3816624342503729, 0.00797952049387307, 0.001075958323898369]], "M_C4_M M_C4H42_M": [[-0.19507617854546597, 0.01760883845860614, 0.0023743752933859416]], "M_C6_M M_C6H6_M": [[-0.05576882172513726, 0.020944777402738743, 0.002824193208849936]], "M_C7_M M_C7H71_M": [[-0.3158867272532735, 0.012332698934903028, 0.0016629407851424386]], "M_C7_M M_C7H72_M": [[-0.3864758917832526, 0.0077376188466435685, 0.0010433403124400168]], "M_C8_M M_C8H8_M": [[-0.46355462998561225, 0.002550941221664154, 0.0003439688441595575]], "M_C14_M M_C14H14_M": [[-0.45864194078496595, 0.0026543401144884103, 0.0003579111480237505]], "M_C15_M M_C15H151_M": [[-0.4267484371701387, 0.006241548266891631, 0.0008416101966192049]], "M_C15_M M_C15H152_M": [[-0.36262674835825454, 0.010163968849622037, 0.0013705092800991709]], "M_C16_M M_C16H161_M": [[-0.07172153536301105, 0.01494737455405456, 0.00201550357370603]], "M_C16_M M_C16H162_M": [[-0.21376007231464866, 0.013118769923183627, 0.0017689345755794636]], "M_C17_M M_C17H17_M": [[-0.45265961288347106, 0.0029759512882217413, 0.0004012771898432812]], "M_C18_M M_C18H181_M": [[0.12845866481872062, 0.017133267978823103, 0.0023102493829736813]], "M_C18_M M_C18H182_M": [[0.13520447469986327, 0.01579917449095183, 0.0021303602537664974]], "M_C18_M M_C18H183_M": [[0.13176622022146373, 0.013785482611123943, 0.0018588340960818356]], "M_C12_M M_C12H121_M": [[-0.11100387973510954, 0.01923668994415015, 0.0025938747429188128]], "M_C12_M M_C12H122_M": [[-0.4559784397134555, 0.0029316907109524005, 0.00039530909482177456]], "M_C11_M M_C11H111_M": [[-0.4609748841896436, 0.0025067519082057972, 0.00033801035834836365]], "M_C11_M M_C11H112_M": [[-0.24157329452787787, 0.014851524117234453, 0.002002579103441798]], "M_C9_M M_C9H9_M": [[-0.46088376551586296, 0.002821034760587839, 0.0003803882495184692]], "M_C19_M M_C19H191_M": [[0.13036734114931123, 0.01594086002306102, 0.0021494651270187065]], "M_C19_M M_C19H192_M": [[0.13705315177742153, 0.017160172226854193, 0.002313877151038129]], "M_C19_M M_C19H193_M": [[0.1327254917798826, 0.013713429741602084, 0.0018491184891374917]], "M_C1_M M_C1H11_M": [[-0.24893453219663889, 0.01615163105311792, 0.002177885486913826]], "M_C1_M M_C1H12_M": [[-0.41054700763292296, 0.0061273392793244836, 0.0008262102598772375]], "M_C2_M M_C2H21_M": [[-0.24295270693841534, 0.013838441677557168, 0.001865975095142928]], "M_C2_M M_C2H22_M": [[-0.395139752574293, 0.00728337705318138, 0.000982090361504564]], "M_C20_M M_C20H20_M": [[-0.4381181562929527, 0.0043596850300722505, 0.0005878598095315534]], "M_C21_M M_C21H211_M": [[0.11719287704180213, 0.016243714870121242, 0.0021903020662655723]], "M_C21_M M_C21H212_M": [[0.1275872011176622, 0.013875993205091452, 0.0018710385420827077]], "M_C21_M M_C21H213_M": [[0.11808526826049451, 0.01688059090999292, 0.0022761784139630962]], "M_C22_M M_C22H221_M": [[-0.34245573061615125, 0.026795118962371495, 0.0036130531038234145]], "M_C22_M M_C22H222_M": [[-0.4093567466478668, 0.011026983836522569, 0.0014868781971935818]], "M_C23_M M_C23H231_M": [[-0.27818861827331065, 0.023854823374141534, 0.003216583727586231]], "M_C23_M M_C23H232_M": [[-0.40097579023490254, 0.008121752488809225, 0.0010951368821831347]], "M_C24_M M_C24H241_M": [[-0.2845154862190708, 0.01774050223251525, 0.002392128833038124]], "M_C24_M M_C24H242_M": [[-0.3576996803097949, 0.014103023895115306, 0.001901651354080511]], "M_C25_M M_C25H25_M": [[-0.2749334487770639, 0.015528837193971872, 0.0020939079800779826]], "M_C26_M M_C26H261_M": [[0.024275881300638787, 0.013277802466942821, 0.0017903785194053894]], "M_C26_M M_C26H262_M": [[0.020403121557104685, 0.016223532202620433, 0.002187580635934935]], "M_C26_M M_C26H263_M": [[0.017227548313366963, 0.016830780939217825, 0.0022694620388739226]], "M_C27_M M_C27H271_M": [[0.014302596308846569, 0.017551832827210984, 0.0023666886556166925]], "M_C27_M M_C27H272_M": [[0.01166545255129614, 0.01748391792015223, 0.0023575310114170495]], "M_C27_M M_C27H273_M": [[0.01045463631111701, 0.01640842382687622, 0.0022125114174637063]]}