{"headgroup": 105.68583896436029, "sn-1": 0.5028360115500152, "sn-2": 12.8470537184363, "total": 39.678576231448865}