{"sn-1": 0.5370672942742803, "sn-2": 0.6898582199448001, "headgroup": 0.6989747799191783, "total": 0.6419667647127529}