{"headgroup": NaN, "tail": 0.19973581633058854, "total": 0.19973581633058854}