{"M_C3_M M_C3H3_M": [[-0.40204774055498915, 0.023065076037380363, 0.0016031336050387473]], "M_C4_M M_C4H41_M": [[-0.3546261882075647, 0.02830076059522917, 0.00196703883762792]], "M_C4_M M_C4H42_M": [[-0.20426664930675376, 0.04896047604786253, 0.003402988325025166]], "M_C6_M M_C6H6_M": [[-0.048257047066189315, 0.05804932833550642, 0.0040347072280949555]], "M_C7_M M_C7H71_M": [[-0.2895080563738362, 0.03930542422030242, 0.0027319158335203713]], "M_C7_M M_C7H72_M": [[-0.36714525637422735, 0.026936213079370597, 0.0018721962290538245]], "M_C8_M M_C8H8_M": [[-0.4357904278009148, 0.019449160044185437, 0.0013518100701718654]], "M_C14_M M_C14H14_M": [[-0.4316839943434501, 0.019511021125889604, 0.0013561097125733593]], "M_C15_M M_C15H151_M": [[-0.40229963795553264, 0.022062627817496173, 0.0015334586373081775]], "M_C15_M M_C15H152_M": [[-0.35452184305270296, 0.03437964875240356, 0.00238955077169849]], "M_C16_M M_C16H161_M": [[-0.08319012629403666, 0.03925328304474665, 0.002728291771297285]], "M_C16_M M_C16H162_M": [[-0.17561610024484248, 0.04128742391052443, 0.0028696743348763532]], "M_C17_M M_C17H17_M": [[-0.4302519747226097, 0.018761745941216015, 0.001304031487206786]], "M_C18_M M_C18H181_M": [[0.12418182384033051, 0.025092071774733778, 0.001744019547862226]], "M_C18_M M_C18H182_M": [[0.12270909580797973, 0.02673885308576146, 0.001858478761245252]], "M_C18_M M_C18H183_M": [[0.12594334373705093, 0.024859380137978903, 0.0017278463610975845]], "M_C12_M M_C12H121_M": [[-0.12341792360876877, 0.053950537209985334, 0.003749821551468167]], "M_C12_M M_C12H122_M": [[-0.42776015252877553, 0.019770125422713683, 0.0013741187061173403]], "M_C11_M M_C11H111_M": [[-0.4311456989892791, 0.02114417325860025, 0.0014696216325794334]], "M_C11_M M_C11H112_M": [[-0.2280938890093112, 0.04380170452985647, 0.0030444289182480462]], "M_C9_M M_C9H9_M": [[-0.42990012394876614, 0.020718610099465115, 0.0014400429483223199]], "M_C19_M M_C19H191_M": [[0.1253975908400456, 0.0192633747226542, 0.0013388970976853684]], "M_C19_M M_C19H192_M": [[0.12279655617692088, 0.018854873057633895, 0.0013105042692443524]], "M_C19_M M_C19H193_M": [[0.12390691437269748, 0.018800991074461336, 0.001306759212527866]], "M_C1_M M_C1H11_M": [[-0.22049382206481943, 0.04791738029904537, 0.0033304881587351543]], "M_C1_M M_C1H12_M": [[-0.39950992496287585, 0.023917619792119486, 0.0016623894921978962]], "M_C2_M M_C2H21_M": [[-0.22561186448639384, 0.04093065869215814, 0.002844877438055156]], "M_C2_M M_C2H22_M": [[-0.3828188794391939, 0.026257782904942583, 0.0018250420722873257]], "M_C20_M M_C20H20_M": [[-0.41100985545594343, 0.024253274712028674, 0.0016857191218479757]], "M_C21_M M_C21H211_M": [[0.11745334519414653, 0.017476712477374975, 0.0012147154872879367]], "M_C21_M M_C21H212_M": [[0.11597044899861123, 0.017758685474096328, 0.0012343139653516935]], "M_C21_M M_C21H213_M": [[0.11665030945397399, 0.016629954400091386, 0.0011558617325103091]], "M_C22_M M_C22H221_M": [[-0.3106094392359439, 0.05268701140316, 0.003662000437049441]], "M_C22_M M_C22H222_M": [[-0.3939912114173286, 0.021900774696569193, 0.001522209067750378]], "M_C23_M M_C23H231_M": [[-0.25664704338974187, 0.04274018568155988, 0.0029706482580270114]], "M_C23_M M_C23H232_M": [[-0.378125187754533, 0.022760652279761366, 0.0015819746912237548]], "M_C24_M M_C24H241_M": [[-0.2511077276545818, 0.03520012684315007, 0.0024465779411447152]], "M_C24_M M_C24H242_M": [[-0.3311963230487969, 0.022433346188693082, 0.0015592253452916163]], "M_C25_M M_C25H25_M": [[-0.2005466629639715, 0.030808887748549226, 0.00214136572554631]], "M_C26_M M_C26H261_M": [[0.021639576558691385, 0.01606146732920598, 0.0011163491496820781]], "M_C26_M M_C26H262_M": [[0.018928525006557503, 0.017746031864337684, 0.00123343447867685]], "M_C26_M M_C26H263_M": [[0.021601376338499453, 0.016764750007658324, 0.0011652306748867382]], "M_C27_M M_C27H271_M": [[0.018783355105742753, 0.0188653859150527, 0.0013112349633459348]], "M_C27_M M_C27H272_M": [[0.018912872781078525, 0.017068447323644254, 0.0011863390975179091]], "M_C27_M M_C27H273_M": [[0.018841430583821386, 0.016784147565462898, 0.0011665788983533246]]}