{"M_C3_M M_C3H3_M": [[-0.38949068404822923, 0.029740139368510828, 0.0027262741060523413]], "M_C4_M M_C4H41_M": [[-0.3397259613533718, 0.03201357741824244, 0.002934679830379913]], "M_C4_M M_C4H42_M": [[-0.19900887499095724, 0.0325380384290027, 0.002982757092411296]], "M_C6_M M_C6H6_M": [[-0.04167430816074162, 0.03307731237889152, 0.0030321922543462506]], "M_C7_M M_C7H71_M": [[-0.2929060771823508, 0.032495339516688496, 0.0029788428895369786]], "M_C7_M M_C7H72_M": [[-0.35272328399012165, 0.03170478933275048, 0.002906373272992843]], "M_C8_M M_C8H8_M": [[-0.42432083942848053, 0.02999410334019484, 0.002749554945166546]], "M_C14_M M_C14H14_M": [[-0.4219012772464528, 0.029806214572306713, 0.0027323312100533937]], "M_C15_M M_C15H151_M": [[-0.38547256455354645, 0.02996342073224273, 0.002746742275107086]], "M_C15_M M_C15H152_M": [[-0.3511349254433167, 0.03411934139005003, 0.0031277148971851306]], "M_C16_M M_C16H161_M": [[-0.09581706491727825, 0.03432440899783407, 0.003146513413969611]], "M_C16_M M_C16H162_M": [[-0.1659920611696852, 0.03129938885650593, 0.0028692102722660535]], "M_C17_M M_C17H17_M": [[-0.42093132037217096, 0.03007974161811949, 0.0027574053932327073]], "M_C18_M M_C18H181_M": [[0.1219608157814032, 0.01071364260314891, 0.0009821180072004019]], "M_C18_M M_C18H182_M": [[0.12123613704754345, 0.01203857509756678, 0.0011035743698300721]], "M_C18_M M_C18H183_M": [[0.12231966440163265, 0.012713587831847666, 0.0011654526857290911]], "M_C12_M M_C12H121_M": [[-0.1199156121589302, 0.03262624969459024, 0.0029908434058698013]], "M_C12_M M_C12H122_M": [[-0.41538542384682875, 0.0298545589312556, 0.0027367629301722173]], "M_C11_M M_C11H111_M": [[-0.42098534084525274, 0.030653420191695598, 0.0028099944218501582]], "M_C11_M M_C11H112_M": [[-0.23535827175119597, 0.03358577880533178, 0.0030788032952369596]], "M_C9_M M_C9H9_M": [[-0.41952317295463126, 0.029700080692309474, 0.0027226019332256693]], "M_C19_M M_C19H191_M": [[0.12123407222765031, 0.011253219824828572, 0.0010315809700148424]], "M_C19_M M_C19H192_M": [[0.11964696903780207, 0.010355148690303434, 0.000949254924090481]], "M_C19_M M_C19H193_M": [[0.12125008529960242, 0.010477803622167863, 0.0009604986832598029]], "M_C1_M M_C1H11_M": [[-0.2143145006891722, 0.032516640720155546, 0.0029807955676572923]], "M_C1_M M_C1H12_M": [[-0.3858275202489184, 0.031053880996280682, 0.0028467046036183435]], "M_C2_M M_C2H21_M": [[-0.2308908618278424, 0.03213976698088668, 0.002946247608621575]], "M_C2_M M_C2H22_M": [[-0.369774482870699, 0.031354555231755045, 0.002874267365593789]], "M_C20_M M_C20H20_M": [[-0.40574586008712704, 0.031210070796181735, 0.002861022499100387]], "M_C21_M M_C21H211_M": [[0.11580978898868756, 0.011564414733100097, 0.0010601081604843761]], "M_C21_M M_C21H212_M": [[0.1155625855475829, 0.01184006674345946, 0.0010853771388442996]], "M_C21_M M_C21H213_M": [[0.11565878578791366, 0.011838534487734368, 0.001085236677192274]], "M_C22_M M_C22H221_M": [[-0.3439579212516693, 0.062328933719367506, 0.00571368398619152]], "M_C22_M M_C22H222_M": [[-0.3913866979990542, 0.03191786073625472, 0.0029259054965280465]], "M_C23_M M_C23H231_M": [[-0.29374006007123593, 0.05726383800911026, 0.005249367423701834]], "M_C23_M M_C23H232_M": [[-0.3804949023725558, 0.03535411394186438, 0.0032409063114271206]], "M_C24_M M_C24H241_M": [[-0.2815354479524955, 0.04994572687697842, 0.004578517276110766]], "M_C24_M M_C24H242_M": [[-0.3401866434103532, 0.03711215736520132, 0.0034020658878154515]], "M_C25_M M_C25H25_M": [[-0.22014612977484302, 0.036190277430355446, 0.0033175572927440834]], "M_C26_M M_C26H261_M": [[0.021375248231020025, 0.006909522630411761, 0.0006333949010480875]], "M_C26_M M_C26H262_M": [[0.019874534592933254, 0.007756040486657502, 0.0007109950657008889]], "M_C26_M M_C26H263_M": [[0.0205830951983958, 0.007539031729751661, 0.0006911019055711344]], "M_C27_M M_C27H271_M": [[0.02368156127436647, 0.008305778800713901, 0.0007613894943263213]], "M_C27_M M_C27H272_M": [[0.023725884774183692, 0.007845297007607237, 0.0007191771975613478]], "M_C27_M M_C27H273_M": [[0.023389877031519558, 0.009074935289661733, 0.0008318979540661187]]}