{"M_G1_M M_G1H1_M": [[-0.1936393197813193, 0.03405739427500281, 0.001064813626620155]], "M_G1_M M_G1H2_M": [[-0.04801889524960298, 0.035829817126106375, 0.0011202289055680587]], "M_G1C3_M M_G1C3H1_M": [[-0.2947845721163783, 0.017715699363321458, 0.0005538861233731052]], "M_G1C3_M M_G1C3H2_M": [[-0.2758558816702785, 0.019487591437387878, 0.0006092848074336466]], "M_G1C4_M M_G1C4H1_M": [[-0.2824099430316225, 0.016977298187048656, 0.0005307998112477902]], "M_G1C4_M M_G1C4H2_M": [[-0.267694516485677, 0.018325427870467485, 0.0005729494497598918]], "M_G1C5_M M_G1C5H1_M": [[-0.31868081558698014, 0.016482758538568593, 0.0005153378956251961]], "M_G1C5_M M_G1C5H2_M": [[-0.31557572501837594, 0.01712892285839651, 0.0005355403975322054]], "M_G1C6_M M_G1C6H1_M": [[-0.3347187677144523, 0.01749770008292125, 0.0005470703170172472]], "M_G1C6_M M_G1C6H2_M": [[-0.3320185309079109, 0.018075040560232344, 0.0005651210229073173]], "M_G1C7_M M_G1C7H1_M": [[-0.3500692791336599, 0.016191072566899764, 0.0005062182549733311]], "M_G1C7_M M_G1C7H2_M": [[-0.3487256739133869, 0.016678992628254643, 0.0005214732074173397]], "M_G1C8_M M_G1C8H1_M": [[-0.3511294756316734, 0.016292091435893444, 0.0005093766371848903]], "M_G1C8_M M_G1C8H2_M": [[-0.3498697912411699, 0.01641897697970285, 0.0005133437479678938]], "M_G1C9_M M_G1C9H1_M": [[-0.3523801012324209, 0.015597574471394506, 0.00048766237678828295]], "M_G1C9_M M_G1C9H2_M": [[-0.3513990919901891, 0.015041969609158578, 0.00047029124077158953]], "M_G1C10_M M_G1C10H1_M": [[-0.3415410526819035, 0.015007930749102004, 0.0004692270066223123]], "M_G1C10_M M_G1C10H2_M": [[-0.3414296186618315, 0.014816546531671325, 0.00046324332739557247]], "M_G1C11_M M_G1C11H1_M": [[-0.33195239032479595, 0.014308425491202202, 0.00044735678588581724]], "M_G1C11_M M_G1C11H2_M": [[-0.3322471762067677, 0.014183603623016145, 0.0004434541964783166]], "M_G1C12_M M_G1C12H1_M": [[-0.3116461806174027, 0.014581178257133837, 0.0004558844747488349]], "M_G1C12_M M_G1C12H2_M": [[-0.31200116605428063, 0.01461460989691287, 0.00045692972399220106]], "M_G1C13_M M_G1C13H1_M": [[-0.2934467008574352, 0.014881113276907415, 0.0004652620241167237]], "M_G1C13_M M_G1C13H2_M": [[-0.29413487895739954, 0.014867910841396572, 0.00046484924640616233]], "M_G1C14_M M_G1C14H1_M": [[-0.2629195933553727, 0.01624811259846579, 0.0005080016269595704]], "M_G1C14_M M_G1C14H2_M": [[-0.2626195291346486, 0.015626131414155118, 0.0004885552173133266]], "M_G1C15_M M_G1C15H1_M": [[-0.22841773023995227, 0.016075121836540276, 0.000502593024084955]], "M_G1C15_M M_G1C15H2_M": [[-0.22840432215911544, 0.01585499342696756, 0.0004957106499307089]], "M_G1C16_M M_G1C16H1_M": [[-0.1713730053857187, 0.015936549354697488, 0.0004982605180291681]], "M_G1C16_M M_G1C16H2_M": [[-0.17145081675940146, 0.01674277058193875, 0.0005234672423576649]], "M_G1C17_M M_G1C17H1_M": [[-0.055484424405360555, 0.015663468452319376, 0.000489722569891563]], "M_G1C17_M M_G1C17H2_M": [[-0.05540637129867679, 0.015821157594104306, 0.0004946527634814429]], "M_G1C17_M M_G1C17H3_M": [[-0.05530572476734714, 0.015499199857208395, 0.00048458666791716256]], "M_G2_M M_G2H1_M": [[-0.2097422035467305, 0.03107869285009006, 0.0009716837223982118]], "M_G2C3_M M_G2C3H1_M": [[-0.08011835457870353, 0.02785876337374469, 0.000871011758022917]], "M_G2C3_M M_G2C3H2_M": [[-0.15272136386375218, 0.021186665567561998, 0.0006624068188194411]], "M_G2C4_M M_G2C4H1_M": [[-0.2769380899089363, 0.01725036573438937, 0.0005393373418365455]], "M_G2C4_M M_G2C4H2_M": [[-0.27970682579381795, 0.017008738116587555, 0.0005317827891327886]], "M_G2C5_M M_G2C5H1_M": [[-0.288606928439877, 0.017163809529416096, 0.0005366311387201281]], "M_G2C5_M M_G2C5H2_M": [[-0.29135126452945065, 0.016268947396888056, 0.0005086530325570973]], "M_G2C6_M M_G2C6H1_M": [[-0.3163653462805397, 0.01710187252654101, 0.0005346946616038558]], "M_G2C6_M M_G2C6H2_M": [[-0.31470432076878735, 0.016974078363251894, 0.0005306991425875156]], "M_G2C7_M M_G2C7H1_M": [[-0.30153658442233194, 0.01849514949436682, 0.0005782558421515363]], "M_G2C7_M M_G2C7H2_M": [[-0.30016811178259933, 0.018793721988144777, 0.0005875907917763253]], "M_G2C8_M M_G2C8H1_M": [[-0.2893175458277926, 0.017980318861768374, 0.000562159523432442]], "M_G2C8_M M_G2C8H2_M": [[-0.2886572960210292, 0.018413422309206312, 0.0005757006196432749]], "M_G2C9_M M_G2C9H1_M": [[-0.18473581395316435, 0.020324051497707264, 0.0006354369570420308]], "M_G2C9_M M_G2C9H2_M": [[-0.18394528145682854, 0.019537949425317058, 0.0006108592635216017]], "M_G2C10_M M_G2C10H1_M": [[-0.11573164754011028, 0.0199390905801741, 0.0006234010500259037]], "M_G2C11_M M_G2C11H1_M": [[-0.09906209313699997, 0.016300497804764308, 0.0005096394645771392]], "M_G2C12_M M_G2C12H1_M": [[-0.17095136959372456, 0.017513693478339674, 0.0005475703548428056]], "M_G2C12_M M_G2C12H2_M": [[-0.1711889002124607, 0.01753185747704543, 0.000548138257166149]], "M_G2C13_M M_G2C13H1_M": [[-0.2522987405823745, 0.015715223027512625, 0.0004913406906573715]], "M_G2C13_M M_G2C13H2_M": [[-0.25336804407581015, 0.01632542973720243, 0.0005104189681757915]], "M_G2C14_M M_G2C14H1_M": [[-0.2656415994579849, 0.014875560502065042, 0.0004650884151121718]], "M_G2C14_M M_G2C14H2_M": [[-0.2663305923021598, 0.015757020298089317, 0.0004926474936061296]], "M_G2C15_M M_G2C15H1_M": [[-0.27135902581973576, 0.015185770667266648, 0.0004747872196758904]], "M_G2C15_M M_G2C15H2_M": [[-0.2709990674777813, 0.015009535291306534, 0.00046927717306752167]], "M_G2C16_M M_G2C16H1_M": [[-0.2478304796699069, 0.016033614490605256, 0.000501295285708391]], "M_G2C16_M M_G2C16H2_M": [[-0.24727186658109107, 0.016186161633536023, 0.0005060647133158893]], "M_G2C17_M M_G2C17H1_M": [[-0.22339873587685388, 0.016181065708614602, 0.0005059053878474537]], "M_G2C17_M M_G2C17H2_M": [[-0.2235860716075738, 0.015669434528830618, 0.0004899091008843728]], "M_G2C18_M M_G2C18H1_M": [[-0.169249689259865, 0.016614384681312905, 0.000519453222513738]], "M_G2C18_M M_G2C18H2_M": [[-0.1693392861309936, 0.016277519602780514, 0.0005089210448885979]], "M_G2C19_M M_G2C19H1_M": [[-0.061798441441942784, 0.015684687071218152, 0.0004903859757399094]], "M_G2C19_M M_G2C19H2_M": [[-0.061893923528837186, 0.015417762951734752, 0.00048204052108167904]], "M_G2C19_M M_G2C19H3_M": [[-0.06165479062768567, 0.016283040797390996, 0.0005090936665286739]], "M_G3_M M_G3H1_M": [[-0.21374300359169024, 0.03429364084236839, 0.001072199939329279]], "M_G3_M M_G3H2_M": [[-0.23248958633772857, 0.024946687177193075, 0.0007799649095527665]], "M_G3C4_M M_G3C4H1_M": [[0.03636332034508458, 0.02004381842139541, 0.0006266753942554859]], "M_G3C4_M M_G3C4H2_M": [[0.03283491356864947, 0.019719874142822866, 0.000616547188929371]], "M_G3C5_M M_G3C5H1_M": [[-0.07307337609466111, 0.018053854205404223, 0.0005644586258038504]], "M_G3C5_M M_G3C5H2_M": [[-0.07251600965921226, 0.01927353015572435, 0.0006025921236714483]], "M_G3N6C1_M M_G3N6C1H1_M": [[0.012492670010266561, 0.016024720104294246, 0.0005010172003191239]], "M_G3N6C1_M M_G3N6C1H2_M": [[0.01156232941542686, 0.016261706358788753, 0.0005084266395460303]], "M_G3N6C1_M M_G3N6C1H3_M": [[0.01211671612780649, 0.0158881872447194, 0.0004967484636041891]], "M_G3N6C2_M M_G3N6C2H1_M": [[0.012444114049519013, 0.01581672054311852, 0.0004945140378844837]], "M_G3N6C2_M M_G3N6C2H2_M": [[0.011739930368059173, 0.01623578737338131, 0.0005076162754698134]], "M_G3N6C2_M M_G3N6C2H3_M": [[0.011236894657934182, 0.016341473375995126, 0.0005109205768740111]], "M_G3N6C3_M M_G3N6C3H1_M": [[0.01262851998372104, 0.015785777763143608, 0.0004935466035148209]], "M_G3N6C3_M M_G3N6C3H2_M": [[0.010949313094932623, 0.01604964482205836, 0.0005017964783490456]], "M_G3N6C3_M M_G3N6C3H3_M": [[0.012239013290936209, 0.01566617291324102, 0.0004898071255924124]]}