{"M_G1_M M_G1H1_M": [[-0.2521079362832917, 0.09202807225222719, 0.009249169267889533]], "M_G1_M M_G1H2_M": [[0.03482867749726737, 0.07809623595493417, 0.007848967036411497]], "M_G1C3_M M_G1C3H1_M": [[-0.26596806265670614, 0.03466169053713864, 0.0034836309730636723]], "M_G1C3_M M_G1C3H2_M": [[-0.2534961937671406, 0.03852295623983102, 0.0038717027776606]], "M_G1C4_M M_G1C4H1_M": [[-0.2225236840300167, 0.03407902525630026, 0.003425070908975552]], "M_G1C4_M M_G1C4H2_M": [[-0.21305014165181865, 0.03751207736286397, 0.0037701056278607353]], "M_G1C5_M M_G1C5H1_M": [[-0.2522595497318167, 0.031708013918991376, 0.003186775303535178]], "M_G1C5_M M_G1C5H2_M": [[-0.24709708531453928, 0.03589402041282019, 0.003607484785657037]], "M_G1C6_M M_G1C6H1_M": [[-0.2377600337074914, 0.03341847563479561, 0.003358683174128819]], "M_G1C6_M M_G1C6H2_M": [[-0.23133596093544803, 0.03739253330065641, 0.003758090997549905]], "M_G1C7_M M_G1C7H1_M": [[-0.24950466699657853, 0.03412064657113719, 0.003429254008508745]], "M_G1C7_M M_G1C7H2_M": [[-0.24487939562014213, 0.03463946945897086, 0.0034813976706782276]], "M_G1C8_M M_G1C8H1_M": [[-0.2348121093155204, 0.034528455965672625, 0.0034702403948013525]], "M_G1C8_M M_G1C8H2_M": [[-0.2323839467949723, 0.035702581547376086, 0.0035882444557488722]], "M_G1C9_M M_G1C9H1_M": [[-0.23372721294570087, 0.036311487504899174, 0.0036494418070736044]], "M_G1C9_M M_G1C9H2_M": [[-0.23425540055406346, 0.03548520920644519, 0.0035663977134861753]], "M_G1C10_M M_G1C10H1_M": [[-0.21553298960693446, 0.03828067036990323, 0.0038473521315225594]], "M_G1C10_M M_G1C10H2_M": [[-0.21638847143760248, 0.03681386744121507, 0.0036999328904361037]], "M_G1C11_M M_G1C11H1_M": [[-0.20790786328192218, 0.036366306844661515, 0.003654951358020474]], "M_G1C11_M M_G1C11H2_M": [[-0.20895253084361218, 0.03641779080808778, 0.003660125691032756]], "M_G1C12_M M_G1C12H1_M": [[-0.18561676021611834, 0.03765405587253961, 0.0037843750049785514]], "M_G1C12_M M_G1C12H2_M": [[-0.18594645936497586, 0.036718294851768994, 0.0036903274837865483]], "M_G1C13_M M_G1C13H1_M": [[-0.17175656146932375, 0.03637540263518655, 0.003655865519364208]], "M_G1C13_M M_G1C13H2_M": [[-0.1737629780452665, 0.03264314352747321, 0.0032807593654044565]], "M_G1C14_M M_G1C14H1_M": [[-0.14600002197539688, 0.03270098613564063, 0.0032865727662586045]], "M_G1C14_M M_G1C14H2_M": [[-0.1457863523842712, 0.032664353680762336, 0.003282891066016758]], "M_G1C15_M M_G1C15H1_M": [[-0.12484527827043788, 0.028143096689951144, 0.002828487641189726]], "M_G1C15_M M_G1C15H2_M": [[-0.1262562166677338, 0.02803415805462682, 0.0028175388963853584]], "M_G1C16_M M_G1C16H1_M": [[-0.08613327698516475, 0.02128700813258642, 0.0021394248146979736]], "M_G1C16_M M_G1C16H2_M": [[-0.08722125613447058, 0.022213137499612363, 0.0022325043182662885]], "M_G1C17_M M_G1C17H1_M": [[-0.028135835800899754, 0.009172574673577216, 0.0009218784410234026]], "M_G1C17_M M_G1C17H2_M": [[-0.028398757743845544, 0.009960623126783674, 0.0010010802905963045]], "M_G1C17_M M_G1C17H3_M": [[-0.02800066863131538, 0.00960260829203204, 0.0009650984458613875]], "M_G2_M M_G2H1_M": [[-0.2370502439081429, 0.08817593058351526, 0.008862014463210412]], "M_G2C3_M M_G2C3H1_M": [[-0.26596806265670614, 0.03466169053713864, 0.0034836309730636723]], "M_G2C3_M M_G2C3H2_M": [[-0.2534961937671406, 0.03852295623983102, 0.0038717027776606]], "M_G2C4_M M_G2C4H1_M": [[-0.2225236840300167, 0.03407902525630026, 0.003425070908975552]], "M_G2C4_M M_G2C4H2_M": [[-0.21305014165181865, 0.03751207736286397, 0.0037701056278607353]], "M_G2C5_M M_G2C5H1_M": [[-0.2522595497318167, 0.031708013918991376, 0.003186775303535178]], "M_G2C5_M M_G2C5H2_M": [[-0.24709708531453928, 0.03589402041282019, 0.003607484785657037]], "M_G2C6_M M_G2C6H1_M": [[-0.2377600337074914, 0.03341847563479561, 0.003358683174128819]], "M_G2C6_M M_G2C6H2_M": [[-0.23133596093544803, 0.03739253330065641, 0.003758090997549905]], "M_G2C7_M M_G2C7H1_M": [[-0.24950466699657853, 0.03412064657113719, 0.003429254008508745]], "M_G2C7_M M_G2C7H2_M": [[-0.24487939562014213, 0.03463946945897086, 0.0034813976706782276]], "M_G2C8_M M_G2C8H1_M": [[-0.2348121093155204, 0.034528455965672625, 0.0034702403948013525]], "M_G2C8_M M_G2C8H2_M": [[-0.2323839467949723, 0.035702581547376086, 0.0035882444557488722]], "M_G2C9_M M_G2C9H1_M": [[-0.23372721294570087, 0.036311487504899174, 0.0036494418070736044]], "M_G2C9_M M_G2C9H2_M": [[-0.23425540055406346, 0.03548520920644519, 0.0035663977134861753]], "M_G2C10_M M_G2C10H1_M": [[-0.21553298960693446, 0.03828067036990323, 0.0038473521315225594]], "M_G2C11_M M_G2C11H1_M": [[-0.20790786328192218, 0.036366306844661515, 0.003654951358020474]], "M_G2C12_M M_G2C12H1_M": [[-0.18561676021611834, 0.03765405587253961, 0.0037843750049785514]], "M_G2C12_M M_G2C12H2_M": [[-0.18594645936497586, 0.036718294851768994, 0.0036903274837865483]], "M_G2C13_M M_G2C13H1_M": [[-0.17175656146932375, 0.03637540263518655, 0.003655865519364208]], "M_G2C13_M M_G2C13H2_M": [[-0.1737629780452665, 0.03264314352747321, 0.0032807593654044565]], "M_G2C14_M M_G2C14H1_M": [[-0.14600002197539688, 0.03270098613564063, 0.0032865727662586045]], "M_G2C14_M M_G2C14H2_M": [[-0.1457863523842712, 0.032664353680762336, 0.003282891066016758]], "M_G2C15_M M_G2C15H1_M": [[-0.12484527827043788, 0.028143096689951144, 0.002828487641189726]], "M_G2C15_M M_G2C15H2_M": [[-0.1262562166677338, 0.02803415805462682, 0.0028175388963853584]], "M_G2C16_M M_G2C16H1_M": [[-0.08613327698516475, 0.02128700813258642, 0.0021394248146979736]], "M_G2C16_M M_G2C16H2_M": [[-0.08722125613447058, 0.022213137499612363, 0.0022325043182662885]], "M_G2C17_M M_G2C17H1_M": [[-0.028135835800899754, 0.009172574673577216, 0.0009218784410234026]], "M_G2C17_M M_G2C17H2_M": [[-0.028398757743845544, 0.009960623126783674, 0.0010010802905963045]], "M_G2C18_M M_G2C18H1_M": [[-0.08281672344613188, 0.020660536630638025, 0.0020764620597339364]], "M_G2C18_M M_G2C18H2_M": [[-0.08083500773703385, 0.02120315198004517, 0.0021309969542633637]], "M_G2C19_M M_G2C19H1_M": [[-0.025953537512609558, 0.009248959959047266, 0.0009295554510660797]], "M_G2C19_M M_G2C19H2_M": [[-0.024852728744876852, 0.010631823207607255, 0.0010685384368795783]], "M_G2C19_M M_G2C19H3_M": [[-0.02619282148455101, 0.008076078371866536, 0.0008116764162722918]], "M_G3_M M_G3H1_M": [[-0.126276452835976, 0.09380910119478429, 0.009428169411623635]], "M_G3_M M_G3H2_M": [[-0.21063624084034083, 0.06707695467881598, 0.00674148759846384]], "M_G3C4_M M_G3C4H1_M": [[-0.02022155155720706, 0.042701089374249754, 0.004291620957388433]], "M_G3C4_M M_G3C4H2_M": [[-0.015386461458411362, 0.04140714778923107, 0.00416157493502041]], "M_G3C5_M M_G3C5H1_M": [[-0.04070699344097895, 0.02656328055370424, 0.0026697101453812423]], "M_G3C5_M M_G3C5H2_M": [[-0.03869373483149154, 0.02558920267254549, 0.002571811634824031]], "M_G3N6C1_M M_G3N6C1H1_M": [[0.013826814557913047, 0.010245657758559863, 0.00102972734895566]], "M_G3N6C1_M M_G3N6C1H2_M": [[0.01256309163252283, 0.009510294386049072, 0.0009558205492226709]], "M_G3N6C1_M M_G3N6C1H3_M": [[0.013591528289294986, 0.00993914552725051, 0.0009989217106251222]], "M_G3N6C2_M M_G3N6C2H1_M": [[0.014072566997409336, 0.008568504959236046, 0.0008611671504268319]], "M_G3N6C2_M M_G3N6C2H2_M": [[0.014048548447725412, 0.01008650801118407, 0.001013732197515498]], "M_G3N6C2_M M_G3N6C2H3_M": [[0.016102913447454997, 0.009528054121515748, 0.0009576054697959719]], "M_G3N6C3_M M_G3N6C3H1_M": [[0.014772601125520543, 0.009582793171797646, 0.0009631069513464402]], "M_G3N6C3_M M_G3N6C3H2_M": [[0.014343168063594975, 0.010124666156089548, 0.0010175672353745125]], "M_G3N6C3_M M_G3N6C3H3_M": [[0.013460922185272322, 0.010009363275742745, 0.001005978859878828]]}