{"sn-1": 0.0834586179574383, "sn-2": 0.2553781859929133, "headgroup": 0.09779415311778555, "total": 0.14554365235604572}