{"10.1039/c2cp42738a": {"M_G1_M M_G1H1_M": [0.14185, 0.25565, 0.02789, -0.0, 0.02, Infinity], "M_G1_M M_G1H2_M": [0.06236, 0.1836, 0.02003, -0.15696768, 0.02, Infinity], "M_G1C3_M M_G1C3H1_M": [-0.25943, 0.07297, 0.00796, -0.25945595, 0.02, 0.00523700263105748], "M_G1C3_M M_G1C3H2_M": [-0.25045, 0.08179, 0.00892, -0.25945595, 0.02, 0.050342400037209294], "M_G1C4_M M_G1C4H1_M": [-0.29506, 0.06092, 0.00665, -0.26656433, 0.02, 0.9969486871622295], "M_G1C4_M M_G1C4H2_M": [-0.29202, 0.06268, 0.00684, -0.26656433, 0.02, 0.6725436388224678], "M_G1C5_M M_G1C5H1_M": [-0.32924, 0.05894, 0.00643, -0.2807811, 0.02, 5.318686868022186], "M_G1C5_M M_G1C5H2_M": [-0.31925, 0.05849, 0.00638, -0.2807811, 0.02, 2.721948944749621], "M_G1C6_M M_G1C6H1_M": [-0.34708, 0.04998, 0.00545, -0.30210624, 0.02, 5.6384622857576385], "M_G1C6_M M_G1C6H2_M": [-0.34685, 0.04706, 0.00513, -0.30210624, 0.02, 6.151286171180507], "M_G1C7_M M_G1C7H1_M": [-0.35937, 0.04592, 0.00501, -0.31632301, 0.02, 5.675624576107965], "M_G1C7_M M_G1C7H2_M": [-0.3596, 0.04378, 0.00478, -0.31632301, 0.02, 6.252632344075503], "M_G1C8_M M_G1C8H1_M": [-0.36664, 0.04096, 0.00447, -0.31632301, 0.02, 11.22820103632662], "M_G1C8_M M_G1C8H2_M": [-0.36632, 0.04028, 0.0044, -0.31632301, 0.02, 11.334232061273463], "M_G1C9_M M_G1C9H1_M": [-0.36544, 0.03894, 0.00425, -0.30921463, 0.02, 17.11168815797878], "M_G1C9_M M_G1C9H2_M": [-0.36354, 0.03927, 0.00428, -0.30921463, 0.02, 15.276579476671104], "M_G1C10_M M_G1C10H1_M": [-0.36196, 0.03608, 0.00394, -0.29499786, 0.02, 32.328521322469264], "M_G1C10_M M_G1C10H2_M": [-0.35991, 0.03871, 0.00422, -0.29499786, 0.02, 26.02546547439392], "M_G1C11_M M_G1C11H1_M": [-0.35048, 0.03547, 0.00387, -0.25945595, 0.02, 74.80209340855765], "M_G1C11_M M_G1C11H2_M": [-0.34736, 0.03813, 0.00416, -0.25945595, 0.02, 59.470920066620195], "M_G1C12_M M_G1C12H1_M": [-0.33527, 0.03511, 0.00383, -0.25234757, 0.02, 60.22575379637399], "M_G1C12_M M_G1C12H2_M": [-0.33297, 0.03681, 0.00402, -0.25234757, 0.02, 50.96141092355329], "M_G1C13_M M_G1C13H1_M": [-0.31395, 0.03541, 0.00386, -0.20258889, 0.02, 123.42132658887604], "M_G1C13_M M_G1C13H2_M": [-0.31194, 0.0341, 0.00372, -0.20258889, 0.02, 127.05652973137344], "M_G1C14_M M_G1C14H1_M": [-0.28656, 0.03705, 0.00404, -0.19548051, 0.02, 68.86300973880678], "M_G1C14_M M_G1C14H2_M": [-0.28613, 0.0373, 0.00407, -0.19548051, 0.02, 67.07103434338572], "M_G1C15_M M_G1C15H1_M": [-0.24755, 0.03783, 0.00413, -0.17415536, 0.02, 37.80842682452337], "M_G1C15_M M_G1C15H2_M": [-0.24763, 0.03658, 0.00399, -0.17415536, 0.02, 40.532211349385854], "M_G1C16_M M_G1C16H1_M": [-0.20059, 0.03746, 0.00409, -0.11728831, 0.02, 53.606738929544406], "M_G1C16_M M_G1C16H2_M": [-0.19997, 0.0357, 0.0039, -0.11728831, 0.02, 57.699550801780994], "M_G2_M M_G2H1_M": [-0.12967, 0.17438, 0.01903, -0.21911484, 0.02, 3.881042808731494], "M_G2C3_M M_G2C3H1_M": [-0.1932, 0.09787, 0.01068, -0.09822112, 0.02, 11.956471598143116], "M_G2C3_M M_G2C3H2_M": [-0.18206, 0.11048, 0.01205, -0.16874277, 0.02, 0.15023400459451217], "M_G2C4_M M_G2C4H1_M": [-0.23508, 0.09125, 0.00996, -0.26148161, 0.02, 0.5846969810353365], "M_G2C4_M M_G2C4H2_M": [-0.23977, 0.08268, 0.00902, -0.26148161, 0.02, 0.3718688449129792], "M_G2C5_M M_G2C5H1_M": [-0.264, 0.08718, 0.00951, -0.26948202, 0.02, 0.03017268578798018], "M_G2C5_M M_G2C5H2_M": [-0.27063, 0.07774, 0.00848, -0.26948202, 0.02, 0.008517865213108709], "M_G2C6_M M_G2C6H1_M": [-0.29161, 0.08269, 0.00902, -0.27451829, 0.02, 0.20313735167658248], "M_G2C6_M M_G2C6H2_M": [-0.29312, 0.07799, 0.00851, -0.27451829, 0.02, 0.2477562562274539], "M_G2C7_M M_G2C7H1_M": [-0.29106, 0.07895, 0.00861, -0.27451829, 0.02, 0.183081740340663], "M_G2C7_M M_G2C7H2_M": [-0.29417, 0.07635, 0.00833, -0.27451829, 0.02, 0.28678292280228856], "M_G2C8_M M_G2C8H1_M": [-0.29755, 0.07168, 0.00782, -0.26592783, 0.02, 1.163602074729017], "M_G2C8_M M_G2C8H2_M": [-0.29638, 0.07418, 0.00809, -0.26592783, 0.02, 1.0079728740115619], "M_G2C9_M M_G2C9H1_M": [-0.19325, 0.06613, 0.00722, -0.19837032, 0.02, 0.008733067846388214], "M_G2C9_M M_G2C9H2_M": [-0.19461, 0.06557, 0.00715, -0.19837032, 0.02, 0.0052474416817121184], "M_G2C10_M M_G2C10H1_M": [-0.12268, 0.06844, 0.00747, -0.16577862, 0.02, 3.002855830997759], "M_G2C11_M M_G2C11H1_M": [-0.05029, 0.07384, 0.00806, -0.06562942, 0.02, 0.1436084683458121], "M_G2C12_M M_G2C12H1_M": [-0.15682, 0.05916, 0.00646, -0.12518651, 0.02, 1.4453500536021053], "M_G2C12_M M_G2C12H2_M": [-0.15765, 0.05429, 0.00592, -0.12518651, 0.02, 1.7537042485263716], "M_G2C13_M M_G2C13H1_M": [-0.2599, 0.05839, 0.00637, -0.20488866, 0.02, 7.712339437115686], "M_G2C13_M M_G2C13H2_M": [-0.25908, 0.05806, 0.00633, -0.20488866, 0.02, 7.480861634951116], "M_G2C14_M M_G2C14H1_M": [-0.2603, 0.04665, 0.00509, -0.20340659, 0.02, 12.675406273834124], "M_G2C14_M M_G2C14H2_M": [-0.26071, 0.04449, 0.00485, -0.20340659, 0.02, 14.138150549842823], "M_G2C15_M M_G2C15H1_M": [-0.26324, 0.04201, 0.00458, -0.18681572, 0.02, 34.450093579194224], "M_G2C15_M M_G2C15H2_M": [-0.26349, 0.04095, 0.00447, -0.18681572, 0.02, 36.41173012366498], "M_G2C16_M M_G2C16H1_M": [-0.23533, 0.03992, 0.00436, -0.18533364, 0.02, 11.523639600694736], "M_G2C16_M M_G2C16H2_M": [-0.23633, 0.03844, 0.00419, -0.18533364, 0.02, 13.15937896716988], "M_G2C17_M M_G2C17H1_M": [-0.21497, 0.03602, 0.00393, -0.16785074, 0.02, 11.586763582730516], "M_G2C17_M M_G2C17H2_M": [-0.21575, 0.03678, 0.00401, -0.16785074, 0.02, 11.76125523650422], "M_G2C18_M M_G2C18H1_M": [-0.15956, 0.03428, 0.00374, -0.11718609, 0.02, 8.95866740897772], "M_G2C18_M M_G2C18H2_M": [-0.1591, 0.03376, 0.00368, -0.11718609, 0.02, 8.885583096108814], "M_G3_M M_G3H1_M": [-0.25375, 0.10887, 0.01188, -0.22755865, 0.02, 0.5213208941584899], "M_G3_M M_G3H2_M": [-0.14933, 0.16421, 0.01792, -0.22755865, 0.02, 3.2378540025183296], "M_G3C4_M M_G3C4H1_M": [0.0727, 0.12593, 0.01374, 0.05546903, 0.02, 0.23920769222820806], "M_G3C4_M M_G3C4H2_M": [0.1539, 0.18404, 0.02008, 0.05546903, 0.02, Infinity], "M_G3C5_M M_G3C5H1_M": [0.03007, 0.08729, 0.00952, -0.03771894, 0.02, 6.587432373075306], "M_G3C5_M M_G3C5H2_M": [0.05947, 0.11523, 0.01257, -0.03771894, 0.02, 9.386451082086804]}}