{"10.1021/acs.jctc.9b00824": {"M_G1C3_M M_G1C3H1_M": [-0.24092, 0.15234, 0.01346, -0.220769, 0.02, 0.3934685016494436], "M_G1C3_M M_G1C3H2_M": [-0.29165, 0.09962, 0.00881, -0.220769, 0.02, 0.023813150932361582], "M_G1C4_M M_G1C4H1_M": [-0.30085, 0.09283, 0.00821, -0.196239, 0.02, 0.009848358777495125], "M_G1C4_M M_G1C4H2_M": [-0.30511, 0.07976, 0.00705, -0.196239, 0.02, 0.007802186703206315], "M_G1C5_M M_G1C5H1_M": [-0.31338, 0.06297, 0.00557, -0.220769, 0.02, 0.008638348835641962], "M_G1C5_M M_G1C5H2_M": [-0.31037, 0.06447, 0.0057, -0.220769, 0.02, 0.009470676804889666], "M_G1C6_M M_G1C6H1_M": [-0.317, 0.05523, 0.00488, -0.220769, 0.02, 0.006992633677160631], "M_G1C6_M M_G1C6H2_M": [-0.31104, 0.05627, 0.00497, -0.220769, 0.02, 0.008138647067754912], "M_G1C7_M M_G1C7H1_M": [-0.32606, 0.04595, 0.00406, -0.220769, 0.02, 0.004829590999888667], "M_G1C7_M M_G1C7H2_M": [-0.32273, 0.04543, 0.00402, -0.220769, 0.02, 0.005111743608292252], "M_G1C8_M M_G1C8H1_M": [-0.32694, 0.04293, 0.00379, -0.220769, 0.02, 0.004432279956963492], "M_G1C8_M M_G1C8H2_M": [-0.32409, 0.04408, 0.0039, -0.220769, 0.02, 0.0048251137410915135], "M_G1C9_M M_G1C9H1_M": [-0.32889, 0.04, 0.00354, -0.220769, 0.02, 0.003987577557309718], "M_G1C9_M M_G1C9H2_M": [-0.32852, 0.03744, 0.00331, -0.220769, 0.02, 0.0037555827614574877], "M_G1C10_M M_G1C10H1_M": [-0.32648, 0.03765, 0.00333, -0.196239, 0.02, 0.0025581306744285603], "M_G1C10_M M_G1C10H2_M": [-0.32452, 0.03683, 0.00326, -0.196239, 0.02, 0.002583408302752055], "M_G1C11_M M_G1C11H1_M": [-0.32252, 0.03416, 0.00302, -0.17171, 0.02, 0.001720209563994879], "M_G1C11_M M_G1C11H2_M": [-0.32155, 0.03465, 0.00306, -0.17171, 0.02, 0.0017660143681634821], "M_G1C12_M M_G1C12H1_M": [-0.31514, 0.03322, 0.00294, -0.17171, 0.02, 0.0018548721132241042], "M_G1C12_M M_G1C12H2_M": [-0.31417, 0.03335, 0.00295, -0.17171, 0.02, 0.0018871065101488949], "M_G1C13_M M_G1C13H1_M": [-0.30576, 0.03277, 0.0029, -0.14718, 0.02, 0.0014915025525369385], "M_G1C13_M M_G1C13H2_M": [-0.30405, 0.03223, 0.00285, -0.14718, 0.02, 0.0014984547557427286], "M_G1C14_M M_G1C14H1_M": [-0.28942, 0.03393, 0.003, -0.12265, 0.02, 0.0013929695520141783], "M_G1C14_M M_G1C14H2_M": [-0.28786, 0.03369, 0.00298, -0.12265, 0.02, 0.0014103250021906266], "M_G1C15_M M_G1C15H1_M": [-0.26333, 0.03469, 0.00307, -0.09812, 0.02, 0.0014528887224626308], "M_G1C15_M M_G1C15H2_M": [-0.2629, 0.0344, 0.00304, -0.09812, 0.02, 0.0014463292782589399], "M_G1C16_M M_G1C16H1_M": [-0.21919, 0.03739, 0.00331, -0.07359, 0.02, 0.002025133116890676], "M_G1C16_M M_G1C16H2_M": [-0.21922, 0.03511, 0.0031, -0.07359, 0.02, 0.0018959801523398268], "M_G2C3_M M_G2C3H1_M": [-0.30089, 0.1045, 0.00924, -0.12, 0.02, 0.0036301970366431346], "M_G2C3_M M_G2C3H2_M": [-0.27491, 0.1345, 0.01189, -0.12, 0.02, 0.006376479442178562], "M_G2C4_M M_G2C4H1_M": [-0.32356, 0.0733, 0.00648, -0.2, 0.02, 0.005533386366728843], "M_G2C4_M M_G2C4H2_M": [-0.30467, 0.0902, 0.00797, -0.2, 0.02, 0.009553024989517933], "M_G2C5_M M_G2C5H1_M": [-0.30954, 0.06727, 0.00595, -0.2, 0.02, 0.006510614754713817], "M_G2C5_M M_G2C5H2_M": [-0.29375, 0.08267, 0.00731, -0.2, 0.02, 0.011020034092686148], "M_G2C6_M M_G2C6H1_M": [-0.32076, 0.05545, 0.0049, -0.22, 0.02, 0.006380588388499309], "M_G2C6_M M_G2C6H2_M": [-0.3165, 0.05026, 0.00444, -0.22, 0.02, 0.006328327113059418], "M_G2C7_M M_G2C7H1_M": [-0.30346, 0.0514, 0.00454, -0.2, 0.02, 0.005598203254292833], "M_G2C7_M M_G2C7H2_M": [-0.29979, 0.05108, 0.00451, -0.2, 0.02, 0.005994363345691256], "M_G2C8_M M_G2C8H1_M": [-0.32345, 0.04537, 0.00401, -0.17, 0.02, 0.002204210508247484], "M_G2C8_M M_G2C8H2_M": [-0.32098, 0.04326, 0.00382, -0.17, 0.02, 0.0021703689183315555], "M_G2C9_M M_G2C9H1_M": [-0.27485, 0.03771, 0.00333, -0.12, 0.02, 0.001797334662290595], "M_G2C9_M M_G2C9H2_M": [-0.27101, 0.03814, 0.00337, -0.12, 0.02, 0.0019142062795421966], "M_G2C10_M M_G2C10H1_M": [-0.09689, 0.05772, 0.0051, -0.12, 0.02, 0.2882119408976159], "M_G2C11_M M_G2C11H1_M": [-0.01011, 0.09297, 0.00822, -0.0, 0.02, 0.6944387677852772], "M_G2C12_M M_G2C12H1_M": [-0.24423, 0.05155, 0.00456, -0.07, 0.02, 0.0019367924261421976], "M_G2C12_M M_G2C12H2_M": [-0.24985, 0.04882, 0.00431, -0.07, 0.02, 0.0017167771434639656], "M_G2C13_M M_G2C13H1_M": [-0.29617, 0.03371, 0.00298, -0.12, 0.02, 0.0012381353394639305], "M_G2C13_M M_G2C13H2_M": [-0.29696, 0.03478, 0.00307, -0.12, 0.02, 0.0012639992145430101], "M_G2C14_M M_G2C14H1_M": [-0.268, 0.03737, 0.0033], "M_G2C14_M M_G2C14H2_M": [-0.26905, 0.03642, 0.00322], "M_G2C15_M M_G2C15H1_M": [-0.27523, 0.0382, 0.00338, -0.12, 0.02, 0.0018152283762860044], "M_G2C15_M M_G2C15H2_M": [-0.2762, 0.03778, 0.00334, -0.12, 0.02, 0.001771198590666656], "M_G2C16_M M_G2C16H1_M": [-0.23141, 0.04855, 0.00429, -0.1, 0.02, 0.003234447902837778], "M_G2C16_M M_G2C16H2_M": [-0.2326, 0.04947, 0.00437, -0.1, 0.02, 0.0032344562216937156], "M_G2C17_M M_G2C17H1_M": [-0.21823, 0.04863, 0.0043, -0.1, 0.02, 0.0040264097522521025], "M_G2C17_M M_G2C17H2_M": [-0.21932, 0.0501, 0.00443, -0.1, 0.02, 0.004070281897520567], "M_G2C18_M M_G2C18H1_M": [-0.14711, 0.05048, 0.00446, -0.07, 0.02, 0.010199181254023415], "M_G2C18_M M_G2C18H2_M": [-0.14743, 0.0502, 0.00444, -0.07, 0.02, 0.0100644351235053]}, "10.1021/acs.jpcb.9b06091": {"M_G1_M M_G1H1_M": [0.22922, 0.34521, 0.03051, -0.13, 0.02, 0.0029980264907008905], "M_G1_M M_G1H2_M": [0.15818, 0.33624, 0.02972, 0.0, 0.02, 0.014826312305840285], "M_G2_M M_G2H1_M": [-0.14468, 0.26163, 0.02313, -0.18, 0.02, 0.18772966007651568], "M_G3_M M_G3H1_M": [-0.21932, 0.24467, 0.02163, -0.21, 0.02, 0.44367363962439577], "M_G3_M M_G3H2_M": [-0.24688, 0.22332, 0.01974, -0.21, 0.02, 0.16848085271752267], "M_G3C4_M M_G3C4H1_M": [0.17748, 0.33158, 0.02931, -0.0, 0.02, 0.011672087996813116], "M_G3C4_M M_G3C4H2_M": [0.20881, 0.36032, 0.03185, 0.09, 0.02, 0.02746188744450717], "M_G3C5_M M_G3C5H1_M": [0.16283, 0.38664, 0.03417, -0.11, 0.02, 0.005784522477395047]}}