{"headgroup": 0.10782837364171133, "tails": 0.02777730509132394, "total": 0.054460994608119734}