{"headgroup": 262.5889509227977, "sn-1": 179.20016880110487, "sn-2": 151.0077696928675, "total": 197.59896313892332}