{"POPC": 0.32963692286528407, "POPS": 0.2550279124119436}