{"sn-1": 0.65878334711323, "sn-2": 0.709308331072225, "headgroup": 0.18339507008506867, "total": 0.5171622494235079}