{
    "10.1021/acs.jpcb.4c04719": {
        "M_G1_M M_G1H1_M": [-0.273558, 0.0264239, 0.0033291, -0.135, 0.02, 0.00225348],
        "M_G1_M M_G1H2_M": [0.0146868, 0.0278324, 0.00350655, 0, 0.02, 0.782243],
        "M_G1C3_M M_G1C3H1_M": [-0.259102, 0.0137887, 0.00173722, -0.197, 0.02, 0.00639245],
        "M_G1C3_M M_G1C3H2_M": [-0.250779, 0.0133254, 0.00167884, -0.197, 0.02, 0.00856525],
        "M_G1C4_M M_G1C4H1_M": [-0.181146, 0.0155252, 0.001956, -0.172, 0.02, 0.921917],
        "M_G1C4_M M_G1C4H2_M": [-0.170333, 0.0141658, 0.00178472, -0.172, 0.02, 0.94295],
        "M_G1C5_M M_G1C5H1_M": [-0.202984, 0.0159086, 0.00200429, -0.163, 0.02, 0.0211859],
        "M_G1C5_M M_G1C5H2_M": [-0.201504, 0.0139864, 0.00176212, -0.163, 0.02, 0.020637],
        "M_G1C6_M M_G1C6H1_M": [-0.18335, 0.0162342, 0.00204532, -0.183, 0.02, 0.935102],
        "M_G1C6_M M_G1C6H2_M": [-0.183237, 0.0136171, 0.00171559, -0.183, 0.02, 0.945517],
        "M_G1C7_M M_G1C7H1_M": [-0.197892, 0.0147246, 0.00185512, -0.189, 0.02, 0.926916],
        "M_G1C7_M M_G1C7H2_M": [-0.193716, 0.0143428, 0.00180702, -0.189, 0.02, 0.939309],
        "M_G1C8_M M_G1C8H1_M": [-0.177924, 0.0145538, 0.00183361, -0.18, 0.02, 0.941172],
        "M_G1C8_M M_G1C8H2_M": [-0.174248, 0.0153274, 0.00193107, -0.18, 0.02, 0.933294],
        "M_G1C9_M M_G1C9H1_M": [-0.175406, 0.0138456, 0.00174438, -0.166, 0.02, 0.929192],
        "M_G1C9_M M_G1C9H2_M": [-0.174133, 0.0156315, 0.00196939, -0.166, 0.02, 0.925404],
        "M_G1C10_M M_G1C10H1_M": [-0.151299, 0.0152422, 0.00192033, -0.158, 0.02, 0.9315],
        "M_G1C10_M M_G1C10H2_M": [-0.151363, 0.0146445, 0.00184503, -0.158, 0.02, 0.934313],
        "M_G1C11_M M_G1C11H1_M": [-0.145271, 0.0160276, 0.00201929, -0.135, 0.02, 0.913657],
        "M_G1C11_M M_G1C11H2_M": [-0.144902, 0.01289, 0.00162399, -0.135, 0.02, 0.931974],
        "M_G1C12_M M_G1C12H1_M": [-0.124942, 0.0139041, 0.00175176, -0.132, 0.02, 0.936597],
        "M_G1C12_M M_G1C12H2_M": [-0.122267, 0.0136755, 0.00172295, -0.132, 0.02, 0.928651],
        "M_G1C13_M M_G1C13H1_M": [-0.115826, 0.014674, 0.00184875, -0.107, 0.02, 0.927423],
        "M_G1C13_M M_G1C13H2_M": [-0.114566, 0.0142173, 0.00179121, -0.107, 0.02, 0.933803],
        "M_G1C14_M M_G1C14H1_M": [-0.0936267, 0.0143383, 0.00180646, -0.089, 0.02, 0.93946],
        "M_G1C14_M M_G1C14H2_M": [-0.096316, 0.0127927, 0.00161173, -0.089, 0.02, 0.941009],
        "M_G1C15_M M_G1C15H1_M": [-0.0832106, 0.0130724, 0.00164697, -0.084, 0.02, 0.947613],
        "M_G1C15_M M_G1C15H2_M": [-0.084738, 0.012585, 0.00158556, -0.084, 0.02, 0.949568],
        "M_G1C16_M M_G1C16H1_M": [-0.0604479, 0.013715, 0.00172793, -0.058, 0.02, 0.944311],
        "M_G1C16_M M_G1C16H2_M": [-0.0604056, 0.0138838, 0.00174919, -0.058, 0.02, 0.943658],
        "M_G1C17_M M_G1C17H1_M": [-0.0191277, 0.0148963, 0.00187675, -0.013, 0.02, 0.934371],
        "M_G1C17_M M_G1C17H2_M": [-0.025898, 0.0140447, 0.00176947, -0.013, 0.02, 0.905171],
        "M_G1C17_M M_G1C17H3_M": [-0.0230192, 0.0148532, 0.00187133, -0.013, 0.02, 0.921187],
        "M_G2_M M_G2H1_M": [-0.244356, 0.0335176, 0.00422282, -0.197, 0.02, 0.0288219],
        "M_G2C3_M M_G2C3H1_M": [-0.123805, 0.0160023, 0.0020161, -0.072, 0.02, 0.0112153],
        "M_G2C3_M M_G2C3H2_M": [-0.100725, 0.0220529, 0.00277841, -0.118, 0.02, 0.723233],
        "M_G2C4_M M_G2C4H1_M": [-0.177915, 0.0149363, 0.0018818, -0.172, 0.02, 0.93465],
        "M_G2C4_M M_G2C4H2_M": [-0.16242, 0.0164677, 0.00207473, -0.172, 0.02, 0.915147],
        "M_G2C5_M M_G2C5H1_M": [-0.167572, 0.0165747, 0.00208821, -0.169, 0.02, 0.933437],
        "M_G2C5_M M_G2C5H2_M": [-0.16437, 0.0158382, 0.00199543, -0.169, 0.02, 0.933173],
        "M_G2C6_M M_G2C6H1_M": [-0.175033, 0.0164457, 0.00207196, -0.172, 0.02, 0.932763],
        "M_G2C6_M M_G2C6H2_M": [-0.171341, 0.0153826, 0.00193802, -0.172, 0.02, 0.938437],
        "M_G2C7_M M_G2C7H1_M": [-0.143755, 0.0169749, 0.00213864, -0.155, 0.02, 0.901983],
        "M_G2C7_M M_G2C7H2_M": [-0.147026, 0.0132219, 0.0016658, -0.155, 0.02, 0.937255],
        "M_G2C8_M M_G2C8H1_M": [-0.143002, 0.018566, 0.0023391, -0.141, 0.02, 0.925148],
        "M_G2C8_M M_G2C8H2_M": [-0.142505, 0.015114, 0.00190418, -0.141, 0.02, 0.939231],
        "M_G2C9_M M_G2C9H1_M": [-0.104216, 0.0163896, 0.00206489, -0.109, 0.02, 0.930606],
        "M_G2C9_M M_G2C9H2_M": [-0.100481, 0.0153146, 0.00192946, -0.109, 0.02, 0.9255],
        "M_G2C10_M M_G2C10H1_M": [-0.0785233, 0.018197, 0.00229261, -0.101, 0.02, 0.220556],
        "M_G2C11_M M_G2C11H1_M": [0.0320468, 0.0179875, 0.00226621, -0.018, 0.02, 0.0136678],
        "M_G2C12_M M_G2C12H1_M": [-0.0251132, 0.0155622, 0.00196065, -0.05, 0.02, 0.107557],
        "M_G2C12_M M_G2C12H2_M": [-0.0312728, 0.0155256, 0.00195605, -0.05, 0.02, 0.667562],
        "M_G2C13_M M_G2C13H1_M": [-0.067353, 0.0158303, 0.00199443, -0.089, 0.02, 0.265051],
        "M_G2C13_M M_G2C13H2_M": [-0.0695472, 0.0129098, 0.00162648, -0.089, 0.02, 0.590185],
        "M_G2C14_M M_G2C14H1_M": [-0.0786009, 0.0169782, 0.00213905, -0.089, 0.02, 0.90786],
        "M_G2C14_M M_G2C14H2_M": [-0.0769637, 0.0128018, 0.00161288, -0.089, 0.02, 0.920382],
        "M_G2C15_M M_G2C15H1_M": [-0.0856733, 0.0126759, 0.00159702, -0.084, 0.02, 0.948919],
        "M_G2C15_M M_G2C15H2_M": [-0.0833402, 0.0133659, 0.00168394, -0.084, 0.02, 0.946467],
        "M_G2C16_M M_G2C16H1_M": [-0.079046, 0.0127606, 0.00160769, -0.084, 0.02, 0.945637],
        "M_G2C16_M M_G2C16H2_M": [-0.0790522, 0.0145898, 0.00183814, -0.084, 0.02, 0.93791],
        "M_G2C17_M M_G2C17H1_M": [-0.0734313, 0.0132606, 0.00167068, -0.084, 0.02, 0.926814],
        "M_G2C17_M M_G2C17H2_M": [-0.0751932, 0.0145848, 0.00183751, -0.084, 0.02, 0.927931],
        "M_G2C18_M M_G2C18H1_M": [-0.0576899, 0.0140625, 0.00177171, -0.058, 0.02, 0.943738],
        "M_G2C18_M M_G2C18H2_M": [-0.0571801, 0.0143966, 0.0018138, -0.058, 0.02, 0.942327],
        "M_G2C19_M M_G2C19H1_M": [-0.016981, 0.0135841, 0.00171144, -0.013, 0.02, 0.943443],
        "M_G2C19_M M_G2C19H2_M": [-0.0161806, 0.0139369, 0.00175589, -0.013, 0.02, 0.942824],
        "M_G2C19_M M_G2C19H3_M": [-0.0179051, 0.0147862, 0.00186289, -0.013, 0.02, 0.937149],
        "M_G3_M M_G3H1_M": [-0.196793, 0.0350723, 0.00441869, -0.206, 0.02, 0.828516],
        "M_G3_M M_G3H2_M": [-0.26642, 0.0237076, 0.00298687, -0.206, 0.02, 0.0116624],
        "M_G3C4_M M_G3C4H1_M": [0.163606, 0.0259402, 0.00326816, 0.047, 0.02, 0.00315044],
        "M_G3C4_M M_G3C4H2_M": [0.173393, 0.0288897, 0.00363976, 0.047, 0.02, 0.00297279],
        "M_G3C5_M M_G3C5H1_M": [-0.0103951, 0.0197652, 0.00249019, -0.038, 0.02, 0.0840907],
        "M_G3C5_M M_G3C5H2_M": [0.000502101, 0.0194745, 0.00245355, -0.038, 0.02, 0.0286241],
        "M_G3N6C1_M M_G3N6C1H1_M": [0.013119, 0.0167992, 0.0021165, 0.001, 0.02, 0.895542],
        "M_G3N6C1_M M_G3N6C1H2_M": [0.019849, 0.0149374, 0.00188194, 0.001, 0.02, 0.659314],
        "M_G3N6C1_M M_G3N6C1H3_M": [0.0121724, 0.0162972, 0.00205325, 0.001, 0.02, 0.90632],
        "M_G3N6C2_M M_G3N6C2H1_M": [0.0137021, 0.0143048, 0.00180223, 0.001, 0.02, 0.90541],
        "M_G3N6C2_M M_G3N6C2H2_M": [0.012554, 0.0157048, 0.00197862, 0.001, 0.02, 0.906818],
        "M_G3N6C2_M M_G3N6C2H3_M": [0.0143201, 0.0154436, 0.00194571, 0.001, 0.02, 0.891213],
        "M_G3N6C3_M M_G3N6C3H1_M": [0.0117562, 0.0131394, 0.00165541, 0.001, 0.02, 0.926478],
        "M_G3N6C3_M M_G3N6C3H2_M": [0.0214593, 0.0142914, 0.00180055, 0.001, 0.02, 0.406347],
        "M_G3N6C3_M M_G3N6C3H3_M": [0.0103001, 0.0160088, 0.00201692, 0.001, 0.02, 0.918818]
    },
    "10.1039/c2cp42738a": {
        "M_G1_M M_G1H1_M": [-0.273558, 0.0264239, 0.0033291, -0.149916, 0.02, 0.00284501],
        "M_G1_M M_G1H2_M": [0.0146868, 0.0278324, 0.00350655, 0, 0.02, 0.782243],
        "M_G1C3_M M_G1C3H1_M": [-0.259102, 0.0137887, 0.00173722, -0.209877, 0.02, 0.0109127],
        "M_G1C3_M M_G1C3H2_M": [-0.250779, 0.0133254, 0.00167884, -0.209877, 0.02, 0.0167395],