{"sn-1": 0.7962940733201345, "sn-2": 0.6631837527849507, "headgroup": 0.47850484470848353, "total": 0.6459942236045229}