{"sn-1": 0.774359261923151, "sn-2": 0.5506089043437138, "headgroup": 0.47059544041797063, "total": 0.5985212022282785}