{"headgroup": 0.487710484789265, "tails": 0.6583664022747314, "total": 0.6014810964462426}