{"M_C3_M M_C3H3_M": [[-0.2922203028604295, 0.2968849894213902, 0.02244239571420115]], "M_C4_M M_C4H41_M": [[-0.3228603783664679, 0.050133063940526204, 0.003789703418523776]], "M_C4_M M_C4H42_M": [[-0.2100242063147829, 0.05777530233976381, 0.00436740234035952]], "M_C6_M M_C6H6_M": [[-0.04057072568505495, 0.03313875001590202, 0.0025050540371889854]], "M_C7_M M_C7H71_M": [[-0.2962378353227746, 0.04504121887990763, 0.0034047961115275084]], "M_C7_M M_C7H72_M": [[-0.34054702879467724, 0.034969558361749184, 0.0026434501395127892]], "M_C8_M M_C8H8_M": [[-0.410255755359521, 0.05697595334738057, 0.004306977236228203]], "M_C14_M M_C14H14_M": [[-0.4154084690773829, 0.029991632403048744, 0.0022671543071809564]], "M_C15_M M_C15H151_M": [[-0.3786909200355976, 0.030549982488748826, 0.002309361606360214]], "M_C15_M M_C15H152_M": [[-0.34219150580279845, 0.05834969366825249, 0.004410822243514179]], "M_C16_M M_C16H161_M": [[-0.10402721393843696, 0.05706863714158188, 0.004313983472514561]], "M_C16_M M_C16H162_M": [[-0.15761344578426914, 0.0428102271636933, 0.0032361489898661286]], "M_C17_M M_C17H17_M": [[-0.39533491601162074, 0.09662531238728336, 0.007304187055162303]], "M_C18_M M_C18H181_M": [[0.12050807223513735, 0.010285159375467734, 0.0007774849686329149]], "M_C18_M M_C18H182_M": [[0.12030024397070753, 0.009547829134994388, 0.00072174804147806]], "M_C18_M M_C18H183_M": [[0.11935084737299037, 0.010078599489345755, 0.000761870508932327]], "M_C12_M M_C12H121_M": [[-0.18745868552339576, 0.13046196387455705, 0.00986199748471916]], "M_C12_M M_C12H122_M": [[-0.3355435252206316, 0.1373539007700101, 0.010382978944059713]], "M_C11_M M_C11H111_M": [[-0.3572237937607085, 0.08652870122918176, 0.006540954992052111]], "M_C11_M M_C11H112_M": [[-0.2929382331329148, 0.09145559696578816, 0.00691339330218368]], "M_C9_M M_C9H9_M": [[-0.4135723722078337, 0.026975812725704706, 0.002039179768173317]], "M_C19_M M_C19H191_M": [[0.1194823468452369, 0.018840614273720666, 0.0014242165690273912]], "M_C19_M M_C19H192_M": [[0.11848035363177646, 0.011810350004992325, 0.0008927785431382897]], "M_C19_M M_C19H193_M": [[0.1183353588119295, 0.01875273637335495, 0.001417573624167214]], "M_C1_M M_C1H11_M": [[-0.22378010029653284, 0.05241634105670122, 0.0039623029449136]], "M_C1_M M_C1H12_M": [[-0.3674922266247424, 0.05879816610254846, 0.0044447235729717476]], "M_C2_M M_C2H21_M": [[-0.24613582321557032, 0.05256541104685574, 0.0039735715769676485]], "M_C2_M M_C2H22_M": [[-0.3494516371894818, 0.05225621418528107, 0.003950198491199413]], "M_C20_M M_C20H20_M": [[-0.38034886813400454, 0.1164241115811976, 0.008800835595870964]], "M_C21_M M_C21H211_M": [[0.1111997984751232, 0.01581603501338112, 0.0011955798677856164]], "M_C21_M M_C21H212_M": [[0.11157331800963584, 0.016207504133428814, 0.0012251721517172588]], "M_C21_M M_C21H213_M": [[0.1113404563927908, 0.01590666547919984, 0.0012024308870359668]], "M_C22_M M_C22H221_M": [[-0.3083919403852739, 0.0712977322954907, 0.005389601962763621]], "M_C22_M M_C22H222_M": [[-0.3736871131889188, 0.04549596022963152, 0.0034391713264482877]], "M_C23_M M_C23H231_M": [[-0.2618837342913137, 0.04842812823995819, 0.0036608223938078147]], "M_C23_M M_C23H232_M": [[-0.3591032977256043, 0.04657305673795111, 0.0035205921692777063]], "M_C24_M M_C24H241_M": [[-0.2560094639130774, 0.04164337369988743, 0.003147943158960853]], "M_C24_M M_C24H242_M": [[-0.31445058182983465, 0.04273155916983233, 0.003230202248497658]], "M_C25_M M_C25H25_M": [[-0.20076467029580067, 0.026203721264146062, 0.00198081513969673]], "M_C26_M M_C26H261_M": [[0.01950114531004441, 0.00788345274568309, 0.000595933012503051]], "M_C26_M M_C26H262_M": [[0.019085097384245353, 0.008373513027818108, 0.000632978087759034]], "M_C26_M M_C26H263_M": [[0.020088599069086825, 0.008307655552087257, 0.0006279997305373682]], "M_C27_M M_C27H271_M": [[0.019159886959520544, 0.009003937220306941, 0.0006806336772962959]], "M_C27_M M_C27H272_M": [[0.0193263976398896, 0.008754638281001365, 0.0006617884488530175]], "M_C27_M M_C27H273_M": [[0.019825989966157163, 0.008612828600915666, 0.0006510686446527779]]}