{"-19.209197998046875": [0.00010179418325213576, 1.0850666195954416e-05, 0.0], "-18.281193973566914": [0.0002584714323981958, 4.36945612563566e-08, 0.0], "-17.353189949086957": [0.0007726444060568072, 4.36945612563566e-08, 0.0], "-16.425185924606996": [0.002277678555412789, 1.31810053339499e-06, 0.0], "-15.497181900127035": [0.005721010134348257, 2.723590189302693e-06, 0.0], "-14.569177875647076": [0.012978028448667848, 4.36945612563566e-08, 0.0], "-13.641173851167117": [0.02677579762650892, 1.31810053339499e-06, 0.0], "-12.713169826687157": [0.04977860168243361, 1.31810053339499e-06, 0.0], "-11.785165802207196": [0.08388295272671245, 4.36945612563566e-08, 0.0], "-10.857161777727237": [0.12544234479801836, 1.3617950946513465e-06, 0.0], "-9.929157753247278": [0.1704971244304078, 1.4054896559077032e-06, 0.0], "-9.001153728767317": [0.2108215099785358, 1.31810053339499e-06, 0.0], "-8.073149704287358": [0.2418750600720737, 2.18472806281783e-07, 0.0], "-7.145145679807397": [0.2601806283930925, 1.5753128536699262e-05, 0.0], "-6.217141655327438": [0.27029200735473496, 5.8496039161655124e-05, 0.0], "-5.289137630847478": [0.2789928280647973, 0.00032185268307581696, 0.0], "-4.361133606367519": [0.2874753353236073, 0.0013519160128414548, 0.0], "-3.4331295818875596": [0.29803928375275823, 0.0047983284000277186, 0.0], "-2.505125557407599": [0.3056936602812952, 0.014262427441527128, 0.0], "-1.577121532927638": [0.30157248975915246, 0.034768767883478026, 0.0], "-0.6491175084476808": [0.28466475233873, 0.068742871038887, 0.0], "0.27888651603228": [0.2624196578337215, 0.11169909524067567, 0.0], "1.2068905405122408": [0.24161339242049223, 0.15337348100592504, 0.0], "2.1348945649922015": [0.22664714986326345, 0.1843764826843116, 0.0], "3.0628985894721588": [0.20961174684452522, 0.20768229500481872, 0.0], "3.9909026139521195": [0.18188741943278455, 0.23084940608897977, 0.0], "4.91890663843208": [0.1429492351074249, 0.2533890669172387, 0.0], "5.8469106629120375": [0.0998669312947947, 0.2760896929963087, 0.0], "6.774914687391998": [0.062221779598762544, 0.29721459692309465, 0.0], "7.702918711871959": [0.035580874614834605, 0.31319932719517524, 0.0], "8.63092273635192": [0.01839093515492395, 0.32140205458817156, 0.0], "9.558926760831877": [0.008223959554188715, 0.3270255648803615, 0.0], "10.486930785311838": [0.003215830088868419, 0.3312828164185044, 0.0], "11.414934809791799": [0.001111616993489556, 0.33093487532003696, 0.0], "12.342938834271756": [0.00031593373817164107, 0.3315252842998164, 0.0], "13.270942858751717": [7.149151882478528e-05, 0.3302851331778973, 0.0], "14.198946883231677": [1.7511323109418668e-05, 0.33124765113380716, 0.0], "15.126950907711638": [7.103123217272873e-06, 0.3305423523123198, 0.0], "16.0549549321916": [2.2878157687545796e-07, 0.329979701427922, 0.0], "16.98295895667156": [0.0, 0.330550302752749, 0.0], "17.910962981151513": [0.0, 0.33072291930294895, 0.0], "18.838967005631474": [0.0, 0.33043263920844407, 0.0], "19.766971030111435": [0.0, 0.32982163972713446, 0.0], "20.694975054591396": [0.0, 0.3305322791395854, 0.0], "21.622979079071357": [0.0, 0.3301489903240718, 0.0], "22.550983103551317": [0.0, 0.3293733553079456, 0.0], "23.478987128031278": [0.0, 0.3303775101821538, 0.0], "24.40699115251123": [0.0, 0.33150463355336707, 0.0], "25.334995176991193": [0.0, 0.3298577787907113, 0.0], "26.262999201471153": [0.0, 0.329640053121818, 0.0]}