{"sn-1": 0.3396737258905165, "sn-2": 0.33606884089431954, "headgroup": 0.6536421784502424, "total": 0.4431282484116928}