{"headgroup": 0.6336265807946824, "tails": 0.27015039473136304, "total": 0.39130912341913615}