{"M_G1_M M_G1H1_M": [[-0.047287145790856355, 0.11602926727527169, 0.008225096680232887]], "M_G1_M M_G1H2_M": [[-0.13816895452052944, 0.09916296164333986, 0.007029475974192615]], "M_G1C3_M M_G1C3H1_M": [[-0.279105586960464, 0.032667163952750544, 0.002315713854703068]], "M_G1C3_M M_G1C3H2_M": [[-0.2788635396208378, 0.030110810013239456, 0.0021344987285962253]], "M_G1C4_M M_G1C4H1_M": [[-0.2679606755859164, 0.027360128691370805, 0.0019395080995922081]], "M_G1C4_M M_G1C4H2_M": [[-0.27223603154479026, 0.026321256489943146, 0.001865864401792438]], "M_G1C5_M M_G1C5H1_M": [[-0.314936376162129, 0.020172849822980773, 0.0014300154090966806]], "M_G1C5_M M_G1C5H2_M": [[-0.3159064183226556, 0.019551533631013963, 0.0013859714720114182]], "M_G1C6_M M_G1C6H1_M": [[-0.31966045467546683, 0.021563058027569186, 0.0015285646558247914]], "M_G1C6_M M_G1C6H2_M": [[-0.3200500779244129, 0.021623463762870266, 0.001532846704867756]], "M_G1C7_M M_G1C7H1_M": [[-0.33575394366341416, 0.019893073141877084, 0.0014101825660132788]], "M_G1C7_M M_G1C7H2_M": [[-0.3358411845053925, 0.019680395372137418, 0.001395106238644125]], "M_G1C8_M M_G1C8H1_M": [[-0.3332798085723173, 0.020937998942297205, 0.0014842553920678904]], "M_G1C8_M M_G1C8H2_M": [[-0.33385560905645334, 0.021247766129753824, 0.0015062142057795196]], "M_G1C9_M M_G1C9H1_M": [[-0.3333180886075585, 0.020244079564092788, 0.0014350647515678722]], "M_G1C9_M M_G1C9H2_M": [[-0.33402123485850477, 0.019897163707667104, 0.0014104725385339185]], "M_G1C10_M M_G1C10H1_M": [[-0.321454804957369, 0.020509212585936704, 0.001453859533169094]], "M_G1C10_M M_G1C10H2_M": [[-0.3218996801777429, 0.020403717989147408, 0.0014463812194797075]], "M_G1C11_M M_G1C11H1_M": [[-0.311187375366279, 0.01962815870583304, 0.0013914032795485786]], "M_G1C11_M M_G1C11H2_M": [[-0.3116777544463579, 0.01959088057720015, 0.0013887607030740046]], "M_G1C12_M M_G1C12H1_M": [[-0.2899007570261806, 0.02041635598009827, 0.0014472771029051207]], "M_G1C12_M M_G1C12H2_M": [[-0.2900078122227999, 0.020661467203204175, 0.0014646525768247586]], "M_G1C13_M M_G1C13H1_M": [[-0.2708835033661922, 0.020708359392692596, 0.0014679766760037618]], "M_G1C13_M M_G1C13H2_M": [[-0.2704769815967643, 0.02074579496063756, 0.0014706304130552615]], "M_G1C14_M M_G1C14H1_M": [[-0.2365263778210356, 0.023037764188886586, 0.001633103803891581]], "M_G1C14_M M_G1C14H2_M": [[-0.23659561054163006, 0.022759849166240787, 0.0016134029302772737]], "M_G1C15_M M_G1C15H1_M": [[-0.20128480154837625, 0.021763502117053857, 0.0015427737605938608]], "M_G1C15_M M_G1C15H2_M": [[-0.2009912484618965, 0.021822825089914056, 0.0015469790546424422]], "M_G1C16_M M_G1C16H1_M": [[-0.14213508273280076, 0.019470740789589963, 0.001380244219332949]], "M_G1C16_M M_G1C16H2_M": [[-0.14118793763702, 0.020260367287554773, 0.0014362193576713297]], "M_G1C17_M M_G1C17H1_M": [[-0.043759260911292654, 0.008306306921720323, 0.0005888184859838184]], "M_G1C17_M M_G1C17H2_M": [[-0.043273446150985856, 0.007774707247799715, 0.0005511343842407305]], "M_G1C17_M M_G1C17H3_M": [[-0.04318091290296991, 0.008541196041619618, 0.0006054693342195744]], "M_G2_M M_G2H1_M": [[-0.018249666449555075, 0.17218087770001725, 0.012205578806338114]], "M_G2C3_M M_G2C3H1_M": [[-0.20480905017453516, 0.06778240096317362, 0.00480496700731327]], "M_G2C3_M M_G2C3H2_M": [[-0.1767318408878171, 0.06220770702323307, 0.004409787431543498]], "M_G2C4_M M_G2C4H1_M": [[-0.267908041179373, 0.03693839909513245, 0.002618493686163631]], "M_G2C4_M M_G2C4H2_M": [[-0.2208292656543577, 0.048943245000907916, 0.0034694946493261814]], "M_G2C5_M M_G2C5H1_M": [[-0.2738087261178875, 0.028350442743796087, 0.0020097096014742005]], "M_G2C5_M M_G2C5H2_M": [[-0.2696955640380114, 0.030589567095739467, 0.0021684369183511136]], "M_G2C6_M M_G2C6H1_M": [[-0.29396239326042845, 0.026017769421790224, 0.0018443507739347687]], "M_G2C6_M M_G2C6H2_M": [[-0.29141294003909973, 0.026732674552937628, 0.0018950290550182102]], "M_G2C7_M M_G2C7H1_M": [[-0.2843107454932584, 0.027241433381539622, 0.0019310940121660112]], "M_G2C7_M M_G2C7H2_M": [[-0.2849812576936392, 0.026690966606272345, 0.0018920724570691593]], "M_G2C8_M M_G2C8H1_M": [[-0.2824661736880634, 0.025179315862117576, 0.0017849143769623412]], "M_G2C8_M M_G2C8H2_M": [[-0.2822763515639156, 0.025974542124953835, 0.0018412864721077055]], "M_G2C9_M M_G2C9H1_M": [[-0.21104870388345331, 0.026701023717315045, 0.0018927853867686446]], "M_G2C9_M M_G2C9H2_M": [[-0.21141340170042497, 0.027460024920304957, 0.001946589555506471]], "M_G2C10_M M_G2C10H1_M": [[-0.1430629443314786, 0.027827244504223213, 0.001972621061621534]], "M_G2C11_M M_G2C11H1_M": [[-0.0696329182378307, 0.03340786851802764, 0.0023682210091819484]], "M_G2C12_M M_G2C12H1_M": [[-0.16981942869887207, 0.023323559668757154, 0.0016533633083072395]], "M_G2C12_M M_G2C12H2_M": [[-0.17002641326680482, 0.0242074524114722, 0.001716020803562636]], "M_G2C13_M M_G2C13H1_M": [[-0.24039692938719465, 0.020161877552543006, 0.0014292376054677203]], "M_G2C13_M M_G2C13H2_M": [[-0.24114531911961187, 0.019698833940201367, 0.001396413314078905]], "M_G2C14_M M_G2C14H1_M": [[-0.2407639121099018, 0.019035244693493106, 0.0013493727195951924]], "M_G2C14_M M_G2C14H2_M": [[-0.2415278105785669, 0.018832438551677738, 0.0013349961733758755]], "M_G2C15_M M_G2C15H1_M": [[-0.24803466729708107, 0.017372944419129562, 0.0012315353774375408]], "M_G2C15_M M_G2C15H2_M": [[-0.2477126379619199, 0.017369747550243383, 0.001231308757410712]], "M_G2C16_M M_G2C16H1_M": [[-0.21741315188706292, 0.017246728489885663, 0.0012225881674361744]], "M_G2C16_M M_G2C16H2_M": [[-0.21736562884979208, 0.017720872065704413, 0.0012561993143735102]], "M_G2C17_M M_G2C17H1_M": [[-0.1927066269496622, 0.016373550115193373, 0.0011606901935922655]], "M_G2C17_M M_G2C17H2_M": [[-0.19272577663139287, 0.016983068986432218, 0.0012038978407841769]], "M_G2C18_M M_G2C18H1_M": [[-0.1316918044544189, 0.014344361986327525, 0.0010168448609943622]], "M_G2C18_M M_G2C18H2_M": [[-0.13127089752786014, 0.014153110537942878, 0.0010032874052753125]], "M_G2C19_M M_G2C19H1_M": [[-0.04878650134913853, 0.008258367773834803, 0.0005854201698918024]], "M_G2C19_M M_G2C19H2_M": [[-0.04752815477291211, 0.008813351750703198, 0.0006247619409200809]], "M_G2C19_M M_G2C19H3_M": [[-0.047103399675511255, 0.00754081691466571, 0.0005345543381215471]], "M_G3_M M_G3H1_M": [[0.00712229948215964, 0.16746900401221188, 0.01187156293657226]], "M_G3_M M_G3H2_M": [[0.08971992563823922, 0.13070253823999028, 0.00926525728052124]], "M_G3C4_M M_G3C4H1_M": [[-0.01965193784457003, 0.09942035930389802, 0.007047722410570894]], "M_G3C4_M M_G3C4H2_M": [[-0.022794122261079856, 0.08170712149299132, 0.005792064274171419]], "M_G3C5_M M_G3C5H1_M": [[-0.06744194482197226, 0.06703199109201119, 0.004751771861941293]], "M_G3C5_M M_G3C5H2_M": [[-0.10363630580527218, 0.04577685588549086, 0.0032450352761599693]], "M_G3N6C1_M M_G3N6C1H1_M": [[0.0119364820447616, 0.01343013849481078, 0.0009520372759630304]], "M_G3N6C1_M M_G3N6C1H2_M": [[0.012753808677742761, 0.013489606474670658, 0.0009562528492852786]], "M_G3N6C1_M M_G3N6C1H3_M": [[0.012356669892789163, 0.01317822796536951, 0.0009341798119965689]], "M_G3N6C2_M M_G3N6C2H1_M": [[0.013612165452316978, 0.013013901171861087, 0.0009225309944568282]], "M_G3N6C2_M M_G3N6C2H2_M": [[0.013962454534934922, 0.011996524974783963, 0.0008504111080037452]], "M_G3N6C2_M M_G3N6C2H3_M": [[0.013061243964698549, 0.01227749636932469, 0.0008703286420772354]], "M_G3N6C3_M M_G3N6C3H1_M": [[0.01170995050261507, 0.013506132011842972, 0.0009574243135556905]], "M_G3N6C3_M M_G3N6C3H2_M": [[0.01170429009443453, 0.013753009194437059, 0.0009749249730243264]], "M_G3N6C3_M M_G3N6C3H3_M": [[0.013024073070342305, 0.014688162094663396, 0.0010412162045022751]]}