{"M_C3_M M_C3H3_M": [[-0.4001413441677981, 0.012770060858002755, 0.001608876440830257]], "M_C4_M M_C4H41_M": [[-0.34387759678923313, 0.018826022826017176, 0.0023718559320984214]], "M_C4_M M_C4H42_M": [[-0.26696844351172055, 0.031802292130150844, 0.004006712195152653]], "M_C6_M M_C6H6_M": [[-0.08068721874896559, 0.04207346029592195, 0.005300757749474261]], "M_C7_M M_C7H71_M": [[-0.3335810394067245, 0.024212550246130293, 0.0030504945979960237]], "M_C7_M M_C7H72_M": [[-0.38110967708231946, 0.015102461521187507, 0.0019027313033325895]], "M_C8_M M_C8H8_M": [[-0.458256062945673, 0.006727903581482737, 0.0008476361772106717]], "M_C14_M M_C14H14_M": [[-0.45533730350710533, 0.006060988106448055, 0.000763612725189611]], "M_C15_M M_C15H151_M": [[-0.4250239196256897, 0.014001659752029884, 0.0017640433164768275]], "M_C15_M M_C15H152_M": [[-0.3847722358586469, 0.017850491448226497, 0.0022489505310615485]], "M_C16_M M_C16H161_M": [[-0.06516987930822586, 0.02970115984244469, 0.0037419944092041434]], "M_C16_M M_C16H162_M": [[-0.20160840512422984, 0.025471484820952902, 0.0032091054457046644]], "M_C17_M M_C17H17_M": [[-0.45321198393187706, 0.0057848693059417726, 0.0007288250262158454]], "M_C18_M M_C18H181_M": [[0.13111245581446757, 0.017220040894540507, 0.0021695212273007813]], "M_C18_M M_C18H182_M": [[0.12385827734884979, 0.018670599442350826, 0.0023522744263315006]], "M_C18_M M_C18H183_M": [[0.12853264233820363, 0.01752664654556941, 0.0022081499084050447]], "M_C12_M M_C12H121_M": [[-0.1420977110192424, 0.038087547996869885, 0.004798580002283524]], "M_C12_M M_C12H122_M": [[-0.450203958337214, 0.007449293155002032, 0.0009385227205405288]], "M_C11_M M_C11H111_M": [[-0.45422036241107927, 0.006547917609186623, 0.0008249600761546871]], "M_C11_M M_C11H112_M": [[-0.24589739312600406, 0.031203882667279012, 0.003931319689393291]], "M_C9_M M_C9H9_M": [[-0.45360931738462384, 0.00684204456334131, 0.0008620165892296488]], "M_C19_M M_C19H191_M": [[0.12847159572250452, 0.011592610871832663, 0.0014605316863244234]], "M_C19_M M_C19H192_M": [[0.12822731457255165, 0.0124359865796679, 0.001566787037978]], "M_C19_M M_C19H193_M": [[0.12602608736973164, 0.011417024188485236, 0.0014384098435781406]], "M_C1_M M_C1H11_M": [[-0.28425372465235266, 0.03111938750435478, 0.003920674299484461]], "M_C1_M M_C1H12_M": [[-0.40130297411674176, 0.013821629824784807, 0.0017413616776178022]], "M_C2_M M_C2H21_M": [[-0.23548220310847134, 0.03079070600103978, 0.0038792643224216834]], "M_C2_M M_C2H22_M": [[-0.3698307128089976, 0.016000659144724295, 0.00201589356714533]], "M_C20_M M_C20H20_M": [[-0.43750432179517645, 0.010607314908656693, 0.0013363960631644486]], "M_C21_M M_C21H211_M": [[0.12507330413687548, 0.01235533840622966, 0.0015566263231870862]], "M_C21_M M_C21H212_M": [[0.1221852305857983, 0.013260657755149542, 0.001670685840060273]], "M_C21_M M_C21H213_M": [[0.12174363749792812, 0.011999577206086255, 0.001511804625010642]], "M_C22_M M_C22H221_M": [[-0.26708830780077736, 0.06120272604001307, 0.007710818698147216]], "M_C22_M M_C22H222_M": [[-0.41230402615539596, 0.009369445257024751, 0.0011804391463200545]], "M_C23_M M_C23H231_M": [[-0.1900807642598697, 0.05128519726496788, 0.0064613275191426145]], "M_C23_M M_C23H232_M": [[-0.3903145645788773, 0.009745568843046936, 0.0012278262639791263]], "M_C24_M M_C24H241_M": [[-0.2235172318914972, 0.026890903829357674, 0.0033879354315349943]], "M_C24_M M_C24H242_M": [[-0.3143841040128184, 0.01652923810683702, 0.002082488256764897]], "M_C25_M M_C25H25_M": [[-0.21441159646844468, 0.021084576854516434, 0.002656406993146618]], "M_C26_M M_C26H261_M": [[0.006697486825957218, 0.015493383249343335, 0.001951982811656014]], "M_C26_M M_C26H262_M": [[0.0041725271624892405, 0.01402832314892937, 0.0017674025887294107]], "M_C26_M M_C26H263_M": [[0.005430827675798209, 0.012688194679055131, 0.0015985622717691844]], "M_C27_M M_C27H271_M": [[0.008914412775822018, 0.01266076929639166, 0.0015951069983340261]], "M_C27_M M_C27H272_M": [[0.009080923196713482, 0.014881543054926722, 0.001874898192773168]], "M_C27_M M_C27H273_M": [[0.009430813974328819, 0.013878886656051415, 0.0017485753603030895]]}