{"sn-1": 0.5539402735571798, "sn-2": 0.2831823512364697, "headgroup": 0.04137549649539669, "total": 0.29283270709634873}