{"M_C3_M M_C3H3_M": [[-0.3930701034850206, 0.00816121910642969, 0.0016322438212859381]], "M_C4_M M_C4H41_M": [[-0.33621202097939507, 0.011185691583351772, 0.0022371383166703545]], "M_C4_M M_C4H42_M": [[-0.20870421908502823, 0.023526761156977875, 0.004705352231395575]], "M_C6_M M_C6H6_M": [[-0.048686594182366795, 0.02690457675438099, 0.005380915350876198]], "M_C7_M M_C7H71_M": [[-0.29712132170805977, 0.012328403936628991, 0.0024656807873257983]], "M_C7_M M_C7H72_M": [[-0.3477202822327021, 0.010568179890028968, 0.0021136359780057935]], "M_C8_M M_C8H8_M": [[-0.42950713469697477, 0.006739776431713263, 0.0013479552863426526]], "M_C14_M M_C14H14_M": [[-0.42570572817005164, 0.006791965867356007, 0.0013583931734712014]], "M_C15_M M_C15H151_M": [[-0.39362298549435215, 0.008285022724007812, 0.0016570045448015623]], "M_C15_M M_C15H152_M": [[-0.35008289822319927, 0.015335108218694373, 0.0030670216437388748]], "M_C16_M M_C16H161_M": [[-0.07800156718344692, 0.015017656004403256, 0.0030035312008806513]], "M_C16_M M_C16H162_M": [[-0.18478645456613577, 0.015508214691837378, 0.0031016429383674757]], "M_C17_M M_C17H17_M": [[-0.4229904317241972, 0.006240833952522533, 0.0012481667905045067]], "M_C18_M M_C18H181_M": [[0.12113927939329378, 0.014497982493781992, 0.0028995964987563985]], "M_C18_M M_C18H182_M": [[0.12116902539474973, 0.015566361849943573, 0.0031132723699887144]], "M_C18_M M_C18H183_M": [[0.12199098183577924, 0.013486146408639292, 0.0026972292817278583]], "M_C12_M M_C12H121_M": [[-0.13381664480676858, 0.025718932028679455, 0.005143786405735891]], "M_C12_M M_C12H122_M": [[-0.4194426884613548, 0.007050639672063669, 0.0014101279344127338]], "M_C11_M M_C11H111_M": [[-0.42399919847471135, 0.007608208608605368, 0.0015216417217210738]], "M_C11_M M_C11H112_M": [[-0.22958332306267423, 0.015444128643883124, 0.003088825728776625]], "M_C9_M M_C9H9_M": [[-0.42488912661752887, 0.007373405344717826, 0.001474681068943565]], "M_C19_M M_C19H191_M": [[0.12846664904648156, 0.016854174164302554, 0.0033708348328605107]], "M_C19_M M_C19H192_M": [[0.11701493673382081, 0.019292980476189728, 0.0038585960952379457]], "M_C19_M M_C19H193_M": [[0.12204154125707015, 0.01392878626771572, 0.0027857572535431438]], "M_C1_M M_C1H11_M": [[-0.22337207061291897, 0.02337629199017649, 0.004675258398035298]], "M_C1_M M_C1H12_M": [[-0.38577115990006255, 0.008447402572126422, 0.0016894805144252844]], "M_C2_M M_C2H21_M": [[-0.2335319864858312, 0.013477942533654726, 0.002695588506730945]], "M_C2_M M_C2H22_M": [[-0.3692436076468598, 0.009926256417398189, 0.0019852512834796377]], "M_C20_M M_C20H20_M": [[-0.4069519783409531, 0.007019029529190534, 0.0014038059058381067]], "M_C21_M M_C21H211_M": [[0.10897446241877384, 0.015886827227143456, 0.003177365445428691]], "M_C21_M M_C21H212_M": [[0.11121510013272871, 0.01445258467987011, 0.0028905169359740223]], "M_C21_M M_C21H213_M": [[0.10596508000774937, 0.011653963391255009, 0.0023307926782510017]], "M_C22_M M_C22H221_M": [[-0.2727097695352493, 0.018833635745001916, 0.0037667271490003833]], "M_C22_M M_C22H222_M": [[-0.37761441059836015, 0.008422077887502398, 0.0016844155775004796]], "M_C23_M M_C23H231_M": [[-0.22118404098075223, 0.015239134119153903, 0.0030478268238307805]], "M_C23_M M_C23H232_M": [[-0.3612186473636846, 0.007648106812890176, 0.0015296213625780352]], "M_C24_M M_C24H241_M": [[-0.22346340022871078, 0.012127131459097383, 0.0024254262918194766]], "M_C24_M M_C24H242_M": [[-0.31283094876154777, 0.009416304924213829, 0.0018832609848427658]], "M_C25_M M_C25H25_M": [[-0.18428877755873826, 0.01106263499076585, 0.0022125269981531697]], "M_C26_M M_C26H261_M": [[0.015386198646198236, 0.018943083846545562, 0.0037886167693091124]], "M_C26_M M_C26H262_M": [[0.01576756634134491, 0.01680328392512773, 0.003360656785025546]], "M_C26_M M_C26H263_M": [[0.012353333759249938, 0.0182849529474335, 0.0036569905894867]], "M_C27_M M_C27H271_M": [[0.013733982828599908, 0.011648001088351055, 0.002329600217670211]], "M_C27_M M_C27H272_M": [[0.013803724734776517, 0.013701313340366146, 0.0027402626680732294]], "M_C27_M M_C27H273_M": [[0.007358021662361888, 0.012206108160291093, 0.0024412216320582186]]}