{"sn-1": 0.7405242828815568, "sn-2": 0.5575849838363844, "headgroup": 0.2955910174916882, "total": 0.5312334280698765}