{"M_G1_M M_G1H1_M": [[-0.2917565115673243, 0.03026546114379017, 0.0038130896905312983]], "M_G1_M M_G1H2_M": [[0.01900031215454807, 0.04020672247672896, 0.005065570890781705]], "M_G1C3_M M_G1C3H1_M": [[-0.30686704304080487, 0.013835895658981048, 0.0017431590037858087]], "M_G1C3_M M_G1C3H2_M": [[-0.2973376561395997, 0.018038981173156516, 0.002272698004245158]], "M_G1C4_M M_G1C4H1_M": [[-0.2586982503301496, 0.015951644749485003, 0.002009718333789835]], "M_G1C4_M M_G1C4H2_M": [[-0.253846748968459, 0.018144549819341202, 0.0022859984034856555]], "M_G1C5_M M_G1C5H1_M": [[-0.29536752927677146, 0.01863667687847606, 0.0023480005850054844]], "M_G1C5_M M_G1C5H2_M": [[-0.2921348400018914, 0.0166540396953414, 0.0020982117789748213]], "M_G1C6_M M_G1C6H1_M": [[-0.29559069503120194, 0.01769553501026199, 0.0022294278549233344]], "M_G1C6_M M_G1C6H2_M": [[-0.2912311084409842, 0.017764833306183447, 0.0022381586195561313]], "M_G1C7_M M_G1C7H1_M": [[-0.30932964283686604, 0.01864961955633257, 0.002349631209143939]], "M_G1C7_M M_G1C7H2_M": [[-0.30826323781534626, 0.017190061095006398, 0.002165744127590171]], "M_G1C8_M M_G1C8H1_M": [[-0.3037735784228845, 0.0174274375492561, 0.0021956507497352664]], "M_G1C8_M M_G1C8H2_M": [[-0.30197154850274927, 0.018305535061262285, 0.0023062806375273104]], "M_G1C9_M M_G1C9H1_M": [[-0.30426492375069025, 0.015376249019584955, 0.0019372252858486914]], "M_G1C9_M M_G1C9H2_M": [[-0.30383670074438207, 0.019077861391425987, 0.0024035846089844686]], "M_G1C10_M M_G1C10H1_M": [[-0.2883467314965421, 0.014519436908785977, 0.001829277106540005]], "M_G1C10_M M_G1C10H2_M": [[-0.28482160083656066, 0.017222393587391815, 0.0021698176387386805]], "M_G1C11_M M_G1C11H1_M": [[-0.27862995239683597, 0.015199377998203168, 0.0019149416317196344]], "M_G1C11_M M_G1C11H2_M": [[-0.2773599126775225, 0.017769233392329956, 0.002238712978303318]], "M_G1C12_M M_G1C12H1_M": [[-0.2519897858981337, 0.015910402710236103, 0.002004522325246323]], "M_G1C12_M M_G1C12H2_M": [[-0.25020792113394474, 0.01728432414453085, 0.0021776201555360883]], "M_G1C13_M M_G1C13H1_M": [[-0.23553916086166243, 0.016523346608973397, 0.002081745997803144]], "M_G1C13_M M_G1C13H2_M": [[-0.2337198169270704, 0.01639813193746318, 0.0020659704320263495]], "M_G1C14_M M_G1C14H1_M": [[-0.20191965716368837, 0.016931352944856957, 0.002133149964378696]], "M_G1C14_M M_G1C14H2_M": [[-0.19871042990012405, 0.016210338025085796, 0.00204231062298433]], "M_G1C15_M M_G1C15H1_M": [[-0.1734597100131821, 0.01585752045394384, 0.001997859787202642]], "M_G1C15_M M_G1C15H2_M": [[-0.16922815024143992, 0.01605076467809228, 0.0020222062709834223]], "M_G1C16_M M_G1C16H1_M": [[-0.12097393054638167, 0.015549052378343862, 0.0019589964626578697]], "M_G1C16_M M_G1C16H2_M": [[-0.12037800566267201, 0.016311896090698396, 0.002055105736567364]], "M_G1C17_M M_G1C17H1_M": [[-0.041706379905732366, 0.01339595402944921, 0.0016877315683988682]], "M_G1C17_M M_G1C17H2_M": [[-0.040014562278018445, 0.012770613196667968, 0.001608946028961097]], "M_G1C17_M M_G1C17H3_M": [[-0.04229674318711925, 0.015716749173104883, 0.0019801242728769318]], "M_G2_M M_G2H1_M": [[-0.2673184423223985, 0.03563313467908026, 0.00448935299021513]], "M_G2C3_M M_G2C3H1_M": [[-0.1608483581907811, 0.02587824870326218, 0.0032603528778434024]], "M_G2C3_M M_G2C3H2_M": [[-0.15242923302176575, 0.028895388183940555, 0.003640476722446714]], "M_G2C4_M M_G2C4H1_M": [[-0.24862829869530592, 0.01910893215227868, 0.0024074991569016965]], "M_G2C4_M M_G2C4H2_M": [[-0.23588135401395696, 0.01984136566985259, 0.002499777106396402]], "M_G2C5_M M_G2C5H1_M": [[-0.25332253431374663, 0.02084782487100262, 0.0026265790469190554]], "M_G2C5_M M_G2C5H2_M": [[-0.25100684066538026, 0.019791412833567716, 0.0024934836405824928]], "M_G2C6_M M_G2C6H1_M": [[-0.27444470126957465, 0.018462656616581963, 0.0023260760928122412]], "M_G2C6_M M_G2C6H2_M": [[-0.27064182547705107, 0.019312267539042, 0.0024331170076690714]], "M_G2C7_M M_G2C7H1_M": [[-0.24899280905423693, 0.021550727574935216, 0.0027151364636086033]], "M_G2C7_M M_G2C7H2_M": [[-0.2509390138318039, 0.019645890648190164, 0.0024751495685467]], "M_G2C8_M M_G2C8H1_M": [[-0.24386420016319316, 0.018633625586841535, 0.0023476161583939376]], "M_G2C8_M M_G2C8H2_M": [[-0.24613874720877416, 0.018711705775879495, 0.0023574533375613355]], "M_G2C9_M M_G2C9H1_M": [[-0.1701506194754809, 0.014608457288409954, 0.001840492620163891]], "M_G2C9_M M_G2C9H2_M": [[-0.16963261306509503, 0.014663625074460564, 0.0018474431078911258]], "M_G2C10_M M_G2C10H1_M": [[-0.12946773021557778, 0.015071006767569272, 0.0018987683768742721]], "M_G2C11_M M_G2C11H1_M": [[-0.01564866483441941, 0.01917989637233227, 0.0024164398082467185]], "M_G2C12_M M_G2C12H1_M": [[-0.10058869892003564, 0.015485408863113432, 0.0019509781334263615]], "M_G2C12_M M_G2C12H2_M": [[-0.10227035897848452, 0.01863770559813661, 0.002348130191500276]], "M_G2C13_M M_G2C13H1_M": [[-0.1782013687501756, 0.016453269472559755, 0.0020729171084916177]], "M_G2C13_M M_G2C13H2_M": [[-0.17893350061480473, 0.017264832613872957, 0.002175164453498337]], "M_G2C14_M M_G2C14H1_M": [[-0.18878508995614043, 0.016540067470756044, 0.00208385262837379]], "M_G2C14_M M_G2C14H2_M": [[-0.18994557212653418, 0.015887543784782673, 0.0020016423713421355]], "M_G2C15_M M_G2C15H1_M": [[-0.19801316491664928, 0.01515956578488522, 0.0019099257643109512]], "M_G2C15_M M_G2C15H2_M": [[-0.19896045372967164, 0.01655019053380281, 0.0020851280144370266]], "M_G2C16_M M_G2C16H1_M": [[-0.18324390286042772, 0.014243737559491187, 0.0017945422534516075]], "M_G2C16_M M_G2C16H2_M": [[-0.17937071170915841, 0.015025948884104174, 0.0018930916171480067]], "M_G2C17_M M_G2C17H1_M": [[-0.16161816541318236, 0.015308841851873018, 0.001928732780974929]], "M_G2C17_M M_G2C17H2_M": [[-0.16062906912326855, 0.012700389632456947, 0.0016000986914811476]], "M_G2C18_M M_G2C18H1_M": [[-0.12150740130059082, 0.013319284714480172, 0.001678072142656118]], "M_G2C18_M M_G2C18H2_M": [[-0.12128958998293385, 0.012611297668532247, 0.0015888741590830955]], "M_G2C19_M M_G2C19H1_M": [[-0.03794656890392526, 0.015820568971769963, 0.0019932043380403884]], "M_G2C19_M M_G2C19H2_M": [[-0.035992035935584726, 0.013524143095121415, 0.001703881872616315]], "M_G2C19_M M_G2C19H3_M": [[-0.03995386875040107, 0.014501989586392717, 0.001827078950535408]], "M_G3_M M_G3H1_M": [[-0.17599006521531893, 0.048140918217570154, 0.006065185594761403]], "M_G3_M M_G3H2_M": [[-0.25043755673405255, 0.039640736081301475, 0.004994263307555657]], "M_G3C4_M M_G3C4H1_M": [[0.1477193273949602, 0.03216476474810684, 0.004052379452494656]], "M_G3C4_M M_G3C4H2_M": [[0.16189716536159826, 0.033049119876089446, 0.004163797725794975]], "M_G3C5_M M_G3C5H1_M": [[-0.02113233527978375, 0.021196232507559042, 0.002670474283166868]], "M_G3C5_M M_G3C5H2_M": [[-0.009448335286797154, 0.024988915508193172, 0.0031483074270421125]], "M_G3N6C1_M M_G3N6C1H1_M": [[0.015228003626159224, 0.016271801973058556, 0.002050054352552527]], "M_G3N6C1_M M_G3N6C1H2_M": [[0.015380485562355863, 0.014967544097671332, 0.001885733305706238]], "M_G3N6C1_M M_G3N6C1H3_M": [[0.01659146507961158, 0.014339487499753561, 0.0018066056120222519]], "M_G3N6C2_M M_G3N6C2H1_M": [[0.016559298705796536, 0.013917160832739597, 0.0017533974533103598]], "M_G3N6C2_M M_G3N6C2H2_M": [[0.012311970778661755, 0.014888714883081999, 0.0018758017581895752]], "M_G3N6C2_M M_G3N6C2H3_M": [[0.015238405884932145, 0.01596321937114207, 0.002011176599048133]], "M_G3N6C3_M M_G3N6C3H1_M": [[0.014055932604588671, 0.013752808350671396, 0.001732690986886138]], "M_G3N6C3_M M_G3N6C3H2_M": [[0.019243712604931233, 0.015290182283547867, 0.0019263818963387307]], "M_G3N6C3_M M_G3N6C3H3_M": [[0.011882935110305744, 0.014573685129630474, 0.0018361117399410644]]}