{"50000.0": 78.29263305664062, "50100.0": 78.29263305664062, "50200.0": 78.29263305664062, "50300.0": 78.29263305664062, "50400.0": 78.29263305664062, "50500.0": 78.29263305664062, "50600.0": 78.29263305664062, "50700.0": 78.29263305664062, "50800.0": 78.29263305664062, "50900.0": 78.29263305664062, "51000.0": 78.29263305664062, "51100.0": 78.29263305664062, "51200.0": 78.29263305664062, "51300.0": 78.29263305664062, "51400.0": 78.29263305664062, "51500.0": 78.29263305664062, "51600.0": 78.29263305664062, "51700.0": 78.29263305664062, "51800.0": 78.29263305664062, "51900.0": 78.29263305664062, "52000.0": 78.29263305664062, "52100.0": 78.29263305664062, "52200.0": 78.29263305664062, "52300.0": 78.29263305664062, "52400.0": 78.29263305664062, "52500.0": 78.29263305664062, "52600.0": 78.29263305664062, "52700.0": 78.29263305664062, "52800.0": 78.29263305664062, "52900.0": 78.29263305664062, "53000.0": 78.29263305664062, "53100.0": 78.29263305664062, "53200.0": 78.29263305664062, "53300.0": 78.29263305664062, "53400.0": 78.29263305664062, "53500.0": 78.29263305664062, "53600.0": 78.29263305664062, "53700.0": 78.29263305664062, "53800.0": 78.29263305664062, "53900.0": 78.29263305664062, "54000.0": 78.29263305664062, "54100.0": 78.29263305664062, "54200.0": 78.29263305664062, "54300.0": 78.29263305664062, "54400.0": 78.29263305664062, "54500.0": 78.29263305664062, "54600.0": 78.29263305664062, "54700.0": 78.29263305664062, "54800.0": 78.29263305664062, "54900.0": 78.29263305664062, "55000.0": 78.29263305664062, "55100.0": 78.29263305664062, "55200.0": 78.29263305664062, "55300.0": 78.29263305664062, "55400.0": 78.29263305664062, "55500.0": 78.29263305664062, "55600.0": 78.29263305664062, "55700.0": 78.29263305664062, "55800.0": 78.29263305664062, "55900.0": 78.29263305664062, "56000.0": 78.29263305664062, "56100.0": 78.29263305664062, "56200.0": 78.29263305664062, "56300.0": 78.29263305664062, "56400.0": 78.29263305664062, "56500.0": 78.29263305664062, "56600.0": 78.29263305664062, "56700.0": 78.29263305664062, "56800.0": 78.29263305664062, "56900.0": 78.29263305664062, "57000.0": 78.29263305664062, "57100.0": 78.29263305664062, "57200.0": 78.29263305664062, "57300.0": 78.29263305664062, "57400.0": 78.29263305664062, "57500.0": 78.29263305664062, "57600.0": 78.29263305664062, "57700.0": 78.29263305664062, "57800.0": 78.29263305664062, "57900.0": 78.29263305664062, "58000.0": 78.29263305664062, "58100.0": 78.29263305664062, "58200.0": 78.29263305664062, "58300.0": 78.29263305664062, "58400.0": 78.29263305664062, "58500.0": 78.29263305664062, "58600.0": 78.29263305664062, "58700.0": 78.29263305664062, "58800.0": 78.29263305664062, "58900.0": 78.29263305664062, "59000.0": 78.29263305664062, "59100.0": 78.29263305664062, "59200.0": 78.29263305664062, "59300.0": 78.29263305664062, "59400.0": 78.29263305664062, "59500.0": 78.29263305664062, "59600.0": 78.29263305664062, "59700.0": 78.29263305664062, "59800.0": 78.29263305664062, "59900.0": 78.29263305664062, "60000.0": 78.29263305664062, "60100.0": 78.29263305664062, "60200.0": 78.29263305664062, "60300.0": 78.29263305664062, "60400.0": 78.29263305664062, "60500.0": 78.29263305664062, "60600.0": 78.29263305664062, "60700.0": 78.29263305664062, "60800.0": 78.29263305664062, "60900.0": 78.29263305664062, "61000.0": 78.29263305664062, "61100.0": 78.29263305664062, "61200.0": 78.29263305664062, "61300.0": 78.29263305664062, "61400.0": 78.29263305664062, "61500.0": 78.29263305664062, "61600.0": 78.29263305664062, "61700.0": 78.29263305664062, "61800.0": 78.29263305664062, "61900.0": 78.29263305664062, "62000.0": 78.29263305664062, "62100.0": 78.29263305664062, "62200.0": 78.29263305664062, "62300.0": 78.29263305664062, "62400.0": 78.29263305664062, "62500.0": 78.29263305664062, "62600.0": 78.29263305664062, "62700.0": 78.29263305664062, "62800.0": 78.29263305664062, "62900.0": 78.29263305664062, "63000.0": 78.29263305664062, "63100.0": 78.29263305664062, "63200.0": 78.29263305664062, "63300.0": 78.29263305664062, "63400.0": 78.29263305664062, "63500.0": 78.29263305664062, "63600.0": 78.29263305664062, "63700.0": 78.29263305664062, "63800.0": 78.29263305664062, "63900.0": 78.29263305664062, "64000.0": 78.29263305664062, "64100.0": 78.29263305664062, "64200.0": 78.29263305664062, "64300.0": 78.29263305664062, "64400.0": 78.29263305664062, "64500.0": 78.29263305664062, "64600.0": 78.29263305664062, "64700.0": 78.29263305664062, "64800.0": 78.29263305664062, "64900.0": 78.29263305664062, "65000.0": 78.29263305664062, "65100.0": 78.29263305664062, "65200.0": 78.29263305664062, "65300.0": 78.29263305664062, "65400.0": 78.29263305664062, "65500.0": 78.29263305664062, "65600.0": 78.29263305664062, "65700.0": 78.29263305664062, "65800.0": 78.29263305664062, "65900.0": 78.29263305664062, "66000.0": 78.29263305664062, "66100.0": 78.29263305664062, "66200.0": 78.29263305664062, "66300.0": 78.29263305664062, "66400.0": 78.29263305664062, "66500.0": 78.29263305664062, "66600.0": 78.29263305664062, "66700.0": 78.29263305664062, "66800.0": 78.29263305664062, "66900.0": 78.29263305664062, "67000.0": 78.29263305664062, "67100.0": 78.29263305664062, "67200.0": 78.29263305664062, "67300.0": 78.29263305664062, "67400.0": 78.29263305664062, "67500.0": 78.29263305664062, "67600.0": 78.29263305664062, "67700.0": 78.29263305664062, "67800.0": 78.29263305664062, "67900.0": 78.29263305664062, "68000.0": 78.29263305664062, "68100.0": 78.29263305664062, "68200.0": 78.29263305664062, "68300.0": 78.29263305664062, "68400.0": 78.29263305664062, "68500.0": 78.29263305664062, "68600.0": 78.29263305664062, "68700.0": 78.29263305664062, "68800.0": 78.29263305664062, "68900.0": 78.29263305664062, "69000.0": 78.29263305664062, "69100.0": 78.29263305664062, "69200.0": 78.29263305664062, "69300.0": 78.29263305664062, "69400.0": 78.29263305664062, "69500.0": 78.29263305664062, "69600.0": 78.29263305664062, "69700.0": 78.29263305664062, "69800.0": 78.29263305664062, "69900.0": 78.29263305664062, "70000.0": 78.29263305664062, "70100.0": 78.29263305664062, "70200.0": 78.29263305664062, "70300.0": 78.29263305664062, "70400.0": 78.29263305664062, "70500.0": 78.29263305664062, "70600.0": 78.29263305664062, "70700.0": 78.29263305664062, "70800.0": 78.29263305664062, "70900.0": 78.29263305664062, "71000.0": 78.29263305664062, "71100.0": 78.29263305664062, "71200.0": 78.29263305664062, "71300.0": 78.29263305664062, "71400.0": 78.29263305664062, "71500.0": 78.29263305664062, "71600.0": 78.29263305664062, "71700.0": 78.29263305664062, "71800.0": 78.29263305664062, "71900.0": 78.29263305664062, "72000.0": 78.29263305664062, "72100.0": 78.29263305664062, "72200.0": 78.29263305664062, "72300.0": 78.29263305664062, "72400.0": 78.29263305664062, "72500.0": 78.29263305664062, "72600.0": 78.29263305664062, "72700.0": 78.29263305664062, "72800.0": 78.29263305664062, "72900.0": 78.29263305664062, "73000.0": 78.29263305664062, "73100.0": 78.29263305664062, "73200.0": 78.29263305664062, "73300.0": 78.29263305664062, "73400.0": 78.29263305664062, "73500.0": 78.29263305664062, "73600.0": 78.29263305664062, "73700.0": 78.29263305664062, "73800.0": 78.29263305664062, "73900.0": 78.29263305664062, "74000.0": 78.29263305664062, "74100.0": 78.29263305664062, "74200.0": 78.29263305664062, "74300.0": 78.29263305664062, "74400.0": 78.29263305664062, "74500.0": 78.29263305664062, "74600.0": 78.29263305664062, "74700.0": 78.29263305664062, "74800.0": 78.29263305664062, "74900.0": 78.29263305664062, "75000.0": 78.29263305664062, "75100.0": 78.29263305664062, "75200.0": 78.29263305664062, "75300.0": 78.29263305664062, "75400.0": 78.29263305664062, "75500.0": 78.29263305664062, "75600.0": 78.29263305664062, "75700.0": 78.29263305664062, "75800.0": 78.29263305664062, "75900.0": 78.29263305664062, "76000.0": 78.29263305664062, "76100.0": 78.29263305664062, "76200.0": 78.29263305664062, "76300.0": 78.29263305664062, "76400.0": 78.29263305664062, "76500.0": 78.29263305664062,