{"M_G1_M M_G1H1_M": [[-0.11418615850904638, 0.09065008186247041, 0.004010123525305009]], "M_G1_M M_G1H2_M": [[-0.04390910737818483, 0.06407170114223623, 0.002834365185092744]], "M_G1C3_M M_G1C3H1_M": [[-0.1553750321767153, 0.07096785675640116, 0.003139433148566653]], "M_G1C3_M M_G1C3H2_M": [[-0.09546960219913345, 0.07672881852393595, 0.0033942830928548823]], "M_G1C4_M M_G1C4H1_M": [[-0.06475060818157452, 0.041815978768788876, 0.0018498299918667633]], "M_G1C4_M M_G1C4H2_M": [[-0.048107130271432166, 0.043998764503133156, 0.0019463907477331962]], "M_G1C5_M M_G1C5H1_M": [[-0.08708216494704679, 0.03878784691875528, 0.0017158733255289644]], "M_G1C5_M M_G1C5H2_M": [[-0.08378212126491302, 0.03912672808870549, 0.001730864545878461]], "M_G1C6_M M_G1C6H1_M": [[-0.07839463345006449, 0.03778838454567718, 0.00167165971322337]], "M_G1C6_M M_G1C6H2_M": [[-0.07395214529498459, 0.04048567068111791, 0.0017909806268285014]], "M_G1C7_M M_G1C7H1_M": [[-0.08711994214368306, 0.0377986116578355, 0.0016721121340289487]], "M_G1C7_M M_G1C7H2_M": [[-0.08384169560546656, 0.03827789345933814, 0.0016933143126477417]], "M_G1C8_M M_G1C8H1_M": [[-0.07403036328826189, 0.03915270370757501, 0.0017320136396042787]], "M_G1C8_M M_G1C8H2_M": [[-0.07227312161321821, 0.03924824034647884, 0.0017362399316861554]], "M_G1C9_M M_G1C9H1_M": [[-0.07223992911097915, 0.040182655105585406, 0.001777576006964834]], "M_G1C9_M M_G1C9H2_M": [[-0.0716463268896416, 0.03992241656955455, 0.0017660637319167922]], "M_G1C10_M M_G1C10H1_M": [[-0.06024522877977074, 0.04056327432065255, 0.001794413609724416]], "M_G1C10_M M_G1C10H2_M": [[-0.05958167058331075, 0.03970520640370764, 0.0017564549198991746]], "M_G1C11_M M_G1C11H1_M": [[-0.057795082007849975, 0.039930504789857796, 0.0017664215337174027]], "M_G1C11_M M_G1C11H2_M": [[-0.05546008362065593, 0.03884855392434816, 0.0017185588453462347]], "M_G1C12_M M_G1C12H1_M": [[-0.04841877258698399, 0.037792081618683845, 0.0016718232621042335]], "M_G1C12_M M_G1C12H2_M": [[-0.04714537861307298, 0.03905878114161072, 0.0017278587499054273]], "M_G1C13_M M_G1C13H1_M": [[-0.04525918003728903, 0.03703678303307178, 0.0016384108198365282]], "M_G1C13_M M_G1C13H2_M": [[-0.04560274517274926, 0.03660358877344146, 0.0016192474340361034]], "M_G1C14_M M_G1C14H1_M": [[-0.03919665555000257, 0.033196021936417235, 0.0014685055521045294]], "M_G1C14_M M_G1C14H2_M": [[-0.0399174861444652, 0.033875612519616176, 0.0014985688695254272]], "M_G1C15_M M_G1C15H1_M": [[-0.03426233772303856, 0.03127894630564451, 0.0013836991191835527]], "M_G1C15_M M_G1C15H2_M": [[-0.03518083456260899, 0.03068660782705567, 0.0013574956076242775]], "M_G1C16_M M_G1C16H1_M": [[-0.025927410647807132, 0.025996893837929847, 0.0011500348750098552]], "M_G1C16_M M_G1C16H2_M": [[-0.02720763275715403, 0.026968362201427398, 0.0011930101052414336]], "M_G1C17_M M_G1C17H1_M": [[-0.010905491418241889, 0.020348681443512182, 0.0009001726693348835]], "M_G1C17_M M_G1C17H2_M": [[-0.011135658430791139, 0.02022860013668677, 0.0008948605850702435]], "M_G1C17_M M_G1C17H3_M": [[-0.010604684764402628, 0.020991788636355646, 0.0009286220565867016]], "M_G2_M M_G2H1_M": [[-0.13358541814169766, 0.08034874770644035, 0.0035544193318570983]], "M_G2C3_M M_G2C3H1_M": [[-0.02536012561713505, 0.06811028337957607, 0.003013021544867531]], "M_G2C3_M M_G2C3H2_M": [[-0.03456791105755904, 0.05038523736008663, 0.002228911673486424]], "M_G2C4_M M_G2C4H1_M": [[-0.11222744213314305, 0.04396134826305416, 0.001944735550721936]], "M_G2C4_M M_G2C4H2_M": [[-0.12869978742093585, 0.03882783912648711, 0.0017176424766401305]], "M_G2C5_M M_G2C5H1_M": [[-0.11717397058798815, 0.03954351525780536, 0.0017493021247257522]], "M_G2C5_M M_G2C5H2_M": [[-0.12366112994529385, 0.03725156771768565, 0.0016479123348815126]], "M_G2C6_M M_G2C6H1_M": [[-0.12142821463602713, 0.0395832233011267, 0.0017510587051434985]], "M_G2C6_M M_G2C6H2_M": [[-0.12173558879945867, 0.03660789348954155, 0.001619437863464826]], "M_G2C7_M M_G2C7H1_M": [[-0.11453304593086083, 0.038285455148359064, 0.0016936488220757626]], "M_G2C7_M M_G2C7H2_M": [[-0.11234594484277985, 0.0371585328641799, 0.001643796715269798]], "M_G2C8_M M_G2C8H1_M": [[-0.11003046794900678, 0.03718532715265405, 0.001644982024806716]], "M_G2C8_M M_G2C8H2_M": [[-0.10876737540215424, 0.039106696525768536, 0.0017299784017059277]], "M_G2C9_M M_G2C9H1_M": [[-0.09964314872818116, 0.03813335204463545, 0.0016869201769164636]], "M_G2C9_M M_G2C9H2_M": [[-0.09706844926974979, 0.03747062056363583, 0.0016576026622676754]], "M_G2C10_M M_G2C10H1_M": [[-0.09099217632596206, 0.03854408545407177, 0.0017050899532031327]], "M_G2C10_M M_G2C10H2_M": [[-0.09003907965198953, 0.03871513651817421, 0.0017126568067800142]], "M_G2C11_M M_G2C11H1_M": [[-0.07841834198534098, 0.03734130553357338, 0.001651882102136073]], "M_G2C11_M M_G2C11H2_M": [[-0.07891716817891274, 0.03870662073330604, 0.0017122800906366343]], "M_G2C12_M M_G2C12H1_M": [[-0.0717861982708406, 0.037760301853749983, 0.0016704174080733095]], "M_G2C12_M M_G2C12H2_M": [[-0.07117850818818786, 0.03757128697181339, 0.0016620558819818423]], "M_G2C13_M M_G2C13H1_M": [[-0.06214365492255587, 0.03573106149015333, 0.0015806490995029629]], "M_G2C13_M M_G2C13H2_M": [[-0.06253741276483457, 0.03591460452883954, 0.0015887685655003373]], "M_G2C14_M M_G2C14H1_M": [[-0.05683824083298287, 0.03467688045178898, 0.0015340148759587534]], "M_G2C14_M M_G2C14H2_M": [[-0.057721213340762925, 0.033940249840435, 0.0015014282562518671]], "M_G2C15_M M_G2C15H1_M": [[-0.04803437693941395, 0.03227334030798106, 0.0014276885199680093]], "M_G2C15_M M_G2C15H2_M": [[-0.0463032966775819, 0.03114060012903869, 0.0013775790446503085]], "M_G2C16_M M_G2C16H1_M": [[-0.03758442450492519, 0.02682209035570611, 0.0011865394197487647]], "M_G2C16_M M_G2C16H2_M": [[-0.04047612046293517, 0.028073174889500608, 0.0012418841410996634]], "M_G2C17_M M_G2C17H1_M": [[-0.009988813030654266, 0.021404600725356358, 0.0009468837882434208]], "M_G2C17_M M_G2C17H2_M": [[-0.012262850440568834, 0.02079833469239309, 0.0009200641579526524]], "M_G2C17_M M_G2C17H3_M": [[-0.011178453203850781, 0.020878671624580042, 0.0009236180545967006]], "M_G3_M M_G3H1_M": [[-0.19981503470611045, 0.07034194401335227, 0.0031117443989911527]], "M_G3_M M_G3H2_M": [[-0.23662377760644027, 0.06155466670188444, 0.0027230181370164813]], "M_G3C4_M M_G3C4H1_M": [[0.03685901038676377, 0.0544347002197737, 0.0024080493636554935]], "M_G3C4_M M_G3C4H2_M": [[0.042583173173218074, 0.05533376446331009, 0.002447821624195045]], "M_G3C5_M M_G3C5H1_M": [[-0.071563490646423, 0.048970353569202006, 0.002166320899613685]], "M_G3C5_M M_G3C5H2_M": [[-0.07239613757456755, 0.04924014293345756, 0.00217825567842745]], "M_G3N6C1_M M_G3N6C1H1_M": [[0.00979069769115983, 0.02916119724184713, 0.0012900154162354316]], "M_G3N6C1_M M_G3N6C1H2_M": [[0.009337188507794941, 0.028380555444021884, 0.001255481856265295]], "M_G3N6C1_M M_G3N6C1H3_M": [[0.010722879040093088, 0.029636466811048805, 0.001311040104147007]], "M_G3N6C2_M M_G3N6C2H1_M": [[0.010323054988438586, 0.031104402280663867, 0.0013759777461147648]], "M_G3N6C2_M M_G3N6C2H2_M": [[0.011240308103935089, 0.028560861754898057, 0.001263458137854345]], "M_G3N6C2_M M_G3N6C2H3_M": [[0.009819171412878787, 0.026140354844540036, 0.0011563812163010222]], "M_G3N6C3_M M_G3N6C3H1_M": [[0.010009995439245198, 0.02844310370526571, 0.0012582488284370503]], "M_G3N6C3_M M_G3N6C3H2_M": [[0.009358469661180712, 0.028502314136191594, 0.0012608681436888508]], "M_G3N6C3_M M_G3N6C3H3_M": [[0.008254964771714475, 0.029343832690549024, 0.0012980947328156997]]}