{"-22.15948486328125": [1.2019150145933477e-05, 6.137103770909074e-06, 0.0], "-21.020992333866552": [6.521113884845057e-05, 4.233289790820389e-07, 0.0], "-19.88249980445185": [0.0003400460357989884, 4.373621833327408e-07, 0.0], "-18.744007275037152": [0.0013830555613466094, 1.4033204250701926e-08, 0.0], "-17.60551474562245": [0.00483442575329224, 4.5139538758344273e-07, 0.0], "-16.467022216207752": [0.013523959478362558, 1.2105809090809723e-06, 0.0], "-15.328529686793054": [0.03149342170415978, 5.108014157485871e-07, 0.0], "-14.190037157378354": [0.061455487518709474, 2.8066408501403852e-08, 0.0], "-13.051544627963654": [0.10289850702375095, 2.435195022412647e-06, 0.0], "-11.913052098548954": [0.1503382414119232, 1.4870314233313187e-06, 0.0], "-10.774559569134254": [0.195655040317983, 2.494601050577791e-06, 0.0], "-9.636067039719556": [0.23235505675903015, 5.8573800454963905e-06, 0.0], "-8.497574510304856": [0.257360909381934, 1.87373482216557e-05, 0.0], "-7.359081980890156": [0.27294068236994845, 0.00012040699354472644, 0.0], "-6.220589451475458": [0.28271385482046724, 0.0006234708325424167, 0.0], "-5.082096922060757": [0.2901896944983588, 0.0027009960519826333, 0.0], "-3.9436043926460584": [0.2956734670896659, 0.009088894963072506, 0.0], "-2.8051118632313603": [0.297990442696312, 0.024296501952818562, 0.0], "-1.6666193338166586": [0.29368787560737764, 0.05206110955671467, 0.0], "-0.5281268044019605": [0.28132029340935505, 0.08912475030326701, 0.0], "0.6103657250127412": [0.26634739582346983, 0.12712824212681298, 0.0], "1.7488582544274394": [0.25364474821807703, 0.15618729815013285, 0.0], "2.8873507838421375": [0.24205643517999456, 0.17735048145211194, 0.0], "4.025843313256839": [0.22160688705898557, 0.19597793316073334, 0.0], "5.164335842671537": [0.18535368903503904, 0.21810666541610987, 0.0], "6.3028283720862355": [0.13657303110793056, 0.24405222847665062, 0.0], "7.441320901500937": [0.08871119371190812, 0.2706269998149963, 0.0], "8.579813430915635": [0.05091664607173994, 0.29421631140902, 0.0], "9.718305960330333": [0.025854626972554532, 0.31056993283905715, 0.0], "10.856798489745032": [0.011456132944270525, 0.32138339546296335, 0.0], "11.995291019159737": [0.004236708225248066, 0.3274877730758769, 0.0], "13.133783548574435": [0.0013989121277076001, 0.3294494420550585, 0.0], "14.272276077989133": [0.0003678972597485156, 0.3300748134093761, 0.0], "15.410768607403831": [8.347931991720929e-05, 0.3306676569721632, 0.0], "16.54926113681853": [1.7732849716187395e-05, 0.3300046676030151, 0.0], "17.687753666233235": [1.91564636221534e-06, 0.33083232751488606, 0.0], "18.826246195647933": [0.0, 0.3302125680839791, 0.0], "19.96473872506263": [0.0, 0.3302167733434563, 0.0], "21.10323125447733": [0.0, 0.33044521335370264, 0.0], "22.241723783892027": [0.0, 0.3299751695721171, 0.0], "23.380216313306732": [0.0, 0.33070935928014483, 0.0], "24.51870884272143": [0.0, 0.3299016478046256, 0.0], "25.65720137213613": [0.0, 0.3305206485743333, 0.0], "26.795693901550827": [0.0, 0.3304404485745848, 0.0], "27.934186430965525": [0.0, 0.3299802447819732, 0.0], "29.072678960380223": [0.0, 0.3303782973917851, 0.0], "30.21117148979493": [0.0, 0.33059749834461555, 0.0], "31.349664019209627": [0.0, 0.33037901677445053, 0.0], "32.488156548624325": [0.0, 0.3300984369171865, 0.0], "33.62664907803902": [0.0, 0.33034872387756214, 0.0]}