{"M_G1_M M_G1H1_M": [[-0.27686648201991293, 0.07032975880994681, 0.007068406714205626]], "M_G1_M M_G1H2_M": [[-0.009575903088224863, 0.10529068311121893, 0.010582111812124949]], "M_G1C3_M M_G1C3H1_M": [[-0.3300026429445627, 0.054843249206853996, 0.005511953936457306]], "M_G1C3_M M_G1C3H2_M": [[-0.33614313369648985, 0.04996257413779503, 0.005021427635617593]], "M_G1C4_M M_G1C4H1_M": [[-0.31583309205484955, 0.05623795128137333, 0.005652126769048546]], "M_G1C4_M M_G1C4H2_M": [[-0.3173651376730911, 0.05524015124160014, 0.005551844091844625]], "M_G1C5_M M_G1C5H1_M": [[-0.3456681899195139, 0.047252142164966884, 0.0047490189727796015]], "M_G1C5_M M_G1C5H2_M": [[-0.3444774381258867, 0.04642787297320049, 0.004666176802011764]], "M_G1C6_M M_G1C6H1_M": [[-0.34964879832323503, 0.04580641173667952, 0.004603717597669632]], "M_G1C6_M M_G1C6H2_M": [[-0.3503312458116469, 0.043498335655174296, 0.004371747223428826]], "M_G1C7_M M_G1C7H1_M": [[-0.35652219140346053, 0.04120535033171391, 0.0041412935274376195]], "M_G1C7_M M_G1C7H2_M": [[-0.3564586140506573, 0.040497746873633084, 0.004070176704079678]], "M_G1C8_M M_G1C8H1_M": [[-0.35416597203653205, 0.04150102480559096, 0.004171009930162951]], "M_G1C8_M M_G1C8H2_M": [[-0.35297560416104623, 0.040716376946338395, 0.004092149853141849]], "M_G1C9_M M_G1C9H1_M": [[-0.3582440428038535, 0.04010512475743679, 0.004030716696691241]], "M_G1C9_M M_G1C9H2_M": [[-0.3572280351010154, 0.0402646090698112, 0.00404674547317893]], "M_G1C10_M M_G1C10H1_M": [[-0.35319989582413713, 0.04304788235362066, 0.00432647496322185]], "M_G1C10_M M_G1C10H2_M": [[-0.3531225086151329, 0.04254425391965877, 0.0042758584011247025]], "M_G1C11_M M_G1C11H1_M": [[-0.3556620154613899, 0.04400327580424034, 0.004422495617854226]], "M_G1C11_M M_G1C11H2_M": [[-0.35548362479965034, 0.04319139776127721, 0.004340898804398567]], "M_G1C12_M M_G1C12H1_M": [[-0.3478610756733717, 0.047220519285666014, 0.004745840753827126]], "M_G1C12_M M_G1C12H2_M": [[-0.34744684781555835, 0.047305897254714825, 0.004754421562575535]], "M_G1C13_M M_G1C13H1_M": [[-0.34344627256499327, 0.049305217501690764, 0.004955360807877955]], "M_G1C13_M M_G1C13H2_M": [[-0.3434742863678729, 0.04955929245072174, 0.004980896301046574]], "M_G1C14_M M_G1C14H1_M": [[-0.31622242037072157, 0.053602542664901213, 0.005387258237227102]], "M_G1C14_M M_G1C14H2_M": [[-0.31693658411861675, 0.05292177793187137, 0.005318838807228118]], "M_G1C15_M M_G1C15H1_M": [[-0.28233100515853904, 0.052048886960691015, 0.005231109963764659]], "M_G1C15_M M_G1C15H2_M": [[-0.28113008219867586, 0.05223847306193069, 0.005250164083864002]], "M_G1C16_M M_G1C16H1_M": [[-0.18729059526228117, 0.046184248884033115, 0.0046416916597796344]], "M_G1C16_M M_G1C16H2_M": [[-0.18864049630809784, 0.04713217522748885, 0.004736961841904975]], "M_G1C17_M M_G1C17H1_M": [[-0.0664024825619549, 0.019461748040331073, 0.0019559792731579594]], "M_G1C17_M M_G1C17H2_M": [[-0.06630773379291939, 0.0184270760194389, 0.001851990822419229]], "M_G1C17_M M_G1C17H3_M": [[-0.06602717669305419, 0.018272020204902647, 0.0018364071267107536]], "M_G2_M M_G2H1_M": [[-0.2869806772164028, 0.07378299041864608, 0.007415469549364744]], "M_G2C3_M M_G2C3H1_M": [[-0.3300026429445627, 0.054843249206853996, 0.005511953936457306]], "M_G2C3_M M_G2C3H2_M": [[-0.33614313369648985, 0.04996257413779503, 0.005021427635617593]], "M_G2C4_M M_G2C4H1_M": [[-0.31583309205484955, 0.05623795128137333, 0.005652126769048546]], "M_G2C4_M M_G2C4H2_M": [[-0.3173651376730911, 0.05524015124160014, 0.005551844091844625]], "M_G2C5_M M_G2C5H1_M": [[-0.3456681899195139, 0.047252142164966884, 0.0047490189727796015]], "M_G2C5_M M_G2C5H2_M": [[-0.3444774381258867, 0.04642787297320049, 0.004666176802011764]], "M_G2C6_M M_G2C6H1_M": [[-0.34964879832323503, 0.04580641173667952, 0.004603717597669632]], "M_G2C6_M M_G2C6H2_M": [[-0.3503312458116469, 0.043498335655174296, 0.004371747223428826]], "M_G2C7_M M_G2C7H1_M": [[-0.35652219140346053, 0.04120535033171391, 0.0041412935274376195]], "M_G2C7_M M_G2C7H2_M": [[-0.3564586140506573, 0.040497746873633084, 0.004070176704079678]], "M_G2C8_M M_G2C8H1_M": [[-0.35416597203653205, 0.04150102480559096, 0.004171009930162951]], "M_G2C8_M M_G2C8H2_M": [[-0.35297560416104623, 0.040716376946338395, 0.004092149853141849]], "M_G2C9_M M_G2C9H1_M": [[-0.3582440428038535, 0.04010512475743679, 0.004030716696691241]], "M_G2C9_M M_G2C9H2_M": [[-0.3572280351010154, 0.0402646090698112, 0.00404674547317893]], "M_G2C10_M M_G2C10H1_M": [[-0.35319989582413713, 0.04304788235362066, 0.00432647496322185]], "M_G2C11_M M_G2C11H1_M": [[-0.3556620154613899, 0.04400327580424034, 0.004422495617854226]], "M_G2C12_M M_G2C12H1_M": [[-0.3478610756733717, 0.047220519285666014, 0.004745840753827126]], "M_G2C12_M M_G2C12H2_M": [[-0.34744684781555835, 0.047305897254714825, 0.004754421562575535]], "M_G2C13_M M_G2C13H1_M": [[-0.34344627256499327, 0.049305217501690764, 0.004955360807877955]], "M_G2C13_M M_G2C13H2_M": [[-0.3434742863678729, 0.04955929245072174, 0.004980896301046574]], "M_G2C14_M M_G2C14H1_M": [[-0.31622242037072157, 0.053602542664901213, 0.005387258237227102]], "M_G2C14_M M_G2C14H2_M": [[-0.31693658411861675, 0.05292177793187137, 0.005318838807228118]], "M_G2C15_M M_G2C15H1_M": [[-0.28233100515853904, 0.052048886960691015, 0.005231109963764659]], "M_G2C15_M M_G2C15H2_M": [[-0.28113008219867586, 0.05223847306193069, 0.005250164083864002]], "M_G2C16_M M_G2C16H1_M": [[-0.18729059526228117, 0.046184248884033115, 0.0046416916597796344]], "M_G2C16_M M_G2C16H2_M": [[-0.18864049630809784, 0.04713217522748885, 0.004736961841904975]], "M_G2C17_M M_G2C17H1_M": [[-0.0664024825619549, 0.019461748040331073, 0.0019559792731579594]], "M_G2C17_M M_G2C17H2_M": [[-0.06630773379291939, 0.0184270760194389, 0.001851990822419229]], "M_G2C18_M M_G2C18H1_M": [[-0.18423423371510364, 0.049706429006806, 0.004995684081333743]], "M_G2C18_M M_G2C18H2_M": [[-0.18468338579239915, 0.04958563907784179, 0.004983544236702593]], "M_G2C19_M M_G2C19H1_M": [[-0.0606210142617508, 0.02032597472518098, 0.0020428373230809856]], "M_G2C19_M M_G2C19H2_M": [[-0.06095073272575442, 0.019323151513547594, 0.0019420497981098611]], "M_G2C19_M M_G2C19H3_M": [[-0.05969640633071085, 0.019430183002245627, 0.0019528068674663625]], "M_G3_M M_G3H1_M": [[-0.15966274160353355, 0.0912631065474003, 0.00917228732181679]], "M_G3_M M_G3H2_M": [[-0.12330726712630283, 0.09877894982325786, 0.009927657992396642]], "M_G3C4_M M_G3C4H1_M": [[-0.11135780317637856, 0.028486949408580476, 0.0028630461396999428]], "M_G3C4_M M_G3C4H2_M": [[-0.10991674851062219, 0.028846094828060418, 0.00289914161247539]], "M_G3C5_M M_G3C5H1_M": [[-0.0998741350503219, 0.013874600226051565, 0.0013944497898785836]], "M_G3C5_M M_G3C5H2_M": [[-0.09886123933995263, 0.014461816971247226, 0.0014534672933460906]], "M_G3N6C1_M M_G3N6C1H1_M": [[0.01539324877604577, 0.005850100771988774, 0.0005879572498925827]], "M_G3N6C1_M M_G3N6C1H2_M": [[0.015732472885204334, 0.005982021102785175, 0.0006012157419977715]], "M_G3N6C1_M M_G3N6C1H3_M": [[0.014525037798010893, 0.005365637572986666, 0.000539266866382726]], "M_G3N6C2_M M_G3N6C2H1_M": [[0.01610890506800106, 0.0055626122111730025, 0.0005590635623851529]], "M_G3N6C2_M M_G3N6C2H2_M": [[0.015152978442298565, 0.004962973759297314, 0.0004987976304232972]], "M_G3N6C2_M M_G3N6C2H3_M": [[0.015601870606356863, 0.005912495776946295, 0.0005942281838391422]], "M_G3N6C3_M M_G3N6C3H1_M": [[0.01510295951323693, 0.005248634536301436, 0.0005275076187458443]], "M_G3N6C3_M M_G3N6C3H2_M": [[0.015340687867590276, 0.006208795101913345, 0.0006240073864619086]], "M_G3N6C3_M M_G3N6C3H3_M": [[0.015913855206235186, 0.005066839470935681, 0.0005092365272138339]]}