{"M_G1_M M_G1H1_M": [[-0.1582674431190012, 0.0141401333495806, 0.0017814893499181433]], "M_G1_M M_G1H2_M": [[-0.024828201708526065, 0.012871845570710926, 0.0016217001092633035]], "M_G1C3_M M_G1C3H1_M": [[-0.22196405864068708, 0.011347435896712485, 0.0014296425429023074]], "M_G1C3_M M_G1C3H2_M": [[-0.19935565329362143, 0.011557017636906435, 0.0014560473602305618]], "M_G1C4_M M_G1C4H1_M": [[-0.1608016857963753, 0.012446748439833394, 0.00156814290491335]], "M_G1C4_M M_G1C4H2_M": [[-0.15624955641638905, 0.010822105935038287, 0.0013634571888622587]], "M_G1C5_M M_G1C5H1_M": [[-0.19050689098425394, 0.01150534291856531, 0.0014495369576686605]], "M_G1C5_M M_G1C5H2_M": [[-0.1879390380412816, 0.01345013718703079, 0.0016945580045993006]], "M_G1C6_M M_G1C6H1_M": [[-0.1893165553772725, 0.013073214782306485, 0.0016470702452436364]], "M_G1C6_M M_G1C6H2_M": [[-0.18839030869432893, 0.013705726769416414, 0.0017267592652036444]], "M_G1C7_M M_G1C7H1_M": [[-0.199882837013801, 0.01224585878161017, 0.0015428331869789017]], "M_G1C7_M M_G1C7H2_M": [[-0.20134151258205873, 0.01104433562551758, 0.0013914554981452618]], "M_G1C8_M M_G1C8H1_M": [[-0.18804221970394755, 0.010613927076830221, 0.001337229118050834]], "M_G1C8_M M_G1C8H2_M": [[-0.19210602673458982, 0.011848427453498107, 0.001492761546149824]], "M_G1C9_M M_G1C9H1_M": [[-0.18452236689992516, 0.011336126440042072, 0.0014282176852921562]], "M_G1C9_M M_G1C9H2_M": [[-0.1902380624910295, 0.009501916415859672, 0.001197128943566042]], "M_G1C10_M M_G1C10H1_M": [[-0.1713567380187912, 0.0094461054025592, 0.001190097416822634]], "M_G1C10_M M_G1C10H2_M": [[-0.1704310543056799, 0.010712032226484532, 0.0013495892051136951]], "M_G1C11_M M_G1C11H1_M": [[-0.1630615327874201, 0.011562488951984922, 0.001456736681137331]], "M_G1C11_M M_G1C11H2_M": [[-0.1621892061383044, 0.011504792002125844, 0.0014494675487214223]], "M_G1C12_M M_G1C12H1_M": [[-0.1430822044789929, 0.014159668923562041, 0.0017839506008930862]], "M_G1C12_M M_G1C12H2_M": [[-0.14130264620317207, 0.011499058172212638, 0.0014487451540542656]], "M_G1C13_M M_G1C13H1_M": [[-0.1298994475739872, 0.014283595145945585, 0.0017995638373381596]], "M_G1C13_M M_G1C13H2_M": [[-0.1305595045411331, 0.013456556405595963, 0.0016953667501200063]], "M_G1C14_M M_G1C14H1_M": [[-0.11391331426406484, 0.012198303387884404, 0.0015368417705361333]], "M_G1C14_M M_G1C14H2_M": [[-0.11125586281015105, 0.013526893313590551, 0.0017042283675744307]], "M_G1C15_M M_G1C15H1_M": [[-0.10211439978200913, 0.013058265974408904, 0.0016451868724772613]], "M_G1C15_M M_G1C15H2_M": [[-0.09836131804864434, 0.013238713568043535, 0.001667921132355227]], "M_G1C16_M M_G1C16H1_M": [[-0.08545912322871349, 0.013936466776506546, 0.0017558297735976334]], "M_G1C16_M M_G1C16H2_M": [[-0.08120279864202054, 0.012619809403733544, 0.0015899465369196796]], "M_G1C17_M M_G1C17H1_M": [[-0.06956060771751965, 0.01499572095279007, 0.001889283255771575]], "M_G1C17_M M_G1C17H2_M": [[-0.07111284622513606, 0.011806063411543211, 0.001487424178552483]], "M_G1C18_M M_G1C18H1_M": [[-0.0539854958821104, 0.013933714318170172, 0.001755482996442771]], "M_G1C18_M M_G1C18H2_M": [[-0.05252804184892662, 0.015398859175079813, 0.0019400738976841148]], "M_G1C19_M M_G1C19H1_M": [[-0.015858998915447238, 0.013492374693643333, 0.0016998794302419786]], "M_G1C19_M M_G1C19H2_M": [[-0.016679055925514844, 0.013915049039518032, 0.0017531313923729954]], "M_G1C19_M M_G1C19H3_M": [[-0.016841279163850087, 0.013630480580913753, 0.001717279136542524]], "M_G2_M M_G2H1_M": [[-0.17798888305047933, 0.01362129149501993, 0.0017161214205400923]], "M_G2C3_M M_G2C3H1_M": [[-0.09915340537717998, 0.013967528407048102, 0.001759743171203782]], "M_G2C3_M M_G2C3H2_M": [[-0.08482467273359116, 0.01238393139855068, 0.0015602287016118765]], "M_G2C4_M M_G2C4H1_M": [[-0.18500699868389414, 0.010663202387031827, 0.0013434372236017394]], "M_G2C4_M M_G2C4H2_M": [[-0.1907188734210748, 0.011436566132730868, 0.0014408718971309327]], "M_G2C5_M M_G2C5H1_M": [[-0.18425847913197033, 0.01041401995185772, 0.0013120431876704934]], "M_G2C5_M M_G2C5H2_M": [[-0.18541942841174375, 0.011135183570717981, 0.0014029012633891423]], "M_G2C6_M M_G2C6H1_M": [[-0.19099208870387796, 0.011723100070700758, 0.0014769717800856153]], "M_G2C6_M M_G2C6H2_M": [[-0.18968626492819865, 0.011134436420536985, 0.0014028071313143358]], "M_G2C7_M M_G2C7H1_M": [[-0.166467062326354, 0.011396674281537874, 0.001435845996293092]], "M_G2C7_M M_G2C7H2_M": [[-0.1700341960450205, 0.011343280749938154, 0.001429119043615362]], "M_G2C8_M M_G2C8H1_M": [[-0.15694849374112424, 0.009751068558183789, 0.001228519162956927]], "M_G2C8_M M_G2C8H2_M": [[-0.1580300582049719, 0.013471807143308033, 0.0016972881624674543]], "M_G2C9_M M_G2C9H1_M": [[-0.09210011859578994, 0.012794937468228906, 0.001612010599121718]], "M_G2C9_M M_G2C9H2_M": [[-0.09642072404198047, 0.011416747999981975, 0.0014383750470974453]], "M_G2C10_M M_G2C10H1_M": [[-0.04757726420303352, 0.013157422397300611, 0.0016576794075185094]], "M_G2C11_M M_G2C11H1_M": [[-0.027065309532391845, 0.013422580119825892, 0.0016910861404713744]], "M_G2C12_M M_G2C12H1_M": [[-0.02063685947730321, 0.014234524663261694, 0.001793381537628851]], "M_G2C12_M M_G2C12H2_M": [[-0.021502347481192598, 0.015453440831941783, 0.0019469505400747165]], "M_G2C13_M M_G2C13H1_M": [[-0.030471744266136098, 0.013449045375231592, 0.0016944204492421978]], "M_G2C14_M M_G2C14H1_M": [[-0.00937351051279317, 0.012921513717545649, 0.0016279577075778806]], "M_G2C15_M M_G2C15H1_M": [[-0.043372591371884844, 0.014974800882079049, 0.0018866475746043727]], "M_G2C15_M M_G2C15H2_M": [[-0.0445375772084874, 0.013483090646898637, 0.0016987097502968946]], "M_G2C16_M M_G2C16H1_M": [[-0.062029720433515775, 0.013232667069503077, 0.0016671593451437617]], "M_G2C16_M M_G2C16H2_M": [[-0.06667685574094287, 0.0127479981446192, 0.0016060968002178674]], "M_G2C17_M M_G2C17H1_M": [[-0.06214780725858858, 0.01250742761093926, 0.001575787761889905]], "M_G2C17_M M_G2C17H2_M": [[-0.06701433032244505, 0.012602204690587815, 0.0015877285515441448]], "M_G2C18_M M_G2C18H1_M": [[-0.06085958595710796, 0.012983883219839508, 0.0016358155262666625]], "M_G2C18_M M_G2C18H2_M": [[-0.059535567469110894, 0.013799419360617966, 0.0017385634221564323]], "M_G2C19_M M_G2C19H1_M": [[-0.015344448841466542, 0.014469865416791235, 0.001823031685590647]], "M_G2C19_M M_G2C19H2_M": [[-0.014963865543115771, 0.013753911727139809, 0.0017328299992546094]], "M_G2C19_M M_G2C19H3_M": [[-0.01629583837053271, 0.01424720814287325, 0.001794979505857953]], "M_G3_M M_G3H1_M": [[-0.241699416505817, 0.00941513511851474, 0.0011861955277933638]], "M_G3_M M_G3H2_M": [[-0.21936365803376792, 0.009790501413800563, 0.0012334872357877412]], "M_G3C4_M M_G3C4H1_M": [[0.040867549115181076, 0.01375267755136618, 0.001732674507722649]], "M_G3C4_M M_G3C4H2_M": [[0.03556964542750818, 0.01566773285713125, 0.001973948797531656]], "M_G3C5_M M_G3C5H1_M": [[-0.061141166008588835, 0.015052522337709508, 0.001896439557610665]], "M_G3C5_M M_G3C5H2_M": [[-0.06257924245506759, 0.01307264319565912, 0.0016469982320949862]], "M_G3N6C1_M M_G3N6C1H1_M": [[0.009337816039769183, 0.015801780602534902, 0.0019908372260148445]], "M_G3N6C1_M M_G3N6C1H2_M": [[0.009514685165450672, 0.016782124318079385, 0.002114348924619404]], "M_G3N6C1_M M_G3N6C1H3_M": [[0.010824042004493875, 0.013924706527879376, 0.0017543481215393582]], "M_G3N6C2_M M_G3N6C2H1_M": [[0.012059899988522358, 0.01454462277637385, 0.0018324502275967151]], "M_G3N6C2_M M_G3N6C2H2_M": [[0.007027801952469881, 0.013689945621390373, 0.00172477102743793]], "M_G3N6C2_M M_G3N6C2H3_M": [[0.007638992115580707, 0.014701836469789184, 0.0018522572911905688]], "M_G3N6C3_M M_G3N6C3H1_M": [[0.009038325411272929, 0.014040484150156372, 0.00176893473086942]], "M_G3N6C3_M M_G3N6C3H2_M": [[0.007204405740607823, 0.015842171814545974, 0.001995926040402167]], "M_G3N6C3_M M_G3N6C3H3_M": [[0.010350437835844817, 0.013821668864396454, 0.00174136659614655]]}