{"M_C3_M M_C3H3_M": [[-0.3961281277343861, 0.007844401573260025, 0.0012561095416318488]], "M_C4_M M_C4H41_M": [[-0.33837337437320897, 0.01126689208025948, 0.0018041466279331082]], "M_C4_M M_C4H42_M": [[-0.24513851078371376, 0.015373782326878149, 0.0024617753810042744]], "M_C6_M M_C6H6_M": [[-0.06748662532786934, 0.019745694107789674, 0.0031618415430803475]], "M_C7_M M_C7H71_M": [[-0.31972169048422766, 0.012853437837079427, 0.002058197270899981]], "M_C7_M M_C7H72_M": [[-0.37232959249741315, 0.01010939249805591, 0.001618798356804691]], "M_C8_M M_C8H8_M": [[-0.441260155441127, 0.005501056431768702, 0.0008808740103967226]], "M_C14_M M_C14H14_M": [[-0.4371971715495341, 0.004964431343792757, 0.000794945225773642]], "M_C15_M M_C15H151_M": [[-0.409368547303365, 0.009613297595857903, 0.0015393595960036086]], "M_C15_M M_C15H152_M": [[-0.3641752009821414, 0.010995258339366137, 0.0017606504184926877]], "M_C16_M M_C16H161_M": [[-0.06676378824358742, 0.019776189912842936, 0.0031667247800423264]], "M_C16_M M_C16H162_M": [[-0.19456143920112934, 0.015512280056788334, 0.002483952766800988]], "M_C17_M M_C17H17_M": [[-0.4348779270324593, 0.005130393325370129, 0.0008215204114854605]], "M_C18_M M_C18H181_M": [[0.12374122092919677, 0.015196167804157928, 0.0024333342953921137]], "M_C18_M M_C18H182_M": [[0.12305800166310021, 0.015910806911427013, 0.002547768136276028]], "M_C18_M M_C18H183_M": [[0.12081386074353069, 0.015052701272173665, 0.0024103612644926554]], "M_C12_M M_C12H121_M": [[-0.12792986174326437, 0.01860669156985317, 0.0029794551695012665]], "M_C12_M M_C12H122_M": [[-0.4334626787750112, 0.006198831082978666, 0.0009926073770669627]], "M_C11_M M_C11H111_M": [[-0.43700433272996253, 0.005724341843845922, 0.0009166282912042559]], "M_C11_M M_C11H112_M": [[-0.23732579272223991, 0.016936774851652393, 0.002712054488407526]], "M_C9_M M_C9H9_M": [[-0.43557228749458704, 0.005146499398101842, 0.0008240994471770401]], "M_C19_M M_C19H191_M": [[0.12472423989837422, 0.01536975267190182, 0.0024611301197924435]], "M_C19_M M_C19H192_M": [[0.1190037338884831, 0.012553167026062505, 0.002010115460290285]], "M_C19_M M_C19H193_M": [[0.1250771640475226, 0.015975412344792612, 0.002558113285046639]], "M_C1_M M_C1H11_M": [[-0.26402905012623196, 0.015473005113783961, 0.002477663742686898]], "M_C1_M M_C1H12_M": [[-0.3928842402699151, 0.008648605177396008, 0.0013848851800455407]], "M_C2_M M_C2H21_M": [[-0.22356023916955436, 0.015717828664401346, 0.002516866885855266]], "M_C2_M M_C2H22_M": [[-0.3625002815901305, 0.010572952213122743, 0.001693027318156755]], "M_C20_M M_C20H20_M": [[-0.41951820779427695, 0.008667867495955902, 0.0013879696195545422]], "M_C21_M M_C21H211_M": [[0.10592456957169523, 0.014547938566527968, 0.0023295345443279493]], "M_C21_M M_C21H212_M": [[0.10841088981411769, 0.014381307338008758, 0.0023028521933388946]], "M_C21_M M_C21H213_M": [[0.11073842614329717, 0.013946200094000192, 0.0022331792736485835]], "M_C22_M M_C22H221_M": [[-0.2236781160170292, 0.03840086112219183, 0.006149058996022124]], "M_C22_M M_C22H222_M": [[-0.3791794481107464, 0.008423539852403773, 0.0013488458850689923]], "M_C23_M M_C23H231_M": [[-0.15903154899215063, 0.029501565858044886, 0.004724031275207919]], "M_C23_M M_C23H232_M": [[-0.3584684379117156, 0.009829832856172093, 0.0015740329874714238]], "M_C24_M M_C24H241_M": [[-0.20179513205935445, 0.01880774436922384, 0.0030116493830818366]], "M_C24_M M_C24H242_M": [[-0.29222142679965135, 0.011744069904790296, 0.0018805562320119555]], "M_C25_M M_C25H25_M": [[-0.19655557519346495, 0.01511356765436399, 0.0024201076859015867]], "M_C26_M M_C26H261_M": [[0.005432161180684477, 0.01594746401209493, 0.002553637970129829]], "M_C26_M M_C26H262_M": [[0.0023699781031360076, 0.014343871854392027, 0.002296857718460547]], "M_C26_M M_C26H263_M": [[0.00648531955233973, 0.01573237612845097, 0.002519196344416078]], "M_C27_M M_C27H271_M": [[0.00883203028791584, 0.017837110874769222, 0.0028562236335934383]], "M_C27_M M_C27H272_M": [[0.009256214825874414, 0.01426407696943917, 0.0022840803108499564]], "M_C27_M M_C27H273_M": [[0.01057735111182369, 0.016398307877710586, 0.0026258307659852128]]}