{"10.1039/c2cp42738a": {"M_G1_M M_G1H1_M": [-0.07086910427622473, 0.0502875245362677, 0.001572253030952375, -0.14991575, 0.02, 0.0034213484069772464], "M_G1_M M_G1H2_M": [0.09290967912067541, 0.034012581972770586, 0.0010634125578927063, 0.0, 0.02, 0.00164449298397143], "M_G1C3_M M_G1C3H1_M": [-0.11518997588547747, 0.03498942259435972, 0.0010939537436482959, -0.20987741, 0.02, 0.0016258529099634077], "M_G1C3_M M_G1C3H2_M": [-0.07847428529199667, 0.03184729708923369, 0.0009957143414382262, -0.20987741, 0.02, 0.0007515992457741726], "M_G1C4_M M_G1C4H1_M": [-0.12629836913033723, 0.025578450866943832, 0.0007997171718726172, -0.18840908, 0.02, 0.002944160285937288], "M_G1C4_M M_G1C4H2_M": [-0.09012206071036692, 0.025123106194436452, 0.0007854806977554349, -0.18840908, 0.02, 0.0010799115574224366], "M_G1C5_M M_G1C5H1_M": [-0.19436487623199816, 0.021159229066628846, 0.0006615490092106231, -0.18619612, 0.02, 0.9747458833104936], "M_G1C5_M M_G1C5H2_M": [-0.18432834993633124, 0.020873816066669847, 0.0006526254947128055, -0.18619612, 0.02, 0.979051277476742], "M_G1C6_M M_G1C6H1_M": [-0.18715700390351286, 0.01851678510578776, 0.0005789322853836654, -0.20173615, 0.02, 0.9608050240903773], "M_G1C6_M M_G1C6H2_M": [-0.18108710665715633, 0.01896354709008602, 0.0005929004194368864, -0.20173615, 0.02, 0.23097788446303535], "M_G1C7_M M_G1C7H1_M": [-0.21103767508234378, 0.017397135036077222, 0.000543926123677717, -0.19581075, 0.02, 0.9589675961286073], "M_G1C7_M M_G1C7H2_M": [-0.20850579422857674, 0.017541472965200526, 0.0005484388879992504, -0.19581075, 0.02, 0.970807844854372], "M_G1C8_M M_G1C8H1_M": [-0.19663957466764675, 0.016547576739780464, 0.0005173644541853166, -0.19507116, 0.02, 0.9834336841563339], "M_G1C8_M M_G1C8H2_M": [-0.1959841084754191, 0.016543423370748888, 0.0005172345979812426, -0.19507116, 0.02, 0.983505248918771], "M_G1C9_M M_G1C9H1_M": [-0.1998838988912775, 0.01576052582297105, 0.0004927570947879577, -0.18174699, 0.02, 0.9135842133514313], "M_G1C9_M M_G1C9H2_M": [-0.19879898693437303, 0.016416928360737135, 0.0005132796973428568, -0.18174699, 0.02, 0.9407195576523635], "M_G1C10_M M_G1C10H1_M": [-0.18121591774234397, 0.01638690676385276, 0.0005123410640112151, -0.17434532, 0.02, 0.9815166047293803], "M_G1C10_M M_G1C10H2_M": [-0.18053560018444703, 0.016215785337839104, 0.000506990906428556, -0.17434532, 0.02, 0.9821581913730935], "M_G1C11_M M_G1C11H1_M": [-0.1747855948599916, 0.01621945613928945, 0.0005071056750269223, -0.14991285, 0.02, 0.02941057279203918], "M_G1C11_M M_G1C11H2_M": [-0.1740318662048738, 0.015798074693252753, 0.0004939310703545352, -0.14991285, 0.02, 0.03442521248168695], "M_G1C12_M M_G1C12H1_M": [-0.15370510625115907, 0.015139536286269295, 0.0004733416892719257, -0.13658578, 0.02, 0.9441009066347081], "M_G1C12_M M_G1C12H2_M": [-0.15390945628220368, 0.015433199718194486, 0.0004825231557525688, -0.13658578, 0.02, 0.9391059367735523], "M_G1C13_M M_G1C13H1_M": [-0.1420515319552095, 0.01530682918949306, 0.000478572147055957, -0.11585704, 0.02, 0.021245580549894227], "M_G1C13_M M_G1C13H2_M": [-0.14260440904139304, 0.015122152245461144, 0.0004727981725428192, -0.11585704, 0.02, 0.01904880442896817], "M_G1C14_M M_G1C14H1_M": [-0.1207951467562009, 0.014908671637355198, 0.0004661236436961654, -0.10623371, 0.02, 0.9684923552797836], "M_G1C14_M M_G1C14H2_M": [-0.12038790266580693, 0.015255552579860162, 0.0004769689700124312, -0.10623371, 0.02, 0.9696410181094163], "M_G1C15_M M_G1C15H1_M": [-0.10390733458910205, 0.014613319969021137, 0.000456889394048419, -0.08994829, 0.02, 0.9716890167382498], "M_G1C15_M M_G1C15H2_M": [-0.10385248424662419, 0.014354481305855473, 0.0004487967333648259, -0.08994829, 0.02, 0.972393717646077], "M_G1C16_M M_G1C16H1_M": [-0.07407414343394667, 0.014693067857502571, 0.0004593827333116504, -0.06699789, 0.02, 0.98329022580814], "M_G1C16_M M_G1C16H2_M": [-0.07409424583087015, 0.014771600607479193, 0.00046183808094147293, -0.06699789, 0.02, 0.9831872993570754], "M_G1C17_M M_G1C17H1_M": [-0.02465398658351682, 0.014243372328771863, 0.00044532288119976783, -0.01813583, 0.02, 0.9841447132128447], "M_G1C17_M M_G1C17H2_M": [-0.024281032711853556, 0.014702417467307606, 0.0004596750513863567, -0.01813583, 0.02, 0.983847146315424], "M_G1C17_M M_G1C17H3_M": [-0.025256163693916815, 0.01472679772778946, 0.00046043730681235917, -0.01813583, 0.02, 0.9832219228948746], "M_G2_M M_G2H1_M": [-0.23904256094342322, 0.02814497035375104, 0.0008799600965212692, -0.20691616, 0.02, 0.017684979699109316], "M_G2C3_M M_G2C3H1_M": [-0.14506174526172003, 0.032970831532825484, 0.001030841949142252, -0.0795825, 0.02, 0.003375151735711235], "M_G2C3_M M_G2C3H2_M": [-0.11284340051000036, 0.032117336956440055, 0.001004157210790186, -0.122519, 0.02, 0.9583712642942357], "M_G2C4_M M_G2C4H1_M": [-0.18156582664560178, 0.023363820126348047, 0.0007304761438750904, -0.180265, 0.02, 0.9766600361864939], "M_G2C4_M M_G2C4H2_M": [-0.13456176762366406, 0.024777965726921067, 0.0007746897878596013, -0.180265, 0.02, 0.005837951255184453], "M_G2C5_M M_G2C5H1_M": [-0.19006495338020662, 0.019678832268014968, 0.0006152640036332615, -0.186187, 0.02, 0.9796581780124042], "M_G2C5_M M_G2C5H2_M": [-0.18049184319400807, 0.01985190101539047, 0.0006206750447440248, -0.186187, 0.02, 0.9785100745311074], "M_G2C6_M M_G2C6H1_M": [-0.19026018873892966, 0.017093738238073527, 0.0005344403408788734, -0.193592, 0.02, 0.9825074118096692], "M_G2C6_M M_G2C6H2_M": [-0.18345576192356816, 0.01788920029342287, 0.0005593106767934722, -0.193592, 0.02, 0.9760630310112702], "M_G2C7_M M_G2C7H1_M": [-0.1800079339170454, 0.016978611291921464, 0.0005308408658261427, -0.166198, 0.02, 0.9677720656930044], "M_G2C7_M M_G2C7H2_M": [-0.17774779435790222, 0.01638252290259972, 0.0005122040014056102, -0.166198, 0.02, 0.9755621829162392], "M_G2C8_M M_G2C8H1_M": [-0.16546114598684813, 0.016796467974443324, 0.0005251461058312221, -0.154356, 0.02, 0.9758554970701473], "M_G2C8_M M_G2C8H2_M": [-0.16470225516409054, 0.015980059540168182, 0.0004996208757245297, -0.154356, 0.02, 0.9783006611487014], "M_G2C9_M M_G2C9H1_M": [-0.13014401650617122, 0.016040981183293827, 0.0005015256073441148, -0.1203, 0.02, 0.9789452299960766], "M_G2C9_M M_G2C9H2_M": [-0.13196682876677907, 0.01610510683220682, 0.0005035305130696398, -0.1203, 0.02, 0.9757285529854892], "M_G2C10_M M_G2C10H1_M": [-0.11219534412011092, 0.016450655996775188, 0.0005143342009891725, -0.108455, 0.02, 0.9830393061620464], "M_G2C11_M M_G2C11H1_M": [-0.0392047262268683, 0.016647364248304448, 0.0005204843375793554, -0.0225792, 0.02, 0.9467640548931588], "M_G2C12_M M_G2C12H1_M": [-0.05563708619754399, 0.016753879991521472, 0.0005238145810475208, -0.0581141, 0.02, 0.9830708998273687], "M_G2C12_M M_G2C12H2_M": [-0.054331078233109543, 0.01736977916545679, 0.0005430708349973944, -0.0581141, 0.02, 0.9820773361424219], "M_G2C13_M M_G2C13H1_M": [-0.09227465671674168, 0.015919550407300705, 0.0004977290413495332, -0.0995716, 0.02, 0.9817310323953149], "M_G2C13_M M_G2C13H2_M": [-0.09224355610117049, 0.01594662864830279, 0.0004985756498648854, -0.0995716, 0.02, 0.9816759815673173], "M_G2C14_M M_G2C14H1_M": [-0.08860438185589287, 0.015305898630227998, 0.000478543052869308, -0.106234, 0.02, 0.9325427173282261], "M_G2C14_M M_G2C14H2_M": [-0.09008831175120735, 0.015190544892511825, 0.0004749364871170977, -0.106234, 0.02, 0.9567917118170016], "M_G2C15_M M_G2C15H1_M": [-0.097973842277882, 0.014941184082511076, 0.00046714015407147997, -0.0943887, 0.02, 0.9846400681229446], "M_G2C15_M M_G2C15H2_M": [-0.09893711410659098, 0.015361882568497812, 0.0004802934058135235, -0.0943887, 0.02, 0.9838819300666077], "M_G2C16_M M_G2C16H1_M": [-0.08651035517564357, 0.015058558373720811, 0.00047080989297416346, -0.0943887, 0.02, 0.9822678181575621], "M_G2C16_M M_G2C16H2_M": [-0.08671579014876457, 0.014783720879265667, 0.00046221702451103573, -0.0943887, 0.02, 0.9827540352268945], "M_G2C17_M M_G2C17H1_M": [-0.08056953204812325, 0.014521637449637177, 0.0004540229153279797, -0.0899483, 0.02, 0.9814827659872642],