{
    "10.1039/B508190D": {
        "M_G1_M M_G1H1_M": [-0.177547, 0.0258921, 0.00183544, -0.139, 0.02, 0.0214224],
        "M_G1_M M_G1H2_M": [-0.045784, 0.0218516, 0.00154902, 0, 0.02, 0.0116062],
        "M_G1C3_M M_G1C3H1_M": [-0.242295, 0.0149389, 0.00105899, -0.187, 0.02, 0.00507108],
        "M_G1C3_M M_G1C3H2_M": [-0.215166, 0.0150592, 0.00106752, -0.187, 0.02, 0.0343231],
        "M_G1C4_M M_G1C4H1_M": [-0.184282, 0.0109123, 0.000773554, -0.164, 0.02, 0.382751],
        "M_G1C4_M M_G1C4H2_M": [-0.17319, 0.0113667, 0.000805766, -0.164, 0.02, 0.967532],
        "M_G1C5_M M_G1C5H1_M": [-0.208237, 0.0105783, 0.000749879, -0.178, 0.02, 0.0185241],
        "M_G1C5_M M_G1C5H2_M": [-0.205721, 0.0103223, 0.000731729, -0.178, 0.02, 0.0251958],
        "M_G1C6_M M_G1C6H1_M": [-0.205363, 0.0105076, 0.000744863, -0.178, 0.02, 0.0270877],
        "M_G1C6_M M_G1C6H2_M": [-0.203355, 0.0107395, 0.000761304, -0.178, 0.02, 0.0396092],
        "M_G1C7_M M_G1C7H1_M": [-0.213991, 0.0106845, 0.000757405, -0.158, 0.02, 0.00352516],
        "M_G1C7_M M_G1C7H2_M": [-0.212419, 0.0107913, 0.000764973, -0.158, 0.02, 0.00380157],
        "M_G1C8_M M_G1C8H1_M": [-0.201887, 0.0106023, 0.000751577, -0.158, 0.02, 0.0062674],
        "M_G1C8_M M_G1C8H2_M": [-0.201407, 0.0106444, 0.000754565, -0.158, 0.02, 0.00646988],
        "M_G1C11_M M_G1C11H1_M": [-0.175162, 0.00945281, 0.000670092, -0.117, 0.02, 0.00285982],
        "M_G1C11_M M_G1C11H2_M": [-0.174695, 0.00919981, 0.000652157, -0.117, 0.02, 0.00283475],
        "M_G1C12_M M_G1C12H1_M": [-0.152766, 0.00850822, 0.000603131, -0.115, 0.02, 0.00747878],
        "M_G1C12_M M_G1C12H2_M": [-0.152405, 0.00806134, 0.000571453, -0.115, 0.02, 0.00727884],
        "M_G1C13_M M_G1C13H1_M": [-0.134378, 0.00746972, 0.000529515, -0.099, 0.02, 0.00791265],
        "M_G1C13_M M_G1C13H2_M": [-0.134429, 0.00702352, 0.000497884, -0.099, 0.02, 0.00740893],
        "M_G1C14_M M_G1C14H1_M": [-0.0991317, 0.00585409, 0.000414986, -0.075, 0.02, 0.0288707],
        "M_G1C14_M M_G1C14H2_M": [-0.0990993, 0.00533255, 0.000378014, -0.075, 0.02, 0.0265416],
        "M_G1C15_M M_G1C15H1_M": [-0.0339315, 0.00334757, 0.000237303, -0.016, 0.02, 0.961651],
        "M_G1C15_M M_G1C15H2_M": [-0.0337261, 0.00333063, 0.000236102, -0.016, 0.02, 0.965075],
        "M_G1C15_M M_G1C15H3_M": [-0.0339369, 0.00323651, 0.00022943, -0.016, 0.02, 0.962822],
        "M_G2_M M_G2H1_M": [-0.196107, 0.0227535, 0.00161295, -0.185, 0.02, 0.926399],
        "M_G2C3_M M_G2C3H1_M": [-0.0834343, 0.0184343, 0.00130677, -0.108, 0.02, 0.0794017],
        "M_G2C3_M M_G2C3H2_M": [-0.120779, 0.0135126, 0.000957885, -0.108, 0.02, 0.948724],
        "M_G2C4_M M_G2C4H1_M": [-0.20959, 0.0106022, 0.000751573, -0.175, 0.02, 0.0120005],
        "M_G2C4_M M_G2C4H2_M": [-0.215488, 0.0100156, 0.000709991, -0.175, 0.02, 0.0072901],
        "M_G2C5_M M_G2C5H1_M": [-0.215951, 0.00972829, 0.000689621, -0.178, 0.02, 0.00843454],
        "M_G2C5_M M_G2C5H2_M": [-0.219279, 0.00898515, 0.000636941, -0.178, 0.02, 0.00621657],
        "M_G2C6_M M_G2C6H1_M": [-0.227838, 0.00967962, 0.00068617, -0.178, 0.02, 0.00419138],
        "M_G2C6_M M_G2C6H2_M": [-0.226664, 0.00966848, 0.00068538, -0.178, 0.02, 0.00443236],
        "M_G2C7_M M_G2C7H1_M": [-0.221641, 0.00945102, 0.000669965, -0.158, 0.02, 0.00233659],
        "M_G2C7_M M_G2C7H2_M": [-0.220824, 0.00959744, 0.000680344, -0.158, 0.02, 0.00244195],
        "M_G2C8_M M_G2C8H1_M": [-0.22043, 0.00959252, 0.000679996, -0.158, 0.02, 0.00247512],
        "M_G2C8_M M_G2C8H2_M": [-0.220483, 0.00984273, 0.000697733, -0.158, 0.02, 0.00253488],
        "M_G2C11_M M_G2C11H1_M": [-0.185666, 0.00955257, 0.000677164, -0.117, 0.02, 0.00199788],
        "M_G2C11_M M_G2C11H2_M": [-0.185634, 0.0101748, 0.000721275, -0.117, 0.02, 0.00213016],
        "M_G2C12_M M_G2C12H1_M": [-0.173222, 0.00924783, 0.000655561, -0.115, 0.02, 0.00279126],
        "M_G2C12_M M_G2C12H2_M": [-0.172851, 0.00890468, 0.000631236, -0.115, 0.02, 0.00272701],
        "M_G2C13_M M_G2C13H1_M": [-0.14757, 0.00775954, 0.000550059, -0.103, 0.02, 0.00441339],
        "M_G2C13_M M_G2C13H2_M": [-0.147493, 0.00770637, 0.00054629, -0.103, 0.02, 0.00440208],
        "M_G2C14_M M_G2C14H1_M": [-0.120086, 0.00641828, 0.00045498, -0.075, 0.02, 0.00354738],
        "M_G2C14_M M_G2C14H2_M": [-0.119979, 0.0062572, 0.000443561, -0.075, 0.02, 0.00347888],
        "M_G2C15_M M_G2C15H1_M": [-0.0305471, 0.00327281, 0.000232004, -0.016, 0.02, 0.984328],
        "M_G2C15_M M_G2C15H2_M": [-0.0302557, 0.00336015, 0.000238195, -0.016, 0.02, 0.984595],
        "M_G2C15_M M_G2C15H3_M": [-0.0305788, 0.00341075, 0.000241782, -0.016, 0.02, 0.983587],
        "M_G3_M M_G3H1_M": [-0.229287, 0.0215997, 0.00153116, -0.206, 0.02, 0.127523],
        "M_G3_M M_G3H2_M": [-0.250027, 0.0154376, 0.00109434, -0.206, 0.02, 0.0090478],
        "M_G3C4_M M_G3C4H1_M": [0.0354185, 0.0139912, 0.000991808, 0.043, 0.02, 0.963191],
        "M_G3C4_M M_G3C4H2_M": [0.0328337, 0.0145109, 0.00102865, 0.043, 0.02, 0.955974],
        "M_G3C5_M M_G3C5H1_M": [-0.0697678, 0.0113407, 0.000803919, -0.033, 0.02, 0.010742],
        "M_G3C5_M M_G3C5H2_M": [-0.0709661, 0.0124941, 0.00088568, -0.033, 0.02, 0.0108159],
        "M_G3N6C1_M M_G3N6C1H1_M": [0.0111825, 0.00770863, 0.00054645, 0, 0.02, 0.974721],
        "M_G3N6C1_M M_G3N6C1H2_M": [0.0106402, 0.0072167, 0.000511578, 0, 0.02, 0.977305],
        "M_G3N6C1_M M_G3N6C1H3_M": [0.0104709, 0.00687828, 0.000487589, 0, 0.02, 0.978634],
        "M_G3N6C2_M M_G3N6C2H1_M": [0.0115081, 0.00718508, 0.000509337, 0, 0.02, 0.975786],
        "M_G3N6C2_M M_G3N6C2H2_M": [0.0100518, 0.00771604, 0.000546975, 0, 0.02, 0.976723],
        "M_G3N6C2_M M_G3N6C2H3_M": [0.0107209, 0.00676196, 0.000479342, 0, 0.02, 0.978605],
        "M_G3N6C3_M M_G3N6C3H1_M": [0.0101642, 0.00774931, 0.000549334, 0, 0.02, 0.976444],
        "M_G3N6C3_M M_G3N6C3H2_M": [0.00906118, 0.00731943, 0.000518861, 0, 0.02, 0.97923],
        "M_G3N6C3_M M_G3N6C3H3_M": [0.0108937, 0.00720337, 0.000510633, 0, 0.02, 0.976909]
    }
}