{
    "10.1039/B508190D": {
        "M_G1_M M_G1H1_M": [-0.193991, 0.0484084, 0.00343158, -0.166, 0.02, 0.106386],
        "M_G1_M M_G1H2_M": [-0.0537576, 0.0617928, 0.00438037, 0, 0.02, 0.0221924],
        "M_G1C3_M M_G1C3H1_M": [-0.136565, 0.0391956, 0.0027785, -0.249, 0.02, 0.00288801],
        "M_G1C3_M M_G1C3H2_M": [-0.151713, 0.0397135, 0.00281522, -0.249, 0.02, 0.00395063],
        "M_G1C4_M M_G1C4H1_M": [-0.223337, 0.0190347, 0.00134933, -0.242, 0.02, 0.737419],
        "M_G1C4_M M_G1C4H2_M": [-0.211078, 0.0198595, 0.0014078, -0.242, 0.02, 0.0320068],
        "M_G1C5_M M_G1C5H1_M": [-0.249696, 0.014805, 0.0010495, -0.271, 0.02, 0.207615],
        "M_G1C5_M M_G1C5H2_M": [-0.247484, 0.0143493, 0.00101719, -0.271, 0.02, 0.082203],
        "M_G1C6_M M_G1C6H1_M": [-0.250167, 0.014323, 0.00101533, -0.276, 0.02, 0.0478029],
        "M_G1C6_M M_G1C6H2_M": [-0.247725, 0.0143945, 0.0010204, -0.276, 0.02, 0.0323258],
        "M_G1C7_M M_G1C7H1_M": [-0.261207, 0.0137983, 0.000978135, -0.266, 0.02, 0.967003],
        "M_G1C7_M M_G1C7H2_M": [-0.259196, 0.0131371, 0.000931265, -0.266, 0.02, 0.966519],
        "M_G1C8_M M_G1C8H1_M": [-0.249438, 0.013558, 0.000961099, -0.266, 0.02, 0.904858],
        "M_G1C8_M M_G1C8H2_M": [-0.248424, 0.0139958, 0.000992134, -0.266, 0.02, 0.86795],
        "M_G1C9_M M_G1C9H1_M": [-0.249028, 0.0138905, 0.000984674, -0.261, 0.02, 0.95135],
        "M_G1C9_M M_G1C9H2_M": [-0.24794, 0.014055, 0.000996331, -0.261, 0.02, 0.945023],
        "M_G1C10_M M_G1C10H1_M": [-0.230584, 0.0143974, 0.00102061, -0.252, 0.02, 0.190976],
        "M_G1C10_M M_G1C10H2_M": [-0.229687, 0.0146186, 0.00103629, -0.252, 0.02, 0.12627],
        "M_G1C11_M M_G1C11H1_M": [-0.220746, 0.0144467, 0.0010241, -0.247, 0.02, 0.0446198],
        "M_G1C11_M M_G1C11H2_M": [-0.220003, 0.014965, 0.00106084, -0.247, 0.02, 0.0407099],
        "M_G1C12_M M_G1C12H1_M": [-0.18931, 0.0144887, 0.00102707, -0.223, 0.02, 0.0177472],
        "M_G1C12_M M_G1C12H2_M": [-0.189101, 0.0151031, 0.00107063, -0.223, 0.02, 0.0181493],
        "M_G1C13_M M_G1C13H1_M": [-0.163662, 0.0138865, 0.000984385, -0.191, 0.02, 0.0358318],
        "M_G1C13_M M_G1C13H2_M": [-0.163785, 0.0140278, 0.000994403, -0.191, 0.02, 0.0368944],
        "M_G1C14_M M_G1C14H1_M": [-0.112532, 0.0113958, 0.000807828, -0.142, 0.02, 0.0218966],
        "M_G1C14_M M_G1C14H2_M": [-0.112523, 0.0119663, 0.000848266, -0.142, 0.02, 0.0229592],
        "M_G1C15_M M_G1C15H1_M": [-0.0367279, 0.00477321, 0.000338364, -0.04, 0.02, 0.988935],
        "M_G1C15_M M_G1C15H2_M": [-0.0368809, 0.0050672, 0.000359204, -0.04, 0.02, 0.988283],
        "M_G1C15_M M_G1C15H3_M": [-0.0365941, 0.00465021, 0.000329644, -0.04, 0.02, 0.989195],
        "M_G2_M M_G2H1_M": [-0.214412, 0.0477332, 0.00338372, -0.212, 0.02, 0.891803],
        "M_G2C3_M M_G2C3H1_M": [-0.0958075, 0.0393103, 0.00278663, -0.145, 0.02, 0.0174806],
        "M_G2C3_M M_G2C3H2_M": [-0.142939, 0.0291504, 0.00206642, -0.145, 0.02, 0.933766],
        "M_G2C4_M M_G2C4H1_M": [-0.24698, 0.0178889, 0.00126811, -0.252, 0.02, 0.956999],
        "M_G2C4_M M_G2C4H2_M": [-0.248143, 0.0189393, 0.00134257, -0.252, 0.02, 0.955694],
        "M_G2C5_M M_G2C5H1_M": [-0.25548, 0.014319, 0.00101504, -0.271, 0.02, 0.919988],
        "M_G2C5_M M_G2C5H2_M": [-0.257456, 0.0145538, 0.00103169, -0.271, 0.02, 0.939772],
        "M_G2C6_M M_G2C6H1_M": [-0.269957, 0.0137108, 0.000971936, -0.276, 0.02, 0.965995],
        "M_G2C6_M M_G2C6H2_M": [-0.267774, 0.0134643, 0.000954456, -0.276, 0.02, 0.963493],
        "M_G2C7_M M_G2C7H1_M": [-0.26613, 0.012339, 0.00087469, -0.266, 0.02, 0.972174],
        "M_G2C7_M M_G2C7H2_M": [-0.265049, 0.0131096, 0.000929318, -0.266, 0.02, 0.970373],
        "M_G2C8_M M_G2C8H1_M": [-0.267501, 0.0123881, 0.000878166, -0.266, 0.02, 0.971907],
        "M_G2C8_M M_G2C8H2_M": [-0.266731, 0.0125719, 0.000891198, -0.266, 0.02, 0.971613],
        "M_G2C9_M M_G2C9H1_M": [-0.257477, 0.0124995, 0.000886064, -0.261, 0.02, 0.970915],
        "M_G2C9_M M_G2C9H2_M": [-0.257239, 0.0128326, 0.000909678, -0.261, 0.02, 0.970007],
        "M_G2C10_M M_G2C10H1_M": [-0.251922, 0.0130158, 0.000922668, -0.252, 0.02, 0.970651],
        "M_G2C10_M M_G2C10H2_M": [-0.252478, 0.0124685, 0.00088387, -0.252, 0.02, 0.971868],
        "M_G2C11_M M_G2C11H1_M": [-0.235944, 0.0131243, 0.000930355, -0.247, 0.02, 0.957475],
        "M_G2C11_M M_G2C11H2_M": [-0.235604, 0.0132635, 0.000940224, -0.247, 0.02, 0.955823],
        "M_G2C12_M M_G2C12H1_M": [-0.220507, 0.0134898, 0.000956265, -0.223, 0.02, 0.969106],
        "M_G2C12_M M_G2C12H2_M": [-0.220554, 0.0133437, 0.000945907, -0.223, 0.02, 0.969458],
        "M_G2C13_M M_G2C13H1_M": [-0.187078, 0.0128377, 0.000910043, -0.21, 0.02, 0.0893507],
        "M_G2C13_M M_G2C13H2_M": [-0.187139, 0.0129128, 0.000915364, -0.21, 0.02, 0.0917652],
        "M_G2C14_M M_G2C14H1_M": [-0.147925, 0.0117282, 0.000831388, -0.172, 0.02, 0.0580533],
        "M_G2C14_M M_G2C14H2_M": [-0.147763, 0.0113919, 0.00080755, -0.172, 0.02, 0.0541378],
        "M_G2C15_M M_G2C15H1_M": [-0.034309, 0.00417927, 0.000296261, -0.04, 0.02, 0.98974],
        "M_G2C15_M M_G2C15H2_M": [-0.0346402, 0.00454759, 0.00032237, -0.04, 0.02, 0.988946],
        "M_G2C15_M M_G2C15H3_M": [-0.0341561, 0.00445882, 0.000316077, -0.04, 0.02, 0.989001],
        "M_G3_M M_G3H1_M": [-0.260088, 0.0437331, 0.00310016, -0.245, 0.02, 0.792728],
        "M_G3_M M_G3H2_M": [-0.269797, 0.0380453, 0.00269696, -0.245, 0.02, 0.143892],
        "M_G3C4_M M_G3C4H1_M": [0.0522419, 0.0528729, 0.00374806, 0.089, 0.02, 0.04905],
        "M_G3C4_M M_G3C4H2_M": [0.048386, 0.0517785, 0.00367048, 0.089, 0.02, 0.0368379],
        "M_G3C5_M M_G3C5H1_M": [-0.0190999, 0.05293, 0.00375211, -0.018, 0.02, 0.881601],
        "M_G3C5_M M_G3C5H2_M": [-0.0198959, 0.0529174, 0.00375121, -0.018, 0.02, 0.880957],
        "M_G3N6C1_M M_G3N6C1H1_M": [0.00364, 0.0169672, 0.00120278, 0, 0.02, 0.960459],
        "M_G3N6C1_M M_G3N6C1H2_M": [0.00581655, 0.0161399, 0.00114412, 0, 0.02, 0.960281],
        "M_G3N6C1_M M_G3N6C1H3_M": [0.00614692, 0.0163129, 0.00115639, 0, 0.02, 0.959422],
        "M_G3N6C2_M M_G3N6C2H1_M": [0.00469511, 0.015875, 0.00112535, 0, 0.02, 0.962142],
        "M_G3N6C2_M M_G3N6C2H2_M": [0.0041717, 0.0172427, 0.0012223, 0, 0.02, 0.959386],
        "M_G3N6C2_M M_G3N6C2H3_M": [0.0048192, 0.0166256, 0.00117856, 0, 0.02, 0.960234],
        "M_G3N6C3_M M_G3N6C3H1_M": [0.00362284, 0.0168085, 0.00119152, 0, 0.02, 0.96084],
        "M_G3N6C3_M M_G3N6C3H2_M": [0.00308526, 0.0169129, 0.00119892, 0, 0.02, 0.960959],
        "M_G3N6C3_M M_G3N6C3H3_M": [0.00331944, 0.0162807, 0.00115411, 0, 0.02, 0.962271]
    }
}