{"sn-1": 0.38042151125501217, "sn-2": 0.7976130446712603, "headgroup": 0.6917467479603707, "total": 0.623260434628881}