{"headgroup": 0.6917467479603707, "tails": 0.5890172779631362, "total": 0.623260434628881}