{"M_G1_M M_G1H1_M": [[-0.035420982307755686, 0.22419586121395008, 0.015892823225522656]], "M_G1_M M_G1H2_M": [[-0.12639781351725127, 0.2101072318891608, 0.014894106772255417]], "M_G1C3_M M_G1C3H1_M": [[-0.23552501250898072, 0.0848868166304536, 0.006017466886231759]], "M_G1C3_M M_G1C3H2_M": [[-0.23835335452207715, 0.08276067022602636, 0.005866748363712307]], "M_G1C4_M M_G1C4H1_M": [[-0.20420257006124892, 0.06741789777411449, 0.004779128061324308]], "M_G1C4_M M_G1C4H2_M": [[-0.21280607292544695, 0.0635522870693353, 0.004505102183874609]], "M_G1C5_M M_G1C5H1_M": [[-0.24174547852532705, 0.04635146274230892, 0.003285768076266693]], "M_G1C5_M M_G1C5H2_M": [[-0.24592696644735107, 0.04737604124278876, 0.0033583985204712714]], "M_G1C6_M M_G1C6H1_M": [[-0.2300019039019827, 0.0416544693443701, 0.0029528070422819865]], "M_G1C6_M M_G1C6H2_M": [[-0.23048776598371926, 0.04275374963909763, 0.0030307329562788234]], "M_G1C7_M M_G1C7H1_M": [[-0.24185156133488447, 0.036701383362184925, 0.002601692086325854]], "M_G1C7_M M_G1C7H2_M": [[-0.24197351824696167, 0.038681297051842034, 0.002742044446539517]], "M_G1C8_M M_G1C8H1_M": [[-0.22850753826068634, 0.03931983523094454, 0.0027873092179241184]], "M_G1C8_M M_G1C8H2_M": [[-0.22779714020589614, 0.03928888030480647, 0.0027851148813899484]], "M_G1C9_M M_G1C9H1_M": [[-0.2278285613099541, 0.037696690965922916, 0.0026722475716750285]], "M_G1C9_M M_G1C9H2_M": [[-0.2269922046704908, 0.03709347096447995, 0.002629486439524227]], "M_G1C10_M M_G1C10H1_M": [[-0.21020611061315697, 0.04048442774670637, 0.002869864992515812]], "M_G1C10_M M_G1C10H2_M": [[-0.20945312037079947, 0.03892705408497383, 0.002759465700718091]], "M_G1C11_M M_G1C11H1_M": [[-0.20135611292416816, 0.03848858095911599, 0.0027283831649359035]], "M_G1C11_M M_G1C11H2_M": [[-0.2012144508299878, 0.039105547009676105, 0.0027721187286729324]], "M_G1C12_M M_G1C12H1_M": [[-0.1803089260156754, 0.039756434712790445, 0.0028182589346038124]], "M_G1C12_M M_G1C12H2_M": [[-0.18048123269677838, 0.04006313020553855, 0.0028400000016508024]], "M_G1C13_M M_G1C13H1_M": [[-0.16468240368899786, 0.03703116756710641, 0.0026250698687835996]], "M_G1C13_M M_G1C13H2_M": [[-0.16695658753462403, 0.03715392005924205, 0.0026337715622378887]], "M_G1C14_M M_G1C14H1_M": [[-0.14059345516907817, 0.03453573272603205, 0.002448173183067542]], "M_G1C14_M M_G1C14H2_M": [[-0.14250364070888125, 0.036611678600665054, 0.0025953330843817347]], "M_G1C15_M M_G1C15H1_M": [[-0.1196071951809789, 0.030638605717276602, 0.0021719131740638325]], "M_G1C15_M M_G1C15H2_M": [[-0.12123181714626742, 0.030466611427294663, 0.0021597208221101377]], "M_G1C16_M M_G1C16H1_M": [[-0.08599691090250637, 0.02568634783412062, 0.0018208569204914685]], "M_G1C16_M M_G1C16H2_M": [[-0.08571806008230025, 0.02643534611572688, 0.0018739520009328904]], "M_G1C17_M M_G1C17H1_M": [[-0.0266345782491858, 0.015191109697660153, 0.0010768692147891147]], "M_G1C17_M M_G1C17H2_M": [[-0.028137217944060697, 0.013379227221946842, 0.0009484282715174008]], "M_G1C17_M M_G1C17H3_M": [[-0.027545639180004564, 0.016125536300010727, 0.0011431089603757267]], "M_G2_M M_G2H1_M": [[0.02377139434189809, 0.3297593268328947, 0.023376018896804008]], "M_G2C3_M M_G2C3H1_M": [[-0.2037139987748456, 0.12022390832074616, 0.008522446900122223]], "M_G2C3_M M_G2C3H2_M": [[-0.1511937039272962, 0.1223276639225937, 0.008671578180730296]], "M_G2C4_M M_G2C4H1_M": [[-0.22399299589852695, 0.07576855690683001, 0.005371090592185633]], "M_G2C4_M M_G2C4H2_M": [[-0.1741499613928794, 0.0903054082766341, 0.006401580663791012]], "M_G2C5_M M_G2C5H1_M": [[-0.22128917197129042, 0.05989339937350434, 0.004245730511993526]], "M_G2C5_M M_G2C5H2_M": [[-0.2107654100984505, 0.059382428528642665, 0.00420950874917056]], "M_G2C6_M M_G2C6H1_M": [[-0.21709168061573744, 0.048583295629833136, 0.0034439785149352332]], "M_G2C6_M M_G2C6H2_M": [[-0.21579419467521807, 0.04635640843111803, 0.003286118666850953]], "M_G2C7_M M_G2C7H1_M": [[-0.20164724066632844, 0.042943745140104565, 0.0030442013802488193]], "M_G2C7_M M_G2C7H2_M": [[-0.20417449968234763, 0.04231461375189359, 0.002999603438590463]], "M_G2C8_M M_G2C8H1_M": [[-0.19489976679051302, 0.038861396328621615, 0.002754811345773981]], "M_G2C8_M M_G2C8H2_M": [[-0.19738746500447774, 0.039874335448372454, 0.002826616696154887]], "M_G2C9_M M_G2C9H1_M": [[-0.14513415287504797, 0.03535212608885471, 0.0025060457741473956]], "M_G2C9_M M_G2C9H2_M": [[-0.14808911521525137, 0.03523810988018664, 0.0024979633794082854]], "M_G2C10_M M_G2C10H1_M": [[-0.10746143205752987, 0.03462962560508949, 0.002454829072792336]], "M_G2C11_M M_G2C11H1_M": [[-0.03091375830434798, 0.052261820641154845, 0.003704742239203137]], "M_G2C12_M M_G2C12H1_M": [[-0.09283986835419206, 0.036397941555515914, 0.0025801816669697103]], "M_G2C12_M M_G2C12H2_M": [[-0.09111735524720156, 0.03812901215791181, 0.0027028940084278014]], "M_G2C13_M M_G2C13H1_M": [[-0.13665656144596414, 0.035900225004045584, 0.0025448994760938226]], "M_G2C13_M M_G2C13H2_M": [[-0.13649178178888866, 0.03535968225781903, 0.002506581416763463]], "M_G2C14_M M_G2C14H1_M": [[-0.13340635467812578, 0.03391263577645335, 0.002404003011422105]], "M_G2C14_M M_G2C14H2_M": [[-0.13379444275909383, 0.03301198289885617, 0.002340157421705574]], "M_G2C15_M M_G2C15H1_M": [[-0.14324835905868238, 0.031129283953761095, 0.002206696432018882]], "M_G2C15_M M_G2C15H2_M": [[-0.1427629076232279, 0.032214371655940696, 0.0022836162598049623]], "M_G2C16_M M_G2C16H1_M": [[-0.1251952774662372, 0.02895830148708741, 0.002052799565316121]], "M_G2C16_M M_G2C16H2_M": [[-0.12433624389827097, 0.03016688828871126, 0.0021384740121453494]], "M_G2C17_M M_G2C17H1_M": [[-0.11229021173497959, 0.025601684818614617, 0.0018148553184463149]], "M_G2C17_M M_G2C17H2_M": [[-0.11198539409413968, 0.026176978271146487, 0.0018556367900327347]], "M_G2C18_M M_G2C18H1_M": [[-0.07973093912853878, 0.021418180314907533, 0.001518294547071747]], "M_G2C18_M M_G2C18H2_M": [[-0.08049075861999366, 0.02074827174072109, 0.001470805987340277]], "M_G2C19_M M_G2C19H1_M": [[-0.02968164283193237, 0.01375533519233418, 0.0009750898586435423]], "M_G2C19_M M_G2C19H2_M": [[-0.027719878006281052, 0.014537632493834982, 0.001030545444019808]], "M_G2C19_M M_G2C19H3_M": [[-0.02738399331148847, 0.014184765044653871, 0.0010055313337614356]], "M_G3_M M_G3H1_M": [[0.04076355628110922, 0.31635406259359844, 0.02242574491006326]], "M_G3_M M_G3H2_M": [[0.1038654450912271, 0.24389449475972302, 0.01728922233401717]], "M_G3C4_M M_G3C4H1_M": [[-0.07054387930383518, 0.152886621733514, 0.010837845264410704]], "M_G3C4_M M_G3C4H2_M": [[0.013243142796915424, 0.22119732020109098, 0.01568026228887641]], "M_G3C5_M M_G3C5H1_M": [[-0.10770524528109472, 0.12146939853599786, 0.008610737360583596]], "M_G3C5_M M_G3C5H2_M": [[-0.11178542688436151, 0.11218280900892144, 0.007952428483146423]], "M_G3N6C1_M M_G3N6C1H1_M": [[0.01208781814125422, 0.02992187201585164, 0.0021211052690702117]], "M_G3N6C1_M M_G3N6C1H2_M": [[0.01594655915696399, 0.031625820486713606, 0.0022418949735998855]], "M_G3N6C1_M M_G3N6C1H3_M": [[0.015507422724775446, 0.03334656714913174, 0.0023638754703567896]], "M_G3N6C2_M M_G3N6C2H1_M": [[0.014105666043120928, 0.03082202004512713, 0.0021849150710380803]], "M_G3N6C2_M M_G3N6C2H2_M": [[0.01270904795862509, 0.029880221015650486, 0.002118152707948972]], "M_G3N6C2_M M_G3N6C2H3_M": [[0.016923736926364046, 0.03414465268331958, 0.002420450253874269]], "M_G3N6C3_M M_G3N6C3H1_M": [[0.015908030703817383, 0.029477190363672256, 0.0020895826225260095]], "M_G3N6C3_M M_G3N6C3H2_M": [[0.01586788959315767, 0.03344668946657039, 0.0023709729532602032]], "M_G3N6C3_M M_G3N6C3H3_M": [[0.015192867482882257, 0.0318040149291885, 0.002254526842710625]]}