{"50000.0": 94.38656616210938, "50100.0": 94.38656616210938, "50200.0": 94.38656616210938, "50300.0": 94.38656616210938, "50400.0": 94.38656616210938, "50500.0": 94.38656616210938, "50600.0": 94.38656616210938, "50700.0": 94.38656616210938, "50800.0": 94.38656616210938, "50900.0": 94.38656616210938, "51000.0": 94.38656616210938, "51100.0": 94.38656616210938, "51200.0": 94.38656616210938, "51300.0": 94.38656616210938, "51400.0": 94.38656616210938, "51500.0": 94.38656616210938, "51600.0": 94.38656616210938, "51700.0": 94.38656616210938, "51800.0": 94.38656616210938, "51900.0": 94.38656616210938, "52000.0": 94.38656616210938, "52100.0": 94.38656616210938, "52200.0": 94.38656616210938, "52300.0": 94.38656616210938, "52400.0": 94.38656616210938, "52500.0": 94.38656616210938, "52600.0": 94.38656616210938, "52700.0": 94.38656616210938, "52800.0": 94.38656616210938, "52900.0": 94.38656616210938, "53000.0": 94.38656616210938, "53100.0": 94.38656616210938, "53200.0": 94.38656616210938, "53300.0": 94.38656616210938, "53400.0": 94.38656616210938, "53500.0": 94.38656616210938, "53600.0": 94.38656616210938, "53700.0": 94.38656616210938, "53800.0": 94.38656616210938, "53900.0": 94.38656616210938, "54000.0": 94.38656616210938, "54100.0": 94.38656616210938, "54200.0": 94.38656616210938, "54300.0": 94.38656616210938, "54400.0": 94.38656616210938, "54500.0": 94.38656616210938, "54600.0": 94.38656616210938, "54700.0": 94.38656616210938, "54800.0": 94.38656616210938, "54900.0": 94.38656616210938, "55000.0": 94.38656616210938, "55100.0": 94.38656616210938, "55200.0": 94.38656616210938, "55300.0": 94.38656616210938, "55400.0": 94.38656616210938, "55500.0": 94.38656616210938, "55600.0": 94.38656616210938, "55700.0": 94.38656616210938, "55800.0": 94.38656616210938, "55900.0": 94.38656616210938, "56000.0": 94.38656616210938, "56100.0": 94.38656616210938, "56200.0": 94.38656616210938, "56300.0": 94.38656616210938, "56400.0": 94.38656616210938, "56500.0": 94.38656616210938, "56600.0": 94.38656616210938, "56700.0": 94.38656616210938, "56800.0": 94.38656616210938, "56900.0": 94.38656616210938, "57000.0": 94.38656616210938, "57100.0": 94.38656616210938, "57200.0": 94.38656616210938, "57300.0": 94.38656616210938, "57400.0": 94.38656616210938, "57500.0": 94.38656616210938, "57600.0": 94.38656616210938, "57700.0": 94.38656616210938, "57800.0": 94.38656616210938, "57900.0": 94.38656616210938, "58000.0": 94.38656616210938, "58100.0": 94.38656616210938, "58200.0": 94.38656616210938, "58300.0": 94.38656616210938, "58400.0": 94.38656616210938, "58500.0": 94.38656616210938, "58600.0": 94.38656616210938, "58700.0": 94.38656616210938, "58800.0": 94.38656616210938, "58900.0": 94.38656616210938, "59000.0": 94.38656616210938, "59100.0": 94.38656616210938, "59200.0": 94.38656616210938, "59300.0": 94.38656616210938, "59400.0": 94.38656616210938, "59500.0": 94.38656616210938, "59600.0": 94.38656616210938, "59700.0": 94.38656616210938, "59800.0": 94.38656616210938, "59900.0": 94.38656616210938, "60000.0": 94.38656616210938, "60100.0": 94.38656616210938, "60200.0": 94.38656616210938, "60300.0": 94.38656616210938, "60400.0": 94.38656616210938, "60500.0": 94.38656616210938, "60600.0": 94.38656616210938, "60700.0": 94.38656616210938, "60800.0": 94.38656616210938, "60900.0": 94.38656616210938, "61000.0": 94.38656616210938, "61100.0": 94.38656616210938, "61200.0": 94.38656616210938, "61300.0": 94.38656616210938, "61400.0": 94.38656616210938, "61500.0": 94.38656616210938, "61600.0": 94.38656616210938, "61700.0": 94.38656616210938, "61800.0": 94.38656616210938, "61900.0": 94.38656616210938, "62000.0": 94.38656616210938, "62100.0": 94.38656616210938, "62200.0": 94.38656616210938, "62300.0": 94.38656616210938, "62400.0": 94.38656616210938, "62500.0": 94.38656616210938, "62600.0": 94.38656616210938, "62700.0": 94.38656616210938, "62800.0": 94.38656616210938, "62900.0": 94.38656616210938, "63000.0": 94.38656616210938, "63100.0": 94.38656616210938, "63200.0": 94.38656616210938, "63300.0": 94.38656616210938, "63400.0": 94.38656616210938, "63500.0": 94.38656616210938, "63600.0": 94.38656616210938, "63700.0": 94.38656616210938, "63800.0": 94.38656616210938, "63900.0": 94.38656616210938, "64000.0": 94.38656616210938, "64100.0": 94.38656616210938, "64200.0": 94.38656616210938, "64300.0": 94.38656616210938, "64400.0": 94.38656616210938, "64500.0": 94.38656616210938, "64600.0": 94.38656616210938, "64700.0": 94.38656616210938, "64800.0": 94.38656616210938, "64900.0": 94.38656616210938, "65000.0": 94.38656616210938, "65100.0": 94.38656616210938, "65200.0": 94.38656616210938, "65300.0": 94.38656616210938, "65400.0": 94.38656616210938, "65500.0": 94.38656616210938, "65600.0": 94.38656616210938, "65700.0": 94.38656616210938, "65800.0": 94.38656616210938, "65900.0": 94.38656616210938, "66000.0": 94.38656616210938, "66100.0": 94.38656616210938, "66200.0": 94.38656616210938, "66300.0": 94.38656616210938, "66400.0": 94.38656616210938, "66500.0": 94.38656616210938, "66600.0": 94.38656616210938, "66700.0": 94.38656616210938, "66800.0": 94.38656616210938, "66900.0": 94.38656616210938, "67000.0": 94.38656616210938, "67100.0": 94.38656616210938, "67200.0": 94.38656616210938, "67300.0": 94.38656616210938, "67400.0": 94.38656616210938, "67500.0": 94.38656616210938, "67600.0": 94.38656616210938, "67700.0": 94.38656616210938, "67800.0": 94.38656616210938, "67900.0": 94.38656616210938, "68000.0": 94.38656616210938, "68100.0": 94.38656616210938, "68200.0": 94.38656616210938, "68300.0": 94.38656616210938, "68400.0": 94.38656616210938, "68500.0": 94.38656616210938, "68600.0": 94.38656616210938, "68700.0": 94.38656616210938, "68800.0": 94.38656616210938, "68900.0": 94.38656616210938, "69000.0": 94.38656616210938, "69100.0": 94.38656616210938, "69200.0": 94.38656616210938, "69300.0": 94.38656616210938, "69400.0": 94.38656616210938, "69500.0": 94.38656616210938, "69600.0": 94.38656616210938, "69700.0": 94.38656616210938, "69800.0": 94.38656616210938, "69900.0": 94.38656616210938, "70000.0": 94.38656616210938, "70100.0": 94.38656616210938, "70200.0": 94.38656616210938, "70300.0": 94.38656616210938, "70400.0": 94.38656616210938, "70500.0": 94.38656616210938, "70600.0": 94.38656616210938, "70700.0": 94.38656616210938, "70800.0": 94.38656616210938, "70900.0": 94.38656616210938, "71000.0": 94.38656616210938, "71100.0": 94.38656616210938, "71200.0": 94.38656616210938, "71300.0": 94.38656616210938, "71400.0": 94.38656616210938, "71500.0": 94.38656616210938, "71600.0": 94.38656616210938, "71700.0": 94.38656616210938, "71800.0": 94.38656616210938, "71900.0": 94.38656616210938, "72000.0": 94.38656616210938, "72100.0": 94.38656616210938, "72200.0": 94.38656616210938, "72300.0": 94.38656616210938, "72400.0": 94.38656616210938, "72500.0": 94.38656616210938, "72600.0": 94.38656616210938, "72700.0": 94.38656616210938, "72800.0": 94.38656616210938, "72900.0": 94.38656616210938, "73000.0": 94.38656616210938, "73100.0": 94.38656616210938, "73200.0": 94.38656616210938, "73300.0": 94.38656616210938, "73400.0": 94.38656616210938, "73500.0": 94.38656616210938, "73600.0": 94.38656616210938, "73700.0": 94.38656616210938, "73800.0": 94.38656616210938, "73900.0": 94.38656616210938, "74000.0": 94.38656616210938, "74100.0": 94.38656616210938, "74200.0": 94.38656616210938, "74300.0": 94.38656616210938, "74400.0": 94.38656616210938, "74500.0": 94.38656616210938, "74600.0": 94.38656616210938, "74700.0": 94.38656616210938, "74800.0": 94.38656616210938, "74900.0": 94.38656616210938, "75000.0": 94.38656616210938, "75100.0": 94.38656616210938, "75200.0": 94.38656616210938, "75300.0": 94.38656616210938, "75400.0": 94.38656616210938, "75500.0": 94.38656616210938, "75600.0": 94.38656616210938, "75700.0": 94.38656616210938, "75800.0": 94.38656616210938, "75900.0": 94.38656616210938, "76000.0": 94.38656616210938, "76100.0": 94.38656616210938, "76200.0": 94.38656616210938, "76300.0": 94.38656616210938, "76400.0": 94.38656616210938, "76500.0": 94.38656616210938,