{"10.1021/jacs.1c05549": {"M_G1_M M_G1H1_M": [0.34195379445009344, 0.019267084081317148, 0.002286582199458596, -0.13, 0.02, 0.0001309387975315427], "M_G1_M M_G1H2_M": [-0.09342926496058104, 0.015615584048498925, 0.001853228873074304, 0.0, 0.02, 0.002831746530388868], "M_G2_M M_G2H1_M": [-0.2165039666873016, 0.01583149463267194, 0.0018788527451849494, -0.19, 0.02, 0.0766624227120547], "M_G3_M M_G3H1_M": [-0.22710377830914044, 0.015838184467033854, 0.0018796466824566567, -0.21, 0.02, 0.8006464897083772], "M_G3_M M_G3H2_M": [-0.21406317806347536, 0.017274534382672565, 0.0020501100559194877, -0.21, 0.02, 0.9322226123859451], "M_G3C4_M M_G3C4H1_M": [0.03748433360802876, 0.008665245664619528, 0.0010283754618514262, 0.08, 0.02, 0.00929262850290613], "M_G3C4_M M_G3C4H2_M": [0.049997937434431754, 0.008720435691238645, 0.001034925312982106, 0.08, 0.02, 0.026231784679225933], "M_G3C5_M M_G3C5H1_M": [0.041656905809677264, 0.007814554973266588, 0.0009274170509220344, -0.03, 0.02, 0.0024934682602115736], "M_G3C5_M M_G3C5H2_M": [0.04702617449459498, 0.008359884329319072, 0.0009921357386658096, -0.03, 0.02, 0.0022826186763755378]}, "unpublished/ferreiraPOPE": {"M_G1C3_M M_G1C3H1_M": [-0.1051631817646576, 0.013898713469973716, 0.0016494738218656652, -0.2223, 0.02, 0.0015762509436789813], "M_G1C3_M M_G1C3H2_M": [-0.016842850734861685, 0.020925586403651747, 0.002483410213080457, -0.2223, 0.02, 0.0007561119817071694], "M_G1C4_M M_G1C4H1_M": [-0.14401353301375983, 0.014658096291445684, 0.001739595982272708, -0.2179, 0.02, 0.004375107812685429], "M_G1C4_M M_G1C4H2_M": [-0.11934367180107319, 0.01868338856445848, 0.0022173102861208108, -0.2179, 0.02, 0.003029621391442216], "M_G1C5_M M_G1C5H1_M": [-0.13833873117606363, 0.015867125606107466, 0.0018830813637586367, -0.249, 0.02, 0.0020233672057897775], "M_G1C5_M M_G1C5H2_M": [-0.13726907741473637, 0.015619665428747778, 0.0018537132437962491, -0.249, 0.02, 0.0019526313004241637], "M_G1C6_M M_G1C6H1_M": [-0.16652079204993914, 0.012633734525588783, 0.001499348440945919, -0.2579, 0.02, 0.0024005227210712812], "M_G1C6_M M_G1C6H2_M": [-0.16661723559495276, 0.013594998589892727, 0.0016134294969655989, -0.2579, 0.02, 0.0025887827205817527], "M_G1C7_M M_G1C7H1_M": [-0.1526146715117405, 0.011546580045778482, 0.0013703269413197045, -0.2579, 0.02, 0.0016325994555260004], "M_G1C7_M M_G1C7H2_M": [-0.15320203419247125, 0.010281792870941197, 0.0012202243192581334, -0.2579, 0.02, 0.001470798350656657], "M_G1C8_M M_G1C8H1_M": [-0.1569970902071996, 0.0099174758647774, 0.001176987845189804, -0.249, 0.02, 0.0018579037706072357], "M_G1C8_M M_G1C8H2_M": [-0.15770820498334073, 0.010203904919346434, 0.0012109807200234377, -0.249, 0.02, 0.001942938230381414], "M_G1C9_M M_G1C9H1_M": [-0.13316179189746336, 0.009402086213764345, 0.0011158223467252818, -0.2446, 0.02, 0.00118197652813743], "M_G1C9_M M_G1C9H2_M": [-0.13314458441635338, 0.008862188126511497, 0.0010517482320007193, -0.2446, 0.02, 0.0011137616741153451], "M_G1C10_M M_G1C10H1_M": [-0.12587731470879918, 0.00787850313791336, 0.0009350063018098294, -0.2357, 0.02, 0.0010208313224237008], "M_G1C10_M M_G1C10H2_M": [-0.1253887115517415, 0.008575933435532472, 0.0010177760503181335, -0.2357, 0.02, 0.0011010278684976558], "M_G1C11_M M_G1C11H1_M": [-0.11447428987842868, 0.009008159051292104, 0.0010690717936166412, -0.2268, 0.02, 0.0011140577392533858], "M_G1C11_M M_G1C11H2_M": [-0.11483146981788324, 0.008698590365045661, 0.0010323327497377965, -0.2268, 0.02, 0.0010828801438811852], "M_G1C12_M M_G1C12H1_M": [-0.07864759591255521, 0.0073254878713870835, 0.0008693754643083724, -0.2001, 0.02, 0.0007712960362990587], "M_G1C12_M M_G1C12H2_M": [-0.0778526624279709, 0.0072860827034421346, 0.000864698931252861, -0.2001, 0.02, 0.000756930040838969], "M_G1C13_M M_G1C13H1_M": [-0.08271304190053777, 0.006432590793441254, 0.0007634080768322726, -0.1779, 0.02, 0.0011222510535690588], "M_G1C13_M M_G1C13H2_M": [-0.0833545412906456, 0.006698754418809769, 0.000794995887698846, -0.1779, 0.02, 0.0011853368394547982], "M_G1C14_M M_G1C14H1_M": [-0.07759547723109098, 0.005382859505997125, 0.0006388278930351813, -0.1512, 0.02, 0.001620901583675771], "M_G1C14_M M_G1C14H2_M": [-0.07738341890330694, 0.005449735867825909, 0.000646764656993695, -0.1512, 0.02, 0.0016308758866351676], "M_G1C15_M M_G1C15H1_M": [-0.059712753145068, 0.004632854954493099, 0.0005498187285064929, -0.1245, 0.02, 0.0018433394653146946], "M_G1C15_M M_G1C15H2_M": [-0.06042319753152577, 0.004568308991465404, 0.0005421585320033201, -0.1245, 0.02, 0.0018625620297928803], "M_G1C16_M M_G1C16H1_M": [-0.050991483253611775, 0.0037961245422208243, 0.0004505170978927212, -0.0889, 0.02, 0.005529561081053806], "M_G1C16_M M_G1C16H2_M": [-0.05143429697308597, 0.003747531566730778, 0.00044475017268985617, -0.0889, 0.02, 0.005640276706994546], "M_G1C17_M M_G1C17H1_M": [-0.014998356893218922, 0.0026154897002587446, 0.0003104015203462017, -0.0222, 0.02, 0.988649351354963], "M_G1C17_M M_G1C17H2_M": [-0.015469615839466365, 0.002850685604187314, 0.0003383141388326767, -0.0222, 0.02, 0.987857834160026], "M_G1C17_M M_G1C17H3_M": [-0.015768725151096587, 0.002563822753166685, 0.0003042697818318289, -0.0222, 0.02, 0.9891991685784154], "M_G2C3_M M_G2C3H1_M": [-0.16253339568396596, 0.013339421145434339, 0.0015830980346324714, -0.129, 0.02, 0.027656159101435485], "M_G2C3_M M_G2C3H2_M": [-0.12602530085263025, 0.015323610428600948, 0.0018185779793971656, -0.0889, 0.02, 0.023545964437439615], "M_G2C4_M M_G2C4H1_M": [-0.1499628860900431, 0.010911738097825911, 0.0012949850633514877, -0.2179, 0.02, 0.003909634966930552], "M_G2C4_M M_G2C4H2_M": [-0.13770080856433944, 0.012129815809225106, 0.0014395442919658188, -0.2179, 0.02, 0.0030375113859685294], "M_G2C5_M M_G2C5H1_M": [-0.16895167735510888, 0.012116748177844854, 0.0014379934494420064, -0.2135, 0.02, 0.011534631090525379], "M_G2C5_M M_G2C5H2_M": [-0.1619030145165573, 0.012628563624866123, 0.0014987347679325195, -0.2135, 0.02, 0.008424848198550841], "M_G2C6_M M_G2C6H1_M": [-0.13854683984346666, 0.009824222198998363, 0.0011659206711792142, -0.2179, 0.02, 0.002516775254039899], "M_G2C6_M M_G2C6H2_M": [-0.1369343489893704, 0.009408753740296939, 0.0011166136365447221, -0.2179, 0.02, 0.002309184327030291], "M_G2C7_M M_G2C7H1_M": [-0.13986915050879759, 0.008538308459847776, 0.0010133107872148748, -0.2223, 0.02, 0.00201719194057023], "M_G2C7_M M_G2C7H2_M": [-0.14061881033829535, 0.008588966511426866, 0.001019322791860265, -0.2223, 0.02, 0.0020689521000959994], "M_G2C8_M M_G2C8H1_M": [-0.13842978160889327, 0.00773876883241459, 0.0009184228907311898, -0.1912, 0.02, 0.004901532505706], "M_G2C8_M M_G2C8H2_M": [-0.1383563781889413, 0.007681642724970747, 0.0009116432690793533, -0.1912, 0.02, 0.004849623573391625], "M_G2C9_M M_G2C9H1_M": [-0.12925160090354101, 0.007411559387183885, 0.000879590273932431, -0.1467, 0.02, 0.8868574198798052], "M_G2C9_M M_G2C9H2_M": [-0.12882843641838368, 0.007360464879884492, 0.0008735264715226938, -0.1467, 0.02, 0.8686947755925368], "M_G2C10_M M_G2C10H1_M": [-0.1337956884713424, 0.00784415684261917, 0.000930930146481624, -0.1245, 0.02, 0.9622752323039141], "M_G2C11_M M_G2C11H1_M": [-0.11340459009278463, 0.008683392003857758, 0.0010305290361085557, -0.04, 0.02, 0.002629790876972571], "M_G2C12_M M_G2C12H1_M": [-0.08490732158123765, 0.007718086818323751, 0.0009159683872334382, -0.0934, 0.02, 0.9644868964786114], "M_G2C12_M M_G2C12H2_M": [-0.0850835328657725, 0.00757799565311031, 0.0008993426246984066, -0.0934, 0.02, 0.9654399895601875], "M_G2C13_M M_G2C13H1_M": [-0.07144932195672661, 0.007242630871658486, 0.0008595421475552851], "M_G2C13_M M_G2C13H2_M": [-0.07191328490228378, 0.007211428530782119, 0.0008558391109708067], "M_G2C14_M M_G2C14H1_M": [-0.06220395475373586, 0.006854868249558333, 0.0008135231907911235, -0.1512, 0.02, 0.001377222753807244], "M_G2C14_M M_G2C14H2_M": [-0.06292429951036084, 0.006207702190846044, 0.0007367187099625883, -0.1512, 0.02, 0.0012687628895695297],