{"M_G1_M M_G1H1_M": [[0.34195379445009344, 0.019267084081317148, 0.002286582199458596]], "M_G1_M M_G1H2_M": [[-0.09342926496058104, 0.015615584048498925, 0.001853228873074304]], "M_G1C3_M M_G1C3H1_M": [[-0.1051631817646576, 0.013898713469973716, 0.0016494738218656652]], "M_G1C3_M M_G1C3H2_M": [[-0.016842850734861685, 0.020925586403651747, 0.002483410213080457]], "M_G1C4_M M_G1C4H1_M": [[-0.14401353301375983, 0.014658096291445684, 0.001739595982272708]], "M_G1C4_M M_G1C4H2_M": [[-0.11934367180107319, 0.01868338856445848, 0.0022173102861208108]], "M_G1C5_M M_G1C5H1_M": [[-0.13833873117606363, 0.015867125606107466, 0.0018830813637586367]], "M_G1C5_M M_G1C5H2_M": [[-0.13726907741473637, 0.015619665428747778, 0.0018537132437962491]], "M_G1C6_M M_G1C6H1_M": [[-0.16652079204993914, 0.012633734525588783, 0.001499348440945919]], "M_G1C6_M M_G1C6H2_M": [[-0.16661723559495276, 0.013594998589892727, 0.0016134294969655989]], "M_G1C7_M M_G1C7H1_M": [[-0.1526146715117405, 0.011546580045778482, 0.0013703269413197045]], "M_G1C7_M M_G1C7H2_M": [[-0.15320203419247125, 0.010281792870941197, 0.0012202243192581334]], "M_G1C8_M M_G1C8H1_M": [[-0.1569970902071996, 0.0099174758647774, 0.001176987845189804]], "M_G1C8_M M_G1C8H2_M": [[-0.15770820498334073, 0.010203904919346434, 0.0012109807200234377]], "M_G1C9_M M_G1C9H1_M": [[-0.13316179189746336, 0.009402086213764345, 0.0011158223467252818]], "M_G1C9_M M_G1C9H2_M": [[-0.13314458441635338, 0.008862188126511497, 0.0010517482320007193]], "M_G1C10_M M_G1C10H1_M": [[-0.12587731470879918, 0.00787850313791336, 0.0009350063018098294]], "M_G1C10_M M_G1C10H2_M": [[-0.1253887115517415, 0.008575933435532472, 0.0010177760503181335]], "M_G1C11_M M_G1C11H1_M": [[-0.11447428987842868, 0.009008159051292104, 0.0010690717936166412]], "M_G1C11_M M_G1C11H2_M": [[-0.11483146981788324, 0.008698590365045661, 0.0010323327497377965]], "M_G1C12_M M_G1C12H1_M": [[-0.07864759591255521, 0.0073254878713870835, 0.0008693754643083724]], "M_G1C12_M M_G1C12H2_M": [[-0.0778526624279709, 0.0072860827034421346, 0.000864698931252861]], "M_G1C13_M M_G1C13H1_M": [[-0.08271304190053777, 0.006432590793441254, 0.0007634080768322726]], "M_G1C13_M M_G1C13H2_M": [[-0.0833545412906456, 0.006698754418809769, 0.000794995887698846]], "M_G1C14_M M_G1C14H1_M": [[-0.07759547723109098, 0.005382859505997125, 0.0006388278930351813]], "M_G1C14_M M_G1C14H2_M": [[-0.07738341890330694, 0.005449735867825909, 0.000646764656993695]], "M_G1C15_M M_G1C15H1_M": [[-0.059712753145068, 0.004632854954493099, 0.0005498187285064929]], "M_G1C15_M M_G1C15H2_M": [[-0.06042319753152577, 0.004568308991465404, 0.0005421585320033201]], "M_G1C16_M M_G1C16H1_M": [[-0.050991483253611775, 0.0037961245422208243, 0.0004505170978927212]], "M_G1C16_M M_G1C16H2_M": [[-0.05143429697308597, 0.003747531566730778, 0.00044475017268985617]], "M_G1C17_M M_G1C17H1_M": [[-0.014998356893218922, 0.0026154897002587446, 0.0003104015203462017]], "M_G1C17_M M_G1C17H2_M": [[-0.015469615839466365, 0.002850685604187314, 0.0003383141388326767]], "M_G1C17_M M_G1C17H3_M": [[-0.015768725151096587, 0.002563822753166685, 0.0003042697818318289]], "M_G2_M M_G2H1_M": [[-0.2165039666873016, 0.01583149463267194, 0.0018788527451849494]], "M_G2C3_M M_G2C3H1_M": [[-0.16253339568396596, 0.013339421145434339, 0.0015830980346324714]], "M_G2C3_M M_G2C3H2_M": [[-0.12602530085263025, 0.015323610428600948, 0.0018185779793971656]], "M_G2C4_M M_G2C4H1_M": [[-0.1499628860900431, 0.010911738097825911, 0.0012949850633514877]], "M_G2C4_M M_G2C4H2_M": [[-0.13770080856433944, 0.012129815809225106, 0.0014395442919658188]], "M_G2C5_M M_G2C5H1_M": [[-0.16895167735510888, 0.012116748177844854, 0.0014379934494420064]], "M_G2C5_M M_G2C5H2_M": [[-0.1619030145165573, 0.012628563624866123, 0.0014987347679325195]], "M_G2C6_M M_G2C6H1_M": [[-0.13854683984346666, 0.009824222198998363, 0.0011659206711792142]], "M_G2C6_M M_G2C6H2_M": [[-0.1369343489893704, 0.009408753740296939, 0.0011166136365447221]], "M_G2C7_M M_G2C7H1_M": [[-0.13986915050879759, 0.008538308459847776, 0.0010133107872148748]], "M_G2C7_M M_G2C7H2_M": [[-0.14061881033829535, 0.008588966511426866, 0.001019322791860265]], "M_G2C8_M M_G2C8H1_M": [[-0.13842978160889327, 0.00773876883241459, 0.0009184228907311898]], "M_G2C8_M M_G2C8H2_M": [[-0.1383563781889413, 0.007681642724970747, 0.0009116432690793533]], "M_G2C9_M M_G2C9H1_M": [[-0.12925160090354101, 0.007411559387183885, 0.000879590273932431]], "M_G2C9_M M_G2C9H2_M": [[-0.12882843641838368, 0.007360464879884492, 0.0008735264715226938]], "M_G2C10_M M_G2C10H1_M": [[-0.1337956884713424, 0.00784415684261917, 0.000930930146481624]], "M_G2C11_M M_G2C11H1_M": [[-0.11340459009278463, 0.008683392003857758, 0.0010305290361085557]], "M_G2C12_M M_G2C12H1_M": [[-0.08490732158123765, 0.007718086818323751, 0.0009159683872334382]], "M_G2C12_M M_G2C12H2_M": [[-0.0850835328657725, 0.00757799565311031, 0.0008993426246984066]], "M_G2C13_M M_G2C13H1_M": [[-0.07144932195672661, 0.007242630871658486, 0.0008595421475552851]], "M_G2C13_M M_G2C13H2_M": [[-0.07191328490228378, 0.007211428530782119, 0.0008558391109708067]], "M_G2C14_M M_G2C14H1_M": [[-0.06220395475373586, 0.006854868249558333, 0.0008135231907911235]], "M_G2C14_M M_G2C14H2_M": [[-0.06292429951036084, 0.006207702190846044, 0.0007367187099625883]], "M_G2C15_M M_G2C15H1_M": [[-0.05683379841333891, 0.00542225839341978, 0.0006435036807298266]], "M_G2C15_M M_G2C15H2_M": [[-0.05744971256631626, 0.005672618209951628, 0.0006732159245507041]], "M_G2C16_M M_G2C16H1_M": [[-0.05883616002405613, 0.005074556500805025, 0.0006022390578623786]], "M_G2C16_M M_G2C16H2_M": [[-0.05985392866497451, 0.004955718943295317, 0.0005881356345066707]], "M_G2C17_M M_G2C17H1_M": [[-0.046402138819489666, 0.004354584389149869, 0.000516794088210035]], "M_G2C17_M M_G2C17H2_M": [[-0.04665309983663763, 0.004117866551025555, 0.0004887008493647112]], "M_G2C18_M M_G2C18H1_M": [[-0.04414504770235518, 0.0036531589546243996, 0.00043355020418148687]], "M_G2C18_M M_G2C18H2_M": [[-0.044194218166407326, 0.004015003850834586, 0.00047649329277481755]], "M_G2C19_M M_G2C19H1_M": [[-0.011575165438594666, 0.002890309606142691, 0.0003430166427071646]], "M_G2C19_M M_G2C19H2_M": [[-0.01167830364313727, 0.00263880330327811, 0.0003131683359911813]], "M_G2C19_M M_G2C19H3_M": [[-0.01087425653328025, 0.002711257377298614, 0.0003217670526020767]], "M_G3_M M_G3H1_M": [[-0.22710377830914044, 0.015838184467033854, 0.0018796466824566567]], "M_G3_M M_G3H2_M": [[-0.21406317806347536, 0.017274534382672565, 0.0020501100559194877]], "M_G3C4_M M_G3C4H1_M": [[0.03748433360802876, 0.008665245664619528, 0.0010283754618514262]], "M_G3C4_M M_G3C4H2_M": [[0.049997937434431754, 0.008720435691238645, 0.001034925312982106]], "M_G3C5_M M_G3C5H1_M": [[0.041656905809677264, 0.007814554973266588, 0.0009274170509220344]], "M_G3C5_M M_G3C5H2_M": [[0.04702617449459498, 0.008359884329319072, 0.0009921357386658096]]}