{"headgroup": 0.20586607891700182, "tails": 0.16567530310187106, "total": 0.1790722283735813}