{"M_G1_M M_G1H1_M": [[-0.11068930704943757, 0.08822409109392451, 0.005207703436721415]], "M_G1_M M_G1H2_M": [[-0.12744870999824037, 0.07837287749610924, 0.004626204684247986]], "M_G1C3_M M_G1C3H1_M": [[-0.2647789479698136, 0.03004611330968666, 0.0017735659909082538]], "M_G1C3_M M_G1C3H2_M": [[-0.2737449505709766, 0.025132284368514484, 0.0014835118396315883]], "M_G1C4_M M_G1C4H1_M": [[-0.23135741845108704, 0.026411210079126963, 0.001559004437355008]], "M_G1C4_M M_G1C4H2_M": [[-0.24254409797653922, 0.025855054949368902, 0.0015261756380477091]], "M_G1C5_M M_G1C5H1_M": [[-0.2710634051921093, 0.020422250770904756, 0.0012054873471238424]], "M_G1C5_M M_G1C5H2_M": [[-0.27454907203090245, 0.019916993923919993, 0.0011756629784526102]], "M_G1C6_M M_G1C6H1_M": [[-0.25934324899844463, 0.019672349965891706, 0.0011612221022112138]], "M_G1C6_M M_G1C6H2_M": [[-0.2602134162742603, 0.020115356257819367, 0.0011873719368012327]], "M_G1C7_M M_G1C7H1_M": [[-0.2723731841842414, 0.018480790466928552, 0.0010908865689020382]], "M_G1C7_M M_G1C7H2_M": [[-0.27188315906140215, 0.017691323367126293, 0.001044285799454136]], "M_G1C8_M M_G1C8H1_M": [[-0.2617969924034149, 0.01961071200380487, 0.001157583728349698]], "M_G1C8_M M_G1C8H2_M": [[-0.2616483271254724, 0.018734980427362505, 0.0011058909278488785]], "M_G1C9_M M_G1C9H1_M": [[-0.26343862209670543, 0.0192123807015777, 0.0011340709750207493]], "M_G1C9_M M_G1C9H2_M": [[-0.26353402096433914, 0.01884908587023945, 0.001112626359176658]], "M_G1C10_M M_G1C10H1_M": [[-0.24924012805066967, 0.01946461554311877, 0.0011489599269483568]], "M_G1C10_M M_G1C10H2_M": [[-0.25005895363657143, 0.019268072145221495, 0.0011373583369970943]], "M_G1C11_M M_G1C11H1_M": [[-0.2447491298870586, 0.020090829154666676, 0.0011859241476792671]], "M_G1C11_M M_G1C11H2_M": [[-0.24471044125552754, 0.018531482489659926, 0.0010938788243927918]], "M_G1C12_M M_G1C12H1_M": [[-0.2255562165539326, 0.01975790860241111, 0.001166272468839179]], "M_G1C12_M M_G1C12H2_M": [[-0.22571957803108125, 0.0192199632046767, 0.001134518556026776]], "M_G1C13_M M_G1C13H1_M": [[-0.2122370936189124, 0.018718717472178976, 0.0011049309559574103]], "M_G1C13_M M_G1C13H2_M": [[-0.21186916577080428, 0.01940092821168236, 0.001145200582639058]], "M_G1C14_M M_G1C14H1_M": [[-0.1814415310906686, 0.017787311777767243, 0.0010499518161824707]], "M_G1C14_M M_G1C14H2_M": [[-0.180498901593695, 0.018929967551165765, 0.0011174006538449857]], "M_G1C15_M M_G1C15H1_M": [[-0.1532246047666202, 0.016206125799669322, 0.000956617359004897]], "M_G1C15_M M_G1C15H2_M": [[-0.15235223245507193, 0.017697023590412843, 0.0010446222729959018]], "M_G1C16_M M_G1C16H1_M": [[-0.10385079221899399, 0.013774411891866145, 0.0008130778255535635]], "M_G1C16_M M_G1C16H2_M": [[-0.10317138480731086, 0.014779892820296488, 0.0008724294881393527]], "M_G1C17_M M_G1C17H1_M": [[-0.03134962377318302, 0.01033578234513273, 0.0006101019412333613]], "M_G1C17_M M_G1C17H2_M": [[-0.03169361837645176, 0.009834190581555413, 0.000580493915595196]], "M_G1C17_M M_G1C17H3_M": [[-0.03102036395487205, 0.010480214540366064, 0.000618627504151194]], "M_G2_M M_G2H1_M": [[-0.057953058269596416, 0.11445234766863806, 0.006755908470173473]], "M_G2C3_M M_G2C3H1_M": [[-0.18613398885063218, 0.046761481967800764, 0.002760243005401416]], "M_G2C3_M M_G2C3H2_M": [[-0.17486440277831208, 0.04295421326188273, 0.002535507039538951]], "M_G2C4_M M_G2C4H1_M": [[-0.24843852668307498, 0.03148527828888288, 0.0018585172135872187]], "M_G2C4_M M_G2C4H2_M": [[-0.21577908608567453, 0.03426460597916149, 0.0020225757398352226]], "M_G2C5_M M_G2C5H1_M": [[-0.2531348651448527, 0.026193990335742542, 0.0015461823613197618]], "M_G2C5_M M_G2C5H2_M": [[-0.24994651023181558, 0.024355730445202037, 0.0014376733108908573]], "M_G2C6_M M_G2C6H1_M": [[-0.26382017006112446, 0.023540902643079578, 0.0013895755465179523]], "M_G2C6_M M_G2C6H2_M": [[-0.26222563753529243, 0.021438355801113154, 0.0012654661306088738]], "M_G2C7_M M_G2C7H1_M": [[-0.26523056439599135, 0.021354114087535063, 0.001260493499484243]], "M_G2C7_M M_G2C7H2_M": [[-0.26489094185570305, 0.020966409889143122, 0.0012376080442603684]], "M_G2C8_M M_G2C8H1_M": [[-0.2690607378838499, 0.020533276865383643, 0.0012120410102629492]], "M_G2C8_M M_G2C8H2_M": [[-0.26899830852471623, 0.020209161791068943, 0.001192909102351255]], "M_G2C9_M M_G2C9H1_M": [[-0.26487982577326563, 0.01996188887093609, 0.0011783130433834946]], "M_G2C9_M M_G2C9H2_M": [[-0.26338677537738087, 0.020911205331808156, 0.0012343494222741137]], "M_G2C10_M M_G2C10H1_M": [[-0.2609790805505464, 0.020716894033421564, 0.0012228795889909988]], "M_G2C10_M M_G2C10H2_M": [[-0.26148430703000247, 0.020955685874595988, 0.0012369750256968435]], "M_G2C11_M M_G2C11H1_M": [[-0.25108876460017154, 0.021023830644382728, 0.0012409974842726445]], "M_G2C11_M M_G2C11H2_M": [[-0.25110105703605257, 0.020280984430782585, 0.0011971486587245017]], "M_G2C12_M M_G2C12H1_M": [[-0.24297611076112938, 0.01937281641215096, 0.0011435411955802984]], "M_G2C12_M M_G2C12H2_M": [[-0.2430405432009313, 0.02010474215825026, 0.0011867454063137165]], "M_G2C13_M M_G2C13H1_M": [[-0.2266174768537074, 0.018047309284669605, 0.001065298983758195]], "M_G2C13_M M_G2C13H2_M": [[-0.22597937234968837, 0.01875396454038039, 0.0011070115246085675]], "M_G2C14_M M_G2C14H1_M": [[-0.20819745319204325, 0.017886921255908135, 0.001055831577767003]], "M_G2C14_M M_G2C14H2_M": [[-0.20869207158492117, 0.017542876842940574, 0.001035523278190547]], "M_G2C15_M M_G2C15H1_M": [[-0.1747018464875646, 0.016511979851654413, 0.0009746713528506621]], "M_G2C15_M M_G2C15H2_M": [[-0.17549738420164285, 0.015428862482114806, 0.0009107369560460629]], "M_G2C16_M M_G2C16H1_M": [[-0.13219086078289008, 0.01441074663390283, 0.0008506394777272506]], "M_G2C16_M M_G2C16H2_M": [[-0.1322039408094416, 0.01375906742284497, 0.0008121720701860057]], "M_G2C17_M M_G2C17H1_M": [[-0.03223730552099823, 0.010472281284113214, 0.0006181592188411376]], "M_G2C17_M M_G2C17H2_M": [[-0.03228588848649299, 0.01018406572123195, 0.0006011463920868734]], "M_G2C17_M M_G2C17H3_M": [[-0.03344938913886844, 0.010338898711807489, 0.0006102858945418169]], "M_G3_M M_G3H1_M": [[-0.004144982522399204, 0.09018002839271994, 0.005323158764927681]], "M_G3_M M_G3H2_M": [[-0.03389789205359772, 0.09921662902706971, 0.005856572434553153]], "M_G3C4_M M_G3C4H1_M": [[0.029106910549973004, 0.05051419964067377, 0.0029817589255967305]], "M_G3C4_M M_G3C4H2_M": [[0.033542768985850034, 0.043821246329148036, 0.0025866863832778586]], "M_G3C5_M M_G3C5H1_M": [[0.021983465114704275, 0.03500449866423044, 0.002066250224106605]], "M_G3C5_M M_G3C5H2_M": [[0.022947927677349038, 0.034488788186631335, 0.0020358087971307586]]}